contrast,estimand,weighting,cluster_model,drives,aplus_per_log,units_per_scene,reps,mme,exp_scenes,exp_units,median_clusters,sd_est,calibrated_halfwidth95,clustert_halfwidth95,clustert_typeI05,true_MME,power_calib05_MME,power_calibHolm_MME,power_clustertHolm_MME,true_dev,power_calib05_dev,power_calibHolm_dev,power_clustertHolm_dev,true_half_dev,power_calib05_half_dev,power_calibHolm_half_dev,power_clustertHolm_half_dev
rn,F,scene,drive,8,0,all,2000,-0.1000,36.8275,260.3180,7.0000,0.1534,0.3008,0.2806,0.1700,-0.1008,0.1190,0.0635,0.1295,-0.3987,0.7495,0.6555,0.5125,-0.1998,0.2950,0.2035,0.2230
rn,F,drive_equal,drive,8,0,all,2000,-0.1000,36.8275,260.3180,7.0000,0.1211,0.2373,0.2822,0.0775,-0.1013,0.1330,0.0745,0.0655,-0.3992,0.9085,0.8315,0.4910,-0.2003,0.3725,0.2555,0.1420
rv,F,scene,drive,8,0,all,2000,0.1000,36.8275,260.3180,7.0000,0.1241,0.2432,0.2269,0.1700,0.1007,0.1585,0.0915,0.1505,0.2907,0.6730,0.5665,0.4500,0.1457,0.2555,0.1745,0.2075
rv,F,drive_equal,drive,8,0,all,2000,0.1000,36.8275,260.3180,7.0000,0.0979,0.1919,0.2282,0.0775,0.1011,0.1705,0.1035,0.0845,0.2911,0.8365,0.7420,0.4045,0.1461,0.3195,0.2050,0.1190
dm,F,scene,drive,8,0,all,2000,0.0500,36.8275,260.3180,7.0000,0.1133,0.2221,0.2009,0.1805,0.0491,0.0810,0.0270,0.0870,0.0976,0.1450,0.0680,0.1100,0.0484,0.0805,0.0260,0.0860
dm,F,drive_equal,drive,8,0,all,2000,0.0500,36.8275,260.3180,7.0000,0.0869,0.1704,0.2025,0.0640,0.0504,0.0870,0.0370,0.0250,0.0989,0.2000,0.1125,0.0505,0.0497,0.0860,0.0365,0.0250
rn,F,scene,drive,8,0,3,2000,-0.1000,37.1930,111.5790,7.0000,0.1525,0.2989,0.2917,0.1500,-0.1038,0.1185,0.0530,0.1220,-0.4016,0.7425,0.6445,0.4935,-0.2027,0.2905,0.1875,0.2065
rn,F,drive_equal,drive,8,0,3,2000,-0.1000,37.1930,111.5790,7.0000,0.1302,0.2552,0.3057,0.0665,-0.1024,0.1200,0.0610,0.0495,-0.4003,0.8605,0.7675,0.4435,-0.2014,0.3200,0.2085,0.1195
rv,F,scene,drive,8,0,3,2000,0.1000,37.1930,111.5790,7.0000,0.1233,0.2417,0.2359,0.1500,0.1030,0.1450,0.0780,0.1365,0.2930,0.6660,0.5435,0.4375,0.1480,0.2505,0.1535,0.1885
rv,F,drive_equal,drive,8,0,3,2000,0.1000,37.1930,111.5790,7.0000,0.1053,0.2063,0.2472,0.0665,0.1020,0.1520,0.0880,0.0590,0.2920,0.7860,0.6685,0.3565,0.1470,0.2785,0.1645,0.1015
dm,F,scene,drive,8,0,3,2000,0.0500,37.1930,111.5790,7.0000,0.1158,0.2270,0.2188,0.1360,0.0492,0.0795,0.0185,0.0665,0.0977,0.1310,0.0465,0.0910,0.0485,0.0805,0.0185,0.0670
dm,F,drive_equal,drive,8,0,3,2000,0.0500,37.1930,111.5790,7.0000,0.1030,0.2018,0.2422,0.0635,0.0507,0.0795,0.0225,0.0250,0.0992,0.1620,0.0570,0.0390,0.0500,0.0790,0.0220,0.0250
rn,F,scene,drive,8,2,all,2000,-0.1000,37.4390,548.8130,7.0000,0.1500,0.2940,0.2860,0.1525,-0.1068,0.1210,0.0670,0.1300,-0.4047,0.7680,0.6845,0.5115,-0.2058,0.3100,0.2210,0.2235
rn,F,drive_equal,drive,8,2,all,2000,-0.1000,37.4390,548.8130,7.0000,0.1182,0.2316,0.2863,0.0660,-0.1047,0.1510,0.0805,0.0610,-0.4026,0.9295,0.8625,0.5155,-0.2036,0.4270,0.2835,0.1240
rv,F,scene,drive,8,2,all,2000,0.1000,37.4390,548.8130,7.0000,0.1213,0.2377,0.2312,0.1525,0.1055,0.1560,0.0985,0.1480,0.2955,0.6890,0.5885,0.4565,0.1505,0.2680,0.1825,0.2040
rv,F,drive_equal,drive,8,2,all,2000,0.1000,37.4390,548.8130,7.0000,0.0955,0.1873,0.2315,0.0660,0.1038,0.1980,0.1115,0.0740,0.2938,0.8690,0.7740,0.4160,0.1488,0.3610,0.2280,0.1035
dm,F,scene,drive,8,2,all,2000,0.0500,37.4390,548.8130,7.0000,0.1096,0.2148,0.2082,0.1525,0.0466,0.0690,0.0310,0.0690,0.0951,0.1445,0.0765,0.0965,0.0459,0.0685,0.0295,0.0685
dm,F,drive_equal,drive,8,2,all,2000,0.0500,37.4390,548.8130,7.0000,0.0846,0.1658,0.2062,0.0580,0.0467,0.0825,0.0275,0.0190,0.0953,0.1995,0.0990,0.0510,0.0460,0.0820,0.0270,0.0190
rn,P,scene,drive,8,2,all,2000,-0.0200,80.3480,548.8130,8.0000,0.0206,0.0405,0.0361,0.1640,-0.0205,0.1580,0.0495,0.0475,-0.0525,0.6895,0.3340,0.6540,-0.0265,0.2260,0.0795,0.1125
rn,P,drive_equal,drive,8,2,all,2000,-0.0200,80.3480,548.8130,8.0000,0.0179,0.0351,0.0372,0.1175,-0.0202,0.1900,0.0825,0.0095,-0.0518,0.8275,0.5625,0.5860,-0.0261,0.2785,0.1335,0.0325
rv,P,scene,drive,8,2,all,2000,0.0200,80.3480,548.8130,8.0000,0.0169,0.0332,0.0296,0.1650,0.0204,0.2055,0.0700,0.0950,0.0443,0.7315,0.3520,0.6935,0.0223,0.2360,0.0825,0.1270
rv,P,drive_equal,drive,8,2,all,2000,0.0200,80.3480,548.8130,8.0000,0.0147,0.0288,0.0305,0.1195,0.0202,0.2520,0.1155,0.0245,0.0437,0.8610,0.5935,0.6420,0.0220,0.2915,0.1365,0.0420
dm,P,scene,drive,8,2,all,2000,0.0200,80.3480,548.8130,8.0000,0.0532,0.1042,0.0897,0.2015,0.0180,0.0725,0.0275,0.0585,0.0457,0.1360,0.0505,0.0275,0.0219,0.0790,0.0310,0.0520
dm,P,drive_equal,drive,8,2,all,2000,0.0200,80.3480,548.8130,8.0000,0.0420,0.0823,0.0906,0.1335,0.0197,0.0865,0.0500,0.0325,0.0474,0.2110,0.1240,0.0045,0.0235,0.1000,0.0530,0.0260
rn,F,scene,drive,8,2,3,2000,-0.1000,36.6905,238.0365,7.0000,0.1494,0.2928,0.2941,0.1535,-0.0940,0.1070,0.0555,0.1075,-0.3919,0.7505,0.6585,0.4735,-0.1930,0.2840,0.1980,0.1890
rn,F,drive_equal,drive,8,2,3,2000,-0.1000,36.6905,238.0365,7.0000,0.1268,0.2486,0.3101,0.0565,-0.0934,0.1285,0.0630,0.0425,-0.3913,0.8740,0.7930,0.4055,-0.1924,0.3445,0.2305,0.1015
rv,F,scene,drive,8,2,3,2000,0.1000,36.6905,238.0365,7.0000,0.1208,0.2368,0.2378,0.1535,0.0952,0.1415,0.0785,0.1260,0.2852,0.6680,0.5685,0.4185,0.1402,0.2410,0.1580,0.1705
rv,F,drive_equal,drive,8,2,3,2000,0.1000,36.6905,238.0365,7.0000,0.1026,0.2010,0.2507,0.0565,0.0947,0.1640,0.0940,0.0530,0.2847,0.8005,0.6865,0.3300,0.1397,0.2865,0.1840,0.0855
dm,F,scene,drive,8,2,3,2000,0.0500,36.6905,238.0365,7.0000,0.1158,0.2270,0.2186,0.1330,0.0527,0.0785,0.0235,0.0700,0.1012,0.1485,0.0525,0.1035,0.0519,0.0790,0.0235,0.0700
dm,F,drive_equal,drive,8,2,3,2000,0.0500,36.6905,238.0365,7.0000,0.1053,0.2064,0.2408,0.0590,0.0504,0.0770,0.0315,0.0265,0.0989,0.1420,0.0675,0.0440,0.0496,0.0765,0.0310,0.0255
rn,P,scene,drive,8,2,3,2000,-0.0200,79.3455,238.0365,8.0000,0.0247,0.0484,0.0395,0.2100,-0.0195,0.1140,0.0470,0.0355,-0.0516,0.4785,0.2105,0.5665,-0.0255,0.1490,0.0630,0.0790
rn,P,drive_equal,drive,8,2,3,2000,-0.0200,79.3455,238.0365,8.0000,0.0217,0.0425,0.0426,0.1870,-0.0188,0.1385,0.0450,0.0030,-0.0504,0.6325,0.2685,0.4470,-0.0247,0.1915,0.0675,0.0090
rv,P,scene,drive,8,2,3,2000,0.0200,79.3455,238.0365,8.0000,0.0203,0.0398,0.0324,0.2110,0.0196,0.1420,0.0570,0.0640,0.0435,0.5120,0.2175,0.6095,0.0216,0.1560,0.0655,0.0860
rv,P,drive_equal,drive,8,2,3,2000,0.0200,79.3455,238.0365,8.0000,0.0178,0.0349,0.0349,0.1900,0.0190,0.1735,0.0615,0.0045,0.0426,0.6565,0.2925,0.5010,0.0209,0.1985,0.0695,0.0115
dm,P,scene,drive,8,2,3,2000,0.0200,79.3455,238.0365,8.0000,0.0578,0.1133,0.0965,0.2075,0.0177,0.0680,0.0245,0.0590,0.0455,0.1140,0.0425,0.0290,0.0216,0.0765,0.0285,0.0500
dm,P,drive_equal,drive,8,2,3,2000,0.0200,79.3455,238.0365,8.0000,0.0470,0.0920,0.0992,0.1375,0.0184,0.0760,0.0310,0.0435,0.0460,0.1710,0.0850,0.0050,0.0222,0.0830,0.0410,0.0320
rn,F,scene,drive,8,4,all,2000,-0.1000,36.8090,806.0600,7.0000,0.1490,0.2920,0.2867,0.1505,-0.0995,0.1135,0.0610,0.1255,-0.3974,0.7710,0.6665,0.4995,-0.1985,0.2820,0.1995,0.2230
rn,F,drive_equal,drive,8,4,all,2000,-0.1000,36.8090,806.0600,7.0000,0.1184,0.2320,0.2848,0.0650,-0.1010,0.1440,0.0735,0.0665,-0.3989,0.9215,0.8465,0.4935,-0.2000,0.4000,0.2565,0.1345
rv,F,scene,drive,8,4,all,2000,0.1000,36.8090,806.0600,7.0000,0.1204,0.2361,0.2319,0.1505,0.0996,0.1485,0.0805,0.1445,0.2896,0.6860,0.5665,0.4345,0.1446,0.2475,0.1630,0.1935
rv,F,drive_equal,drive,8,4,all,2000,0.1000,36.8090,806.0600,7.0000,0.0957,0.1876,0.2303,0.0650,0.1008,0.1890,0.1050,0.0775,0.2908,0.8570,0.7570,0.4040,0.1458,0.3365,0.2125,0.1135
dm,F,scene,drive,8,4,all,2000,0.0500,36.8090,806.0600,7.0000,0.1089,0.2135,0.2050,0.1505,0.0465,0.0775,0.0140,0.0745,0.0951,0.1440,0.0435,0.1005,0.0458,0.0770,0.0150,0.0745
dm,F,drive_equal,drive,8,4,all,2000,0.0500,36.8090,806.0600,7.0000,0.0841,0.1649,0.2055,0.0535,0.0469,0.0790,0.0435,0.0225,0.0954,0.1930,0.1245,0.0545,0.0461,0.0770,0.0435,0.0215
rn,P,scene,drive,8,4,all,2000,-0.0200,119.1960,806.0600,8.0000,0.0203,0.0398,0.0340,0.1680,-0.0205,0.1460,0.0540,0.0715,-0.0526,0.7015,0.3360,0.6755,-0.0265,0.2005,0.0700,0.1335
rn,P,drive_equal,drive,8,4,all,2000,-0.0200,119.1960,806.0600,8.0000,0.0167,0.0327,0.0342,0.1020,-0.0197,0.2085,0.0825,0.0145,-0.0512,0.8845,0.6535,0.6730,-0.0256,0.2980,0.1350,0.0415
rv,P,scene,drive,8,4,all,2000,0.0200,119.1960,806.0600,8.0000,0.0167,0.0327,0.0278,0.1690,0.0204,0.1810,0.0645,0.1190,0.0443,0.7240,0.3570,0.7145,0.0224,0.2065,0.0715,0.1440
rv,P,drive_equal,drive,8,4,all,2000,0.0200,119.1960,806.0600,8.0000,0.0137,0.0268,0.0280,0.1035,0.0198,0.2720,0.1215,0.0320,0.0433,0.9110,0.7020,0.7295,0.0216,0.3155,0.1455,0.0515
dm,P,scene,drive,8,4,all,2000,0.0200,119.1960,806.0600,8.0000,0.0522,0.1022,0.0870,0.2000,0.0197,0.0785,0.0275,0.0635,0.0474,0.1425,0.0465,0.0380,0.0235,0.0830,0.0290,0.0575
dm,P,drive_equal,drive,8,4,all,2000,0.0200,119.1960,806.0600,8.0000,0.0401,0.0787,0.0853,0.1365,0.0185,0.0900,0.0330,0.0350,0.0462,0.2265,0.1065,0.0125,0.0224,0.1050,0.0420,0.0275
rn,F,scene,drive,8,4,3,2000,-0.1000,36.6470,359.0730,7.0000,0.1469,0.2878,0.2920,0.1370,-0.0982,0.1105,0.0605,0.1115,-0.3961,0.7715,0.6835,0.4840,-0.1971,0.2935,0.1995,0.1895
rn,F,drive_equal,drive,8,4,3,2000,-0.1000,36.6470,359.0730,7.0000,0.1259,0.2468,0.3074,0.0580,-0.0993,0.1185,0.0560,0.0350,-0.3971,0.8795,0.7885,0.4310,-0.1982,0.3530,0.2030,0.1025
rv,F,scene,drive,8,4,3,2000,0.1000,36.6470,359.0730,7.0000,0.1188,0.2328,0.2361,0.1370,0.0985,0.1435,0.0865,0.1205,0.2885,0.6935,0.5815,0.4240,0.1435,0.2510,0.1600,0.1685
rv,F,drive_equal,drive,8,4,3,2000,0.1000,36.6470,359.0730,7.0000,0.1018,0.1996,0.2486,0.0580,0.0994,0.1590,0.0780,0.0460,0.2894,0.8130,0.6770,0.3535,0.1444,0.2965,0.1600,0.0820
dm,F,scene,drive,8,4,3,2000,0.0500,36.6470,359.0730,7.0000,0.1143,0.2240,0.2144,0.1390,0.0553,0.0895,0.0250,0.0705,0.1038,0.1515,0.0630,0.0975,0.0546,0.0875,0.0245,0.0710
dm,F,drive_equal,drive,8,4,3,2000,0.0500,36.6470,359.0730,7.0000,0.1018,0.1995,0.2400,0.0480,0.0550,0.0865,0.0320,0.0210,0.1035,0.1680,0.0805,0.0355,0.0543,0.0855,0.0315,0.0210
rn,P,scene,drive,8,4,3,2000,-0.0200,119.6910,359.0730,8.0000,0.0205,0.0403,0.0355,0.1750,-0.0200,0.1345,0.0550,0.0495,-0.0519,0.6790,0.3100,0.6365,-0.0260,0.1910,0.0810,0.1090
rn,P,drive_equal,drive,8,4,3,2000,-0.0200,119.6910,359.0730,8.0000,0.0180,0.0352,0.0380,0.1325,-0.0196,0.1860,0.0845,0.0095,-0.0510,0.8235,0.5585,0.5445,-0.0254,0.2705,0.1270,0.0280
rv,P,scene,drive,8,4,3,2000,0.0200,119.6910,359.0730,8.0000,0.0169,0.0330,0.0291,0.1760,0.0200,0.1735,0.0675,0.0920,0.0438,0.7085,0.3290,0.6795,0.0219,0.2010,0.0830,0.1235
rv,P,drive_equal,drive,8,4,3,2000,0.0200,119.6910,359.0730,8.0000,0.0147,0.0289,0.0311,0.1345,0.0196,0.2555,0.1105,0.0195,0.0431,0.8540,0.5920,0.5990,0.0215,0.2850,0.1315,0.0375
dm,P,scene,drive,8,4,3,2000,0.0200,119.6910,359.0730,8.0000,0.0550,0.1078,0.0952,0.1885,0.0213,0.0755,0.0265,0.0545,0.0490,0.1330,0.0505,0.0315,0.0251,0.0825,0.0280,0.0430
dm,P,drive_equal,drive,8,4,3,2000,0.0200,119.6910,359.0730,8.0000,0.0438,0.0859,0.0941,0.1295,0.0208,0.0880,0.0370,0.0290,0.0485,0.1890,0.1005,0.0080,0.0247,0.1000,0.0435,0.0250
rn,F,scene,drive,8,8,all,2000,-0.1000,37.1770,1311.5360,7.0000,0.1508,0.2955,0.2809,0.1590,-0.0994,0.1110,0.0610,0.1285,-0.3973,0.7590,0.6560,0.5120,-0.1983,0.2855,0.1980,0.2235
rn,F,drive_equal,drive,8,8,all,2000,-0.1000,37.1770,1311.5360,7.0000,0.1149,0.2253,0.2862,0.0615,-0.1001,0.1375,0.0710,0.0540,-0.3980,0.9300,0.8595,0.5015,-0.1991,0.4075,0.2640,0.1245
rv,F,scene,drive,8,8,all,2000,0.1000,37.1770,1311.5360,7.0000,0.1219,0.2389,0.2272,0.1590,0.0995,0.1435,0.0870,0.1510,0.2895,0.6645,0.5665,0.4470,0.1445,0.2470,0.1630,0.2015
rv,F,drive_equal,drive,8,8,all,2000,0.1000,37.1770,1311.5360,7.0000,0.0929,0.1821,0.2314,0.0615,0.1001,0.1855,0.0990,0.0645,0.2901,0.8745,0.7715,0.3945,0.1451,0.3485,0.2040,0.1075
dm,F,scene,drive,8,8,all,2000,0.0500,37.1770,1311.5360,7.0000,0.1100,0.2156,0.2033,0.1525,0.0519,0.0745,0.0335,0.0805,0.1004,0.1500,0.0760,0.1085,0.0511,0.0750,0.0335,0.0790
dm,F,drive_equal,drive,8,8,all,2000,0.0500,37.1770,1311.5360,7.0000,0.0847,0.1660,0.2062,0.0550,0.0510,0.1010,0.0340,0.0245,0.0995,0.2130,0.1095,0.0505,0.0502,0.0995,0.0335,0.0235
rn,P,scene,drive,8,8,all,2000,-0.0200,195.6525,1311.5360,8.0000,0.0178,0.0349,0.0320,0.1480,-0.0202,0.1845,0.0875,0.0870,-0.0523,0.8210,0.5885,0.7215,-0.0262,0.2735,0.1425,0.1570
rn,P,drive_equal,drive,8,8,all,2000,-0.0200,195.6525,1311.5360,8.0000,0.0147,0.0289,0.0323,0.0815,-0.0200,0.2720,0.1130,0.0250,-0.0516,0.9540,0.8095,0.7020,-0.0259,0.4015,0.1985,0.0680
rv,P,scene,drive,8,8,all,2000,0.0200,195.6525,1311.5360,8.0000,0.0146,0.0286,0.0262,0.1500,0.0201,0.2420,0.1220,0.1345,0.0441,0.8560,0.6215,0.7615,0.0221,0.2860,0.1525,0.1695
rv,P,drive_equal,drive,8,8,all,2000,0.0200,195.6525,1311.5360,8.0000,0.0121,0.0237,0.0265,0.0835,0.0200,0.3605,0.1690,0.0585,0.0436,0.9720,0.8450,0.7620,0.0219,0.4280,0.2115,0.0785
dm,P,scene,drive,8,8,all,2000,0.0200,195.6525,1311.5360,8.0000,0.0523,0.1026,0.0883,0.1975,0.0210,0.0785,0.0290,0.0545,0.0488,0.1305,0.0550,0.0470,0.0249,0.0830,0.0320,0.0415
dm,P,drive_equal,drive,8,8,all,2000,0.0200,195.6525,1311.5360,8.0000,0.0389,0.0763,0.0848,0.1340,0.0199,0.0970,0.0410,0.0290,0.0476,0.2455,0.1210,0.0070,0.0238,0.1105,0.0460,0.0235
rn,F,scene,drive,8,8,3,2000,-0.1000,36.9125,586.6275,7.0000,0.1517,0.2974,0.2954,0.1445,-0.0987,0.1215,0.0610,0.1120,-0.3966,0.7530,0.6575,0.4845,-0.1977,0.3120,0.2090,0.2095
rn,F,drive_equal,drive,8,8,3,2000,-0.1000,36.9125,586.6275,7.0000,0.1255,0.2460,0.3099,0.0575,-0.0970,0.1410,0.0485,0.0405,-0.3949,0.8925,0.7725,0.4255,-0.1959,0.3735,0.2105,0.1025
rv,F,scene,drive,8,8,3,2000,0.1000,36.9125,586.6275,7.0000,0.1227,0.2405,0.2389,0.1445,0.0990,0.1540,0.0905,0.1355,0.2890,0.6735,0.5690,0.4220,0.1440,0.2670,0.1685,0.1840
rv,F,drive_equal,drive,8,8,3,2000,0.1000,36.9125,586.6275,7.0000,0.1015,0.1989,0.2506,0.0575,0.0975,0.1925,0.0720,0.0515,0.2875,0.8190,0.6775,0.3330,0.1425,0.3175,0.1700,0.0860
dm,F,scene,drive,8,8,3,2000,0.0500,36.9125,586.6275,7.0000,0.1192,0.2337,0.2171,0.1475,0.0487,0.0835,0.0240,0.0700,0.0972,0.1420,0.0590,0.0990,0.0480,0.0830,0.0240,0.0695
dm,F,drive_equal,drive,8,8,3,2000,0.0500,36.9125,586.6275,7.0000,0.1034,0.2027,0.2393,0.0640,0.0478,0.0715,0.0320,0.0240,0.0964,0.1345,0.0650,0.0350,0.0471,0.0715,0.0310,0.0235
rn,P,scene,drive,8,8,3,2000,-0.0200,195.5425,586.6275,8.0000,0.0193,0.0379,0.0333,0.1660,-0.0198,0.1655,0.0625,0.0690,-0.0518,0.7580,0.4170,0.6725,-0.0258,0.2285,0.0965,0.1335
rn,P,drive_equal,drive,8,8,3,2000,-0.0200,195.5425,586.6275,8.0000,0.0163,0.0320,0.0348,0.1030,-0.0195,0.2185,0.1220,0.0130,-0.0509,0.8900,0.7560,0.6360,-0.0254,0.3190,0.2020,0.0395
rv,P,scene,drive,8,8,3,2000,0.0200,195.5425,586.6275,8.0000,0.0158,0.0310,0.0273,0.1685,0.0198,0.2085,0.0820,0.1115,0.0437,0.7965,0.4435,0.7265,0.0217,0.2385,0.1015,0.1480
rv,P,drive_equal,drive,8,8,3,2000,0.0200,195.5425,586.6275,8.0000,0.0134,0.0262,0.0285,0.1030,0.0196,0.2890,0.1795,0.0290,0.0431,0.9105,0.7930,0.6920,0.0215,0.3335,0.2130,0.0475
dm,P,scene,drive,8,8,3,2000,0.0200,195.5425,586.6275,8.0000,0.0509,0.0997,0.0878,0.1925,0.0197,0.0705,0.0315,0.0510,0.0474,0.1130,0.0620,0.0380,0.0236,0.0750,0.0345,0.0420
dm,P,drive_equal,drive,8,8,3,2000,0.0200,195.5425,586.6275,8.0000,0.0402,0.0789,0.0886,0.1185,0.0191,0.0845,0.0385,0.0260,0.0468,0.2105,0.1030,0.0100,0.0230,0.0965,0.0470,0.0200
rn,F,scene,drive,8,16,all,2000,-0.1000,36.9310,2188.2105,7.0000,0.1478,0.2897,0.2833,0.1615,-0.1011,0.1230,0.0740,0.1255,-0.3990,0.7730,0.6970,0.5055,-0.2000,0.3035,0.2220,0.2235
rn,F,drive_equal,drive,8,16,all,2000,-0.1000,36.9310,2188.2105,7.0000,0.1155,0.2263,0.2861,0.0625,-0.0989,0.1450,0.0565,0.0520,-0.3968,0.9205,0.8495,0.4970,-0.1979,0.4280,0.2570,0.1210
rv,F,scene,drive,8,16,all,2000,0.1000,36.9310,2188.2105,7.0000,0.1195,0.2343,0.2290,0.1615,0.1009,0.1545,0.1020,0.1490,0.2909,0.6930,0.6035,0.4480,0.1459,0.2545,0.1895,0.2005
rv,F,drive_equal,drive,8,16,all,2000,0.1000,36.9310,2188.2105,7.0000,0.0934,0.1830,0.2314,0.0625,0.0991,0.1995,0.0890,0.0630,0.2891,0.8705,0.7565,0.3995,0.1441,0.3605,0.2065,0.1055
dm,F,scene,drive,8,16,all,2000,0.0500,36.9310,2188.2105,7.0000,0.1107,0.2170,0.2032,0.1685,0.0512,0.0845,0.0295,0.0850,0.0997,0.1545,0.0775,0.1205,0.0505,0.0840,0.0295,0.0850
dm,F,drive_equal,drive,8,16,all,2000,0.0500,36.9310,2188.2105,7.0000,0.0854,0.1675,0.2048,0.0625,0.0519,0.1005,0.0470,0.0280,0.1005,0.2290,0.1305,0.0585,0.0512,0.0985,0.0460,0.0280
rn,P,scene,drive,8,16,all,2000,-0.0200,328.3700,2188.2105,8.0000,0.0176,0.0345,0.0313,0.1600,-0.0199,0.1855,0.0870,0.0900,-0.0519,0.8280,0.5835,0.7260,-0.0259,0.2715,0.1375,0.1650
rn,P,drive_equal,drive,8,16,all,2000,-0.0200,328.3700,2188.2105,8.0000,0.0144,0.0283,0.0311,0.0955,-0.0196,0.2400,0.1450,0.0295,-0.0510,0.9395,0.8685,0.7295,-0.0254,0.3770,0.2475,0.0705
rv,P,scene,drive,8,16,all,2000,0.0200,328.3700,2188.2105,8.0000,0.0144,0.0283,0.0256,0.1615,0.0199,0.2460,0.1225,0.1435,0.0438,0.8605,0.6150,0.7615,0.0219,0.2800,0.1405,0.1800
rv,P,drive_equal,drive,8,16,all,2000,0.0200,328.3700,2188.2105,8.0000,0.0118,0.0231,0.0255,0.0960,0.0196,0.3405,0.2135,0.0610,0.0431,0.9585,0.8920,0.7910,0.0215,0.4005,0.2590,0.0835
dm,P,scene,drive,8,16,all,2000,0.0200,328.3700,2188.2105,8.0000,0.0498,0.0976,0.0817,0.2180,0.0174,0.0745,0.0325,0.0640,0.0451,0.1300,0.0610,0.0475,0.0213,0.0800,0.0360,0.0505
dm,P,drive_equal,drive,8,16,all,2000,0.0200,328.3700,2188.2105,8.0000,0.0394,0.0773,0.0807,0.1570,0.0179,0.0995,0.0370,0.0270,0.0455,0.2175,0.1110,0.0145,0.0217,0.1110,0.0450,0.0210
rn,F,scene,drive,8,16,3,2000,-0.1000,37.1665,993.5685,7.0000,0.1574,0.3086,0.2886,0.1665,-0.1019,0.1110,0.0660,0.1345,-0.3997,0.7170,0.6190,0.4860,-0.2008,0.2670,0.1790,0.2300
rn,F,drive_equal,drive,8,16,3,2000,-0.1000,37.1665,993.5685,7.0000,0.1283,0.2515,0.3074,0.0705,-0.1008,0.1310,0.0635,0.0520,-0.3987,0.8730,0.7735,0.4385,-0.1997,0.3300,0.2135,0.1125
rv,F,scene,drive,8,16,3,2000,0.1000,37.1665,993.5685,7.0000,0.1273,0.2495,0.2334,0.1665,0.1015,0.1375,0.0850,0.1560,0.2915,0.6325,0.5230,0.4180,0.1465,0.2220,0.1530,0.2085
rv,F,drive_equal,drive,8,16,3,2000,0.1000,37.1665,993.5685,7.0000,0.1038,0.2034,0.2485,0.0705,0.1006,0.1705,0.0890,0.0620,0.2906,0.8010,0.6665,0.3460,0.1456,0.2805,0.1790,0.0930
dm,F,scene,drive,8,16,3,2000,0.0500,37.1665,993.5685,7.0000,0.1152,0.2258,0.2180,0.1465,0.0474,0.0695,0.0270,0.0765,0.0959,0.1220,0.0610,0.1040,0.0466,0.0700,0.0270,0.0765
dm,F,drive_equal,drive,8,16,3,2000,0.0500,37.1665,993.5685,7.0000,0.1021,0.2001,0.2395,0.0575,0.0472,0.0800,0.0250,0.0265,0.0957,0.1535,0.0700,0.0370,0.0464,0.0795,0.0250,0.0265
rn,P,scene,drive,8,16,3,2000,-0.0200,331.1895,993.5685,8.0000,0.0188,0.0368,0.0330,0.1615,-0.0208,0.1880,0.0795,0.0920,-0.0528,0.7990,0.5100,0.6790,-0.0268,0.2650,0.1240,0.1635
rn,P,drive_equal,drive,8,16,3,2000,-0.0200,331.1895,993.5685,8.0000,0.0155,0.0303,0.0333,0.0955,-0.0200,0.2525,0.1495,0.0265,-0.0515,0.9195,0.8160,0.6745,-0.0259,0.3650,0.2355,0.0655
rv,P,scene,drive,8,16,3,2000,0.0200,331.1895,993.5685,8.0000,0.0154,0.0302,0.0271,0.1630,0.0207,0.2360,0.1050,0.1455,0.0445,0.8280,0.5385,0.7205,0.0226,0.2780,0.1290,0.1785
rv,P,drive_equal,drive,8,16,3,2000,0.0200,331.1895,993.5685,8.0000,0.0127,0.0248,0.0272,0.0970,0.0200,0.3345,0.2120,0.0525,0.0435,0.9405,0.8510,0.7285,0.0218,0.3855,0.2535,0.0795
dm,P,scene,drive,8,16,3,2000,0.0200,331.1895,993.5685,8.0000,0.0505,0.0990,0.0857,0.2015,0.0197,0.0795,0.0315,0.0585,0.0474,0.1465,0.0665,0.0435,0.0235,0.0880,0.0360,0.0480
dm,P,drive_equal,drive,8,16,3,2000,0.0200,331.1895,993.5685,8.0000,0.0394,0.0772,0.0847,0.1360,0.0193,0.0945,0.0370,0.0295,0.0470,0.2300,0.1105,0.0105,0.0232,0.1065,0.0450,0.0235
rn,F,scene,drive,12,0,all,2000,-0.1000,56.2320,397.4720,10.0000,0.1216,0.2384,0.2350,0.1210,-0.0946,0.1445,0.0685,0.1145,-0.3925,0.9000,0.8285,0.6670,-0.1935,0.3815,0.2760,0.2540
rn,F,drive_equal,drive,12,0,all,2000,-0.1000,56.2320,397.4720,10.0000,0.0952,0.1865,0.2107,0.0485,-0.0972,0.1910,0.0900,0.0690,-0.3951,0.9910,0.9645,0.8570,-0.1962,0.5625,0.3900,0.2390
rv,F,scene,drive,12,0,all,2000,0.1000,56.2320,397.4720,10.0000,0.0984,0.1928,0.1900,0.1210,0.0956,0.1930,0.1045,0.1510,0.2856,0.8305,0.7415,0.5815,0.1406,0.3360,0.2215,0.2220
rv,F,drive_equal,drive,12,0,all,2000,0.1000,56.2320,397.4720,10.0000,0.0769,0.1508,0.1704,0.0485,0.0978,0.2705,0.1455,0.0965,0.2878,0.9655,0.9155,0.7475,0.1428,0.4740,0.3220,0.1935
dm,F,scene,drive,12,0,all,2000,0.0500,56.2320,397.4720,10.0000,0.0862,0.1690,0.1687,0.1170,0.0488,0.0830,0.0340,0.0625,0.0973,0.2135,0.1020,0.1260,0.0480,0.0830,0.0335,0.0630
dm,F,drive_equal,drive,12,0,all,2000,0.0500,56.2320,397.4720,10.0000,0.0689,0.1350,0.1508,0.0525,0.0500,0.1110,0.0400,0.0390,0.0985,0.3050,0.1535,0.1200,0.0493,0.1105,0.0400,0.0385
rn,F,scene,drive,12,0,3,2000,-0.1000,55.4375,166.3125,10.0000,0.1270,0.2488,0.2430,0.1280,-0.0972,0.1305,0.0620,0.1140,-0.3951,0.8695,0.7910,0.6595,-0.1962,0.3565,0.2565,0.2440
rn,F,drive_equal,drive,12,0,3,2000,-0.1000,55.4375,166.3125,10.0000,0.1041,0.2041,0.2304,0.0545,-0.0981,0.1545,0.0735,0.0560,-0.3960,0.9610,0.9205,0.7935,-0.1971,0.4595,0.3045,0.2025
rv,F,scene,drive,12,0,3,2000,0.1000,55.4375,166.3125,10.0000,0.1027,0.2012,0.1965,0.1280,0.0978,0.1730,0.1005,0.1365,0.2878,0.7945,0.7080,0.5750,0.1428,0.3040,0.2040,0.2095
rv,F,drive_equal,drive,12,0,3,2000,0.1000,55.4375,166.3125,10.0000,0.0842,0.1651,0.1863,0.0545,0.0985,0.2160,0.1080,0.0785,0.2885,0.9255,0.8505,0.6670,0.1435,0.3895,0.2465,0.1665
dm,F,scene,drive,12,0,3,2000,0.0500,55.4375,166.3125,10.0000,0.0945,0.1853,0.1776,0.1150,0.0464,0.0770,0.0300,0.0600,0.0949,0.1805,0.0790,0.1150,0.0456,0.0770,0.0295,0.0585
dm,F,drive_equal,drive,12,0,3,2000,0.0500,55.4375,166.3125,10.0000,0.0865,0.1695,0.1804,0.0540,0.0492,0.0825,0.0310,0.0295,0.0978,0.1890,0.0880,0.0855,0.0485,0.0810,0.0310,0.0295
rn,F,scene,drive,12,2,all,2000,-0.1000,55.1175,809.8770,10.0000,0.1232,0.2415,0.2329,0.1360,-0.0986,0.1325,0.0675,0.1330,-0.3965,0.8875,0.8175,0.6840,-0.1976,0.3835,0.2570,0.2650
rn,F,drive_equal,drive,12,2,all,2000,-0.1000,55.1175,809.8770,10.0000,0.0949,0.1859,0.2122,0.0505,-0.0990,0.1930,0.0860,0.0640,-0.3969,0.9880,0.9630,0.8560,-0.1979,0.5690,0.3990,0.2320
rv,F,scene,drive,12,2,all,2000,0.1000,55.1175,809.8770,10.0000,0.0996,0.1953,0.1883,0.1360,0.0989,0.1740,0.0985,0.1565,0.2889,0.8285,0.7280,0.5990,0.1439,0.3315,0.1990,0.2355
rv,F,drive_equal,drive,12,2,all,2000,0.1000,55.1175,809.8770,10.0000,0.0767,0.1504,0.1716,0.0505,0.0992,0.2665,0.1410,0.0940,0.2892,0.9645,0.9110,0.7630,0.1442,0.4900,0.3200,0.1920
dm,F,scene,drive,12,2,all,2000,0.0500,55.1175,809.8770,10.0000,0.0908,0.1779,0.1673,0.1200,0.0538,0.0820,0.0385,0.0750,0.1023,0.1950,0.1040,0.1460,0.0530,0.0815,0.0385,0.0745
dm,F,drive_equal,drive,12,2,all,2000,0.0500,55.1175,809.8770,10.0000,0.0691,0.1354,0.1532,0.0520,0.0528,0.1295,0.0545,0.0385,0.1013,0.3270,0.2020,0.1250,0.0521,0.1280,0.0540,0.0380
rn,P,scene,drive,12,2,all,2000,-0.0200,118.7615,809.8770,12.0000,0.0179,0.0351,0.0303,0.1485,-0.0202,0.1835,0.0635,0.0670,-0.0522,0.8610,0.4745,0.8335,-0.0262,0.2690,0.1045,0.1695
rn,P,drive_equal,drive,12,2,all,2000,-0.0200,118.7615,809.8770,12.0000,0.0150,0.0295,0.0297,0.0990,-0.0199,0.2495,0.0780,0.0255,-0.0514,0.9505,0.7265,0.8815,-0.0258,0.3675,0.1385,0.1035
rv,P,scene,drive,12,2,all,2000,0.0200,118.7615,809.8770,12.0000,0.0147,0.0288,0.0248,0.1515,0.0201,0.2460,0.0870,0.1360,0.0440,0.8880,0.5195,0.8570,0.0221,0.2785,0.1105,0.1835
rv,P,drive_equal,drive,12,2,all,2000,0.0200,118.7615,809.8770,12.0000,0.0123,0.0242,0.0244,0.1005,0.0199,0.3370,0.1170,0.0830,0.0434,0.9640,0.7710,0.9040,0.0218,0.3845,0.1465,0.1245
dm,P,scene,drive,12,2,all,2000,0.0200,118.7615,809.8770,12.0000,0.0457,0.0896,0.0763,0.1730,0.0201,0.0795,0.0340,0.0500,0.0479,0.1440,0.0780,0.0585,0.0240,0.0875,0.0410,0.0415
dm,P,drive_equal,drive,12,2,all,2000,0.0200,118.7615,809.8770,12.0000,0.0344,0.0674,0.0716,0.1060,0.0204,0.0995,0.0400,0.0225,0.0481,0.2725,0.1365,0.0280,0.0242,0.1160,0.0495,0.0180
rn,F,scene,drive,12,2,3,2000,-0.1000,55.4680,358.6320,10.0000,0.1251,0.2451,0.2433,0.1210,-0.0970,0.1240,0.0735,0.1135,-0.3949,0.8825,0.8070,0.6535,-0.1960,0.3540,0.2485,0.2325
rn,F,drive_equal,drive,12,2,3,2000,-0.1000,55.4680,358.6320,10.0000,0.1002,0.1963,0.2322,0.0460,-0.0950,0.1585,0.0910,0.0445,-0.3928,0.9790,0.9480,0.7735,-0.1939,0.4920,0.3370,0.1735
rv,F,scene,drive,12,2,3,2000,0.1000,55.4680,358.6320,10.0000,0.1011,0.1982,0.1967,0.1210,0.0976,0.1625,0.1030,0.1355,0.2876,0.8045,0.7070,0.5605,0.1426,0.3015,0.1990,0.2010
rv,F,drive_equal,drive,12,2,3,2000,0.1000,55.4680,358.6320,10.0000,0.0810,0.1588,0.1878,0.0460,0.0959,0.2230,0.1280,0.0655,0.2859,0.9450,0.8840,0.6525,0.1409,0.4090,0.2815,0.1405
dm,F,scene,drive,12,2,3,2000,0.0500,55.4680,358.6320,10.0000,0.0959,0.1880,0.1767,0.1195,0.0526,0.0940,0.0315,0.0700,0.1011,0.2025,0.0940,0.1270,0.0519,0.0930,0.0310,0.0695
dm,F,drive_equal,drive,12,2,3,2000,0.0500,55.4680,358.6320,10.0000,0.0845,0.1656,0.1812,0.0485,0.0535,0.0815,0.0360,0.0315,0.1020,0.1980,0.0965,0.0855,0.0527,0.0800,0.0345,0.0315
rn,P,scene,drive,12,2,3,2000,-0.0200,119.5440,358.6320,12.0000,0.0210,0.0412,0.0342,0.1815,-0.0204,0.1435,0.0395,0.0420,-0.0523,0.6900,0.2360,0.7665,-0.0263,0.2020,0.0535,0.0905
rn,P,drive_equal,drive,12,2,3,2000,-0.0200,119.5440,358.6320,12.0000,0.0180,0.0353,0.0350,0.1605,-0.0201,0.1765,0.0670,0.0070,-0.0516,0.8075,0.4900,0.7555,-0.0260,0.2460,0.1035,0.0285
rv,P,scene,drive,12,2,3,2000,0.0200,119.5440,358.6320,12.0000,0.0172,0.0338,0.0281,0.1840,0.0203,0.1835,0.0495,0.0815,0.0441,0.7250,0.2495,0.7935,0.0222,0.2085,0.0535,0.1035
rv,P,drive_equal,drive,12,2,3,2000,0.0200,119.5440,358.6320,12.0000,0.0148,0.0289,0.0287,0.1630,0.0201,0.2270,0.0935,0.0205,0.0436,0.8505,0.5290,0.7900,0.0219,0.2620,0.1090,0.0390
dm,P,scene,drive,12,2,3,2000,0.0200,119.5440,358.6320,12.0000,0.0491,0.0962,0.0838,0.1665,0.0213,0.0715,0.0275,0.0390,0.0490,0.1395,0.0585,0.0405,0.0251,0.0790,0.0295,0.0335
dm,P,drive_equal,drive,12,2,3,2000,0.0200,119.5440,358.6320,12.0000,0.0386,0.0757,0.0800,0.0925,0.0210,0.0965,0.0385,0.0205,0.0487,0.2290,0.1190,0.0190,0.0248,0.1110,0.0480,0.0155
rn,F,scene,drive,12,4,all,2000,-0.1000,55.4780,1209.8980,10.0000,0.1202,0.2355,0.2348,0.1225,-0.1006,0.1355,0.0755,0.1280,-0.3984,0.9070,0.8345,0.6870,-0.1995,0.3955,0.2550,0.2540
rn,F,drive_equal,drive,12,4,all,2000,-0.1000,55.4780,1209.8980,10.0000,0.0959,0.1880,0.2108,0.0535,-0.0988,0.1790,0.0940,0.0720,-0.3967,0.9835,0.9605,0.8675,-0.1978,0.5455,0.3900,0.2455
rv,F,scene,drive,12,4,all,2000,0.1000,55.4780,1209.8980,10.0000,0.0972,0.1905,0.1898,0.1225,0.1004,0.1800,0.1035,0.1520,0.2904,0.8410,0.7440,0.6035,0.1454,0.3330,0.2090,0.2275
rv,F,drive_equal,drive,12,4,all,2000,0.1000,55.4780,1209.8980,10.0000,0.0775,0.1520,0.1705,0.0535,0.0991,0.2510,0.1420,0.1055,0.2891,0.9600,0.9125,0.7465,0.1441,0.4625,0.3020,0.1935
dm,F,scene,drive,12,4,all,2000,0.0500,55.4780,1209.8980,10.0000,0.0871,0.1707,0.1684,0.1185,0.0507,0.1065,0.0335,0.0745,0.0992,0.2275,0.1170,0.1355,0.0499,0.1035,0.0315,0.0740
dm,F,drive_equal,drive,12,4,all,2000,0.0500,55.4780,1209.8980,10.0000,0.0688,0.1348,0.1522,0.0515,0.0507,0.1165,0.0500,0.0395,0.0992,0.3090,0.1800,0.1220,0.0499,0.1160,0.0490,0.0400
rn,P,scene,drive,12,4,all,2000,-0.0200,179.3560,1209.8980,12.0000,0.0163,0.0320,0.0282,0.1430,-0.0203,0.2155,0.0840,0.1065,-0.0522,0.9215,0.6845,0.8700,-0.0262,0.3305,0.1380,0.2190
rn,P,drive_equal,drive,12,4,all,2000,-0.0200,179.3560,1209.8980,12.0000,0.0132,0.0259,0.0269,0.0950,-0.0197,0.2780,0.1475,0.0600,-0.0512,0.9785,0.9240,0.9110,-0.0256,0.4400,0.2640,0.1640
rv,P,scene,drive,12,4,all,2000,0.0200,179.3560,1209.8980,12.0000,0.0134,0.0262,0.0231,0.1430,0.0202,0.2925,0.1190,0.1840,0.0440,0.9400,0.7145,0.8935,0.0221,0.3435,0.1435,0.2385
rv,P,drive_equal,drive,12,4,all,2000,0.0200,179.3560,1209.8980,12.0000,0.0108,0.0212,0.0220,0.0960,0.0198,0.4010,0.2305,0.1365,0.0433,0.9855,0.9400,0.9235,0.0216,0.4650,0.2770,0.1915
dm,P,scene,drive,12,4,all,2000,0.0200,179.3560,1209.8980,12.0000,0.0445,0.0872,0.0757,0.1720,0.0213,0.0850,0.0340,0.0460,0.0490,0.1725,0.0735,0.0660,0.0251,0.0950,0.0375,0.0415
dm,P,drive_equal,drive,12,4,all,2000,0.0200,179.3560,1209.8980,12.0000,0.0322,0.0631,0.0684,0.1105,0.0200,0.1150,0.0450,0.0210,0.0476,0.3060,0.1815,0.0390,0.0238,0.1315,0.0595,0.0180
rn,F,scene,drive,12,4,3,2000,-0.1000,55.4080,537.9150,10.0000,0.1272,0.2493,0.2406,0.1360,-0.1022,0.1500,0.0765,0.1260,-0.4000,0.8910,0.8010,0.6665,-0.2011,0.3740,0.2475,0.2515
rn,F,drive_equal,drive,12,4,3,2000,-0.1000,55.4080,537.9150,10.0000,0.1039,0.2036,0.2311,0.0495,-0.1007,0.1735,0.0820,0.0670,-0.3986,0.9740,0.9245,0.7855,-0.1996,0.4945,0.3160,0.2045
rv,F,scene,drive,12,4,3,2000,0.1000,55.4080,537.9150,10.0000,0.1029,0.2016,0.1945,0.1360,0.1017,0.1930,0.1035,0.1585,0.2917,0.8265,0.6940,0.5780,0.1467,0.3225,0.2035,0.2185
rv,F,drive_equal,drive,12,4,3,2000,0.1000,55.4080,537.9150,10.0000,0.0840,0.1646,0.1869,0.0495,0.1006,0.2370,0.1225,0.0885,0.2906,0.9370,0.8615,0.6675,0.1456,0.4170,0.2560,0.1635
dm,F,scene,drive,12,4,3,2000,0.0500,55.4080,537.9150,10.0000,0.0945,0.1851,0.1797,0.1110,0.0497,0.0805,0.0325,0.0615,0.0982,0.1805,0.0955,0.1115,0.0489,0.0795,0.0325,0.0620
dm,F,drive_equal,drive,12,4,3,2000,0.0500,55.4080,537.9150,10.0000,0.0831,0.1628,0.1827,0.0455,0.0504,0.0880,0.0365,0.0255,0.0989,0.2220,0.1115,0.0750,0.0496,0.0875,0.0365,0.0255
rn,P,scene,drive,12,4,3,2000,-0.0200,179.3050,537.9150,12.0000,0.0173,0.0340,0.0304,0.1425,-0.0198,0.1790,0.0565,0.0710,-0.0519,0.8715,0.4910,0.8330,-0.0258,0.2825,0.0900,0.1605
rn,P,drive_equal,drive,12,4,3,2000,-0.0200,179.3050,537.9150,12.0000,0.0146,0.0287,0.0302,0.0975,-0.0195,0.2350,0.0925,0.0260,-0.0510,0.9505,0.7945,0.8530,-0.0254,0.3710,0.1685,0.0880
rv,P,scene,drive,12,4,3,2000,0.0200,179.3050,537.9150,12.0000,0.0142,0.0279,0.0249,0.1450,0.0199,0.2445,0.0785,0.1335,0.0437,0.8915,0.5285,0.8585,0.0218,0.2950,0.0950,0.1740
rv,P,drive_equal,drive,12,4,3,2000,0.0200,179.3050,537.9150,12.0000,0.0120,0.0235,0.0247,0.0985,0.0196,0.3320,0.1425,0.0685,0.0431,0.9660,0.8325,0.8780,0.0214,0.3900,0.1775,0.1065
dm,P,scene,drive,12,4,3,2000,0.0200,179.3050,537.9150,12.0000,0.0444,0.0869,0.0769,0.1780,0.0186,0.0740,0.0280,0.0425,0.0463,0.1550,0.0615,0.0460,0.0225,0.0810,0.0300,0.0335
dm,P,drive_equal,drive,12,4,3,2000,0.0200,179.3050,537.9150,12.0000,0.0339,0.0664,0.0722,0.1095,0.0190,0.0935,0.0425,0.0190,0.0467,0.2695,0.1315,0.0260,0.0229,0.1085,0.0500,0.0115
rn,F,scene,drive,12,8,all,2000,-0.1000,55.9470,1989.5745,10.0000,0.1247,0.2443,0.2331,0.1375,-0.1028,0.1340,0.0885,0.1360,-0.4007,0.8885,0.8340,0.6810,-0.2017,0.3720,0.2905,0.2785
rn,F,drive_equal,drive,12,8,all,2000,-0.1000,55.9470,1989.5745,10.0000,0.0950,0.1863,0.2128,0.0505,-0.1004,0.1920,0.0875,0.0640,-0.3982,0.9860,0.9640,0.8720,-0.1993,0.5625,0.3745,0.2305
rv,F,scene,drive,12,8,all,2000,0.1000,55.9470,1989.5745,10.0000,0.1008,0.1976,0.1885,0.1375,0.1023,0.1845,0.1215,0.1670,0.2923,0.8200,0.7440,0.5880,0.1473,0.3275,0.2390,0.2450
rv,F,drive_equal,drive,12,8,all,2000,0.1000,55.9470,1989.5745,10.0000,0.0769,0.1506,0.1721,0.0505,0.1003,0.2610,0.1345,0.0910,0.2903,0.9690,0.9155,0.7540,0.1453,0.4665,0.3065,0.1940
dm,F,scene,drive,12,8,all,2000,0.0500,55.9470,1989.5745,10.0000,0.0904,0.1771,0.1690,0.1295,0.0491,0.0940,0.0350,0.0705,0.0976,0.1945,0.1065,0.1335,0.0484,0.0930,0.0345,0.0700
dm,F,drive_equal,drive,12,8,all,2000,0.0500,55.9470,1989.5745,10.0000,0.0679,0.1331,0.1539,0.0390,0.0487,0.1215,0.0445,0.0275,0.0972,0.3185,0.1720,0.1125,0.0479,0.1180,0.0440,0.0275
rn,P,scene,drive,12,8,all,2000,-0.0200,296.7895,1989.5745,12.0000,0.0147,0.0288,0.0266,0.1250,-0.0201,0.2415,0.1215,0.1070,-0.0521,0.9625,0.8245,0.9155,-0.0261,0.3755,0.1935,0.2435
rn,P,drive_equal,drive,12,8,all,2000,-0.0200,296.7895,1989.5745,12.0000,0.0120,0.0235,0.0251,0.0770,-0.0199,0.3455,0.2145,0.0760,-0.0515,0.9925,0.9745,0.9585,-0.0258,0.5480,0.3700,0.2150
rv,P,scene,drive,12,8,all,2000,0.0200,296.7895,1989.5745,12.0000,0.0121,0.0236,0.0218,0.1250,0.0201,0.3325,0.1685,0.2070,0.0440,0.9765,0.8690,0.9305,0.0220,0.3910,0.2045,0.2635
rv,P,drive_equal,drive,12,8,all,2000,0.0200,296.7895,1989.5745,12.0000,0.0098,0.0193,0.0205,0.0780,0.0199,0.4950,0.3220,0.1800,0.0435,0.9965,0.9830,0.9695,0.0218,0.5745,0.3875,0.2475
dm,P,scene,drive,12,8,all,2000,0.0200,296.7895,1989.5745,12.0000,0.0423,0.0829,0.0723,0.1880,0.0196,0.0880,0.0310,0.0420,0.0474,0.1830,0.0780,0.0585,0.0235,0.0980,0.0350,0.0320
dm,P,drive_equal,drive,12,8,all,2000,0.0200,296.7895,1989.5745,12.0000,0.0309,0.0605,0.0656,0.1130,0.0194,0.1175,0.0545,0.0200,0.0471,0.3260,0.2005,0.0350,0.0233,0.1365,0.0655,0.0160
rn,F,scene,drive,12,8,3,2000,-0.1000,55.0430,876.5475,10.0000,0.1217,0.2385,0.2386,0.1120,-0.0969,0.1365,0.0725,0.1075,-0.3948,0.9010,0.8190,0.6695,-0.1959,0.3760,0.2510,0.2410
rn,F,drive_equal,drive,12,8,3,2000,-0.1000,55.0430,876.5475,10.0000,0.1019,0.1998,0.2308,0.0485,-0.1005,0.1540,0.0840,0.0585,-0.3984,0.9740,0.9335,0.7940,-0.1995,0.4920,0.3575,0.1960
rv,F,scene,drive,12,8,3,2000,0.1000,55.0430,876.5475,10.0000,0.0984,0.1928,0.1929,0.1120,0.0975,0.1815,0.0935,0.1335,0.2875,0.8305,0.7205,0.5850,0.1425,0.3265,0.2055,0.2125
rv,F,drive_equal,drive,12,8,3,2000,0.1000,55.0430,876.5475,10.0000,0.0824,0.1615,0.1866,0.0485,0.1004,0.2165,0.1305,0.0880,0.2904,0.9305,0.8760,0.6805,0.1454,0.4185,0.2820,0.1660
dm,F,scene,drive,12,8,3,2000,0.0500,55.0430,876.5475,10.0000,0.0944,0.1849,0.1761,0.1220,0.0495,0.0790,0.0390,0.0700,0.0980,0.1800,0.0890,0.1220,0.0488,0.0785,0.0380,0.0685
dm,F,drive_equal,drive,12,8,3,2000,0.0500,55.0430,876.5475,10.0000,0.0860,0.1686,0.1844,0.0475,0.0485,0.0815,0.0240,0.0245,0.0970,0.1915,0.0815,0.0625,0.0478,0.0810,0.0235,0.0235
rn,P,scene,drive,12,8,3,2000,-0.0200,292.1825,876.5475,12.0000,0.0159,0.0313,0.0283,0.1315,-0.0199,0.2165,0.0900,0.0845,-0.0519,0.9405,0.7080,0.8825,-0.0259,0.3295,0.1490,0.1900
rn,P,drive_equal,drive,12,8,3,2000,-0.0200,292.1825,876.5475,12.0000,0.0137,0.0268,0.0277,0.0815,-0.0203,0.2925,0.1560,0.0480,-0.0518,0.9840,0.9065,0.9245,-0.0262,0.4530,0.2440,0.1420
rv,P,scene,drive,12,8,3,2000,0.0200,292.1825,876.5475,12.0000,0.0131,0.0256,0.0232,0.1325,0.0199,0.2935,0.1260,0.1490,0.0438,0.9580,0.7450,0.9035,0.0219,0.3430,0.1550,0.2110
rv,P,drive_equal,drive,12,8,3,2000,0.0200,292.1825,876.5475,12.0000,0.0112,0.0219,0.0227,0.0805,0.0203,0.4170,0.2190,0.1110,0.0438,0.9910,0.9285,0.9455,0.0221,0.4805,0.2660,0.1695
dm,P,scene,drive,12,8,3,2000,0.0200,292.1825,876.5475,12.0000,0.0445,0.0872,0.0751,0.1730,0.0200,0.0790,0.0300,0.0425,0.0478,0.1605,0.0675,0.0560,0.0239,0.0920,0.0335,0.0365
dm,P,drive_equal,drive,12,8,3,2000,0.0200,292.1825,876.5475,12.0000,0.0338,0.0662,0.0692,0.1190,0.0192,0.0985,0.0495,0.0175,0.0469,0.2660,0.1505,0.0335,0.0231,0.1110,0.0570,0.0115
rn,F,scene,drive,12,16,all,2000,-0.1000,55.5615,3295.7345,10.0000,0.1258,0.2466,0.2333,0.1440,-0.1052,0.1555,0.0965,0.1410,-0.4031,0.9010,0.8400,0.6905,-0.2041,0.3755,0.2890,0.2830
rn,F,drive_equal,drive,12,16,all,2000,-0.1000,55.5615,3295.7345,10.0000,0.0975,0.1911,0.2122,0.0570,-0.1018,0.1915,0.0900,0.0785,-0.3997,0.9865,0.9560,0.8620,-0.2008,0.5540,0.3645,0.2525
rv,F,scene,drive,12,16,all,2000,0.1000,55.5615,3295.7345,10.0000,0.1017,0.1994,0.1887,0.1440,0.1042,0.1980,0.1340,0.1725,0.2942,0.8310,0.7435,0.6090,0.1492,0.3250,0.2470,0.2500
rv,F,drive_equal,drive,12,16,all,2000,0.1000,55.5615,3295.7345,10.0000,0.0789,0.1546,0.1716,0.0570,0.1015,0.2645,0.1345,0.1055,0.2915,0.9580,0.9005,0.7595,0.1465,0.4710,0.2955,0.2055
dm,F,scene,drive,12,16,all,2000,0.0500,55.5615,3295.7345,10.0000,0.0919,0.1801,0.1674,0.1330,0.0489,0.0840,0.0355,0.0780,0.0975,0.1885,0.0980,0.1330,0.0482,0.0825,0.0355,0.0775
dm,F,drive_equal,drive,12,16,all,2000,0.0500,55.5615,3295.7345,10.0000,0.0703,0.1377,0.1524,0.0555,0.0487,0.1065,0.0510,0.0415,0.0972,0.2875,0.1670,0.1170,0.0479,0.1050,0.0485,0.0410
rn,P,scene,drive,12,16,all,2000,-0.0200,494.2720,3295.7345,12.0000,0.0149,0.0291,0.0262,0.1410,-0.0200,0.2595,0.1210,0.1325,-0.0521,0.9695,0.8320,0.9190,-0.0261,0.3760,0.2055,0.2540
rn,P,drive_equal,drive,12,16,all,2000,-0.0200,494.2720,3295.7345,12.0000,0.0119,0.0234,0.0243,0.0815,-0.0199,0.3895,0.2265,0.0910,-0.0514,0.9955,0.9805,0.9710,-0.0258,0.5810,0.3960,0.2395
rv,P,scene,drive,12,16,all,2000,0.0200,494.2720,3295.7345,12.0000,0.0122,0.0239,0.0214,0.1435,0.0200,0.3360,0.1740,0.2175,0.0440,0.9805,0.8680,0.9315,0.0220,0.3915,0.2160,0.2710
rv,P,drive_equal,drive,12,16,all,2000,0.0200,494.2720,3295.7345,12.0000,0.0098,0.0192,0.0199,0.0825,0.0199,0.5335,0.3515,0.1965,0.0435,0.9980,0.9900,0.9790,0.0218,0.6040,0.4240,0.2720
dm,P,scene,drive,12,16,all,2000,0.0200,494.2720,3295.7345,12.0000,0.0428,0.0839,0.0726,0.1695,0.0199,0.0800,0.0325,0.0425,0.0477,0.1735,0.0685,0.0660,0.0238,0.0885,0.0375,0.0360
dm,P,drive_equal,drive,12,16,all,2000,0.0200,494.2720,3295.7345,12.0000,0.0316,0.0620,0.0655,0.1230,0.0200,0.1090,0.0555,0.0205,0.0477,0.3015,0.1900,0.0390,0.0239,0.1275,0.0660,0.0145
rn,F,scene,drive,12,16,3,2000,-0.1000,55.2455,1474.2240,10.0000,0.1249,0.2447,0.2397,0.1295,-0.1013,0.1490,0.0660,0.1210,-0.3992,0.9000,0.7990,0.6755,-0.2003,0.3950,0.2440,0.2530
rn,F,drive_equal,drive,12,16,3,2000,-0.1000,55.2455,1474.2240,10.0000,0.1044,0.2047,0.2285,0.0485,-0.1026,0.1645,0.0935,0.0610,-0.4005,0.9735,0.9340,0.7990,-0.2015,0.4925,0.3530,0.2075
rv,F,scene,drive,12,16,3,2000,0.1000,55.2455,1474.2240,10.0000,0.1010,0.1979,0.1938,0.1295,0.1011,0.2010,0.0985,0.1455,0.2911,0.8360,0.7010,0.5910,0.1461,0.3415,0.2050,0.2155
rv,F,drive_equal,drive,12,16,3,2000,0.1000,55.2455,1474.2240,10.0000,0.0844,0.1655,0.1847,0.0485,0.1021,0.2280,0.1355,0.0860,0.2921,0.9335,0.8655,0.6930,0.1471,0.4250,0.2755,0.1750
dm,F,scene,drive,12,16,3,2000,0.0500,55.2455,1474.2240,10.0000,0.0940,0.1842,0.1784,0.1120,0.0527,0.0895,0.0395,0.0655,0.1012,0.1955,0.1115,0.1235,0.0519,0.0875,0.0390,0.0650
dm,F,drive_equal,drive,12,16,3,2000,0.0500,55.2455,1474.2240,10.0000,0.0835,0.1637,0.1816,0.0425,0.0546,0.1135,0.0420,0.0255,0.1031,0.2490,0.1375,0.0860,0.0538,0.1125,0.0415,0.0260
rn,P,scene,drive,12,16,3,2000,-0.0200,491.4080,1474.2240,12.0000,0.0152,0.0298,0.0270,0.1430,-0.0201,0.2485,0.0960,0.1120,-0.0521,0.9670,0.7380,0.9090,-0.0261,0.3795,0.1580,0.2255
rn,P,drive_equal,drive,12,16,3,2000,-0.0200,491.4080,1474.2240,12.0000,0.0122,0.0240,0.0258,0.0795,-0.0197,0.3360,0.2165,0.0690,-0.0512,0.9975,0.9825,0.9590,-0.0256,0.5370,0.3745,0.1800
rv,P,scene,drive,12,16,3,2000,0.0200,491.4080,1474.2240,12.0000,0.0125,0.0244,0.0221,0.1460,0.0201,0.3310,0.1380,0.1950,0.0439,0.9790,0.7810,0.9325,0.0220,0.3930,0.1630,0.2475
rv,P,drive_equal,drive,12,16,3,2000,0.0200,491.4080,1474.2240,12.0000,0.0100,0.0197,0.0211,0.0795,0.0197,0.4945,0.3270,0.1525,0.0432,0.9990,0.9900,0.9715,0.0216,0.5745,0.4000,0.2195
dm,P,scene,drive,12,16,3,2000,0.0200,491.4080,1474.2240,12.0000,0.0451,0.0884,0.0759,0.1700,0.0222,0.0865,0.0325,0.0435,0.0499,0.1660,0.0675,0.0620,0.0261,0.0970,0.0360,0.0355
dm,P,drive_equal,drive,12,16,3,2000,0.0200,491.4080,1474.2240,12.0000,0.0328,0.0642,0.0678,0.1245,0.0206,0.1065,0.0465,0.0220,0.0482,0.3030,0.1510,0.0320,0.0244,0.1190,0.0550,0.0160
rn,F,scene,drive,16,0,all,2000,-0.1000,73.9910,522.0125,13.0000,0.1067,0.2092,0.2035,0.1105,-0.0998,0.1695,0.0870,0.1285,-0.3977,0.9665,0.9185,0.8480,-0.1987,0.4720,0.3270,0.3140
rn,F,drive_equal,drive,16,0,all,2000,-0.1000,73.9910,522.0125,13.0000,0.0809,0.1586,0.1770,0.0435,-0.0997,0.2440,0.1335,0.0925,-0.3976,0.9990,0.9960,0.9815,-0.1987,0.6850,0.5510,0.3775
rv,F,scene,drive,16,0,all,2000,0.1000,73.9910,522.0125,13.0000,0.0863,0.1692,0.1645,0.1105,0.0998,0.2235,0.1350,0.1665,0.2898,0.9220,0.8450,0.7515,0.1448,0.4050,0.2565,0.2735
rv,F,drive_equal,drive,16,0,all,2000,0.1000,73.9910,522.0125,13.0000,0.0654,0.1283,0.1431,0.0435,0.0998,0.3480,0.2150,0.1400,0.2898,0.9945,0.9820,0.9330,0.1448,0.5970,0.4640,0.3045
dm,F,scene,drive,16,0,all,2000,0.0500,73.9910,522.0125,13.0000,0.0791,0.1551,0.1476,0.1075,0.0510,0.1050,0.0340,0.0680,0.0995,0.2680,0.1165,0.1680,0.0502,0.1030,0.0320,0.0665
dm,F,drive_equal,drive,16,0,all,2000,0.0500,73.9910,522.0125,13.0000,0.0602,0.1180,0.1276,0.0505,0.0504,0.1360,0.0670,0.0580,0.0990,0.3880,0.2375,0.1855,0.0497,0.1330,0.0655,0.0570
rn,F,scene,drive,16,0,3,2000,-0.1000,74.2090,222.6270,13.0000,0.1111,0.2177,0.2095,0.1150,-0.1013,0.1760,0.0975,0.1275,-0.3992,0.9550,0.9085,0.8285,-0.2002,0.4630,0.3410,0.3035
rn,F,drive_equal,drive,16,0,3,2000,-0.1000,74.2090,222.6270,13.0000,0.0890,0.1744,0.1907,0.0530,-0.1014,0.1910,0.1180,0.0770,-0.3992,0.9925,0.9810,0.9505,-0.2003,0.6035,0.4875,0.3305
rv,F,scene,drive,16,0,3,2000,0.1000,74.2090,222.6270,13.0000,0.0898,0.1760,0.1694,0.1150,0.1011,0.2240,0.1435,0.1570,0.2911,0.9050,0.8280,0.7195,0.1461,0.4020,0.2775,0.2625
rv,F,drive_equal,drive,16,0,3,2000,0.1000,74.2090,222.6270,13.0000,0.0719,0.1410,0.1542,0.0530,0.1011,0.2865,0.1775,0.1170,0.2911,0.9765,0.9580,0.8915,0.1461,0.5180,0.3955,0.2600
dm,F,scene,drive,16,0,3,2000,0.0500,74.2090,222.6270,13.0000,0.0827,0.1621,0.1579,0.1050,0.0488,0.0880,0.0325,0.0645,0.0973,0.2055,0.1030,0.1435,0.0481,0.0870,0.0315,0.0645
dm,F,drive_equal,drive,16,0,3,2000,0.0500,74.2090,222.6270,13.0000,0.0718,0.1407,0.1538,0.0515,0.0504,0.1225,0.0525,0.0395,0.0989,0.3005,0.1655,0.1245,0.0496,0.1195,0.0510,0.0380
rn,F,scene,drive,16,2,all,2000,-0.1000,74.1055,1090.1925,13.0000,0.1094,0.2144,0.2052,0.1240,-0.1015,0.1610,0.0965,0.1370,-0.3994,0.9490,0.9115,0.8180,-0.2004,0.4560,0.3365,0.3165
rn,F,drive_equal,drive,16,2,all,2000,-0.1000,74.1055,1090.1925,13.0000,0.0829,0.1624,0.1760,0.0655,-0.1014,0.2175,0.1325,0.1040,-0.3993,0.9995,0.9965,0.9795,-0.2004,0.6760,0.5275,0.3700
rv,F,scene,drive,16,2,all,2000,0.1000,74.1055,1090.1925,13.0000,0.0885,0.1734,0.1659,0.1240,0.1012,0.2230,0.1380,0.1730,0.2912,0.9030,0.8490,0.7320,0.1462,0.3920,0.2735,0.2795
rv,F,drive_equal,drive,16,2,all,2000,0.1000,74.1055,1090.1925,13.0000,0.0670,0.1313,0.1423,0.0655,0.1012,0.3035,0.2000,0.1410,0.2912,0.9925,0.9760,0.9385,0.1462,0.5775,0.4315,0.3040
dm,F,scene,drive,16,2,all,2000,0.0500,74.1055,1090.1925,13.0000,0.0795,0.1559,0.1479,0.1105,0.0497,0.0975,0.0360,0.0615,0.0982,0.2285,0.1125,0.1465,0.0489,0.0950,0.0345,0.0605
dm,F,drive_equal,drive,16,2,all,2000,0.0500,74.1055,1090.1925,13.0000,0.0597,0.1171,0.1271,0.0525,0.0517,0.1485,0.0565,0.0540,0.1002,0.4095,0.2325,0.1810,0.0510,0.1450,0.0545,0.0530
rn,P,scene,drive,16,2,all,2000,-0.0200,159.7585,1090.1925,16.0000,0.0160,0.0313,0.0268,0.1460,-0.0199,0.2045,0.0625,0.0965,-0.0518,0.9480,0.6085,0.9210,-0.0259,0.3070,0.1085,0.2235
rn,P,drive_equal,drive,16,2,all,2000,-0.0200,159.7585,1090.1925,16.0000,0.0129,0.0253,0.0252,0.0935,-0.0195,0.2925,0.1315,0.0765,-0.0510,0.9835,0.9275,0.9490,-0.0253,0.4660,0.2385,0.2210
rv,P,scene,drive,16,2,all,2000,0.0200,159.7585,1090.1925,16.0000,0.0131,0.0257,0.0220,0.1470,0.0199,0.2780,0.0960,0.1835,0.0437,0.9605,0.6410,0.9315,0.0218,0.3220,0.1140,0.2525
rv,P,drive_equal,drive,16,2,all,2000,0.0200,159.7585,1090.1925,16.0000,0.0106,0.0207,0.0206,0.0940,0.0196,0.4140,0.2080,0.1780,0.0431,0.9870,0.9495,0.9545,0.0214,0.4855,0.2560,0.2625
dm,P,scene,drive,16,2,all,2000,0.0200,159.7585,1090.1925,16.0000,0.0396,0.0777,0.0686,0.1675,0.0196,0.0880,0.0450,0.0415,0.0473,0.1845,0.1030,0.0585,0.0235,0.0975,0.0505,0.0345
dm,P,drive_equal,drive,16,2,all,2000,0.0200,159.7585,1090.1925,16.0000,0.0296,0.0579,0.0607,0.0975,0.0188,0.1060,0.0555,0.0240,0.0465,0.3390,0.1980,0.0685,0.0227,0.1250,0.0695,0.0220
rn,F,scene,drive,16,2,3,2000,-0.1000,74.1160,479.1150,13.0000,0.1097,0.2150,0.2096,0.1100,-0.1012,0.1635,0.0935,0.1325,-0.3990,0.9590,0.9070,0.8295,-0.2001,0.4725,0.3390,0.3050
rn,F,drive_equal,drive,16,2,3,2000,-0.1000,74.1160,479.1150,13.0000,0.0888,0.1741,0.1914,0.0455,-0.1025,0.2110,0.1015,0.0800,-0.4004,0.9965,0.9865,0.9500,-0.2014,0.6085,0.4540,0.3165
rv,F,scene,drive,16,2,3,2000,0.1000,74.1160,479.1150,13.0000,0.0887,0.1739,0.1695,0.1100,0.1009,0.2225,0.1315,0.1685,0.2909,0.9075,0.8350,0.7340,0.1459,0.4020,0.2720,0.2640
rv,F,drive_equal,drive,16,2,3,2000,0.1000,74.1160,479.1150,13.0000,0.0718,0.1408,0.1548,0.0455,0.1020,0.2975,0.1750,0.1185,0.2920,0.9825,0.9515,0.8885,0.1470,0.5285,0.3635,0.2590
dm,F,scene,drive,16,2,3,2000,0.0500,74.1160,479.1150,13.0000,0.0824,0.1616,0.1553,0.1080,0.0500,0.1005,0.0405,0.0705,0.0985,0.2270,0.1155,0.1595,0.0492,0.1000,0.0395,0.0695
dm,F,drive_equal,drive,16,2,3,2000,0.0500,74.1160,479.1150,13.0000,0.0730,0.1432,0.1520,0.0530,0.0512,0.1145,0.0510,0.0410,0.0997,0.2870,0.1540,0.1365,0.0504,0.1115,0.0500,0.0400
rn,P,scene,drive,16,2,3,2000,-0.0200,159.7050,479.1150,16.0000,0.0183,0.0358,0.0294,0.1655,-0.0197,0.1630,0.0590,0.0490,-0.0516,0.8455,0.4040,0.8845,-0.0256,0.2335,0.0840,0.1445
rn,P,drive_equal,drive,16,2,3,2000,-0.0200,159.7050,479.1150,16.0000,0.0157,0.0307,0.0294,0.1305,-0.0195,0.2045,0.0850,0.0200,-0.0509,0.9295,0.6890,0.8990,-0.0253,0.3200,0.1340,0.0880
rv,P,scene,drive,16,2,3,2000,0.0200,159.7050,479.1150,16.0000,0.0150,0.0294,0.0241,0.1695,0.0197,0.2140,0.0730,0.1115,0.0435,0.8740,0.4305,0.9005,0.0216,0.2455,0.0855,0.1680
rv,P,drive_equal,drive,16,2,3,2000,0.0200,159.7050,479.1150,16.0000,0.0129,0.0252,0.0241,0.1345,0.0196,0.2855,0.1240,0.0600,0.0431,0.9475,0.7275,0.9090,0.0214,0.3360,0.1425,0.1095
dm,P,scene,drive,16,2,3,2000,0.0200,159.7050,479.1150,16.0000,0.0429,0.0840,0.0750,0.1505,0.0222,0.0890,0.0350,0.0335,0.0499,0.2005,0.0895,0.0550,0.0261,0.1000,0.0390,0.0255
dm,P,drive_equal,drive,16,2,3,2000,0.0200,159.7050,479.1150,16.0000,0.0339,0.0665,0.0682,0.1000,0.0203,0.0980,0.0445,0.0200,0.0480,0.2845,0.1595,0.0605,0.0242,0.1110,0.0575,0.0195
rn,F,scene,drive,16,4,all,2000,-0.1000,74.2845,1620.3005,13.0000,0.1059,0.2076,0.2052,0.1075,-0.0983,0.1605,0.0875,0.1275,-0.3962,0.9645,0.9200,0.8330,-0.1973,0.4795,0.3420,0.3110
rn,F,drive_equal,drive,16,4,all,2000,-0.1000,74.2845,1620.3005,13.0000,0.0814,0.1595,0.1763,0.0480,-0.0984,0.2590,0.1415,0.1005,-0.3963,0.9990,0.9950,0.9785,-0.1973,0.7015,0.5480,0.3665
rv,F,scene,drive,16,4,all,2000,0.1000,74.2845,1620.3005,13.0000,0.0856,0.1679,0.1660,0.1075,0.0986,0.2160,0.1320,0.1575,0.2886,0.9175,0.8510,0.7330,0.1436,0.4050,0.2715,0.2625
rv,F,drive_equal,drive,16,4,all,2000,0.1000,74.2845,1620.3005,13.0000,0.0658,0.1290,0.1426,0.0480,0.0987,0.3615,0.2090,0.1410,0.2887,0.9945,0.9805,0.9335,0.1437,0.6170,0.4615,0.2825
dm,F,scene,drive,16,4,all,2000,0.0500,74.2845,1620.3005,13.0000,0.0780,0.1528,0.1468,0.1070,0.0503,0.0960,0.0460,0.0720,0.0988,0.2540,0.1345,0.1560,0.0495,0.0945,0.0460,0.0710
dm,F,drive_equal,drive,16,4,all,2000,0.0500,74.2845,1620.3005,13.0000,0.0593,0.1163,0.1269,0.0455,0.0499,0.1445,0.0565,0.0490,0.0984,0.4100,0.2230,0.1785,0.0492,0.1415,0.0555,0.0485
rn,P,scene,drive,16,4,all,2000,-0.0200,240.1345,1620.3005,16.0000,0.0139,0.0272,0.0244,0.1435,-0.0195,0.2600,0.1240,0.1305,-0.0515,0.9800,0.8845,0.9545,-0.0255,0.4150,0.2050,0.2955
rn,P,drive_equal,drive,16,4,all,2000,-0.0200,240.1345,1620.3005,16.0000,0.0117,0.0229,0.0228,0.0850,-0.0198,0.4005,0.2115,0.1425,-0.0513,0.9950,0.9815,0.9735,-0.0257,0.6010,0.3790,0.3340
rv,P,scene,drive,16,4,all,2000,0.0200,240.1345,1620.3005,16.0000,0.0114,0.0223,0.0200,0.1435,0.0196,0.3690,0.1805,0.2565,0.0434,0.9865,0.9145,0.9660,0.0215,0.4365,0.2160,0.3305
rv,P,drive_equal,drive,16,4,all,2000,0.0200,240.1345,1620.3005,16.0000,0.0096,0.0188,0.0187,0.0860,0.0198,0.5475,0.3270,0.2775,0.0433,0.9965,0.9875,0.9770,0.0217,0.6230,0.3995,0.3820
dm,P,scene,drive,16,4,all,2000,0.0200,240.1345,1620.3005,16.0000,0.0389,0.0762,0.0671,0.1540,0.0207,0.0870,0.0385,0.0370,0.0484,0.2095,0.0915,0.0805,0.0245,0.0995,0.0435,0.0310
dm,P,drive_equal,drive,16,4,all,2000,0.0200,240.1345,1620.3005,16.0000,0.0291,0.0571,0.0582,0.1045,0.0205,0.1255,0.0560,0.0180,0.0481,0.3610,0.2195,0.0920,0.0243,0.1450,0.0670,0.0160
rn,F,scene,drive,16,4,3,2000,-0.1000,73.7765,715.9395,13.0000,0.1103,0.2162,0.2081,0.1180,-0.0962,0.1670,0.0810,0.1260,-0.3941,0.9560,0.8900,0.8285,-0.1952,0.4515,0.2940,0.2955
rn,F,drive_equal,drive,16,4,3,2000,-0.1000,73.7765,715.9395,13.0000,0.0896,0.1756,0.1915,0.0515,-0.0980,0.2035,0.0980,0.0725,-0.3959,0.9895,0.9780,0.9510,-0.1969,0.5975,0.4415,0.3085
rv,F,scene,drive,16,4,3,2000,0.1000,73.7765,715.9395,13.0000,0.0892,0.1748,0.1683,0.1180,0.0969,0.2145,0.1250,0.1500,0.2869,0.8975,0.8030,0.7245,0.1419,0.3830,0.2425,0.2525
rv,F,drive_equal,drive,16,4,3,2000,0.1000,73.7765,715.9395,13.0000,0.0725,0.1420,0.1548,0.0515,0.0984,0.2885,0.1610,0.1095,0.2884,0.9770,0.9420,0.8845,0.1434,0.5150,0.3555,0.2390
dm,F,scene,drive,16,4,3,2000,0.0500,73.7765,715.9395,13.0000,0.0811,0.1590,0.1523,0.1005,0.0516,0.0910,0.0425,0.0565,0.1001,0.2365,0.1235,0.1470,0.0508,0.0900,0.0415,0.0545
dm,F,drive_equal,drive,16,4,3,2000,0.0500,73.7765,715.9395,13.0000,0.0705,0.1381,0.1506,0.0410,0.0506,0.1105,0.0480,0.0300,0.0991,0.2960,0.1685,0.1295,0.0498,0.1085,0.0460,0.0295
rn,P,scene,drive,16,4,3,2000,-0.0200,238.6465,715.9395,16.0000,0.0149,0.0292,0.0266,0.1450,-0.0197,0.2355,0.1160,0.0915,-0.0517,0.9680,0.8250,0.9275,-0.0257,0.3565,0.1860,0.2150
rn,P,drive_equal,drive,16,4,3,2000,-0.0200,238.6465,715.9395,16.0000,0.0129,0.0252,0.0255,0.0945,-0.0194,0.3175,0.1715,0.0630,-0.0510,0.9930,0.9500,0.9515,-0.0253,0.4940,0.2915,0.1920
rv,P,scene,drive,16,4,3,2000,0.0200,238.6465,715.9395,16.0000,0.0122,0.0240,0.0218,0.1480,0.0197,0.3255,0.1615,0.1685,0.0436,0.9775,0.8565,0.9420,0.0217,0.3775,0.1940,0.2400
rv,P,drive_equal,drive,16,4,3,2000,0.0200,238.6465,715.9395,16.0000,0.0105,0.0207,0.0209,0.0950,0.0195,0.4420,0.2550,0.1500,0.0431,0.9960,0.9635,0.9565,0.0214,0.5195,0.3065,0.2265
dm,P,scene,drive,16,4,3,2000,0.0200,238.6465,715.9395,16.0000,0.0393,0.0769,0.0682,0.1565,0.0195,0.0845,0.0340,0.0410,0.0472,0.1890,0.0830,0.0645,0.0233,0.0910,0.0380,0.0310
dm,P,drive_equal,drive,16,4,3,2000,0.0200,238.6465,715.9395,16.0000,0.0299,0.0587,0.0620,0.1015,0.0197,0.1135,0.0555,0.0180,0.0474,0.3400,0.2065,0.0630,0.0236,0.1350,0.0715,0.0155
rn,F,scene,drive,16,8,all,2000,-0.1000,73.7660,2623.6635,13.0000,0.1049,0.2056,0.2045,0.1090,-0.1003,0.1645,0.0830,0.1305,-0.3982,0.9645,0.9260,0.8410,-0.1993,0.4925,0.3395,0.3155
rn,F,drive_equal,drive,16,8,all,2000,-0.1000,73.7660,2623.6635,13.0000,0.0810,0.1587,0.1761,0.0525,-0.0975,0.2285,0.1195,0.0935,-0.3954,0.9970,0.9930,0.9815,-0.1965,0.6830,0.5170,0.3605
rv,F,scene,drive,16,8,all,2000,0.1000,73.7660,2623.6635,13.0000,0.0848,0.1663,0.1654,0.1090,0.1003,0.2325,0.1270,0.1575,0.2903,0.9315,0.8495,0.7590,0.1453,0.4230,0.2775,0.2720
rv,F,drive_equal,drive,16,8,all,2000,0.1000,73.7660,2623.6635,13.0000,0.0655,0.1283,0.1424,0.0525,0.0980,0.3255,0.1835,0.1315,0.2880,0.9925,0.9765,0.9390,0.1430,0.5945,0.4150,0.2905
dm,F,scene,drive,16,8,all,2000,0.0500,73.7660,2623.6635,13.0000,0.0789,0.1546,0.1459,0.1225,0.0517,0.0970,0.0425,0.0830,0.1002,0.2290,0.1340,0.1595,0.0509,0.0960,0.0420,0.0820
dm,F,drive_equal,drive,16,8,all,2000,0.0500,73.7660,2623.6635,13.0000,0.0597,0.1170,0.1270,0.0555,0.0498,0.1380,0.0565,0.0515,0.0983,0.3880,0.2220,0.1840,0.0490,0.1355,0.0555,0.0510
rn,P,scene,drive,16,8,all,2000,-0.0200,391.3860,2623.6635,16.0000,0.0128,0.0250,0.0236,0.1185,-0.0200,0.3200,0.1430,0.1470,-0.0519,0.9965,0.9510,0.9695,-0.0259,0.4930,0.2635,0.3295
rn,P,drive_equal,drive,16,8,all,2000,-0.0200,391.3860,2623.6635,16.0000,0.0103,0.0202,0.0213,0.0775,-0.0197,0.4575,0.2835,0.1610,-0.0512,1.0000,0.9975,0.9905,-0.0255,0.6790,0.4960,0.4080
rv,P,scene,drive,16,8,all,2000,0.0200,391.3860,2623.6635,16.0000,0.0105,0.0205,0.0193,0.1190,0.0200,0.4425,0.2220,0.2775,0.0438,0.9980,0.9690,0.9760,0.0219,0.5130,0.2780,0.3585
rv,P,drive_equal,drive,16,8,all,2000,0.0200,391.3860,2623.6635,16.0000,0.0085,0.0166,0.0174,0.0785,0.0197,0.6210,0.4430,0.3380,0.0432,1.0000,0.9995,0.9930,0.0216,0.7120,0.5310,0.4695
dm,P,scene,drive,16,8,all,2000,0.0200,391.3860,2623.6635,16.0000,0.0382,0.0749,0.0647,0.1610,0.0207,0.0945,0.0335,0.0340,0.0484,0.2020,0.0905,0.0885,0.0246,0.1080,0.0390,0.0285
dm,P,drive_equal,drive,16,8,all,2000,0.0200,391.3860,2623.6635,16.0000,0.0278,0.0544,0.0563,0.1115,0.0198,0.1140,0.0635,0.0170,0.0475,0.3575,0.2140,0.0795,0.0237,0.1395,0.0715,0.0150
rn,F,scene,drive,16,8,3,2000,-0.1000,74.2615,1182.3180,13.0000,0.1089,0.2134,0.2102,0.1150,-0.1011,0.1680,0.0905,0.1155,-0.3990,0.9590,0.9035,0.8205,-0.2000,0.4705,0.3245,0.3050
rn,F,drive_equal,drive,16,8,3,2000,-0.1000,74.2615,1182.3180,13.0000,0.0887,0.1739,0.1914,0.0535,-0.1025,0.2260,0.1115,0.0760,-0.4004,0.9935,0.9815,0.9570,-0.2014,0.6345,0.4680,0.3195
rv,F,scene,drive,16,8,3,2000,0.1000,74.2615,1182.3180,13.0000,0.0881,0.1726,0.1699,0.1150,0.1009,0.2310,0.1285,0.1480,0.2909,0.9055,0.8340,0.7300,0.1459,0.4030,0.2625,0.2550
rv,F,drive_equal,drive,16,8,3,2000,0.1000,74.2615,1182.3180,13.0000,0.0718,0.1407,0.1547,0.0535,0.1020,0.3140,0.1730,0.1165,0.2920,0.9830,0.9560,0.8955,0.1470,0.5550,0.3730,0.2525
dm,F,scene,drive,16,8,3,2000,0.0500,74.2615,1182.3180,13.0000,0.0823,0.1613,0.1545,0.1085,0.0498,0.0935,0.0315,0.0705,0.0983,0.2315,0.1100,0.1415,0.0491,0.0915,0.0305,0.0700
dm,F,drive_equal,drive,16,8,3,2000,0.0500,74.2615,1182.3180,13.0000,0.0729,0.1429,0.1522,0.0560,0.0501,0.1040,0.0415,0.0395,0.0986,0.2670,0.1410,0.1335,0.0493,0.1045,0.0410,0.0380
rn,P,scene,drive,16,8,3,2000,-0.0200,394.1060,1182.3180,16.0000,0.0138,0.0270,0.0243,0.1260,-0.0196,0.2780,0.1285,0.1265,-0.0515,0.9910,0.9060,0.9670,-0.0256,0.4300,0.2170,0.2725
rn,P,drive_equal,drive,16,8,3,2000,-0.0200,394.1060,1182.3180,16.0000,0.0114,0.0224,0.0231,0.0765,-0.0196,0.3850,0.2050,0.1090,-0.0510,0.9985,0.9870,0.9820,-0.0254,0.5910,0.3625,0.2940
rv,P,scene,drive,16,8,3,2000,0.0200,394.1060,1182.3180,16.0000,0.0113,0.0222,0.0199,0.1260,0.0197,0.3870,0.1900,0.2275,0.0435,0.9945,0.9275,0.9740,0.0216,0.4540,0.2255,0.3135
rv,P,drive_equal,drive,16,8,3,2000,0.0200,394.1060,1182.3180,16.0000,0.0093,0.0183,0.0190,0.0765,0.0196,0.5440,0.3235,0.2435,0.0431,0.9990,0.9920,0.9860,0.0215,0.6170,0.3900,0.3460
dm,P,scene,drive,16,8,3,2000,0.0200,394.1060,1182.3180,16.0000,0.0397,0.0779,0.0669,0.1700,0.0200,0.0925,0.0330,0.0410,0.0478,0.1960,0.0785,0.0730,0.0239,0.0995,0.0370,0.0330
dm,P,drive_equal,drive,16,8,3,2000,0.0200,394.1060,1182.3180,16.0000,0.0289,0.0566,0.0586,0.1030,0.0191,0.1125,0.0485,0.0175,0.0468,0.3650,0.2185,0.0670,0.0230,0.1400,0.0635,0.0155
rn,F,scene,drive,16,16,all,2000,-0.1000,74.6670,4410.3020,13.0000,0.1084,0.2125,0.2036,0.1230,-0.0986,0.1705,0.0830,0.1285,-0.3965,0.9570,0.9105,0.8305,-0.1975,0.4765,0.3515,0.3150
rn,F,drive_equal,drive,16,16,all,2000,-0.1000,74.6670,4410.3020,13.0000,0.0829,0.1624,0.1754,0.0635,-0.0976,0.2205,0.1315,0.1015,-0.3955,0.9990,0.9970,0.9825,-0.1966,0.6580,0.5220,0.3590
rv,F,scene,drive,16,16,all,2000,0.1000,74.6670,4410.3020,13.0000,0.0877,0.1718,0.1647,0.1230,0.0988,0.2295,0.1290,0.1655,0.2888,0.9085,0.8405,0.7365,0.1438,0.4070,0.2805,0.2740
rv,F,drive_equal,drive,16,16,all,2000,0.1000,74.6670,4410.3020,13.0000,0.0670,0.1313,0.1418,0.0635,0.0981,0.3160,0.2010,0.1385,0.2881,0.9950,0.9790,0.9290,0.1431,0.5620,0.4295,0.2885
dm,F,scene,drive,16,16,all,2000,0.0500,74.6670,4410.3020,13.0000,0.0786,0.1540,0.1464,0.1020,0.0516,0.1130,0.0375,0.0725,0.1001,0.2690,0.1255,0.1680,0.0509,0.1125,0.0375,0.0725
dm,F,drive_equal,drive,16,16,all,2000,0.0500,74.6670,4410.3020,13.0000,0.0585,0.1147,0.1269,0.0440,0.0514,0.1710,0.0490,0.0475,0.0999,0.4310,0.2170,0.1855,0.0507,0.1680,0.0480,0.0460
rn,P,scene,drive,16,16,all,2000,-0.0200,661.5825,4410.3020,16.0000,0.0125,0.0244,0.0231,0.1160,-0.0202,0.3410,0.1885,0.1575,-0.0522,0.9990,0.9790,0.9785,-0.0262,0.5280,0.3195,0.3610
rn,P,drive_equal,drive,16,16,all,2000,-0.0200,661.5825,4410.3020,16.0000,0.0098,0.0191,0.0206,0.0640,-0.0198,0.5175,0.3710,0.1860,-0.0514,1.0000,1.0000,0.9965,-0.0257,0.7395,0.6065,0.4665
rv,P,scene,drive,16,16,all,2000,0.0200,661.5825,4410.3020,16.0000,0.0102,0.0200,0.0190,0.1170,0.0202,0.4750,0.2720,0.2980,0.0440,1.0000,0.9850,0.9855,0.0221,0.5565,0.3380,0.3910
rv,P,drive_equal,drive,16,16,all,2000,0.0200,661.5825,4410.3020,16.0000,0.0080,0.0157,0.0169,0.0650,0.0199,0.6910,0.5490,0.3965,0.0434,1.0000,1.0000,0.9990,0.0217,0.7715,0.6395,0.5175
dm,P,scene,drive,16,16,all,2000,0.0200,661.5825,4410.3020,16.0000,0.0377,0.0739,0.0643,0.1650,0.0206,0.0970,0.0315,0.0360,0.0483,0.2290,0.0800,0.0910,0.0244,0.1090,0.0370,0.0265
dm,P,drive_equal,drive,16,16,all,2000,0.0200,661.5825,4410.3020,16.0000,0.0270,0.0529,0.0555,0.1060,0.0196,0.1195,0.0685,0.0175,0.0472,0.3920,0.2625,0.0875,0.0234,0.1520,0.0870,0.0170
rn,F,scene,drive,16,16,3,2000,-0.1000,74.5760,1983.6585,13.0000,0.1084,0.2124,0.2095,0.1160,-0.0984,0.1520,0.0835,0.1215,-0.3963,0.9510,0.9095,0.8210,-0.1974,0.4545,0.3375,0.2985
rn,F,drive_equal,drive,16,16,3,2000,-0.1000,74.5760,1983.6585,13.0000,0.0898,0.1761,0.1912,0.0500,-0.0987,0.2000,0.0995,0.0770,-0.3966,0.9915,0.9810,0.9485,-0.1976,0.6150,0.4300,0.3055
rv,F,scene,drive,16,16,3,2000,0.1000,74.5760,1983.6585,13.0000,0.0876,0.1718,0.1694,0.1160,0.0987,0.2105,0.1290,0.1575,0.2887,0.9030,0.8380,0.7205,0.1437,0.3980,0.2785,0.2565
rv,F,drive_equal,drive,16,16,3,2000,0.1000,74.5760,1983.6585,13.0000,0.0726,0.1424,0.1546,0.0500,0.0989,0.2830,0.1595,0.1090,0.2889,0.9810,0.9435,0.8810,0.1439,0.5265,0.3420,0.2365
dm,F,scene,drive,16,16,3,2000,0.0500,74.5760,1983.6585,13.0000,0.0812,0.1591,0.1544,0.0975,0.0509,0.1020,0.0520,0.0680,0.0994,0.2420,0.1435,0.1440,0.0502,0.1010,0.0500,0.0680
dm,F,drive_equal,drive,16,16,3,2000,0.0500,74.5760,1983.6585,13.0000,0.0721,0.1414,0.1516,0.0490,0.0516,0.1170,0.0475,0.0400,0.1001,0.2895,0.1600,0.1365,0.0508,0.1145,0.0465,0.0400
rn,P,scene,drive,16,16,3,2000,-0.0200,661.2195,1983.6585,16.0000,0.0136,0.0267,0.0238,0.1355,-0.0201,0.2775,0.1405,0.1595,-0.0521,0.9910,0.9230,0.9750,-0.0261,0.4410,0.2350,0.3145
rn,P,drive_equal,drive,16,16,3,2000,-0.0200,661.2195,1983.6585,16.0000,0.0108,0.0212,0.0218,0.0730,-0.0197,0.4255,0.2765,0.1540,-0.0512,0.9995,0.9975,0.9950,-0.0256,0.6370,0.4790,0.3780
rv,P,scene,drive,16,16,3,2000,0.0200,661.2195,1983.6585,16.0000,0.0112,0.0219,0.0195,0.1365,0.0201,0.3925,0.2080,0.2740,0.0439,0.9970,0.9425,0.9810,0.0220,0.4585,0.2445,0.3385
rv,P,drive_equal,drive,16,16,3,2000,0.0200,661.2195,1983.6585,16.0000,0.0089,0.0174,0.0178,0.0745,0.0197,0.5955,0.4250,0.3210,0.0433,0.9995,0.9985,0.9975,0.0216,0.6630,0.5050,0.4235
dm,P,scene,drive,16,16,3,2000,0.0200,661.2195,1983.6585,16.0000,0.0377,0.0739,0.0648,0.1605,0.0205,0.0900,0.0370,0.0405,0.0483,0.2100,0.0960,0.0840,0.0244,0.1005,0.0420,0.0350
dm,P,drive_equal,drive,16,16,3,2000,0.0200,661.2195,1983.6585,16.0000,0.0287,0.0563,0.0575,0.1080,0.0201,0.1170,0.0525,0.0205,0.0478,0.3610,0.2065,0.0790,0.0240,0.1410,0.0605,0.0160
rn,F,scene,drive,20,0,all,2000,-0.1000,92.4190,652.9045,17.0000,0.0940,0.1842,0.1860,0.0920,-0.1015,0.2125,0.0920,0.1290,-0.3994,0.9885,0.9650,0.9445,-0.2005,0.5870,0.4165,0.3725
rn,F,drive_equal,drive,20,0,all,2000,-0.1000,92.4190,652.9045,17.0000,0.0721,0.1413,0.1549,0.0510,-0.1001,0.2855,0.1670,0.1270,-0.3980,1.0000,0.9985,0.9980,-0.1990,0.8005,0.6660,0.4950
rv,F,scene,drive,20,0,all,2000,0.1000,92.4190,652.9045,17.0000,0.0760,0.1490,0.1504,0.0920,0.1012,0.3015,0.1570,0.1700,0.2912,0.9695,0.9225,0.8685,0.1462,0.5155,0.3445,0.3170
rv,F,drive_equal,drive,20,0,all,2000,0.1000,92.4190,652.9045,17.0000,0.0583,0.1143,0.1252,0.0510,0.1000,0.4080,0.2555,0.1800,0.2900,0.9975,0.9950,0.9900,0.1450,0.7105,0.5570,0.3930
dm,F,scene,drive,20,0,all,2000,0.0500,92.4190,652.9045,17.0000,0.0704,0.1381,0.1339,0.1000,0.0496,0.1070,0.0485,0.0785,0.0981,0.2925,0.1815,0.1920,0.0488,0.1065,0.0475,0.0775
dm,F,drive_equal,drive,20,0,all,2000,0.0500,92.4190,652.9045,17.0000,0.0532,0.1042,0.1121,0.0490,0.0514,0.1765,0.0850,0.0705,0.0999,0.4960,0.3130,0.2475,0.0506,0.1735,0.0825,0.0700
rn,F,scene,drive,20,0,3,2000,-0.1000,92.0460,276.1380,17.0000,0.1011,0.1982,0.1885,0.1045,-0.1036,0.1815,0.1080,0.1365,-0.4015,0.9795,0.9505,0.9185,-0.2026,0.5300,0.3965,0.3720
rn,F,drive_equal,drive,20,0,3,2000,-0.1000,92.0460,276.1380,17.0000,0.0814,0.1595,0.1674,0.0565,-0.1026,0.2405,0.1235,0.1090,-0.4005,0.9985,0.9920,0.9905,-0.2015,0.6820,0.5185,0.4380
rv,F,scene,drive,20,0,3,2000,0.1000,92.0460,276.1380,17.0000,0.0818,0.1603,0.1524,0.1045,0.1029,0.2500,0.1480,0.1870,0.2929,0.9485,0.8900,0.8470,0.1479,0.4610,0.3260,0.3190
rv,F,drive_equal,drive,20,0,3,2000,0.1000,92.0460,276.1380,17.0000,0.0658,0.1290,0.1354,0.0565,0.1021,0.3225,0.1955,0.1650,0.2921,0.9910,0.9750,0.9670,0.1471,0.5920,0.4175,0.3470
dm,F,scene,drive,20,0,3,2000,0.0500,92.0460,276.1380,17.0000,0.0733,0.1437,0.1415,0.0910,0.0507,0.1080,0.0435,0.0595,0.0992,0.2795,0.1625,0.1745,0.0500,0.1065,0.0410,0.0590
dm,F,drive_equal,drive,20,0,3,2000,0.0500,92.0460,276.1380,17.0000,0.0645,0.1265,0.1343,0.0535,0.0499,0.1245,0.0550,0.0465,0.0985,0.3170,0.1915,0.1670,0.0492,0.1205,0.0540,0.0445
rn,F,scene,drive,20,2,all,2000,-0.1000,92.8135,1362.6210,17.0000,0.0950,0.1861,0.1858,0.0950,-0.0994,0.2005,0.0975,0.1300,-0.3973,0.9895,0.9705,0.9480,-0.1984,0.5710,0.4065,0.3520
rn,F,drive_equal,drive,20,2,all,2000,-0.1000,92.8135,1362.6210,17.0000,0.0727,0.1426,0.1554,0.0470,-0.0977,0.2660,0.1660,0.1160,-0.3956,1.0000,0.9995,0.9990,-0.1966,0.7630,0.6385,0.4880
rv,F,scene,drive,20,2,all,2000,0.1000,92.8135,1362.6210,17.0000,0.0768,0.1505,0.1502,0.0950,0.0995,0.2850,0.1510,0.1635,0.2895,0.9720,0.9210,0.8630,0.1445,0.5020,0.3350,0.2950
rv,F,drive_equal,drive,20,2,all,2000,0.1000,92.8135,1362.6210,17.0000,0.0588,0.1153,0.1256,0.0470,0.0981,0.3825,0.2570,0.1785,0.2881,0.9990,0.9955,0.9875,0.1431,0.6775,0.5355,0.3945
dm,F,scene,drive,20,2,all,2000,0.0500,92.8135,1362.6210,17.0000,0.0701,0.1375,0.1331,0.0985,0.0479,0.1045,0.0520,0.0705,0.0964,0.2840,0.1845,0.1960,0.0472,0.1030,0.0520,0.0700
dm,F,drive_equal,drive,20,2,all,2000,0.0500,92.8135,1362.6210,17.0000,0.0528,0.1036,0.1121,0.0505,0.0472,0.1485,0.0600,0.0555,0.0957,0.4405,0.2815,0.2330,0.0465,0.1440,0.0575,0.0545
rn,P,scene,drive,20,2,all,2000,-0.0200,199.5865,1362.6210,20.0000,0.0136,0.0266,0.0245,0.1305,-0.0198,0.2465,0.1345,0.1255,-0.0518,0.9850,0.9345,0.9535,-0.0258,0.4025,0.2155,0.3160
rn,P,drive_equal,drive,20,2,all,2000,-0.0200,199.5865,1362.6210,20.0000,0.0113,0.0221,0.0231,0.0730,-0.0197,0.3720,0.2360,0.1220,-0.0513,0.9965,0.9880,0.9600,-0.0256,0.5935,0.4100,0.3650
rv,P,scene,drive,20,2,all,2000,0.0200,199.5865,1362.6210,20.0000,0.0111,0.0218,0.0201,0.1310,0.0198,0.3600,0.1835,0.2515,0.0437,0.9890,0.9550,0.9575,0.0217,0.4240,0.2260,0.3540
rv,P,drive_equal,drive,20,2,all,2000,0.0200,199.5865,1362.6210,20.0000,0.0093,0.0181,0.0190,0.0745,0.0198,0.5355,0.3605,0.2990,0.0433,0.9970,0.9935,0.9615,0.0216,0.6185,0.4395,0.4160
dm,P,scene,drive,20,2,all,2000,0.0200,199.5865,1362.6210,20.0000,0.0341,0.0668,0.0619,0.1330,0.0194,0.1030,0.0480,0.0335,0.0472,0.2575,0.1520,0.0875,0.0233,0.1175,0.0600,0.0285
dm,P,drive_equal,drive,20,2,all,2000,0.0200,199.5865,1362.6210,20.0000,0.0261,0.0511,0.0538,0.0815,0.0200,0.1270,0.0680,0.0165,0.0476,0.4370,0.2915,0.1245,0.0238,0.1555,0.0845,0.0140
rn,F,scene,drive,20,2,3,2000,-0.1000,92.2595,596.6055,17.0000,0.0984,0.1930,0.1885,0.1030,-0.0961,0.1885,0.0975,0.1305,-0.3940,0.9890,0.9615,0.9175,-0.1951,0.5245,0.3790,0.3360
rn,F,drive_equal,drive,20,2,3,2000,-0.1000,92.2595,596.6055,17.0000,0.0797,0.1563,0.1674,0.0525,-0.0965,0.2095,0.1265,0.0970,-0.3943,1.0000,0.9955,0.9905,-0.1954,0.6755,0.5300,0.4150
rv,F,scene,drive,20,2,3,2000,0.1000,92.2595,596.6055,17.0000,0.0796,0.1560,0.1524,0.1030,0.0969,0.2545,0.1515,0.1680,0.2869,0.9600,0.9000,0.8305,0.1419,0.4505,0.3035,0.2805
rv,F,drive_equal,drive,20,2,3,2000,0.1000,92.2595,596.6055,17.0000,0.0645,0.1263,0.1354,0.0525,0.0971,0.2995,0.1830,0.1455,0.2871,0.9930,0.9820,0.9610,0.1421,0.5860,0.4265,0.3175
dm,F,scene,drive,20,2,3,2000,0.0500,92.2595,596.6055,17.0000,0.0743,0.1456,0.1399,0.0865,0.0511,0.1150,0.0450,0.0675,0.0996,0.2975,0.1570,0.1765,0.0504,0.1155,0.0440,0.0665
dm,F,drive_equal,drive,20,2,3,2000,0.0500,92.2595,596.6055,17.0000,0.0649,0.1273,0.1336,0.0530,0.0510,0.1240,0.0490,0.0530,0.0995,0.3425,0.1765,0.1705,0.0502,0.1205,0.0465,0.0525
rn,P,scene,drive,20,2,3,2000,-0.0200,198.8685,596.6055,20.0000,0.0158,0.0310,0.0273,0.1440,-0.0203,0.2175,0.0885,0.0660,-0.0522,0.9535,0.7150,0.9270,-0.0263,0.3230,0.1480,0.2165
rn,P,drive_equal,drive,20,2,3,2000,-0.0200,198.8685,596.6055,20.0000,0.0140,0.0274,0.0270,0.1095,-0.0203,0.3075,0.1410,0.0450,-0.0518,0.9785,0.9005,0.9430,-0.0262,0.4580,0.2535,0.1825
rv,P,scene,drive,20,2,3,2000,0.0200,198.8685,596.6055,20.0000,0.0130,0.0254,0.0224,0.1455,0.0203,0.2980,0.1275,0.1750,0.0441,0.9635,0.7540,0.9385,0.0222,0.3375,0.1545,0.2400
rv,P,drive_equal,drive,20,2,3,2000,0.0200,198.8685,596.6055,20.0000,0.0115,0.0225,0.0221,0.1110,0.0202,0.4105,0.2225,0.1340,0.0438,0.9860,0.9190,0.9505,0.0221,0.4745,0.2695,0.2160
dm,P,scene,drive,20,2,3,2000,0.0200,198.8685,596.6055,20.0000,0.0381,0.0747,0.0673,0.1400,0.0200,0.0940,0.0360,0.0265,0.0477,0.2160,0.1030,0.0670,0.0238,0.1065,0.0425,0.0220
dm,P,drive_equal,drive,20,2,3,2000,0.0200,198.8685,596.6055,20.0000,0.0298,0.0583,0.0604,0.0845,0.0200,0.1000,0.0580,0.0140,0.0477,0.3140,0.1925,0.0915,0.0238,0.1120,0.0655,0.0125
rn,F,scene,drive,20,4,all,2000,-0.1000,92.4035,2019.0700,17.0000,0.0962,0.1886,0.1858,0.1095,-0.1002,0.2035,0.1140,0.1405,-0.3981,0.9915,0.9745,0.9420,-0.1991,0.5685,0.4265,0.3565
rn,F,drive_equal,drive,20,4,all,2000,-0.1000,92.4035,2019.0700,17.0000,0.0743,0.1456,0.1547,0.0530,-0.0993,0.2825,0.1535,0.1300,-0.3972,0.9990,0.9980,0.9970,-0.1982,0.7695,0.6030,0.4945
rv,F,scene,drive,20,4,all,2000,0.1000,92.4035,2019.0700,17.0000,0.0778,0.1525,0.1503,0.1095,0.1002,0.2870,0.1690,0.1785,0.2902,0.9720,0.9230,0.8710,0.1452,0.4910,0.3515,0.3080
rv,F,drive_equal,drive,20,4,all,2000,0.1000,92.4035,2019.0700,17.0000,0.0601,0.1177,0.1251,0.0530,0.0994,0.3885,0.2365,0.1885,0.2894,0.9970,0.9920,0.9875,0.1444,0.6885,0.5025,0.3985
dm,F,scene,drive,20,4,all,2000,0.0500,92.4035,2019.0700,17.0000,0.0712,0.1396,0.1332,0.0945,0.0492,0.1190,0.0525,0.0750,0.0977,0.2955,0.1725,0.1925,0.0485,0.1155,0.0520,0.0730
dm,F,drive_equal,drive,20,4,all,2000,0.0500,92.4035,2019.0700,17.0000,0.0537,0.1052,0.1115,0.0515,0.0484,0.1595,0.0700,0.0570,0.0969,0.4495,0.3115,0.2425,0.0476,0.1535,0.0675,0.0560
rn,P,scene,drive,20,4,all,2000,-0.0200,298.8695,2019.0700,20.0000,0.0132,0.0259,0.0228,0.1280,-0.0202,0.2910,0.1260,0.1750,-0.0521,0.9940,0.9320,0.9755,-0.0262,0.4640,0.2330,0.3955
rn,P,drive_equal,drive,20,4,all,2000,-0.0200,298.8695,2019.0700,20.0000,0.0106,0.0207,0.0205,0.0785,-0.0198,0.4430,0.2455,0.2145,-0.0513,0.9995,0.9965,0.9860,-0.0257,0.6715,0.4445,0.4935
rv,P,scene,drive,20,4,all,2000,0.0200,298.8695,2019.0700,20.0000,0.0108,0.0212,0.0187,0.1300,0.0202,0.4145,0.2000,0.3285,0.0439,0.9970,0.9505,0.9795,0.0221,0.4890,0.2485,0.4315
rv,P,drive_equal,drive,20,4,all,2000,0.0200,298.8695,2019.0700,20.0000,0.0087,0.0170,0.0168,0.0795,0.0198,0.6160,0.3820,0.4255,0.0433,1.0000,0.9975,0.9910,0.0217,0.7015,0.4755,0.5525
dm,P,scene,drive,20,4,all,2000,0.0200,298.8695,2019.0700,20.0000,0.0346,0.0679,0.0613,0.1290,0.0209,0.0935,0.0385,0.0250,0.0486,0.2580,0.1025,0.1055,0.0247,0.1090,0.0450,0.0225
dm,P,drive_equal,drive,20,4,all,2000,0.0200,298.8695,2019.0700,20.0000,0.0254,0.0498,0.0518,0.0790,0.0203,0.1520,0.0715,0.0155,0.0480,0.4525,0.2970,0.1515,0.0242,0.1850,0.0950,0.0170
rn,F,scene,drive,20,4,3,2000,-0.1000,92.7175,898.8255,17.0000,0.0976,0.1913,0.1891,0.0960,-0.1033,0.2185,0.1145,0.1320,-0.4012,0.9885,0.9670,0.9270,-0.2022,0.5890,0.4310,0.3635
rn,F,drive_equal,drive,20,4,3,2000,-0.1000,92.7175,898.8255,17.0000,0.0810,0.1588,0.1687,0.0555,-0.1009,0.2485,0.1440,0.1045,-0.3988,0.9995,0.9970,0.9925,-0.1999,0.6885,0.5470,0.4210
rv,F,scene,drive,20,4,3,2000,0.1000,92.7175,898.8255,17.0000,0.0789,0.1547,0.1529,0.0960,0.1026,0.2915,0.1735,0.1790,0.2926,0.9670,0.9205,0.8540,0.1476,0.5105,0.3515,0.3130
rv,F,drive_equal,drive,20,4,3,2000,0.1000,92.7175,898.8255,17.0000,0.0655,0.1284,0.1364,0.0555,0.1007,0.3395,0.2175,0.1530,0.2907,0.9955,0.9870,0.9660,0.1457,0.6040,0.4590,0.3435
dm,F,scene,drive,20,4,3,2000,0.0500,92.7175,898.8255,17.0000,0.0729,0.1429,0.1408,0.0870,0.0517,0.0975,0.0435,0.0670,0.1002,0.2595,0.1435,0.1855,0.0510,0.0970,0.0415,0.0670
dm,F,drive_equal,drive,20,4,3,2000,0.0500,92.7175,898.8255,17.0000,0.0629,0.1232,0.1334,0.0505,0.0506,0.1220,0.0425,0.0495,0.0991,0.3280,0.1510,0.1690,0.0498,0.1220,0.0410,0.0490
rn,P,scene,drive,20,4,3,2000,-0.0200,299.6085,898.8255,20.0000,0.0133,0.0261,0.0240,0.1205,-0.0197,0.2985,0.1120,0.1225,-0.0517,0.9950,0.9080,0.9625,-0.0257,0.4595,0.1945,0.3085
rn,P,drive_equal,drive,20,4,3,2000,-0.0200,299.6085,898.8255,20.0000,0.0114,0.0224,0.0228,0.0830,-0.0198,0.3870,0.2135,0.1240,-0.0513,0.9985,0.9880,0.9770,-0.0257,0.5875,0.3905,0.3450
rv,P,scene,drive,20,4,3,2000,0.0200,299.6085,898.8255,20.0000,0.0109,0.0214,0.0197,0.1210,0.0198,0.4120,0.1665,0.2495,0.0436,0.9955,0.9310,0.9670,0.0217,0.4765,0.2025,0.3460
rv,P,drive_equal,drive,20,4,3,2000,0.0200,299.6085,898.8255,20.0000,0.0094,0.0184,0.0187,0.0835,0.0198,0.5295,0.3420,0.2815,0.0434,0.9990,0.9925,0.9820,0.0217,0.6205,0.4200,0.3980
dm,P,scene,drive,20,4,3,2000,0.0200,299.6085,898.8255,20.0000,0.0357,0.0700,0.0629,0.1515,0.0195,0.0970,0.0370,0.0320,0.0472,0.2370,0.1105,0.0865,0.0233,0.1075,0.0450,0.0285
dm,P,drive_equal,drive,20,4,3,2000,0.0200,299.6085,898.8255,20.0000,0.0273,0.0536,0.0551,0.0860,0.0198,0.1185,0.0540,0.0170,0.0474,0.3885,0.2265,0.1230,0.0236,0.1365,0.0705,0.0225
rn,F,scene,drive,20,8,all,2000,-0.1000,92.5585,3294.3690,17.0000,0.0934,0.1832,0.1861,0.0930,-0.0991,0.1995,0.1235,0.1300,-0.3970,0.9930,0.9775,0.9425,-0.1981,0.5560,0.4405,0.3505
rn,F,drive_equal,drive,20,8,all,2000,-0.1000,92.5585,3294.3690,17.0000,0.0714,0.1400,0.1545,0.0450,-0.0996,0.2930,0.1665,0.1150,-0.3975,1.0000,0.9995,0.9980,-0.1985,0.8040,0.6640,0.5035
rv,F,scene,drive,20,8,all,2000,0.1000,92.5585,3294.3690,17.0000,0.0756,0.1481,0.1505,0.0930,0.0993,0.2730,0.1805,0.1725,0.2893,0.9695,0.9420,0.8595,0.1443,0.4815,0.3630,0.2940
rv,F,drive_equal,drive,20,8,all,2000,0.1000,92.5585,3294.3690,17.0000,0.0578,0.1132,0.1249,0.0450,0.0997,0.4200,0.2520,0.1880,0.2897,0.9985,0.9945,0.9845,0.1447,0.7230,0.5550,0.4110
dm,F,scene,drive,20,8,all,2000,0.0500,92.5585,3294.3690,17.0000,0.0721,0.1412,0.1333,0.0915,0.0477,0.1020,0.0415,0.0715,0.0963,0.2690,0.1490,0.1935,0.0470,0.1010,0.0415,0.0700
dm,F,drive_equal,drive,20,8,all,2000,0.0500,92.5585,3294.3690,17.0000,0.0539,0.1056,0.1115,0.0560,0.0493,0.1465,0.0805,0.0610,0.0978,0.4405,0.2955,0.2360,0.0485,0.1410,0.0795,0.0595
rn,P,scene,drive,20,8,all,2000,-0.0200,491.2295,3294.3690,20.0000,0.0120,0.0235,0.0219,0.1200,-0.0203,0.3615,0.1860,0.1970,-0.0523,0.9985,0.9805,0.9825,-0.0263,0.5680,0.3225,0.4175
rn,P,drive_equal,drive,20,8,all,2000,-0.0200,491.2295,3294.3690,20.0000,0.0093,0.0183,0.0190,0.0625,-0.0198,0.5305,0.3135,0.2580,-0.0513,1.0000,0.9995,0.9970,-0.0257,0.7675,0.5725,0.5860
rv,P,scene,drive,20,8,all,2000,0.0200,491.2295,3294.3690,20.0000,0.0099,0.0193,0.0179,0.1205,0.0203,0.5095,0.2765,0.3550,0.0441,0.9985,0.9905,0.9855,0.0222,0.5930,0.3425,0.4575
rv,P,drive_equal,drive,20,8,all,2000,0.0200,491.2295,3294.3690,20.0000,0.0076,0.0150,0.0156,0.0630,0.0198,0.7165,0.5070,0.5070,0.0433,1.0000,0.9995,0.9980,0.0217,0.7975,0.6075,0.6450
dm,P,scene,drive,20,8,all,2000,0.0200,491.2295,3294.3690,20.0000,0.0344,0.0674,0.0591,0.1560,0.0204,0.0965,0.0390,0.0355,0.0481,0.2615,0.0975,0.1145,0.0243,0.1135,0.0435,0.0260
dm,P,drive_equal,drive,20,8,all,2000,0.0200,491.2295,3294.3690,20.0000,0.0246,0.0482,0.0506,0.0960,0.0203,0.1285,0.0600,0.0170,0.0480,0.4860,0.2895,0.1425,0.0241,0.1630,0.0760,0.0200
rn,F,scene,drive,20,8,3,2000,-0.1000,92.2850,1471.5765,17.0000,0.0962,0.1886,0.1879,0.0970,-0.1023,0.1770,0.1005,0.1305,-0.4002,0.9855,0.9630,0.9380,-0.2012,0.5275,0.3970,0.3520
rn,F,drive_equal,drive,20,8,3,2000,-0.1000,92.2850,1471.5765,17.0000,0.0804,0.1575,0.1681,0.0535,-0.1018,0.2260,0.1290,0.1085,-0.3997,1.0000,0.9955,0.9895,-0.2007,0.6915,0.5390,0.4275
rv,F,scene,drive,20,8,3,2000,0.1000,92.2850,1471.5765,17.0000,0.0778,0.1525,0.1520,0.0970,0.1019,0.2400,0.1505,0.1700,0.2919,0.9590,0.9160,0.8520,0.1469,0.4450,0.3250,0.2965
rv,F,drive_equal,drive,20,8,3,2000,0.1000,92.2850,1471.5765,17.0000,0.0650,0.1274,0.1359,0.0535,0.1014,0.3350,0.2030,0.1650,0.2914,0.9935,0.9775,0.9595,0.1464,0.5965,0.4360,0.3400
dm,F,scene,drive,20,8,3,2000,0.0500,92.2850,1471.5765,17.0000,0.0732,0.1435,0.1407,0.0915,0.0497,0.0935,0.0420,0.0635,0.0982,0.2495,0.1330,0.1770,0.0489,0.0925,0.0410,0.0640
dm,F,drive_equal,drive,20,8,3,2000,0.0500,92.2850,1471.5765,17.0000,0.0636,0.1248,0.1338,0.0495,0.0505,0.1200,0.0500,0.0505,0.0990,0.3380,0.1915,0.1740,0.0498,0.1190,0.0490,0.0495
rn,P,scene,drive,20,8,3,2000,-0.0200,490.5255,1471.5765,20.0000,0.0122,0.0239,0.0223,0.1145,-0.0199,0.3395,0.1875,0.1545,-0.0518,0.9980,0.9845,0.9860,-0.0259,0.5200,0.3180,0.3890
rn,P,drive_equal,drive,20,8,3,2000,-0.0200,490.5255,1471.5765,20.0000,0.0101,0.0198,0.0207,0.0735,-0.0198,0.4875,0.3310,0.1930,-0.0513,1.0000,0.9995,0.9950,-0.0256,0.7245,0.5475,0.4640
rv,P,scene,drive,20,8,3,2000,0.0200,490.5255,1471.5765,20.0000,0.0100,0.0196,0.0183,0.1145,0.0199,0.4680,0.2790,0.3165,0.0437,0.9990,0.9920,0.9885,0.0218,0.5520,0.3310,0.4250
rv,P,drive_equal,drive,20,8,3,2000,0.0200,490.5255,1471.5765,20.0000,0.0083,0.0162,0.0169,0.0735,0.0198,0.6640,0.4875,0.3955,0.0433,1.0000,0.9995,0.9980,0.0217,0.7550,0.5850,0.5175
dm,P,scene,drive,20,8,3,2000,0.0200,490.5255,1471.5765,20.0000,0.0339,0.0665,0.0596,0.1650,0.0184,0.1095,0.0375,0.0335,0.0461,0.2870,0.1300,0.0975,0.0222,0.1220,0.0470,0.0325
dm,P,drive_equal,drive,20,8,3,2000,0.0200,490.5255,1471.5765,20.0000,0.0263,0.0515,0.0519,0.0930,0.0194,0.1310,0.0635,0.0140,0.0471,0.4450,0.2735,0.1360,0.0233,0.1605,0.0785,0.0175
rn,F,scene,drive,20,16,all,2000,-0.1000,92.8355,5507.9225,17.0000,0.0962,0.1885,0.1840,0.1035,-0.1007,0.1845,0.1110,0.1385,-0.3986,0.9875,0.9675,0.9375,-0.1997,0.5445,0.4230,0.3735
rn,F,drive_equal,drive,20,16,all,2000,-0.1000,92.8355,5507.9225,17.0000,0.0751,0.1472,0.1533,0.0595,-0.1007,0.2660,0.1470,0.1340,-0.3986,0.9995,0.9975,0.9980,-0.1996,0.7660,0.6170,0.5105
rv,F,scene,drive,20,16,all,2000,0.1000,92.8355,5507.9225,17.0000,0.0778,0.1524,0.1488,0.1035,0.1006,0.2575,0.1620,0.1785,0.2906,0.9620,0.9255,0.8585,0.1456,0.4705,0.3415,0.3200
rv,F,drive_equal,drive,20,16,all,2000,0.1000,92.8355,5507.9225,17.0000,0.0607,0.1190,0.1240,0.0595,0.1005,0.3890,0.2325,0.1945,0.2905,0.9965,0.9925,0.9850,0.1455,0.6785,0.5175,0.4250
dm,F,scene,drive,20,16,all,2000,0.0500,92.8355,5507.9225,17.0000,0.0713,0.1397,0.1328,0.0970,0.0522,0.1135,0.0455,0.0780,0.1007,0.3100,0.1570,0.2100,0.0515,0.1120,0.0450,0.0775
dm,F,drive_equal,drive,20,16,all,2000,0.0500,92.8355,5507.9225,17.0000,0.0528,0.1035,0.1122,0.0480,0.0518,0.1675,0.0680,0.0665,0.1003,0.4665,0.2650,0.2335,0.0510,0.1645,0.0650,0.0635
rn,P,scene,drive,20,16,all,2000,-0.0200,826.2000,5507.9225,20.0000,0.0116,0.0227,0.0209,0.1170,-0.0200,0.3695,0.2290,0.2170,-0.0520,1.0000,0.9935,0.9945,-0.0260,0.5765,0.3785,0.4595
rn,P,drive_equal,drive,20,16,all,2000,-0.0200,826.2000,5507.9225,20.0000,0.0091,0.0179,0.0182,0.0760,-0.0199,0.5835,0.3900,0.3190,-0.0514,1.0000,1.0000,0.9990,-0.0258,0.8055,0.6475,0.6325
rv,P,scene,drive,20,16,all,2000,0.0200,826.2000,5507.9225,20.0000,0.0095,0.0186,0.0171,0.1185,0.0200,0.5240,0.3380,0.3935,0.0438,1.0000,0.9965,0.9950,0.0219,0.6040,0.4000,0.4960
rv,P,drive_equal,drive,20,16,all,2000,0.0200,826.2000,5507.9225,20.0000,0.0075,0.0146,0.0149,0.0760,0.0199,0.7530,0.5845,0.5565,0.0434,1.0000,1.0000,0.9990,0.0218,0.8290,0.6745,0.6875
dm,P,scene,drive,20,16,all,2000,0.0200,826.2000,5507.9225,20.0000,0.0334,0.0655,0.0581,0.1490,0.0199,0.1070,0.0440,0.0360,0.0476,0.2590,0.1220,0.1090,0.0238,0.1180,0.0515,0.0290
dm,P,drive_equal,drive,20,16,all,2000,0.0200,826.2000,5507.9225,20.0000,0.0248,0.0487,0.0491,0.1015,0.0199,0.1370,0.0550,0.0190,0.0475,0.4710,0.2675,0.1645,0.0237,0.1685,0.0750,0.0210
rn,F,scene,drive,20,16,3,2000,-0.1000,92.7835,2471.8290,17.0000,0.0994,0.1948,0.1876,0.1005,-0.0997,0.1830,0.0850,0.1360,-0.3976,0.9805,0.9505,0.9105,-0.1986,0.5330,0.3575,0.3570
rn,F,drive_equal,drive,20,16,3,2000,-0.1000,92.7835,2471.8290,17.0000,0.0795,0.1558,0.1672,0.0515,-0.1019,0.2540,0.1375,0.1030,-0.3998,0.9985,0.9965,0.9910,-0.2008,0.7025,0.5570,0.4400
rv,F,scene,drive,20,16,3,2000,0.1000,92.7835,2471.8290,17.0000,0.0803,0.1575,0.1517,0.1005,0.0997,0.2530,0.1245,0.1820,0.2897,0.9545,0.8860,0.8370,0.1447,0.4510,0.2870,0.3020
rv,F,drive_equal,drive,20,16,3,2000,0.1000,92.7835,2471.8290,17.0000,0.0643,0.1260,0.1352,0.0515,0.1015,0.3500,0.2240,0.1595,0.2915,0.9955,0.9835,0.9615,0.1465,0.6135,0.4635,0.3535
dm,F,scene,drive,20,16,3,2000,0.0500,92.7835,2471.8290,17.0000,0.0735,0.1441,0.1393,0.0920,0.0499,0.1145,0.0570,0.0740,0.0985,0.2685,0.1765,0.1940,0.0492,0.1140,0.0550,0.0725
dm,F,drive_equal,drive,20,16,3,2000,0.0500,92.7835,2471.8290,17.0000,0.0631,0.1238,0.1337,0.0450,0.0498,0.1220,0.0515,0.0420,0.0983,0.3345,0.1845,0.1630,0.0491,0.1190,0.0495,0.0400
rn,P,scene,drive,20,16,3,2000,-0.0200,823.9430,2471.8290,20.0000,0.0120,0.0235,0.0217,0.1085,-0.0203,0.3455,0.1665,0.1905,-0.0523,0.9980,0.9810,0.9905,-0.0263,0.5335,0.3100,0.4205
rn,P,drive_equal,drive,20,16,3,2000,-0.0200,823.9430,2471.8290,20.0000,0.0095,0.0186,0.0196,0.0575,-0.0200,0.5340,0.3875,0.2525,-0.0516,1.0000,1.0000,0.9985,-0.0259,0.7755,0.6345,0.5540
rv,P,scene,drive,20,16,3,2000,0.0200,823.9430,2471.8290,20.0000,0.0098,0.0192,0.0178,0.1100,0.0202,0.4835,0.2660,0.3590,0.0441,0.9985,0.9875,0.9945,0.0221,0.5580,0.3340,0.4585
rv,P,drive_equal,drive,20,16,3,2000,0.0200,823.9430,2471.8290,20.0000,0.0078,0.0153,0.0160,0.0580,0.0200,0.7210,0.5670,0.4860,0.0436,1.0000,1.0000,0.9990,0.0219,0.8015,0.6695,0.6085
dm,P,scene,drive,20,16,3,2000,0.0200,823.9430,2471.8290,20.0000,0.0345,0.0677,0.0596,0.1440,0.0206,0.1020,0.0365,0.0235,0.0483,0.2595,0.1085,0.1160,0.0244,0.1175,0.0440,0.0220
dm,P,drive_equal,drive,20,16,3,2000,0.0200,823.9430,2471.8290,20.0000,0.0253,0.0496,0.0508,0.0970,0.0205,0.1290,0.0580,0.0145,0.0482,0.4620,0.2540,0.1530,0.0244,0.1680,0.0720,0.0170
rn,F,scene,drive,24,0,all,2000,-0.1000,111.0000,783.0535,20.0000,0.0878,0.1721,0.1692,0.0975,-0.1019,0.2170,0.1240,0.1500,-0.3998,0.9970,0.9895,0.9860,-0.2008,0.6250,0.4800,0.4350
rn,F,drive_equal,drive,24,0,all,2000,-0.1000,111.0000,783.0535,20.0000,0.0668,0.1309,0.1388,0.0570,-0.1005,0.3255,0.1985,0.1505,-0.3984,1.0000,1.0000,1.0000,-0.1995,0.8500,0.7330,0.6125
rv,F,scene,drive,24,0,all,2000,0.1000,111.0000,783.0535,20.0000,0.0710,0.1392,0.1368,0.0975,0.1015,0.3005,0.1895,0.1940,0.2915,0.9885,0.9610,0.9460,0.1465,0.5435,0.4050,0.3640
rv,F,drive_equal,drive,24,0,all,2000,0.1000,111.0000,783.0535,20.0000,0.0540,0.1059,0.1122,0.0570,0.1004,0.4630,0.3000,0.2375,0.2904,1.0000,0.9985,0.9980,0.1454,0.7695,0.6275,0.5135
dm,F,scene,drive,24,0,all,2000,0.0500,111.0000,783.0535,20.0000,0.0643,0.1260,0.1231,0.0820,0.0515,0.1150,0.0525,0.0790,0.1001,0.3210,0.1945,0.2405,0.0508,0.1115,0.0500,0.0775
dm,F,drive_equal,drive,24,0,all,2000,0.0500,111.0000,783.0535,20.0000,0.0493,0.0965,0.1005,0.0510,0.0502,0.1855,0.0885,0.0830,0.0987,0.5255,0.3505,0.3040,0.0494,0.1805,0.0855,0.0805
rn,F,scene,drive,24,0,3,2000,-0.1000,111.0000,333.0000,20.0000,0.0878,0.1720,0.1745,0.0815,-0.1020,0.2015,0.1185,0.1325,-0.3999,0.9950,0.9825,0.9780,-0.2009,0.6010,0.4805,0.4115
rn,F,drive_equal,drive,24,0,3,2000,-0.1000,111.0000,333.0000,20.0000,0.0716,0.1403,0.1509,0.0445,-0.1025,0.3100,0.1785,0.1255,-0.4003,1.0000,1.0000,0.9995,-0.2014,0.8030,0.6790,0.5570
rv,F,scene,drive,24,0,3,2000,0.1000,111.0000,333.0000,20.0000,0.0710,0.1391,0.1411,0.0815,0.1016,0.2935,0.1830,0.1805,0.2916,0.9790,0.9590,0.9255,0.1466,0.5345,0.3980,0.3405
rv,F,drive_equal,drive,24,0,3,2000,0.1000,111.0000,333.0000,20.0000,0.0579,0.1134,0.1220,0.0445,0.1020,0.4415,0.2720,0.2065,0.2920,1.0000,0.9965,0.9940,0.1470,0.7265,0.5780,0.4525
dm,F,scene,drive,24,0,3,2000,0.0500,111.0000,333.0000,20.0000,0.0676,0.1324,0.1295,0.0800,0.0501,0.1205,0.0440,0.0660,0.0986,0.3005,0.1715,0.2110,0.0494,0.1205,0.0440,0.0655
dm,F,drive_equal,drive,24,0,3,2000,0.0500,111.0000,333.0000,20.0000,0.0596,0.1167,0.1214,0.0485,0.0493,0.1255,0.0600,0.0630,0.0978,0.3615,0.2310,0.2160,0.0486,0.1225,0.0590,0.0605
rn,F,scene,drive,24,2,all,2000,-0.1000,111.0000,1631.1730,20.0000,0.0868,0.1702,0.1703,0.0915,-0.0991,0.2290,0.1415,0.1365,-0.3970,0.9985,0.9935,0.9890,-0.1981,0.6300,0.4920,0.4105
rn,F,drive_equal,drive,24,2,all,2000,-0.1000,111.0000,1631.1730,20.0000,0.0682,0.1337,0.1392,0.0595,-0.1017,0.3125,0.1705,0.1530,-0.3996,1.0000,1.0000,0.9995,-0.2007,0.8355,0.7005,0.6325
rv,F,scene,drive,24,2,all,2000,0.1000,111.0000,1631.1730,20.0000,0.0702,0.1376,0.1377,0.0915,0.0993,0.3190,0.2075,0.1825,0.2893,0.9910,0.9725,0.9480,0.1443,0.5375,0.4075,0.3475
rv,F,drive_equal,drive,24,2,all,2000,0.1000,111.0000,1631.1730,20.0000,0.0551,0.1081,0.1126,0.0595,0.1014,0.4530,0.2815,0.2370,0.2914,0.9995,0.9970,0.9975,0.1464,0.7575,0.6070,0.5130
dm,F,scene,drive,24,2,all,2000,0.0500,111.0000,1631.1730,20.0000,0.0646,0.1266,0.1207,0.0895,0.0478,0.1230,0.0470,0.0760,0.0964,0.3255,0.1830,0.2330,0.0471,0.1215,0.0455,0.0740
dm,F,drive_equal,drive,24,2,all,2000,0.0500,111.0000,1631.1730,20.0000,0.0485,0.0951,0.1009,0.0525,0.0495,0.1785,0.0955,0.0810,0.0980,0.5305,0.3565,0.2975,0.0488,0.1770,0.0915,0.0795
rn,P,scene,drive,24,2,all,2000,-0.0200,239.0000,1631.1730,24.0000,0.0125,0.0245,0.0222,0.1145,-0.0199,0.3445,0.1360,0.1760,-0.0518,0.9950,0.9595,0.9780,-0.0258,0.5345,0.2545,0.4160
rn,P,drive_equal,drive,24,2,all,2000,-0.0200,239.0000,1631.1730,24.0000,0.0104,0.0204,0.0204,0.0715,-0.0198,0.4385,0.2890,0.2125,-0.0513,0.9985,0.9985,0.9725,-0.0257,0.6815,0.4915,0.5375
rv,P,scene,drive,24,2,all,2000,0.0200,239.0000,1631.1730,24.0000,0.0102,0.0201,0.0182,0.1150,0.0199,0.4780,0.2180,0.3495,0.0437,0.9955,0.9745,0.9825,0.0218,0.5530,0.2685,0.4700
rv,P,drive_equal,drive,24,2,all,2000,0.0200,239.0000,1631.1730,24.0000,0.0085,0.0167,0.0168,0.0720,0.0199,0.6240,0.4345,0.4490,0.0434,0.9990,0.9985,0.9745,0.0217,0.7110,0.5265,0.5975
dm,P,scene,drive,24,2,all,2000,0.0200,239.0000,1631.1730,24.0000,0.0320,0.0627,0.0573,0.1280,0.0198,0.1070,0.0530,0.0280,0.0475,0.2860,0.1670,0.1235,0.0237,0.1240,0.0605,0.0280
dm,P,drive_equal,drive,24,2,all,2000,0.0200,239.0000,1631.1730,24.0000,0.0236,0.0463,0.0488,0.0735,0.0197,0.1235,0.0730,0.0200,0.0473,0.4705,0.3390,0.1950,0.0235,0.1535,0.0935,0.0205
rn,F,scene,drive,24,2,3,2000,-0.1000,111.0000,717.0000,20.0000,0.0907,0.1777,0.1734,0.0940,-0.0986,0.2195,0.1260,0.1420,-0.3965,0.9940,0.9830,0.9720,-0.1976,0.6005,0.4490,0.4055
rn,F,drive_equal,drive,24,2,3,2000,-0.1000,111.0000,717.0000,20.0000,0.0735,0.1440,0.1513,0.0515,-0.0993,0.2840,0.1500,0.1330,-0.3972,0.9995,0.9975,0.9975,-0.1982,0.7795,0.6180,0.5285
rv,F,scene,drive,24,2,3,2000,0.1000,111.0000,717.0000,20.0000,0.0733,0.1437,0.1402,0.0940,0.0989,0.3105,0.1770,0.1910,0.2889,0.9815,0.9535,0.9140,0.1439,0.5080,0.3780,0.3435
rv,F,drive_equal,drive,24,2,3,2000,0.1000,111.0000,717.0000,20.0000,0.0594,0.1165,0.1223,0.0515,0.0994,0.3970,0.2340,0.1975,0.2894,0.9975,0.9910,0.9885,0.1444,0.6955,0.5045,0.4330
dm,F,scene,drive,24,2,3,2000,0.0500,111.0000,717.0000,20.0000,0.0681,0.1334,0.1280,0.0925,0.0518,0.1120,0.0575,0.0795,0.1003,0.3060,0.1775,0.2310,0.0510,0.1120,0.0575,0.0775
dm,F,drive_equal,drive,24,2,3,2000,0.0500,111.0000,717.0000,20.0000,0.0582,0.1140,0.1205,0.0510,0.0524,0.1545,0.0810,0.0580,0.1009,0.4115,0.2885,0.2355,0.0517,0.1525,0.0790,0.0555
rn,P,scene,drive,24,2,3,2000,-0.0200,239.0000,717.0000,24.0000,0.0144,0.0283,0.0246,0.1400,-0.0198,0.2265,0.0955,0.0885,-0.0517,0.9805,0.8185,0.9660,-0.0257,0.3375,0.1545,0.2860
rn,P,drive_equal,drive,24,2,3,2000,-0.0200,239.0000,717.0000,24.0000,0.0127,0.0248,0.0241,0.0990,-0.0197,0.3045,0.1850,0.0800,-0.0512,0.9905,0.9640,0.9675,-0.0255,0.4750,0.3070,0.2915
rv,P,scene,drive,24,2,3,2000,0.0200,239.0000,717.0000,24.0000,0.0118,0.0232,0.0202,0.1400,0.0198,0.2995,0.1360,0.2225,0.0436,0.9845,0.8590,0.9680,0.0217,0.3620,0.1635,0.3320
rv,P,drive_equal,drive,24,2,3,2000,0.0200,239.0000,717.0000,24.0000,0.0104,0.0204,0.0197,0.1010,0.0197,0.4260,0.2735,0.2240,0.0432,0.9925,0.9725,0.9700,0.0216,0.4995,0.3265,0.3420
dm,P,scene,drive,24,2,3,2000,0.0200,239.0000,717.0000,24.0000,0.0340,0.0667,0.0609,0.1235,0.0194,0.0950,0.0455,0.0205,0.0471,0.2465,0.1285,0.0880,0.0232,0.1055,0.0510,0.0190
dm,P,drive_equal,drive,24,2,3,2000,0.0200,239.0000,717.0000,24.0000,0.0271,0.0531,0.0551,0.0770,0.0199,0.1205,0.0580,0.0125,0.0476,0.4170,0.2665,0.1380,0.0237,0.1525,0.0735,0.0165
rn,F,scene,drive,24,4,all,2000,-0.1000,111.0000,2424.7825,20.0000,0.0884,0.1734,0.1680,0.0970,-0.1004,0.2100,0.1115,0.1475,-0.3983,0.9960,0.9820,0.9785,-0.1994,0.6150,0.4785,0.4435
rn,F,drive_equal,drive,24,4,all,2000,-0.1000,111.0000,2424.7825,20.0000,0.0667,0.1308,0.1386,0.0525,-0.1012,0.3175,0.1855,0.1600,-0.3990,1.0000,1.0000,0.9995,-0.2001,0.8385,0.7225,0.6315
rv,F,scene,drive,24,4,all,2000,0.1000,111.0000,2424.7825,20.0000,0.0715,0.1402,0.1358,0.0970,0.1004,0.2980,0.1745,0.2090,0.2904,0.9785,0.9530,0.9305,0.1454,0.5350,0.3890,0.3755
rv,F,drive_equal,drive,24,4,all,2000,0.1000,111.0000,2424.7825,20.0000,0.0540,0.1058,0.1121,0.0525,0.1009,0.4535,0.2970,0.2470,0.2909,0.9990,0.9980,0.9990,0.1459,0.7600,0.6180,0.5235
dm,F,scene,drive,24,4,all,2000,0.0500,111.0000,2424.7825,20.0000,0.0654,0.1283,0.1215,0.0990,0.0517,0.1350,0.0565,0.0960,0.1002,0.3380,0.1925,0.2375,0.0509,0.1345,0.0555,0.0930
dm,F,drive_equal,drive,24,4,all,2000,0.0500,111.0000,2424.7825,20.0000,0.0498,0.0975,0.1008,0.0610,0.0512,0.1810,0.0685,0.0805,0.0997,0.5315,0.3360,0.3120,0.0505,0.1775,0.0660,0.0785
rn,P,scene,drive,24,4,all,2000,-0.0200,359.0000,2424.7825,24.0000,0.0113,0.0221,0.0209,0.0905,-0.0204,0.3935,0.2200,0.2250,-0.0523,0.9995,0.9955,0.9880,-0.0263,0.6010,0.3810,0.5070
rn,P,drive_equal,drive,24,4,all,2000,-0.0200,359.0000,2424.7825,24.0000,0.0092,0.0180,0.0185,0.0740,-0.0200,0.5870,0.3620,0.3320,-0.0515,1.0000,0.9995,0.9935,-0.0259,0.8100,0.6245,0.6745
rv,P,scene,drive,24,4,all,2000,0.0200,359.0000,2424.7825,24.0000,0.0093,0.0182,0.0171,0.0930,0.0203,0.5435,0.3310,0.4380,0.0441,0.9995,0.9965,0.9900,0.0222,0.6340,0.4050,0.5580
rv,P,drive_equal,drive,24,4,all,2000,0.0200,359.0000,2424.7825,24.0000,0.0075,0.0148,0.0151,0.0740,0.0200,0.7575,0.5610,0.5945,0.0435,1.0000,0.9995,0.9950,0.0219,0.8325,0.6605,0.7140
dm,P,scene,drive,24,4,all,2000,0.0200,359.0000,2424.7825,24.0000,0.0315,0.0617,0.0561,0.1380,0.0206,0.1190,0.0410,0.0310,0.0483,0.3135,0.1555,0.1370,0.0244,0.1385,0.0535,0.0295
dm,P,drive_equal,drive,24,4,all,2000,0.0200,359.0000,2424.7825,24.0000,0.0230,0.0451,0.0468,0.0790,0.0208,0.1500,0.0635,0.0185,0.0484,0.5460,0.3790,0.2450,0.0246,0.1970,0.0850,0.0200
rn,F,scene,drive,24,4,3,2000,-0.1000,111.0000,1077.0000,20.0000,0.0905,0.1773,0.1727,0.0990,-0.1004,0.2110,0.1265,0.1405,-0.3983,0.9955,0.9850,0.9745,-0.1993,0.5970,0.4575,0.4130
rn,F,drive_equal,drive,24,4,3,2000,-0.1000,111.0000,1077.0000,20.0000,0.0740,0.1451,0.1508,0.0540,-0.0995,0.2795,0.1720,0.1240,-0.3974,1.0000,0.9990,0.9990,-0.1984,0.7680,0.6415,0.5450
rv,F,scene,drive,24,4,3,2000,0.1000,111.0000,1077.0000,20.0000,0.0731,0.1434,0.1397,0.0990,0.1003,0.2955,0.1795,0.1920,0.2903,0.9820,0.9580,0.9225,0.1453,0.5070,0.3815,0.3480
rv,F,drive_equal,drive,24,4,3,2000,0.1000,111.0000,1077.0000,20.0000,0.0599,0.1174,0.1220,0.0540,0.0996,0.3945,0.2670,0.2005,0.2896,0.9990,0.9960,0.9905,0.1446,0.6795,0.5410,0.4395
dm,F,scene,drive,24,4,3,2000,0.0500,111.0000,1077.0000,20.0000,0.0654,0.1283,0.1293,0.0690,0.0502,0.1435,0.0625,0.0660,0.0987,0.3420,0.2100,0.2070,0.0494,0.1435,0.0625,0.0650
dm,F,drive_equal,drive,24,4,3,2000,0.0500,111.0000,1077.0000,20.0000,0.0574,0.1126,0.1207,0.0415,0.0498,0.1350,0.0595,0.0505,0.0983,0.3830,0.2355,0.2090,0.0490,0.1325,0.0585,0.0465
rn,P,scene,drive,24,4,3,2000,-0.0200,359.0000,1077.0000,24.0000,0.0126,0.0247,0.0225,0.1185,-0.0198,0.3155,0.1610,0.1550,-0.0517,0.9960,0.9705,0.9770,-0.0258,0.4875,0.2745,0.3880
rn,P,drive_equal,drive,24,4,3,2000,-0.0200,359.0000,1077.0000,24.0000,0.0104,0.0203,0.0207,0.0730,-0.0197,0.4420,0.2940,0.1770,-0.0512,0.9995,0.9990,0.9900,-0.0255,0.6680,0.5035,0.4805
rv,P,scene,drive,24,4,3,2000,0.0200,359.0000,1077.0000,24.0000,0.0104,0.0203,0.0184,0.1200,0.0199,0.4415,0.2415,0.3265,0.0436,0.9970,0.9800,0.9800,0.0218,0.5150,0.2870,0.4310
rv,P,drive_equal,drive,24,4,3,2000,0.0200,359.0000,1077.0000,24.0000,0.0085,0.0167,0.0170,0.0745,0.0197,0.6105,0.4515,0.4015,0.0432,0.9995,0.9995,0.9925,0.0216,0.7020,0.5280,0.5315
dm,P,scene,drive,24,4,3,2000,0.0200,359.0000,1077.0000,24.0000,0.0331,0.0648,0.0586,0.1260,0.0205,0.1105,0.0435,0.0280,0.0482,0.2825,0.1350,0.1295,0.0243,0.1220,0.0520,0.0235
dm,P,drive_equal,drive,24,4,3,2000,0.0200,359.0000,1077.0000,24.0000,0.0251,0.0493,0.0503,0.0870,0.0205,0.1375,0.0715,0.0155,0.0482,0.4805,0.3275,0.1885,0.0244,0.1730,0.0920,0.0185
rn,F,scene,drive,24,8,all,2000,-0.1000,111.0000,3947.6145,20.0000,0.0899,0.1762,0.1691,0.0985,-0.1001,0.2245,0.1015,0.1465,-0.3980,0.9945,0.9805,0.9865,-0.1990,0.6345,0.4570,0.4330
rn,F,drive_equal,drive,24,8,all,2000,-0.1000,111.0000,3947.6145,20.0000,0.0674,0.1322,0.1385,0.0585,-0.1012,0.3405,0.1800,0.1530,-0.3991,1.0000,1.0000,1.0000,-0.2002,0.8380,0.7175,0.6420
rv,F,scene,drive,24,8,all,2000,0.1000,111.0000,3947.6145,20.0000,0.0727,0.1424,0.1367,0.0985,0.1001,0.3135,0.1710,0.2050,0.2901,0.9835,0.9485,0.9310,0.1451,0.5510,0.3815,0.3610
rv,F,drive_equal,drive,24,8,all,2000,0.1000,111.0000,3947.6145,20.0000,0.0545,0.1069,0.1120,0.0585,0.1010,0.4780,0.3000,0.2440,0.2910,0.9995,0.9975,0.9975,0.1460,0.7690,0.6245,0.5350
dm,F,scene,drive,24,8,all,2000,0.0500,111.0000,3947.6145,20.0000,0.0637,0.1248,0.1232,0.0795,0.0486,0.1135,0.0575,0.0730,0.0971,0.3265,0.2065,0.2220,0.0479,0.1095,0.0565,0.0730
dm,F,drive_equal,drive,24,8,all,2000,0.0500,111.0000,3947.6145,20.0000,0.0484,0.0949,0.1009,0.0460,0.0489,0.1870,0.0880,0.0760,0.0974,0.5260,0.3600,0.3060,0.0482,0.1810,0.0850,0.0730
rn,P,scene,drive,24,8,all,2000,-0.0200,589.0000,3947.6145,24.0000,0.0110,0.0215,0.0199,0.1150,-0.0199,0.3975,0.2110,0.2565,-0.0518,0.9995,0.9960,0.9940,-0.0259,0.6285,0.3800,0.5380
rn,P,drive_equal,drive,24,8,all,2000,-0.0200,589.0000,3947.6145,24.0000,0.0086,0.0169,0.0171,0.0630,-0.0197,0.6240,0.4230,0.3825,-0.0512,1.0000,1.0000,0.9995,-0.0256,0.8580,0.7035,0.7200
rv,P,scene,drive,24,8,all,2000,0.0200,589.0000,3947.6145,24.0000,0.0090,0.0176,0.0163,0.1165,0.0199,0.5720,0.3305,0.4620,0.0437,0.9995,0.9970,0.9950,0.0218,0.6570,0.4085,0.5800
rv,P,drive_equal,drive,24,8,all,2000,0.0200,589.0000,3947.6145,24.0000,0.0071,0.0139,0.0140,0.0630,0.0197,0.8070,0.6420,0.6475,0.0433,1.0000,1.0000,0.9995,0.0216,0.8805,0.7345,0.7705
dm,P,scene,drive,24,8,all,2000,0.0200,589.0000,3947.6145,24.0000,0.0310,0.0608,0.0549,0.1330,0.0202,0.0990,0.0470,0.0270,0.0479,0.2795,0.1430,0.1530,0.0241,0.1195,0.0535,0.0340
dm,P,drive_equal,drive,24,8,all,2000,0.0200,589.0000,3947.6145,24.0000,0.0234,0.0459,0.0456,0.0860,0.0204,0.1455,0.0745,0.0210,0.0480,0.5140,0.3215,0.2580,0.0242,0.1760,0.0900,0.0250
rn,F,scene,drive,24,8,3,2000,-0.1000,111.0000,1767.0000,20.0000,0.0895,0.1755,0.1724,0.0955,-0.1000,0.1735,0.1090,0.1310,-0.3979,0.9905,0.9745,0.9785,-0.1990,0.5755,0.4565,0.4215
rn,F,drive_equal,drive,24,8,3,2000,-0.1000,111.0000,1767.0000,20.0000,0.0718,0.1407,0.1511,0.0480,-0.0991,0.2875,0.1790,0.1205,-0.3969,1.0000,1.0000,0.9980,-0.1980,0.7830,0.6675,0.5265
rv,F,scene,drive,24,8,3,2000,0.1000,111.0000,1767.0000,20.0000,0.0724,0.1419,0.1394,0.0955,0.1000,0.2630,0.1540,0.1765,0.2900,0.9665,0.9505,0.9240,0.1450,0.4980,0.3770,0.3515
rv,F,drive_equal,drive,24,8,3,2000,0.1000,111.0000,1767.0000,20.0000,0.0580,0.1138,0.1222,0.0480,0.0992,0.3960,0.2835,0.1940,0.2892,0.9985,0.9960,0.9920,0.1442,0.6945,0.5740,0.4260
dm,F,scene,drive,24,8,3,2000,0.0500,111.0000,1767.0000,20.0000,0.0689,0.1351,0.1288,0.0875,0.0487,0.1100,0.0495,0.0735,0.0973,0.2860,0.1675,0.2265,0.0480,0.1100,0.0495,0.0710
dm,F,drive_equal,drive,24,8,3,2000,0.0500,111.0000,1767.0000,20.0000,0.0592,0.1160,0.1205,0.0440,0.0504,0.1330,0.0495,0.0590,0.0989,0.3950,0.2040,0.2185,0.0496,0.1290,0.0485,0.0585
rn,P,scene,drive,24,8,3,2000,-0.0200,589.0000,1767.0000,24.0000,0.0115,0.0225,0.0208,0.1135,-0.0199,0.3785,0.1910,0.2070,-0.0518,0.9990,0.9925,0.9905,-0.0259,0.5795,0.3450,0.4680
rn,P,drive_equal,drive,24,8,3,2000,-0.0200,589.0000,1767.0000,24.0000,0.0092,0.0180,0.0188,0.0675,-0.0197,0.5555,0.3735,0.2645,-0.0512,1.0000,0.9985,0.9985,-0.0255,0.7970,0.6140,0.6020
rv,P,scene,drive,24,8,3,2000,0.0200,589.0000,1767.0000,24.0000,0.0094,0.0185,0.0170,0.1155,0.0199,0.5225,0.2950,0.3965,0.0437,1.0000,0.9950,0.9915,0.0218,0.6120,0.3675,0.5250
rv,P,drive_equal,drive,24,8,3,2000,0.0200,589.0000,1767.0000,24.0000,0.0075,0.0148,0.0154,0.0675,0.0197,0.7485,0.5440,0.5345,0.0432,1.0000,0.9995,0.9990,0.0216,0.8255,0.6465,0.6605
dm,P,scene,drive,24,8,3,2000,0.0200,589.0000,1767.0000,24.0000,0.0318,0.0624,0.0561,0.1310,0.0203,0.1100,0.0520,0.0235,0.0480,0.2955,0.1630,0.1335,0.0242,0.1255,0.0635,0.0220
dm,P,drive_equal,drive,24,8,3,2000,0.0200,589.0000,1767.0000,24.0000,0.0234,0.0458,0.0476,0.0805,0.0202,0.1425,0.0685,0.0145,0.0478,0.5365,0.3470,0.2215,0.0240,0.1835,0.0920,0.0200
rn,F,scene,drive,24,16,all,2000,-0.1000,111.0000,6583.9690,20.0000,0.0886,0.1737,0.1699,0.0880,-0.0973,0.2050,0.1130,0.1345,-0.3952,0.9950,0.9840,0.9830,-0.1962,0.5975,0.4625,0.4110
rn,F,drive_equal,drive,24,16,all,2000,-0.1000,111.0000,6583.9690,20.0000,0.0656,0.1287,0.1393,0.0465,-0.0994,0.3420,0.2065,0.1455,-0.3973,1.0000,1.0000,1.0000,-0.1983,0.8625,0.7530,0.6205
rv,F,scene,drive,24,16,all,2000,0.1000,111.0000,6583.9690,20.0000,0.0717,0.1405,0.1374,0.0880,0.0978,0.2935,0.1720,0.1825,0.2878,0.9825,0.9560,0.9315,0.1428,0.5230,0.3760,0.3460
rv,F,drive_equal,drive,24,16,all,2000,0.1000,111.0000,6583.9690,20.0000,0.0531,0.1040,0.1126,0.0465,0.0995,0.4795,0.3175,0.2240,0.2895,1.0000,0.9990,0.9995,0.1445,0.7920,0.6575,0.5105
dm,F,scene,drive,24,16,all,2000,0.0500,111.0000,6583.9690,20.0000,0.0644,0.1261,0.1222,0.0885,0.0474,0.1155,0.0550,0.0805,0.0959,0.3125,0.1860,0.2200,0.0466,0.1135,0.0540,0.0800
dm,F,drive_equal,drive,24,16,all,2000,0.0500,111.0000,6583.9690,20.0000,0.0494,0.0968,0.1007,0.0570,0.0493,0.1685,0.0980,0.0880,0.0978,0.4950,0.3740,0.2925,0.0485,0.1630,0.0960,0.0860
rn,P,scene,drive,24,16,all,2000,-0.0200,988.0000,6583.9690,24.0000,0.0108,0.0212,0.0195,0.1115,-0.0201,0.4440,0.2460,0.2565,-0.0520,1.0000,0.9985,0.9980,-0.0260,0.6805,0.4100,0.5505
rn,P,drive_equal,drive,24,16,all,2000,-0.0200,988.0000,6583.9690,24.0000,0.0084,0.0165,0.0166,0.0670,-0.0198,0.6370,0.4400,0.4150,-0.0513,1.0000,1.0000,1.0000,-0.0257,0.8700,0.7225,0.7685
rv,P,scene,drive,24,16,all,2000,0.0200,988.0000,6583.9690,24.0000,0.0089,0.0174,0.0160,0.1135,0.0201,0.6130,0.3660,0.4780,0.0438,1.0000,0.9990,1.0000,0.0219,0.7055,0.4385,0.5955
rv,P,drive_equal,drive,24,16,all,2000,0.0200,988.0000,6583.9690,24.0000,0.0069,0.0135,0.0136,0.0675,0.0199,0.8265,0.6515,0.6980,0.0434,1.0000,1.0000,1.0000,0.0217,0.8890,0.7555,0.8070
dm,P,scene,drive,24,16,all,2000,0.0200,988.0000,6583.9690,24.0000,0.0303,0.0594,0.0548,0.1310,0.0202,0.1210,0.0650,0.0295,0.0479,0.3070,0.1975,0.1580,0.0240,0.1395,0.0765,0.0240
dm,P,drive_equal,drive,24,16,all,2000,0.0200,988.0000,6583.9690,24.0000,0.0226,0.0443,0.0451,0.0975,0.0200,0.1440,0.0650,0.0190,0.0477,0.5620,0.3930,0.2640,0.0239,0.1850,0.0860,0.0220
rn,F,scene,drive,24,16,3,2000,-0.1000,111.0000,2964.0000,20.0000,0.0880,0.1725,0.1732,0.0840,-0.0948,0.1950,0.0930,0.1230,-0.3927,0.9920,0.9815,0.9770,-0.1937,0.5975,0.4420,0.3975
rn,F,drive_equal,drive,24,16,3,2000,-0.1000,111.0000,2964.0000,20.0000,0.0709,0.1390,0.1515,0.0445,-0.0971,0.2695,0.1490,0.1090,-0.3950,1.0000,0.9995,0.9985,-0.1961,0.7900,0.6395,0.5150
rv,F,scene,drive,24,16,3,2000,0.1000,111.0000,2964.0000,20.0000,0.0712,0.1395,0.1401,0.0840,0.0958,0.2765,0.1555,0.1655,0.2858,0.9815,0.9400,0.9145,0.1408,0.5200,0.3470,0.3280
rv,F,drive_equal,drive,24,16,3,2000,0.1000,111.0000,2964.0000,20.0000,0.0573,0.1124,0.1225,0.0445,0.0977,0.3825,0.2430,0.1705,0.2877,0.9990,0.9950,0.9920,0.1427,0.6915,0.5275,0.4085
dm,F,scene,drive,24,16,3,2000,0.0500,111.0000,2964.0000,20.0000,0.0647,0.1269,0.1275,0.0755,0.0502,0.1215,0.0490,0.0675,0.0987,0.3350,0.1915,0.2085,0.0494,0.1215,0.0490,0.0665
dm,F,drive_equal,drive,24,16,3,2000,0.0500,111.0000,2964.0000,20.0000,0.0585,0.1146,0.1211,0.0430,0.0501,0.1530,0.0530,0.0550,0.0986,0.4090,0.2285,0.2150,0.0494,0.1495,0.0525,0.0540
rn,P,scene,drive,24,16,3,2000,-0.0200,988.0000,2964.0000,24.0000,0.0108,0.0212,0.0200,0.1080,-0.0200,0.4095,0.2375,0.2310,-0.0519,1.0000,0.9975,0.9995,-0.0259,0.6230,0.4420,0.5130
rn,P,drive_equal,drive,24,16,3,2000,-0.0200,988.0000,2964.0000,24.0000,0.0085,0.0167,0.0176,0.0660,-0.0196,0.6305,0.4275,0.3390,-0.0511,1.0000,1.0000,1.0000,-0.0255,0.8590,0.6950,0.6925
rv,P,scene,drive,24,16,3,2000,0.0200,988.0000,2964.0000,24.0000,0.0089,0.0174,0.0164,0.1090,0.0200,0.5630,0.3810,0.4295,0.0438,1.0000,0.9980,0.9995,0.0219,0.6490,0.4650,0.5655
rv,P,drive_equal,drive,24,16,3,2000,0.0200,988.0000,2964.0000,24.0000,0.0070,0.0137,0.0144,0.0670,0.0197,0.8155,0.6245,0.6105,0.0432,1.0000,1.0000,1.0000,0.0216,0.8830,0.7385,0.7430
dm,P,scene,drive,24,16,3,2000,0.0200,988.0000,2964.0000,24.0000,0.0326,0.0638,0.0555,0.1500,0.0213,0.1030,0.0505,0.0325,0.0490,0.2775,0.1430,0.1595,0.0252,0.1220,0.0580,0.0315
dm,P,drive_equal,drive,24,16,3,2000,0.0200,988.0000,2964.0000,24.0000,0.0235,0.0460,0.0463,0.0885,0.0206,0.1540,0.0740,0.0180,0.0483,0.5200,0.3655,0.2490,0.0245,0.1905,0.1030,0.0275
rn,F,scene,drive,32,0,all,2000,-0.1000,147.6505,1041.8200,27.0000,0.0764,0.1497,0.1471,0.0865,-0.0995,0.2365,0.1420,0.1660,-0.3974,1.0000,0.9995,0.9980,-0.1985,0.7135,0.5830,0.5390
rn,F,drive_equal,drive,32,0,all,2000,-0.1000,147.6505,1041.8200,27.0000,0.0582,0.1140,0.1182,0.0540,-0.0998,0.4010,0.2635,0.2245,-0.3977,1.0000,1.0000,1.0000,-0.1988,0.9250,0.8445,0.7920
rv,F,scene,drive,32,0,all,2000,0.1000,147.6505,1041.8200,27.0000,0.0618,0.1211,0.1189,0.0865,0.0996,0.3375,0.2120,0.2295,0.2896,0.9975,0.9875,0.9865,0.1446,0.6230,0.4710,0.4575
rv,F,drive_equal,drive,32,0,all,2000,0.1000,147.6505,1041.8200,27.0000,0.0470,0.0922,0.0956,0.0540,0.0999,0.5715,0.3955,0.3375,0.2899,1.0000,1.0000,1.0000,0.1449,0.8600,0.7620,0.6955
dm,F,scene,drive,32,0,all,2000,0.0500,147.6505,1041.8200,27.0000,0.0545,0.1068,0.1061,0.0770,0.0490,0.1445,0.0695,0.0790,0.0976,0.4300,0.2765,0.3000,0.0483,0.1410,0.0680,0.0775
dm,F,drive_equal,drive,32,0,all,2000,0.0500,147.6505,1041.8200,27.0000,0.0411,0.0806,0.0862,0.0430,0.0504,0.2435,0.1435,0.1085,0.0990,0.6865,0.5445,0.4415,0.0497,0.2405,0.1365,0.1045
rn,F,scene,drive,32,0,3,2000,-0.1000,147.7570,443.2710,27.0000,0.0780,0.1529,0.1499,0.0845,-0.0993,0.2475,0.1400,0.1625,-0.3972,0.9990,0.9965,0.9945,-0.1983,0.7160,0.5855,0.5440
rn,F,drive_equal,drive,32,0,3,2000,-0.1000,147.7570,443.2710,27.0000,0.0636,0.1247,0.1296,0.0470,-0.0994,0.3665,0.2200,0.1840,-0.3973,1.0000,1.0000,1.0000,-0.1983,0.8870,0.7735,0.7065
rv,F,scene,drive,32,0,3,2000,0.1000,147.7570,443.2710,27.0000,0.0631,0.1237,0.1212,0.0845,0.0995,0.3580,0.2220,0.2275,0.2895,0.9940,0.9900,0.9850,0.1445,0.6265,0.4820,0.4495
rv,F,drive_equal,drive,32,0,3,2000,0.1000,147.7570,443.2710,27.0000,0.0515,0.1009,0.1048,0.0470,0.0995,0.5055,0.3355,0.2795,0.2895,1.0000,1.0000,0.9990,0.1445,0.8180,0.6745,0.6000
dm,F,scene,drive,32,0,3,2000,0.0500,147.7570,443.2710,27.0000,0.0592,0.1161,0.1115,0.0775,0.0498,0.1440,0.0730,0.0880,0.0983,0.4025,0.2515,0.2820,0.0491,0.1430,0.0720,0.0870
dm,F,drive_equal,drive,32,0,3,2000,0.0500,147.7570,443.2710,27.0000,0.0493,0.0967,0.1039,0.0435,0.0483,0.1635,0.0705,0.0610,0.0969,0.4940,0.3160,0.2950,0.0476,0.1605,0.0685,0.0580
rn,F,scene,drive,32,2,all,2000,-0.1000,148.0615,2174.4090,27.0000,0.0764,0.1497,0.1464,0.0865,-0.0991,0.2580,0.1315,0.1635,-0.3970,1.0000,0.9975,0.9980,-0.1981,0.7380,0.5660,0.5435
rn,F,drive_equal,drive,32,2,all,2000,-0.1000,148.0615,2174.4090,27.0000,0.0570,0.1116,0.1191,0.0470,-0.0994,0.4290,0.2585,0.2020,-0.3973,1.0000,1.0000,1.0000,-0.1984,0.9420,0.8650,0.7865
rv,F,scene,drive,32,2,all,2000,0.1000,148.0615,2174.4090,27.0000,0.0618,0.1211,0.1184,0.0865,0.0993,0.3675,0.2135,0.2385,0.2893,0.9970,0.9880,0.9880,0.1443,0.6470,0.4740,0.4655
rv,F,drive_equal,drive,32,2,all,2000,0.1000,148.0615,2174.4090,27.0000,0.0461,0.0903,0.0963,0.0470,0.0995,0.5895,0.4115,0.3315,0.2895,1.0000,1.0000,1.0000,0.1445,0.8905,0.7680,0.6825
dm,F,scene,drive,32,2,all,2000,0.0500,148.0615,2174.4090,27.0000,0.0563,0.1103,0.1054,0.0785,0.0491,0.1355,0.0715,0.0975,0.0976,0.4090,0.2675,0.3070,0.0483,0.1335,0.0700,0.0945
dm,F,drive_equal,drive,32,2,all,2000,0.0500,148.0615,2174.4090,27.0000,0.0430,0.0842,0.0861,0.0535,0.0501,0.2165,0.1125,0.1095,0.0986,0.6420,0.4470,0.4280,0.0494,0.2115,0.1090,0.1055
rn,P,scene,drive,32,2,all,2000,-0.0200,318.6685,2174.4090,32.0000,0.0108,0.0212,0.0196,0.1065,-0.0199,0.4200,0.1985,0.2845,-0.0518,0.9990,0.9920,0.9835,-0.0259,0.6570,0.3660,0.6065
rn,P,drive_equal,drive,32,2,all,2000,-0.0200,318.6685,2174.4090,32.0000,0.0092,0.0180,0.0177,0.0770,-0.0197,0.5500,0.3370,0.3800,-0.0512,0.9990,0.9985,0.9905,-0.0256,0.7945,0.5805,0.7440
rv,P,scene,drive,32,2,all,2000,0.0200,318.6685,2174.4090,32.0000,0.0089,0.0174,0.0161,0.1070,0.0199,0.5875,0.3140,0.5300,0.0437,0.9995,0.9940,0.9850,0.0218,0.6855,0.3935,0.6575
rv,P,drive_equal,drive,32,2,all,2000,0.0200,318.6685,2174.4090,32.0000,0.0075,0.0148,0.0146,0.0770,0.0197,0.7350,0.5170,0.6670,0.0433,0.9990,0.9990,0.9950,0.0216,0.8220,0.6200,0.7885
dm,P,scene,drive,32,2,all,2000,0.0200,318.6685,2174.4090,32.0000,0.0276,0.0542,0.0506,0.1095,0.0197,0.1120,0.0570,0.0280,0.0475,0.3820,0.2150,0.1930,0.0236,0.1355,0.0695,0.0305
dm,P,drive_equal,drive,32,2,all,2000,0.0200,318.6685,2174.4090,32.0000,0.0210,0.0411,0.0424,0.0730,0.0205,0.1600,0.0865,0.0280,0.0482,0.6095,0.4530,0.3670,0.0244,0.2040,0.1125,0.0450
rn,F,scene,drive,32,2,3,2000,-0.1000,148.8290,960.5550,27.0000,0.0760,0.1489,0.1494,0.0795,-0.1008,0.2765,0.1435,0.1670,-0.3987,0.9995,0.9990,0.9975,-0.1998,0.7520,0.5810,0.5450
rn,F,drive_equal,drive,32,2,3,2000,-0.1000,148.8290,960.5550,27.0000,0.0638,0.1251,0.1286,0.0575,-0.1010,0.3535,0.2165,0.1875,-0.3988,1.0000,1.0000,1.0000,-0.1999,0.8800,0.7790,0.7235
rv,F,scene,drive,32,2,3,2000,0.1000,148.8290,960.5550,27.0000,0.0614,0.1204,0.1208,0.0795,0.1007,0.3865,0.2195,0.2315,0.2907,0.9990,0.9915,0.9880,0.1457,0.6695,0.4795,0.4490
rv,F,drive_equal,drive,32,2,3,2000,0.1000,148.8290,960.5550,27.0000,0.0516,0.1011,0.1040,0.0575,0.1008,0.4970,0.3495,0.2930,0.2908,1.0000,1.0000,0.9995,0.1458,0.7990,0.6780,0.6095
dm,F,scene,drive,32,2,3,2000,0.0500,148.8290,960.5550,27.0000,0.0588,0.1153,0.1123,0.0800,0.0503,0.1175,0.0505,0.0820,0.0988,0.3565,0.1960,0.2750,0.0495,0.1180,0.0500,0.0800
dm,F,drive_equal,drive,32,2,3,2000,0.0500,148.8290,960.5550,27.0000,0.0509,0.0998,0.1035,0.0440,0.0506,0.1770,0.0740,0.0805,0.0991,0.5000,0.3090,0.3060,0.0499,0.1740,0.0720,0.0775
rn,P,scene,drive,32,2,3,2000,-0.0200,320.1850,960.5550,32.0000,0.0127,0.0249,0.0225,0.1155,-0.0206,0.3115,0.1510,0.1770,-0.0526,0.9970,0.9665,0.9775,-0.0266,0.4950,0.2725,0.4580
rn,P,drive_equal,drive,32,2,3,2000,-0.0200,320.1850,960.5550,32.0000,0.0110,0.0216,0.0213,0.0840,-0.0202,0.4440,0.2420,0.1840,-0.0517,0.9990,0.9925,0.9765,-0.0261,0.6705,0.4210,0.5070
rv,P,scene,drive,32,2,3,2000,0.0200,320.1850,960.5550,32.0000,0.0104,0.0204,0.0184,0.1170,0.0205,0.4465,0.2390,0.3760,0.0443,0.9985,0.9785,0.9820,0.0224,0.5290,0.2820,0.5100
rv,P,drive_equal,drive,32,2,3,2000,0.0200,320.1850,960.5550,32.0000,0.0090,0.0177,0.0175,0.0850,0.0202,0.6045,0.3700,0.4100,0.0437,0.9990,0.9960,0.9790,0.0220,0.6930,0.4520,0.5635
dm,P,scene,drive,32,2,3,2000,0.0200,320.1850,960.5550,32.0000,0.0292,0.0573,0.0550,0.1025,0.0208,0.1075,0.0495,0.0190,0.0485,0.3570,0.1835,0.1730,0.0246,0.1335,0.0585,0.0200
dm,P,drive_equal,drive,32,2,3,2000,0.0200,320.1850,960.5550,32.0000,0.0236,0.0462,0.0478,0.0680,0.0205,0.1320,0.0660,0.0195,0.0482,0.5050,0.3390,0.2695,0.0244,0.1630,0.0890,0.0320
rn,F,scene,drive,32,4,all,2000,-0.1000,148.1370,3232.0800,27.0000,0.0761,0.1492,0.1462,0.0850,-0.1001,0.2735,0.1575,0.1820,-0.3980,0.9995,0.9990,0.9970,-0.1991,0.7465,0.6125,0.5545
rn,F,drive_equal,drive,32,4,all,2000,-0.1000,148.1370,3232.0800,27.0000,0.0582,0.1141,0.1185,0.0450,-0.0997,0.4390,0.2595,0.2200,-0.3976,1.0000,1.0000,1.0000,-0.1986,0.9290,0.8495,0.7895
rv,F,scene,drive,32,4,all,2000,0.1000,148.1370,3232.0800,27.0000,0.0615,0.1206,0.1182,0.0850,0.1001,0.3775,0.2505,0.2525,0.2901,0.9980,0.9935,0.9845,0.1451,0.6585,0.5120,0.4635
rv,F,drive_equal,drive,32,4,all,2000,0.1000,148.1370,3232.0800,27.0000,0.0471,0.0923,0.0958,0.0450,0.0997,0.5890,0.4160,0.3535,0.2897,1.0000,0.9995,1.0000,0.1447,0.8800,0.7580,0.6865
dm,F,scene,drive,32,4,all,2000,0.0500,148.1370,3232.0800,27.0000,0.0562,0.1102,0.1064,0.0850,0.0498,0.1410,0.0535,0.0905,0.0984,0.4255,0.2285,0.3025,0.0491,0.1380,0.0530,0.0890
dm,F,drive_equal,drive,32,4,all,2000,0.0500,148.1370,3232.0800,27.0000,0.0434,0.0851,0.0859,0.0550,0.0487,0.2100,0.1290,0.1080,0.0973,0.6145,0.4765,0.4295,0.0480,0.2055,0.1245,0.1040
rn,P,scene,drive,32,4,all,2000,-0.0200,478.6670,3232.0800,32.0000,0.0097,0.0191,0.0182,0.1010,-0.0201,0.5120,0.3345,0.3505,-0.0520,0.9995,0.9990,0.9910,-0.0261,0.7475,0.5745,0.6955
rn,P,drive_equal,drive,32,4,all,2000,-0.0200,478.6670,3232.0800,32.0000,0.0081,0.0159,0.0159,0.0715,-0.0198,0.6930,0.5155,0.5040,-0.0513,1.0000,1.0000,0.9990,-0.0257,0.8900,0.7850,0.8255
rv,P,scene,drive,32,4,all,2000,0.0200,478.6670,3232.0800,32.0000,0.0080,0.0156,0.0149,0.1005,0.0201,0.6935,0.5080,0.6215,0.0439,0.9995,0.9995,0.9920,0.0220,0.7720,0.5980,0.7445
rv,P,drive_equal,drive,32,4,all,2000,0.0200,478.6670,3232.0800,32.0000,0.0066,0.0130,0.0131,0.0710,0.0198,0.8475,0.7310,0.7690,0.0433,1.0000,1.0000,0.9995,0.0217,0.9135,0.8130,0.8550
dm,P,scene,drive,32,4,all,2000,0.0200,478.6670,3232.0800,32.0000,0.0267,0.0524,0.0494,0.1215,0.0202,0.1365,0.0685,0.0170,0.0479,0.4170,0.2495,0.2260,0.0240,0.1590,0.0795,0.0225
dm,P,drive_equal,drive,32,4,all,2000,0.0200,478.6670,3232.0800,32.0000,0.0202,0.0396,0.0402,0.0705,0.0200,0.1690,0.0985,0.0240,0.0477,0.6430,0.5015,0.4305,0.0239,0.2140,0.1300,0.0370
rn,F,scene,drive,32,4,3,2000,-0.1000,147.1980,1436.0700,27.0000,0.0797,0.1561,0.1502,0.0770,-0.1029,0.2815,0.1465,0.1785,-0.4008,0.9990,0.9960,0.9955,-0.2018,0.7405,0.5710,0.5570
rn,F,drive_equal,drive,32,4,3,2000,-0.1000,147.1980,1436.0700,27.0000,0.0634,0.1242,0.1296,0.0495,-0.1006,0.3580,0.1935,0.1770,-0.3985,1.0000,1.0000,1.0000,-0.1995,0.8875,0.7700,0.7270
rv,F,scene,drive,32,4,3,2000,0.1000,147.1980,1436.0700,27.0000,0.0644,0.1263,0.1214,0.0770,0.1023,0.3830,0.2370,0.2395,0.2923,0.9955,0.9895,0.9820,0.1473,0.6510,0.4825,0.4630
rv,F,drive_equal,drive,32,4,3,2000,0.1000,147.1980,1436.0700,27.0000,0.0512,0.1004,0.1048,0.0495,0.1005,0.5060,0.3150,0.2785,0.2905,1.0000,0.9995,0.9980,0.1455,0.8225,0.6615,0.6070
dm,F,scene,drive,32,4,3,2000,0.0500,147.1980,1436.0700,27.0000,0.0592,0.1160,0.1118,0.0840,0.0496,0.1295,0.0645,0.0775,0.0981,0.3800,0.2290,0.2845,0.0489,0.1265,0.0625,0.0760
dm,F,drive_equal,drive,32,4,3,2000,0.0500,147.1980,1436.0700,27.0000,0.0514,0.1006,0.1037,0.0505,0.0490,0.1645,0.0875,0.0745,0.0975,0.4845,0.3410,0.2865,0.0482,0.1625,0.0850,0.0725
rn,P,scene,drive,32,4,3,2000,-0.0200,478.6900,1436.0700,32.0000,0.0110,0.0215,0.0198,0.1090,-0.0202,0.4300,0.2425,0.2740,-0.0521,1.0000,0.9980,0.9905,-0.0262,0.6520,0.4160,0.5875
rn,P,drive_equal,drive,32,4,3,2000,-0.0200,478.6900,1436.0700,32.0000,0.0094,0.0184,0.0180,0.0805,-0.0197,0.5615,0.3995,0.3455,-0.0512,1.0000,0.9990,0.9970,-0.0256,0.7925,0.6540,0.7075
rv,P,scene,drive,32,4,3,2000,0.0200,478.6900,1436.0700,32.0000,0.0090,0.0176,0.0162,0.1095,0.0202,0.5945,0.3610,0.5125,0.0440,1.0000,0.9990,0.9910,0.0221,0.6845,0.4505,0.6365
rv,P,drive_equal,drive,32,4,3,2000,0.0200,478.6900,1436.0700,32.0000,0.0077,0.0151,0.0147,0.0805,0.0197,0.7390,0.5935,0.6290,0.0433,1.0000,0.9990,0.9975,0.0216,0.8210,0.6865,0.7460
dm,P,scene,drive,32,4,3,2000,0.0200,478.6900,1436.0700,32.0000,0.0282,0.0553,0.0510,0.1210,0.0196,0.1195,0.0495,0.0250,0.0473,0.3640,0.1895,0.1850,0.0234,0.1400,0.0570,0.0260
dm,P,drive_equal,drive,32,4,3,2000,0.0200,478.6900,1436.0700,32.0000,0.0217,0.0426,0.0429,0.0750,0.0194,0.1390,0.0730,0.0240,0.0471,0.5720,0.4045,0.3275,0.0232,0.1765,0.1035,0.0355
rn,F,scene,drive,32,8,all,2000,-0.1000,148.9665,5285.2020,27.0000,0.0763,0.1496,0.1471,0.0845,-0.1011,0.2625,0.1350,0.1725,-0.3990,0.9995,0.9960,0.9995,-0.2001,0.7565,0.5690,0.5585
rn,F,drive_equal,drive,32,8,all,2000,-0.1000,148.9665,5285.2020,27.0000,0.0572,0.1121,0.1186,0.0470,-0.1017,0.4380,0.2885,0.2280,-0.3996,1.0000,1.0000,1.0000,-0.2006,0.9395,0.8750,0.8060
rv,F,scene,drive,32,8,all,2000,0.1000,148.9665,5285.2020,27.0000,0.0617,0.1210,0.1190,0.0845,0.1009,0.3760,0.2040,0.2395,0.2909,0.9960,0.9865,0.9870,0.1459,0.6660,0.4590,0.4670
rv,F,drive_equal,drive,32,8,all,2000,0.1000,148.9665,5285.2020,27.0000,0.0463,0.0907,0.0959,0.0470,0.1014,0.6055,0.4380,0.3560,0.2914,1.0000,1.0000,1.0000,0.1464,0.8845,0.7925,0.7035
dm,F,scene,drive,32,8,all,2000,0.0500,148.9665,5285.2020,27.0000,0.0562,0.1101,0.1060,0.0810,0.0493,0.1325,0.0640,0.0895,0.0978,0.4055,0.2620,0.3085,0.0485,0.1295,0.0625,0.0875
dm,F,drive_equal,drive,32,8,all,2000,0.0500,148.9665,5285.2020,27.0000,0.0431,0.0844,0.0863,0.0545,0.0486,0.2040,0.1040,0.1025,0.0971,0.6155,0.4625,0.4150,0.0479,0.2005,0.1015,0.0995
rn,P,scene,drive,32,8,all,2000,-0.0200,788.7860,5285.2020,32.0000,0.0094,0.0184,0.0173,0.1040,-0.0200,0.5490,0.3605,0.3900,-0.0520,1.0000,1.0000,0.9985,-0.0260,0.7880,0.6230,0.7280
rn,P,drive_equal,drive,32,8,all,2000,-0.0200,788.7860,5285.2020,32.0000,0.0073,0.0143,0.0147,0.0585,-0.0196,0.7545,0.6005,0.5740,-0.0511,1.0000,1.0000,1.0000,-0.0255,0.9475,0.8665,0.8965
rv,P,scene,drive,32,8,all,2000,0.0200,788.7860,5285.2020,32.0000,0.0077,0.0151,0.0142,0.1045,0.0200,0.7315,0.5505,0.6525,0.0438,1.0000,1.0000,0.9990,0.0219,0.8090,0.6600,0.7800
rv,P,drive_equal,drive,32,8,all,2000,0.0200,788.7860,5285.2020,32.0000,0.0060,0.0117,0.0121,0.0585,0.0197,0.9185,0.8170,0.8350,0.0432,1.0000,1.0000,1.0000,0.0216,0.9605,0.9000,0.9220
dm,P,scene,drive,32,8,all,2000,0.0200,788.7860,5285.2020,32.0000,0.0261,0.0511,0.0477,0.1230,0.0200,0.1330,0.0485,0.0250,0.0477,0.4285,0.1955,0.2300,0.0238,0.1580,0.0570,0.0265
dm,P,drive_equal,drive,32,8,all,2000,0.0200,788.7860,5285.2020,32.0000,0.0197,0.0386,0.0392,0.0775,0.0200,0.1970,0.1100,0.0240,0.0477,0.6810,0.5325,0.4475,0.0239,0.2515,0.1440,0.0350
rn,F,scene,drive,32,8,3,2000,-0.1000,147.0485,2343.9330,27.0000,0.0766,0.1502,0.1510,0.0725,-0.0999,0.2735,0.1055,0.1510,-0.3978,0.9995,0.9945,0.9945,-0.1989,0.7435,0.5365,0.5255
rn,F,drive_equal,drive,32,8,3,2000,-0.1000,147.0485,2343.9330,27.0000,0.0652,0.1279,0.1293,0.0580,-0.0984,0.3370,0.1750,0.1725,-0.3963,1.0000,1.0000,1.0000,-0.1974,0.8620,0.7325,0.7015
rv,F,scene,drive,32,8,3,2000,0.1000,147.0485,2343.9330,27.0000,0.0620,0.1215,0.1221,0.0725,0.0999,0.3900,0.1735,0.2260,0.2899,0.9960,0.9840,0.9805,0.1449,0.6625,0.4280,0.4450
rv,F,drive_equal,drive,32,8,3,2000,0.1000,147.0485,2343.9330,27.0000,0.0528,0.1034,0.1045,0.0580,0.0987,0.4720,0.2900,0.2810,0.2887,1.0000,0.9995,0.9990,0.1437,0.7840,0.6160,0.5820
dm,F,scene,drive,32,8,3,2000,0.0500,147.0485,2343.9330,27.0000,0.0605,0.1185,0.1115,0.0800,0.0512,0.1250,0.0575,0.0935,0.0997,0.3610,0.2370,0.2930,0.0504,0.1225,0.0565,0.0915
dm,F,drive_equal,drive,32,8,3,2000,0.0500,147.0485,2343.9330,27.0000,0.0522,0.1023,0.1035,0.0540,0.0502,0.1655,0.0875,0.0800,0.0987,0.4700,0.3150,0.2980,0.0495,0.1620,0.0860,0.0785
rn,P,scene,drive,32,8,3,2000,-0.0200,781.3110,2343.9330,32.0000,0.0100,0.0195,0.0182,0.1050,-0.0200,0.5085,0.2875,0.3290,-0.0520,1.0000,0.9985,0.9955,-0.0260,0.7445,0.5060,0.6810
rn,P,drive_equal,drive,32,8,3,2000,-0.0200,781.3110,2343.9330,32.0000,0.0084,0.0164,0.0162,0.0735,-0.0198,0.6350,0.4550,0.4665,-0.0512,1.0000,1.0000,1.0000,-0.0256,0.8635,0.7230,0.8120
rv,P,scene,drive,32,8,3,2000,0.0200,781.3110,2343.9330,32.0000,0.0082,0.0160,0.0149,0.1055,0.0200,0.6910,0.4415,0.6020,0.0438,1.0000,0.9990,0.9965,0.0219,0.7680,0.5365,0.7300
rv,P,drive_equal,drive,32,8,3,2000,0.0200,781.3110,2343.9330,32.0000,0.0068,0.0134,0.0133,0.0740,0.0198,0.8240,0.6560,0.7405,0.0433,1.0000,1.0000,1.0000,0.0217,0.8825,0.7635,0.8555
dm,P,scene,drive,32,8,3,2000,0.0200,781.3110,2343.9330,32.0000,0.0272,0.0533,0.0489,0.1300,0.0198,0.1160,0.0550,0.0295,0.0475,0.3750,0.2115,0.2300,0.0236,0.1415,0.0655,0.0320
dm,P,drive_equal,drive,32,8,3,2000,0.0200,781.3110,2343.9330,32.0000,0.0211,0.0414,0.0408,0.0870,0.0198,0.1705,0.0710,0.0250,0.0475,0.6125,0.3940,0.4030,0.0237,0.2175,0.0945,0.0435
rn,F,scene,drive,32,16,all,2000,-0.1000,147.5820,8774.4165,27.0000,0.0757,0.1484,0.1461,0.0815,-0.1029,0.2740,0.1595,0.1920,-0.4008,1.0000,0.9980,0.9985,-0.2018,0.7695,0.6140,0.5700
rn,F,drive_equal,drive,32,16,all,2000,-0.1000,147.5820,8774.4165,27.0000,0.0581,0.1138,0.1187,0.0490,-0.1014,0.4120,0.2345,0.2330,-0.3993,1.0000,1.0000,1.0000,-0.2003,0.9275,0.8440,0.8015
rv,F,scene,drive,32,16,all,2000,0.1000,147.5820,8774.4165,27.0000,0.0612,0.1200,0.1181,0.0815,0.1023,0.3840,0.2360,0.2565,0.2923,0.9975,0.9910,0.9850,0.1473,0.6865,0.4995,0.4890
rv,F,drive_equal,drive,32,16,all,2000,0.1000,147.5820,8774.4165,27.0000,0.0470,0.0920,0.0959,0.0490,0.1011,0.5750,0.3795,0.3510,0.2911,1.0000,1.0000,1.0000,0.1461,0.8755,0.7435,0.6980
dm,F,scene,drive,32,16,all,2000,0.0500,147.5820,8774.4165,27.0000,0.0561,0.1100,0.1074,0.0865,0.0525,0.1500,0.0860,0.1005,0.1010,0.4450,0.3140,0.3245,0.0517,0.1480,0.0830,0.1000
dm,F,drive_equal,drive,32,16,all,2000,0.0500,147.5820,8774.4165,27.0000,0.0439,0.0860,0.0864,0.0645,0.0506,0.2045,0.1040,0.1200,0.0992,0.5990,0.4360,0.4275,0.0499,0.2010,0.1015,0.1160
rn,P,scene,drive,32,16,all,2000,-0.0200,1317.1445,8774.4165,32.0000,0.0088,0.0173,0.0166,0.0950,-0.0199,0.6070,0.4040,0.4425,-0.0518,1.0000,1.0000,1.0000,-0.0258,0.8445,0.6815,0.7745
rn,P,drive_equal,drive,32,16,all,2000,-0.0200,1317.1445,8774.4165,32.0000,0.0070,0.0138,0.0141,0.0605,-0.0196,0.7945,0.6730,0.6410,-0.0511,1.0000,1.0000,1.0000,-0.0255,0.9600,0.9045,0.9230
rv,P,scene,drive,32,16,all,2000,0.0200,1317.1445,8774.4165,32.0000,0.0072,0.0142,0.0136,0.0970,0.0199,0.7840,0.6140,0.7070,0.0437,1.0000,1.0000,1.0000,0.0218,0.8655,0.7110,0.8090
rv,P,drive_equal,drive,32,16,all,2000,0.0200,1317.1445,8774.4165,32.0000,0.0058,0.0113,0.0115,0.0605,0.0197,0.9410,0.8590,0.8800,0.0432,1.0000,1.0000,1.0000,0.0215,0.9700,0.9270,0.9425
dm,P,scene,drive,32,16,all,2000,0.0200,1317.1445,8774.4165,32.0000,0.0267,0.0524,0.0479,0.1190,0.0206,0.1280,0.0555,0.0245,0.0483,0.4050,0.2190,0.2340,0.0244,0.1500,0.0725,0.0290
dm,P,drive_equal,drive,32,16,all,2000,0.0200,1317.1445,8774.4165,32.0000,0.0193,0.0378,0.0388,0.0700,0.0203,0.2010,0.0840,0.0265,0.0480,0.7055,0.5180,0.4775,0.0242,0.2535,0.1240,0.0355
rn,F,scene,drive,32,16,3,2000,-0.1000,147.5350,3958.2075,27.0000,0.0775,0.1519,0.1506,0.0780,-0.1015,0.2525,0.1440,0.1765,-0.3994,0.9995,0.9975,0.9960,-0.2005,0.7180,0.5785,0.5260
rn,F,drive_equal,drive,32,16,3,2000,-0.1000,147.5350,3958.2075,27.0000,0.0635,0.1244,0.1292,0.0510,-0.1011,0.3690,0.2220,0.1930,-0.3990,1.0000,1.0000,1.0000,-0.2001,0.8965,0.7865,0.7050
rv,F,scene,drive,32,16,3,2000,0.1000,147.5350,3958.2075,27.0000,0.0627,0.1228,0.1218,0.0780,0.1012,0.3520,0.2360,0.2450,0.2912,0.9960,0.9875,0.9825,0.1462,0.6270,0.4750,0.4565
rv,F,drive_equal,drive,32,16,3,2000,0.1000,147.5350,3958.2075,27.0000,0.0513,0.1006,0.1045,0.0510,0.1009,0.5090,0.3490,0.2920,0.2909,1.0000,0.9995,0.9990,0.1459,0.8270,0.6785,0.5955
dm,F,scene,drive,32,16,3,2000,0.0500,147.5350,3958.2075,27.0000,0.0579,0.1135,0.1129,0.0730,0.0470,0.1290,0.0615,0.0695,0.0956,0.3995,0.2400,0.2620,0.0463,0.1265,0.0600,0.0685
dm,F,drive_equal,drive,32,16,3,2000,0.0500,147.5350,3958.2075,27.0000,0.0503,0.0987,0.1037,0.0515,0.0468,0.1430,0.0590,0.0595,0.0954,0.4700,0.3025,0.2775,0.0461,0.1410,0.0580,0.0585
rn,P,scene,drive,32,16,3,2000,-0.0200,1319.4025,3958.2075,32.0000,0.0095,0.0185,0.0176,0.0920,-0.0207,0.5790,0.3595,0.4135,-0.0526,1.0000,1.0000,0.9990,-0.0266,0.8100,0.6045,0.7405
rn,P,drive_equal,drive,32,16,3,2000,-0.0200,1319.4025,3958.2075,32.0000,0.0075,0.0146,0.0152,0.0570,-0.0201,0.7570,0.5790,0.5690,-0.0516,1.0000,1.0000,1.0000,-0.0260,0.9390,0.8540,0.8885
rv,P,scene,drive,32,16,3,2000,0.0200,1319.4025,3958.2075,32.0000,0.0078,0.0152,0.0144,0.0920,0.0205,0.7625,0.5375,0.6770,0.0443,1.0000,1.0000,1.0000,0.0224,0.8400,0.6315,0.7830
rv,P,drive_equal,drive,32,16,3,2000,0.0200,1319.4025,3958.2075,32.0000,0.0061,0.0120,0.0124,0.0575,0.0201,0.9095,0.7960,0.8385,0.0436,1.0000,1.0000,1.0000,0.0219,0.9530,0.8770,0.9135
dm,P,scene,drive,32,16,3,2000,0.0200,1319.4025,3958.2075,32.0000,0.0262,0.0513,0.0482,0.1190,0.0204,0.1275,0.0610,0.0250,0.0481,0.4095,0.2420,0.2530,0.0243,0.1565,0.0750,0.0255
dm,P,drive_equal,drive,32,16,3,2000,0.0200,1319.4025,3958.2075,32.0000,0.0196,0.0384,0.0401,0.0680,0.0207,0.1655,0.0830,0.0275,0.0484,0.6715,0.4760,0.4425,0.0245,0.2185,0.1160,0.0365
rn,F,scene,drive,48,0,all,2000,-0.1000,222.4605,1572.3935,40.0000,0.0606,0.1187,0.1201,0.0645,-0.1006,0.3965,0.2345,0.2345,-0.3985,1.0000,1.0000,1.0000,-0.1996,0.9170,0.8115,0.7740
rn,F,drive_equal,drive,48,0,all,2000,-0.1000,222.4605,1572.3935,40.0000,0.0464,0.0910,0.0951,0.0485,-0.1004,0.5880,0.4170,0.3570,-0.3983,1.0000,1.0000,1.0000,-0.1994,0.9910,0.9725,0.9575
rv,F,scene,drive,48,0,all,2000,0.1000,222.4605,1572.3935,40.0000,0.0490,0.0960,0.0971,0.0645,0.1005,0.5500,0.3745,0.3595,0.2905,1.0000,1.0000,0.9995,0.1455,0.8510,0.7135,0.6680
rv,F,drive_equal,drive,48,0,all,2000,0.1000,222.4605,1572.3935,40.0000,0.0375,0.0736,0.0769,0.0485,0.1004,0.7670,0.6125,0.5445,0.2904,1.0000,1.0000,1.0000,0.1454,0.9740,0.9355,0.9075
dm,F,scene,drive,48,0,all,2000,0.0500,222.4605,1572.3935,40.0000,0.0452,0.0886,0.0870,0.0680,0.0486,0.1910,0.0930,0.1130,0.0971,0.5740,0.4065,0.4335,0.0479,0.1850,0.0910,0.1100
dm,F,drive_equal,drive,48,0,all,2000,0.0500,222.4605,1572.3935,40.0000,0.0350,0.0686,0.0691,0.0550,0.0495,0.2825,0.1605,0.1655,0.0980,0.8010,0.6570,0.6275,0.0488,0.2735,0.1580,0.1605
rn,F,scene,drive,48,0,3,2000,-0.1000,224.3975,673.1925,40.0000,0.0610,0.1196,0.1232,0.0620,-0.1004,0.3730,0.2400,0.2195,-0.3983,1.0000,1.0000,1.0000,-0.1994,0.8945,0.8125,0.7515
rn,F,drive_equal,drive,48,0,3,2000,-0.1000,224.3975,673.1925,40.0000,0.0501,0.0982,0.1038,0.0390,-0.0994,0.5230,0.3935,0.2870,-0.3973,1.0000,1.0000,1.0000,-0.1984,0.9860,0.9560,0.9160
rv,F,scene,drive,48,0,3,2000,0.1000,224.3975,673.1925,40.0000,0.0493,0.0967,0.0996,0.0620,0.1003,0.5180,0.3760,0.3305,0.2903,1.0000,0.9995,1.0000,0.1453,0.8215,0.7225,0.6570
rv,F,drive_equal,drive,48,0,3,2000,0.1000,224.3975,673.1925,40.0000,0.0405,0.0794,0.0839,0.0390,0.0995,0.7090,0.5695,0.4535,0.2895,1.0000,1.0000,1.0000,0.1445,0.9540,0.9055,0.8250
dm,F,scene,drive,48,0,3,2000,0.0500,224.3975,673.1925,40.0000,0.0473,0.0927,0.0922,0.0650,0.0500,0.1940,0.0900,0.1105,0.0985,0.5530,0.3830,0.4045,0.0492,0.1905,0.0855,0.1085
dm,F,drive_equal,drive,48,0,3,2000,0.0500,224.3975,673.1925,40.0000,0.0412,0.0808,0.0829,0.0520,0.0499,0.2030,0.1075,0.1070,0.0984,0.6460,0.4940,0.4755,0.0491,0.1980,0.1065,0.1040
rn,F,scene,drive,48,2,all,2000,-0.1000,221.8785,3258.5285,40.0000,0.0631,0.1236,0.1205,0.0785,-0.0993,0.3560,0.2000,0.2345,-0.3972,1.0000,1.0000,1.0000,-0.1982,0.8725,0.7750,0.7590
rn,F,drive_equal,drive,48,2,all,2000,-0.1000,221.8785,3258.5285,40.0000,0.0471,0.0923,0.0953,0.0530,-0.1014,0.5620,0.4060,0.3620,-0.3993,1.0000,1.0000,1.0000,-0.2003,0.9855,0.9650,0.9530
rv,F,scene,drive,48,2,all,2000,0.1000,221.8785,3258.5285,40.0000,0.0510,0.0999,0.0974,0.0785,0.0994,0.4940,0.3450,0.3495,0.2894,1.0000,1.0000,1.0000,0.1444,0.7990,0.6725,0.6565
rv,F,drive_equal,drive,48,2,all,2000,0.1000,221.8785,3258.5285,40.0000,0.0381,0.0746,0.0770,0.0530,0.1011,0.7550,0.6035,0.5505,0.2911,1.0000,1.0000,1.0000,0.1461,0.9645,0.9280,0.9010
dm,F,scene,drive,48,2,all,2000,0.0500,221.8785,3258.5285,40.0000,0.0451,0.0883,0.0872,0.0605,0.0479,0.1850,0.0945,0.1125,0.0964,0.5580,0.3975,0.4370,0.0471,0.1815,0.0910,0.1095
dm,F,drive_equal,drive,48,2,all,2000,0.0500,221.8785,3258.5285,40.0000,0.0333,0.0652,0.0694,0.0445,0.0494,0.3230,0.1690,0.1495,0.0980,0.8420,0.7045,0.6390,0.0487,0.3165,0.1610,0.1440
rn,P,scene,drive,48,2,all,2000,-0.0200,477.3475,3258.5285,48.0000,0.0089,0.0175,0.0164,0.1075,-0.0195,0.5780,0.3610,0.4740,-0.0515,0.9995,0.9990,0.9905,-0.0255,0.8205,0.6390,0.8215
rn,P,drive_equal,drive,48,2,all,2000,-0.0200,477.3475,3258.5285,48.0000,0.0074,0.0145,0.0145,0.0695,-0.0193,0.7345,0.5165,0.6255,-0.0508,1.0000,1.0000,0.9990,-0.0252,0.9345,0.8105,0.8905
rv,P,scene,drive,48,2,all,2000,0.0200,477.3475,3258.5285,48.0000,0.0073,0.0143,0.0134,0.1085,0.0196,0.7650,0.5675,0.7550,0.0434,1.0000,0.9990,0.9920,0.0215,0.8375,0.6690,0.8515
rv,P,drive_equal,drive,48,2,all,2000,0.0200,477.3475,3258.5285,48.0000,0.0060,0.0119,0.0119,0.0700,0.0194,0.9020,0.7470,0.8530,0.0429,1.0000,1.0000,0.9990,0.0213,0.9535,0.8495,0.9060
dm,P,scene,drive,48,2,all,2000,0.0200,477.3475,3258.5285,48.0000,0.0232,0.0455,0.0425,0.0995,0.0206,0.1300,0.0645,0.0355,0.0483,0.5045,0.3000,0.3875,0.0245,0.1715,0.0810,0.0435
dm,P,drive_equal,drive,48,2,all,2000,0.0200,477.3475,3258.5285,48.0000,0.0178,0.0348,0.0341,0.0710,0.0195,0.2035,0.0990,0.0530,0.0472,0.7600,0.5805,0.6340,0.0234,0.2695,0.1395,0.0825
rn,F,scene,drive,48,2,3,2000,-0.1000,221.9875,1433.3865,40.0000,0.0634,0.1243,0.1228,0.0690,-0.0994,0.3375,0.2040,0.2215,-0.3973,1.0000,1.0000,1.0000,-0.1983,0.8675,0.7750,0.7470
rn,F,drive_equal,drive,48,2,3,2000,-0.1000,221.9875,1433.3865,40.0000,0.0527,0.1032,0.1037,0.0535,-0.0993,0.4575,0.3295,0.2930,-0.3972,1.0000,1.0000,1.0000,-0.1983,0.9690,0.9310,0.9095
rv,F,scene,drive,48,2,3,2000,0.1000,221.9875,1433.3865,40.0000,0.0513,0.1005,0.0993,0.0690,0.0995,0.4915,0.3340,0.3260,0.2895,1.0000,1.0000,1.0000,0.1445,0.7940,0.6800,0.6550
rv,F,drive_equal,drive,48,2,3,2000,0.1000,221.9875,1433.3865,40.0000,0.0426,0.0835,0.0838,0.0535,0.0995,0.6295,0.5010,0.4400,0.2895,1.0000,1.0000,1.0000,0.1445,0.9295,0.8630,0.8210
dm,F,scene,drive,48,2,3,2000,0.0500,221.9875,1433.3865,40.0000,0.0470,0.0921,0.0923,0.0675,0.0488,0.1825,0.0895,0.1055,0.0973,0.5535,0.3690,0.4000,0.0481,0.1800,0.0865,0.1035
dm,F,drive_equal,drive,48,2,3,2000,0.0500,221.9875,1433.3865,40.0000,0.0402,0.0787,0.0828,0.0475,0.0484,0.2110,0.1200,0.1050,0.0969,0.6480,0.5110,0.4540,0.0477,0.2050,0.1180,0.1040
rn,P,scene,drive,48,2,3,2000,-0.0200,477.7955,1433.3865,48.0000,0.0102,0.0199,0.0185,0.1050,-0.0200,0.5000,0.2330,0.3460,-0.0520,0.9990,0.9970,0.9900,-0.0260,0.7365,0.4445,0.7335
rn,P,drive_equal,drive,48,2,3,2000,-0.0200,477.7955,1433.3865,48.0000,0.0088,0.0173,0.0173,0.0735,-0.0199,0.5870,0.3925,0.4010,-0.0514,1.0000,1.0000,0.9980,-0.0258,0.8360,0.6610,0.7945
rv,P,scene,drive,48,2,3,2000,0.0200,477.7955,1433.3865,48.0000,0.0083,0.0164,0.0152,0.1055,0.0200,0.6690,0.3745,0.6405,0.0438,0.9995,0.9970,0.9905,0.0219,0.7670,0.4740,0.7720
rv,P,drive_equal,drive,48,2,3,2000,0.0200,477.7955,1433.3865,48.0000,0.0073,0.0142,0.0142,0.0740,0.0199,0.7810,0.6035,0.7145,0.0434,1.0000,1.0000,0.9980,0.0218,0.8600,0.7005,0.8375
dm,P,scene,drive,48,2,3,2000,0.0200,477.7955,1433.3865,48.0000,0.0242,0.0475,0.0452,0.0970,0.0194,0.1405,0.0710,0.0225,0.0471,0.4850,0.3030,0.3280,0.0232,0.1710,0.0930,0.0295
dm,P,drive_equal,drive,48,2,3,2000,0.0200,477.7955,1433.3865,48.0000,0.0193,0.0379,0.0382,0.0675,0.0195,0.1660,0.0965,0.0320,0.0471,0.6605,0.5375,0.4875,0.0233,0.2185,0.1345,0.0525
rn,F,scene,drive,48,4,all,2000,-0.1000,220.4445,4829.4275,40.0000,0.0627,0.1230,0.1203,0.0740,-0.0989,0.3325,0.2205,0.2330,-0.3968,1.0000,1.0000,1.0000,-0.1978,0.8830,0.7785,0.7485
rn,F,drive_equal,drive,48,4,all,2000,-0.1000,220.4445,4829.4275,40.0000,0.0471,0.0923,0.0956,0.0455,-0.0978,0.5445,0.4170,0.3355,-0.3957,1.0000,1.0000,1.0000,-0.1968,0.9865,0.9680,0.9470
rv,F,scene,drive,48,4,all,2000,0.1000,220.4445,4829.4275,40.0000,0.0507,0.0994,0.0973,0.0740,0.0991,0.4910,0.3220,0.3410,0.2891,1.0000,1.0000,1.0000,0.1441,0.8065,0.6810,0.6520
rv,F,drive_equal,drive,48,4,all,2000,0.1000,220.4445,4829.4275,40.0000,0.0381,0.0746,0.0773,0.0455,0.0983,0.7270,0.6165,0.5135,0.2883,1.0000,1.0000,1.0000,0.1433,0.9650,0.9295,0.8885
dm,F,scene,drive,48,4,all,2000,0.0500,220.4445,4829.4275,40.0000,0.0442,0.0866,0.0878,0.0625,0.0489,0.2030,0.0990,0.1080,0.0974,0.6000,0.4350,0.4385,0.0481,0.1975,0.0970,0.1060
dm,F,drive_equal,drive,48,4,all,2000,0.0500,220.4445,4829.4275,40.0000,0.0332,0.0650,0.0693,0.0445,0.0493,0.3125,0.1895,0.1490,0.0978,0.8260,0.7205,0.6385,0.0486,0.3025,0.1845,0.1430
rn,P,scene,drive,48,4,all,2000,-0.0200,715.0005,4829.4275,48.0000,0.0080,0.0156,0.0152,0.0815,-0.0201,0.7195,0.5295,0.5885,-0.0520,1.0000,1.0000,0.9990,-0.0260,0.9250,0.8075,0.8980
rn,P,drive_equal,drive,48,4,all,2000,-0.0200,715.0005,4829.4275,48.0000,0.0065,0.0128,0.0130,0.0525,-0.0199,0.8590,0.7585,0.7720,-0.0514,1.0000,1.0000,1.0000,-0.0257,0.9775,0.9545,0.9540
rv,P,scene,drive,48,4,all,2000,0.0200,715.0005,4829.4275,48.0000,0.0065,0.0128,0.0125,0.0825,0.0201,0.8870,0.7395,0.8500,0.0438,1.0000,1.0000,0.9990,0.0220,0.9420,0.8285,0.9215
rv,P,drive_equal,drive,48,4,all,2000,0.0200,715.0005,4829.4275,48.0000,0.0054,0.0105,0.0107,0.0525,0.0199,0.9670,0.9260,0.9305,0.0434,1.0000,1.0000,1.0000,0.0217,0.9845,0.9650,0.9640
dm,P,scene,drive,48,4,all,2000,0.0200,715.0005,4829.4275,48.0000,0.0219,0.0429,0.0410,0.1075,0.0195,0.1620,0.0755,0.0305,0.0472,0.5785,0.3890,0.4045,0.0234,0.2060,0.1000,0.0435
dm,P,drive_equal,drive,48,4,all,2000,0.0200,715.0005,4829.4275,48.0000,0.0165,0.0324,0.0325,0.0730,0.0197,0.2300,0.1320,0.0505,0.0473,0.8220,0.7025,0.7155,0.0235,0.2960,0.1900,0.0940
rn,F,scene,drive,48,4,3,2000,-0.1000,223.6005,2164.9845,40.0000,0.0614,0.1203,0.1222,0.0710,-0.0997,0.3575,0.2245,0.2115,-0.3976,1.0000,1.0000,1.0000,-0.1987,0.8865,0.8090,0.7735
rn,F,drive_equal,drive,48,4,3,2000,-0.1000,223.6005,2164.9845,40.0000,0.0500,0.0981,0.1039,0.0455,-0.0995,0.5150,0.3460,0.2735,-0.3974,1.0000,1.0000,1.0000,-0.1985,0.9735,0.9460,0.9190
rv,F,scene,drive,48,4,3,2000,0.1000,223.6005,2164.9845,40.0000,0.0496,0.0973,0.0988,0.0710,0.0998,0.5065,0.3630,0.3325,0.2898,1.0000,1.0000,1.0000,0.1448,0.8210,0.7030,0.6610
rv,F,drive_equal,drive,48,4,3,2000,0.1000,223.6005,2164.9845,40.0000,0.0405,0.0793,0.0840,0.0455,0.0996,0.6945,0.5340,0.4665,0.2896,1.0000,1.0000,1.0000,0.1446,0.9475,0.8820,0.8355
dm,F,scene,drive,48,4,3,2000,0.0500,223.6005,2164.9845,40.0000,0.0469,0.0919,0.0918,0.0655,0.0509,0.1875,0.0810,0.1050,0.0994,0.5610,0.3680,0.4180,0.0502,0.1820,0.0795,0.1040
dm,F,drive_equal,drive,48,4,3,2000,0.0500,223.6005,2164.9845,40.0000,0.0416,0.0816,0.0832,0.0490,0.0503,0.2270,0.1205,0.1160,0.0988,0.6655,0.4770,0.4670,0.0495,0.2240,0.1150,0.1120
rn,P,scene,drive,48,4,3,2000,-0.0200,721.6615,2164.9845,48.0000,0.0086,0.0169,0.0163,0.0915,-0.0201,0.6290,0.4570,0.5005,-0.0521,1.0000,1.0000,0.9995,-0.0261,0.8660,0.7290,0.8380
rn,P,drive_equal,drive,48,4,3,2000,-0.0200,721.6615,2164.9845,48.0000,0.0075,0.0148,0.0146,0.0685,-0.0199,0.7515,0.5835,0.6330,-0.0514,1.0000,1.0000,1.0000,-0.0258,0.9430,0.8555,0.9100
rv,P,scene,drive,48,4,3,2000,0.0200,721.6615,2164.9845,48.0000,0.0071,0.0139,0.0134,0.0905,0.0201,0.8115,0.6630,0.7805,0.0439,1.0000,1.0000,0.9995,0.0220,0.8860,0.7585,0.8680
rv,P,drive_equal,drive,48,4,3,2000,0.0200,721.6615,2164.9845,48.0000,0.0062,0.0121,0.0120,0.0690,0.0199,0.9095,0.8000,0.8585,0.0434,1.0000,1.0000,1.0000,0.0218,0.9500,0.8795,0.9300
dm,P,scene,drive,48,4,3,2000,0.0200,721.6615,2164.9845,48.0000,0.0235,0.0460,0.0426,0.1105,0.0197,0.1445,0.0810,0.0285,0.0475,0.5110,0.3350,0.3705,0.0236,0.1755,0.0940,0.0405
dm,P,drive_equal,drive,48,4,3,2000,0.0200,721.6615,2164.9845,48.0000,0.0180,0.0352,0.0349,0.0730,0.0195,0.2115,0.0920,0.0435,0.0472,0.7570,0.5695,0.6120,0.0233,0.2750,0.1360,0.0760
rn,F,scene,drive,48,8,all,2000,-0.1000,223.0750,7922.3545,40.0000,0.0618,0.1211,0.1194,0.0745,-0.1004,0.3670,0.2225,0.2375,-0.3983,1.0000,1.0000,1.0000,-0.1993,0.8910,0.8055,0.7705
rn,F,drive_equal,drive,48,8,all,2000,-0.1000,223.0750,7922.3545,40.0000,0.0463,0.0908,0.0950,0.0495,-0.1015,0.5845,0.3925,0.3605,-0.3994,1.0000,1.0000,1.0000,-0.2005,0.9890,0.9660,0.9615
rv,F,scene,drive,48,8,all,2000,0.1000,223.0750,7922.3545,40.0000,0.0500,0.0979,0.0966,0.0745,0.1003,0.5165,0.3625,0.3555,0.2903,1.0000,0.9995,1.0000,0.1453,0.8255,0.7030,0.6720
rv,F,drive_equal,drive,48,8,all,2000,0.1000,223.0750,7922.3545,40.0000,0.0374,0.0734,0.0768,0.0495,0.1012,0.7655,0.6000,0.5535,0.2912,1.0000,1.0000,1.0000,0.1462,0.9685,0.9250,0.9050
dm,F,scene,drive,48,8,all,2000,0.0500,223.0750,7922.3545,40.0000,0.0446,0.0874,0.0872,0.0600,0.0512,0.2065,0.1130,0.1135,0.0997,0.6070,0.4315,0.4655,0.0505,0.2035,0.1070,0.1110
dm,F,drive_equal,drive,48,8,all,2000,0.0500,223.0750,7922.3545,40.0000,0.0329,0.0645,0.0693,0.0410,0.0508,0.3450,0.1845,0.1615,0.0993,0.8510,0.7085,0.6470,0.0500,0.3340,0.1780,0.1560
rn,P,scene,drive,48,8,all,2000,-0.0200,1182.2035,7922.3545,48.0000,0.0075,0.0147,0.0145,0.0735,-0.0202,0.7540,0.5725,0.6670,-0.0522,1.0000,1.0000,1.0000,-0.0262,0.9445,0.8560,0.9295
rn,P,drive_equal,drive,48,8,all,2000,-0.0200,1182.2035,7922.3545,48.0000,0.0059,0.0116,0.0121,0.0465,-0.0200,0.9265,0.8515,0.8480,-0.0515,1.0000,1.0000,1.0000,-0.0259,0.9955,0.9845,0.9850
rv,P,scene,drive,48,8,all,2000,0.0200,1182.2035,7922.3545,48.0000,0.0062,0.0121,0.0119,0.0740,0.0202,0.9140,0.8000,0.8890,0.0440,1.0000,1.0000,1.0000,0.0221,0.9590,0.8820,0.9455
rv,P,drive_equal,drive,48,8,all,2000,0.0200,1182.2035,7922.3545,48.0000,0.0049,0.0095,0.0099,0.0470,0.0200,0.9890,0.9700,0.9710,0.0435,1.0000,1.0000,1.0000,0.0219,0.9965,0.9920,0.9895
dm,P,scene,drive,48,8,all,2000,0.0200,1182.2035,7922.3545,48.0000,0.0215,0.0422,0.0407,0.0930,0.0212,0.1655,0.0540,0.0315,0.0489,0.6080,0.2920,0.4595,0.0251,0.2145,0.0725,0.0460
dm,P,drive_equal,drive,48,8,all,2000,0.0200,1182.2035,7922.3545,48.0000,0.0163,0.0319,0.0320,0.0645,0.0207,0.2460,0.1225,0.0575,0.0484,0.8440,0.6890,0.7735,0.0246,0.3260,0.1735,0.1000
rn,F,scene,drive,48,8,3,2000,-0.1000,222.3535,3525.4950,40.0000,0.0626,0.1227,0.1233,0.0655,-0.1023,0.3995,0.2480,0.2365,-0.4002,1.0000,1.0000,1.0000,-0.2013,0.8985,0.7990,0.7505
rn,F,drive_equal,drive,48,8,3,2000,-0.1000,222.3535,3525.4950,40.0000,0.0513,0.1006,0.1038,0.0500,-0.1021,0.5255,0.3615,0.3120,-0.4000,1.0000,1.0000,1.0000,-0.2011,0.9755,0.9395,0.9090
rv,F,scene,drive,48,8,3,2000,0.1000,222.3535,3525.4950,40.0000,0.0506,0.0992,0.0997,0.0655,0.1019,0.5285,0.3910,0.3510,0.2919,1.0000,0.9990,1.0000,0.1469,0.8200,0.7035,0.6525
rv,F,drive_equal,drive,48,8,3,2000,0.1000,222.3535,3525.4950,40.0000,0.0415,0.0813,0.0840,0.0500,0.1017,0.7050,0.5380,0.4685,0.2917,1.0000,1.0000,1.0000,0.1467,0.9425,0.8770,0.8360
dm,F,scene,drive,48,8,3,2000,0.0500,222.3535,3525.4950,40.0000,0.0478,0.0938,0.0923,0.0670,0.0506,0.1765,0.0830,0.1140,0.0991,0.5465,0.3525,0.4005,0.0499,0.1705,0.0815,0.1100
dm,F,drive_equal,drive,48,8,3,2000,0.0500,222.3535,3525.4950,40.0000,0.0419,0.0822,0.0837,0.0530,0.0507,0.2330,0.1255,0.1200,0.0992,0.6675,0.4860,0.4615,0.0500,0.2290,0.1220,0.1165
rn,P,scene,drive,48,8,3,2000,-0.0200,1175.1650,3525.4950,48.0000,0.0081,0.0158,0.0152,0.0765,-0.0203,0.7155,0.4960,0.6050,-0.0523,1.0000,1.0000,0.9995,-0.0263,0.9335,0.7905,0.9160
rn,P,drive_equal,drive,48,8,3,2000,-0.0200,1175.1650,3525.4950,48.0000,0.0066,0.0129,0.0131,0.0545,-0.0197,0.8585,0.7275,0.7425,-0.0513,1.0000,1.0000,1.0000,-0.0256,0.9805,0.9435,0.9650
rv,P,scene,drive,48,8,3,2000,0.0200,1175.1650,3525.4950,48.0000,0.0066,0.0130,0.0124,0.0775,0.0203,0.8925,0.7270,0.8565,0.0441,1.0000,1.0000,1.0000,0.0222,0.9455,0.8185,0.9310
rv,P,drive_equal,drive,48,8,3,2000,0.0200,1175.1650,3525.4950,48.0000,0.0054,0.0106,0.0107,0.0550,0.0198,0.9635,0.9085,0.9380,0.0433,1.0000,1.0000,1.0000,0.0217,0.9875,0.9590,0.9745
dm,P,scene,drive,48,8,3,2000,0.0200,1175.1650,3525.4950,48.0000,0.0228,0.0447,0.0414,0.1150,0.0198,0.1595,0.0615,0.0285,0.0476,0.5450,0.3225,0.3980,0.0237,0.1970,0.0850,0.0420
dm,P,drive_equal,drive,48,8,3,2000,0.0200,1175.1650,3525.4950,48.0000,0.0165,0.0324,0.0332,0.0695,0.0196,0.2300,0.1280,0.0515,0.0472,0.8145,0.6900,0.6745,0.0234,0.2950,0.1750,0.0810
rn,F,scene,drive,48,16,all,2000,-0.1000,222.7125,13189.7410,40.0000,0.0615,0.1206,0.1201,0.0640,-0.1012,0.3920,0.2635,0.2450,-0.3991,1.0000,1.0000,1.0000,-0.2001,0.8970,0.8220,0.7650
rn,F,drive_equal,drive,48,16,all,2000,-0.1000,222.7125,13189.7410,40.0000,0.0480,0.0940,0.0951,0.0495,-0.1012,0.5765,0.4180,0.3705,-0.3991,1.0000,1.0000,1.0000,-0.2002,0.9890,0.9725,0.9515
rv,F,scene,drive,48,16,all,2000,0.1000,222.7125,13189.7410,40.0000,0.0497,0.0975,0.0971,0.0640,0.1010,0.5320,0.4025,0.3620,0.2910,1.0000,1.0000,1.0000,0.1460,0.8270,0.7340,0.6665
rv,F,drive_equal,drive,48,16,all,2000,0.1000,222.7125,13189.7410,40.0000,0.0388,0.0760,0.0769,0.0495,0.1010,0.7450,0.6120,0.5470,0.2910,1.0000,1.0000,1.0000,0.1460,0.9715,0.9250,0.8905
dm,F,scene,drive,48,16,all,2000,0.0500,222.7125,13189.7410,40.0000,0.0444,0.0871,0.0878,0.0645,0.0502,0.1925,0.1040,0.1115,0.0987,0.5945,0.4260,0.4430,0.0495,0.1880,0.0990,0.1100
dm,F,drive_equal,drive,48,16,all,2000,0.0500,222.7125,13189.7410,40.0000,0.0340,0.0667,0.0694,0.0435,0.0499,0.3310,0.1870,0.1580,0.0985,0.8360,0.6925,0.6330,0.0492,0.3220,0.1820,0.1530
rn,P,scene,drive,48,16,all,2000,-0.0200,1978.6420,13189.7410,48.0000,0.0074,0.0145,0.0140,0.0745,-0.0202,0.7595,0.5635,0.6835,-0.0521,1.0000,1.0000,1.0000,-0.0262,0.9490,0.8430,0.9355
rn,P,drive_equal,drive,48,16,all,2000,-0.0200,1978.6420,13189.7410,48.0000,0.0058,0.0114,0.0115,0.0575,-0.0199,0.9185,0.8365,0.8750,-0.0515,1.0000,1.0000,1.0000,-0.0258,0.9945,0.9765,0.9945
rv,P,scene,drive,48,16,all,2000,0.0200,1978.6420,13189.7410,48.0000,0.0061,0.0119,0.0115,0.0755,0.0201,0.9260,0.7865,0.9005,0.0440,1.0000,1.0000,1.0000,0.0221,0.9620,0.8760,0.9475
rv,P,drive_equal,drive,48,16,all,2000,0.0200,1978.6420,13189.7410,48.0000,0.0048,0.0093,0.0094,0.0570,0.0199,0.9870,0.9635,0.9830,0.0435,1.0000,1.0000,1.0000,0.0218,0.9960,0.9840,0.9955
dm,P,scene,drive,48,16,all,2000,0.0200,1978.6420,13189.7410,48.0000,0.0209,0.0410,0.0396,0.1085,0.0196,0.1635,0.0840,0.0250,0.0473,0.6185,0.4200,0.4620,0.0235,0.2045,0.1075,0.0385
dm,P,drive_equal,drive,48,16,all,2000,0.0200,1978.6420,13189.7410,48.0000,0.0159,0.0311,0.0315,0.0695,0.0200,0.2365,0.1330,0.0585,0.0477,0.8565,0.7190,0.7905,0.0239,0.3220,0.1870,0.0960
rn,F,scene,drive,48,16,3,2000,-0.1000,221.6955,5920.7175,40.0000,0.0645,0.1264,0.1231,0.0780,-0.1003,0.3535,0.2030,0.2200,-0.3982,1.0000,1.0000,1.0000,-0.1993,0.8655,0.7560,0.7455
rn,F,drive_equal,drive,48,16,3,2000,-0.1000,221.6955,5920.7175,40.0000,0.0518,0.1015,0.1038,0.0540,-0.0984,0.4665,0.2765,0.2750,-0.3963,1.0000,1.0000,1.0000,-0.1973,0.9650,0.9130,0.9010
rv,F,scene,drive,48,16,3,2000,0.1000,221.6955,5920.7175,40.0000,0.0522,0.1022,0.0995,0.0780,0.1003,0.4995,0.3245,0.3340,0.2903,0.9995,0.9985,0.9995,0.1453,0.7990,0.6565,0.6530
rv,F,drive_equal,drive,48,16,3,2000,0.1000,221.6955,5920.7175,40.0000,0.0419,0.0821,0.0839,0.0540,0.0987,0.6415,0.4675,0.4500,0.2887,1.0000,1.0000,1.0000,0.1437,0.9270,0.8350,0.8235
dm,F,scene,drive,48,16,3,2000,0.0500,221.6955,5920.7175,40.0000,0.0478,0.0938,0.0920,0.0765,0.0521,0.1740,0.0915,0.1160,0.1007,0.5545,0.3830,0.4325,0.0514,0.1715,0.0895,0.1120
dm,F,drive_equal,drive,48,16,3,2000,0.0500,221.6955,5920.7175,40.0000,0.0410,0.0804,0.0834,0.0445,0.0506,0.2435,0.1350,0.1250,0.0992,0.6915,0.5145,0.4685,0.0499,0.2400,0.1295,0.1220
rn,P,scene,drive,48,16,3,2000,-0.0200,1973.5725,5920.7175,48.0000,0.0075,0.0147,0.0143,0.0915,-0.0199,0.7540,0.5825,0.6365,-0.0518,1.0000,1.0000,1.0000,-0.0259,0.9430,0.8460,0.9315
rn,P,drive_equal,drive,48,16,3,2000,-0.0200,1973.5725,5920.7175,48.0000,0.0062,0.0121,0.0123,0.0540,-0.0197,0.8955,0.7665,0.8110,-0.0512,1.0000,1.0000,1.0000,-0.0255,0.9895,0.9650,0.9840
rv,P,scene,drive,48,16,3,2000,0.0200,1973.5725,5920.7175,48.0000,0.0062,0.0121,0.0117,0.0915,0.0199,0.9095,0.7970,0.8775,0.0437,1.0000,1.0000,1.0000,0.0218,0.9545,0.8720,0.9485
rv,P,drive_equal,drive,48,16,3,2000,0.0200,1973.5725,5920.7175,48.0000,0.0051,0.0099,0.0101,0.0545,0.0197,0.9805,0.9385,0.9680,0.0432,1.0000,1.0000,1.0000,0.0216,0.9915,0.9740,0.9905
dm,P,scene,drive,48,16,3,2000,0.0200,1973.5725,5920.7175,48.0000,0.0220,0.0431,0.0404,0.1095,0.0201,0.1490,0.0885,0.0245,0.0478,0.5645,0.3875,0.4470,0.0240,0.1925,0.1100,0.0360
dm,P,drive_equal,drive,48,16,3,2000,0.0200,1973.5725,5920.7175,48.0000,0.0160,0.0313,0.0324,0.0575,0.0201,0.2200,0.1205,0.0585,0.0478,0.8465,0.6875,0.7385,0.0239,0.3015,0.1665,0.0905
rn,F,scene,segment,8,0,all,2000,-0.1000,36.7945,259.5330,7.0000,0.1145,0.2244,0.2211,0.1335,-0.1001,0.1635,0.0990,0.1345,-0.3980,0.9375,0.8920,0.6985,-0.1991,0.4220,0.3255,0.3050
rn,F,drive_equal,segment,8,0,all,2000,-0.1000,36.7945,259.5330,7.0000,0.1038,0.2034,0.2452,0.0640,-0.1003,0.1800,0.0945,0.0745,-0.3982,0.9715,0.9260,0.6525,-0.1993,0.5065,0.3500,0.1910
rv,F,scene,segment,8,0,all,2000,0.1000,36.7945,259.5330,7.0000,0.0926,0.1814,0.1788,0.1335,0.1001,0.2165,0.1395,0.1670,0.2901,0.8780,0.8220,0.6385,0.1451,0.3615,0.2720,0.2620
rv,F,drive_equal,segment,8,0,all,2000,0.1000,36.7945,259.5330,7.0000,0.0839,0.1645,0.1983,0.0640,0.1003,0.2345,0.1410,0.0965,0.2903,0.9295,0.8630,0.5410,0.1453,0.4335,0.2760,0.1615
dm,F,scene,segment,8,0,all,2000,0.0500,36.7945,259.5330,7.0000,0.0879,0.1722,0.1559,0.1430,0.0506,0.0975,0.0325,0.0845,0.0991,0.2020,0.1090,0.1705,0.0498,0.0965,0.0315,0.0835
dm,F,drive_equal,segment,8,0,all,2000,0.0500,36.7945,259.5330,7.0000,0.0757,0.1483,0.1741,0.0590,0.0494,0.1050,0.0410,0.0315,0.0979,0.2700,0.1460,0.0805,0.0486,0.1045,0.0405,0.0310
rn,F,scene,segment,8,0,3,2000,-0.1000,36.5875,109.7625,7.0000,0.1198,0.2347,0.2287,0.1400,-0.1018,0.1460,0.0630,0.1395,-0.3997,0.9185,0.8335,0.7020,-0.2007,0.4095,0.2760,0.2880
rn,F,drive_equal,segment,8,0,3,2000,-0.1000,36.5875,109.7625,7.0000,0.1131,0.2216,0.2715,0.0575,-0.1014,0.1420,0.0695,0.0560,-0.3993,0.9415,0.8770,0.5705,-0.2004,0.4260,0.2765,0.1430
rv,F,scene,segment,8,0,3,2000,0.1000,36.5875,109.7625,7.0000,0.0968,0.1898,0.1849,0.1400,0.1015,0.2000,0.0985,0.1645,0.2915,0.8515,0.7445,0.6320,0.1465,0.3495,0.2240,0.2540
rv,F,drive_equal,segment,8,0,3,2000,0.1000,36.5875,109.7625,7.0000,0.0914,0.1792,0.2195,0.0575,0.1011,0.2005,0.1025,0.0700,0.2911,0.8935,0.7885,0.4720,0.1461,0.3600,0.2240,0.1185
dm,F,scene,segment,8,0,3,2000,0.0500,36.5875,109.7625,7.0000,0.0942,0.1847,0.1755,0.1275,0.0487,0.0810,0.0240,0.0725,0.0973,0.1530,0.0615,0.1340,0.0480,0.0810,0.0235,0.0715
dm,F,drive_equal,segment,8,0,3,2000,0.0500,36.5875,109.7625,7.0000,0.0932,0.1826,0.2168,0.0560,0.0482,0.0755,0.0295,0.0195,0.0968,0.1760,0.0725,0.0505,0.0475,0.0755,0.0295,0.0195
rn,F,scene,segment,8,2,all,2000,-0.1000,36.8060,542.7975,7.0000,0.1161,0.2275,0.2159,0.1410,-0.0971,0.1385,0.0810,0.1425,-0.3950,0.9195,0.8675,0.7165,-0.1960,0.4125,0.3095,0.3085
rn,F,drive_equal,segment,8,2,all,2000,-0.1000,36.8060,542.7975,7.0000,0.1008,0.1975,0.2465,0.0550,-0.0996,0.1855,0.0995,0.0650,-0.3975,0.9745,0.9440,0.6570,-0.1986,0.5335,0.3980,0.1850
rv,F,scene,segment,8,2,all,2000,0.1000,36.8060,542.7975,7.0000,0.0939,0.1840,0.1746,0.1410,0.0976,0.1875,0.1225,0.1775,0.2876,0.8510,0.7920,0.6425,0.1426,0.3470,0.2540,0.2730
rv,F,drive_equal,segment,8,2,all,2000,0.1000,36.8060,542.7975,7.0000,0.0815,0.1597,0.1993,0.0550,0.0997,0.2520,0.1555,0.0800,0.2897,0.9395,0.8980,0.5570,0.1447,0.4495,0.3270,0.1545
dm,F,scene,segment,8,2,all,2000,0.0500,36.8060,542.7975,7.0000,0.0837,0.1640,0.1559,0.1240,0.0521,0.0870,0.0305,0.0765,0.1006,0.2075,0.0905,0.1705,0.0513,0.0845,0.0295,0.0750
dm,F,drive_equal,segment,8,2,all,2000,0.0500,36.8060,542.7975,7.0000,0.0744,0.1458,0.1760,0.0505,0.0513,0.0995,0.0420,0.0295,0.0998,0.2535,0.1410,0.0785,0.0506,0.0990,0.0410,0.0290
rn,P,scene,segment,8,2,all,2000,-0.0200,79.5570,542.7975,8.0000,0.0184,0.0361,0.0301,0.1470,-0.0200,0.1490,0.0455,0.1150,-0.0519,0.8600,0.3675,0.7915,-0.0260,0.2365,0.0660,0.2075
rn,P,drive_equal,segment,8,2,all,2000,-0.0200,79.5570,542.7975,8.0000,0.0170,0.0333,0.0338,0.1160,-0.0196,0.1690,0.0620,0.0180,-0.0509,0.8470,0.5165,0.6945,-0.0254,0.2580,0.1020,0.0630
rv,P,scene,segment,8,2,all,2000,0.0200,79.5570,542.7975,8.0000,0.0151,0.0297,0.0247,0.1470,0.0200,0.2105,0.0585,0.1865,0.0438,0.8895,0.3900,0.8205,0.0219,0.2490,0.0685,0.2285
rv,P,drive_equal,segment,8,2,all,2000,0.0200,79.5570,542.7975,8.0000,0.0139,0.0273,0.0277,0.1160,0.0196,0.2345,0.0890,0.0470,0.0431,0.8925,0.5585,0.7445,0.0215,0.2705,0.1065,0.0760
dm,P,scene,segment,8,2,all,2000,0.0200,79.5570,542.7975,8.0000,0.0384,0.0752,0.0690,0.1370,0.0204,0.0905,0.0300,0.0485,0.0481,0.2170,0.0920,0.1125,0.0243,0.1020,0.0385,0.0485
dm,P,drive_equal,segment,8,2,all,2000,0.0200,79.5570,542.7975,8.0000,0.0357,0.0699,0.0784,0.0995,0.0193,0.0885,0.0480,0.0185,0.0470,0.2445,0.1375,0.0250,0.0232,0.1075,0.0545,0.0145
rn,F,scene,segment,8,2,3,2000,-0.1000,36.9105,239.2215,7.0000,0.1198,0.2349,0.2266,0.1335,-0.0995,0.1540,0.0670,0.1280,-0.3974,0.9275,0.8255,0.7030,-0.1985,0.4105,0.2505,0.2945
rn,F,drive_equal,segment,8,2,3,2000,-0.1000,36.9105,239.2215,7.0000,0.1157,0.2268,0.2692,0.0585,-0.0995,0.1365,0.0640,0.0550,-0.3974,0.9320,0.8470,0.5900,-0.1985,0.3855,0.2270,0.1440
rv,F,scene,segment,8,2,3,2000,0.1000,36.9105,239.2215,7.0000,0.0969,0.1899,0.1832,0.1335,0.0996,0.2075,0.1000,0.1595,0.2896,0.8585,0.7300,0.6275,0.1446,0.3585,0.2065,0.2485
rv,F,drive_equal,segment,8,2,3,2000,0.1000,36.9105,239.2215,7.0000,0.0936,0.1834,0.2176,0.0585,0.0996,0.1715,0.0905,0.0680,0.2896,0.8700,0.7375,0.4730,0.1446,0.3260,0.1740,0.1210
dm,F,scene,segment,8,2,3,2000,0.0500,36.9105,239.2215,7.0000,0.0923,0.1809,0.1763,0.1195,0.0503,0.0900,0.0255,0.0660,0.0989,0.1865,0.0680,0.1315,0.0496,0.0885,0.0255,0.0660
dm,F,drive_equal,segment,8,2,3,2000,0.0500,36.9105,239.2215,7.0000,0.0926,0.1815,0.2207,0.0505,0.0485,0.0745,0.0280,0.0215,0.0970,0.1705,0.0710,0.0470,0.0478,0.0730,0.0275,0.0215
rn,P,scene,segment,8,2,3,2000,-0.0200,79.7405,239.2215,8.0000,0.0212,0.0416,0.0355,0.1900,-0.0196,0.1245,0.0480,0.0510,-0.0515,0.6470,0.2780,0.6810,-0.0256,0.1730,0.0650,0.1145
rn,P,drive_equal,segment,8,2,3,2000,-0.0200,79.7405,239.2215,8.0000,0.0209,0.0410,0.0403,0.1720,-0.0194,0.1245,0.0515,0.0065,-0.0510,0.6010,0.3140,0.5060,-0.0253,0.1850,0.0715,0.0185
rv,P,scene,segment,8,2,3,2000,0.0200,79.7405,239.2215,8.0000,0.0174,0.0341,0.0291,0.1910,0.0196,0.1630,0.0620,0.0960,0.0435,0.6785,0.3020,0.7085,0.0216,0.1805,0.0670,0.1350
rv,P,drive_equal,segment,8,2,3,2000,0.0200,79.7405,239.2215,8.0000,0.0172,0.0336,0.0330,0.1730,0.0195,0.1710,0.0635,0.0190,0.0431,0.6345,0.3345,0.5555,0.0214,0.1945,0.0730,0.0245
dm,P,scene,segment,8,2,3,2000,0.0200,79.7405,239.2215,8.0000,0.0430,0.0843,0.0783,0.1325,0.0195,0.0790,0.0245,0.0385,0.0472,0.1575,0.0555,0.0770,0.0233,0.0860,0.0255,0.0405
dm,P,drive_equal,segment,8,2,3,2000,0.0200,79.7405,239.2215,8.0000,0.0423,0.0829,0.0909,0.1020,0.0206,0.0840,0.0355,0.0230,0.0483,0.1795,0.0935,0.0115,0.0245,0.0925,0.0410,0.0180
rn,F,scene,segment,8,4,all,2000,-0.1000,36.9040,807.4335,7.0000,0.1147,0.2248,0.2199,0.1320,-0.0940,0.1315,0.0775,0.1295,-0.3919,0.9235,0.8710,0.7015,-0.1929,0.3920,0.2820,0.2960
rn,F,drive_equal,segment,8,4,all,2000,-0.1000,36.9040,807.4335,7.0000,0.1004,0.1969,0.2459,0.0590,-0.0980,0.1680,0.0850,0.0700,-0.3959,0.9735,0.9385,0.6440,-0.1969,0.5120,0.3305,0.1685
rv,F,scene,segment,8,4,all,2000,0.1000,36.9040,807.4335,7.0000,0.0928,0.1818,0.1778,0.1320,0.0951,0.1765,0.1110,0.1610,0.2851,0.8670,0.7785,0.6245,0.1401,0.3320,0.2205,0.2620
rv,F,drive_equal,segment,8,4,all,2000,0.1000,36.9040,807.4335,7.0000,0.0812,0.1592,0.1988,0.0590,0.0984,0.2330,0.1135,0.0905,0.2884,0.9495,0.8770,0.5410,0.1434,0.4265,0.2635,0.1415
dm,F,scene,segment,8,4,all,2000,0.0500,36.9040,807.4335,7.0000,0.0825,0.1617,0.1574,0.1245,0.0481,0.0815,0.0310,0.0845,0.0966,0.1940,0.0845,0.1505,0.0474,0.0805,0.0305,0.0840
dm,F,drive_equal,segment,8,4,all,2000,0.0500,36.9040,807.4335,7.0000,0.0755,0.1480,0.1757,0.0510,0.0480,0.0980,0.0270,0.0255,0.0965,0.2685,0.1010,0.0730,0.0472,0.0970,0.0270,0.0250
rn,P,scene,segment,8,4,all,2000,-0.0200,119.5450,807.4335,8.0000,0.0153,0.0299,0.0263,0.1290,-0.0198,0.2145,0.0825,0.1585,-0.0518,0.9485,0.7705,0.8575,-0.0258,0.3355,0.1515,0.2890
rn,P,drive_equal,segment,8,4,all,2000,-0.0200,119.5450,807.4335,8.0000,0.0147,0.0288,0.0308,0.0755,-0.0197,0.2095,0.1015,0.0435,-0.0511,0.9435,0.7945,0.7765,-0.0255,0.3395,0.1735,0.1030
rv,P,scene,segment,8,4,all,2000,0.0200,119.5450,807.4335,8.0000,0.0125,0.0245,0.0216,0.1280,0.0198,0.2875,0.1205,0.2585,0.0437,0.9645,0.8140,0.8790,0.0217,0.3490,0.1600,0.3125
rv,P,drive_equal,segment,8,4,all,2000,0.0200,119.5450,807.4335,8.0000,0.0120,0.0236,0.0252,0.0770,0.0197,0.2975,0.1505,0.0890,0.0432,0.9615,0.8375,0.8105,0.0216,0.3580,0.1850,0.1315
dm,P,scene,segment,8,4,all,2000,0.0200,119.5450,807.4335,8.0000,0.0346,0.0679,0.0640,0.1500,0.0192,0.0890,0.0365,0.0445,0.0469,0.2525,0.0995,0.1185,0.0230,0.1045,0.0405,0.0425
dm,P,drive_equal,segment,8,4,all,2000,0.0200,119.5450,807.4335,8.0000,0.0335,0.0656,0.0725,0.1090,0.0188,0.1040,0.0405,0.0175,0.0465,0.2875,0.1460,0.0335,0.0227,0.1190,0.0495,0.0155
rn,F,scene,segment,8,4,3,2000,-0.1000,37.3415,360.9435,7.0000,0.1190,0.2332,0.2306,0.1220,-0.1008,0.1465,0.0630,0.1205,-0.3987,0.9205,0.8380,0.6880,-0.1997,0.3930,0.2615,0.2780
rn,F,drive_equal,segment,8,4,3,2000,-0.1000,37.3415,360.9435,7.0000,0.1106,0.2167,0.2737,0.0475,-0.1002,0.1515,0.0695,0.0360,-0.3981,0.9525,0.8870,0.5695,-0.1991,0.4470,0.2815,0.1350
rv,F,scene,segment,8,4,3,2000,0.1000,37.3415,360.9435,7.0000,0.0962,0.1886,0.1864,0.1220,0.1006,0.1920,0.1005,0.1485,0.2906,0.8540,0.7475,0.6145,0.1456,0.3415,0.2070,0.2395
rv,F,drive_equal,segment,8,4,3,2000,0.1000,37.3415,360.9435,7.0000,0.0894,0.1753,0.2213,0.0475,0.1001,0.2110,0.1060,0.0520,0.2901,0.9020,0.7990,0.4640,0.1451,0.3810,0.2230,0.1140
dm,F,scene,segment,8,4,3,2000,0.0500,37.3415,360.9435,7.0000,0.0940,0.1843,0.1749,0.1155,0.0487,0.0690,0.0210,0.0705,0.0972,0.1580,0.0540,0.1275,0.0480,0.0685,0.0205,0.0690
dm,F,drive_equal,segment,8,4,3,2000,0.0500,37.3415,360.9435,7.0000,0.0952,0.1867,0.2209,0.0435,0.0495,0.0675,0.0270,0.0160,0.0981,0.1620,0.0575,0.0440,0.0488,0.0675,0.0270,0.0165
rn,P,scene,segment,8,4,3,2000,-0.0200,120.3145,360.9435,8.0000,0.0168,0.0330,0.0299,0.1520,-0.0197,0.1750,0.0800,0.0920,-0.0517,0.8895,0.6300,0.7790,-0.0257,0.2695,0.1245,0.1825
rn,P,drive_equal,segment,8,4,3,2000,-0.0200,120.3145,360.9435,8.0000,0.0163,0.0320,0.0341,0.1160,-0.0190,0.1830,0.0710,0.0135,-0.0504,0.8830,0.5895,0.6615,-0.0249,0.2905,0.1125,0.0385
rv,P,scene,segment,8,4,3,2000,0.0200,120.3145,360.9435,8.0000,0.0138,0.0271,0.0245,0.1540,0.0197,0.2320,0.1100,0.1575,0.0436,0.9205,0.6730,0.8100,0.0217,0.2765,0.1300,0.2045
rv,P,drive_equal,segment,8,4,3,2000,0.0200,120.3145,360.9435,8.0000,0.0134,0.0263,0.0279,0.1180,0.0192,0.2520,0.0950,0.0335,0.0426,0.9090,0.6330,0.7155,0.0210,0.3085,0.1180,0.0455
dm,P,scene,segment,8,4,3,2000,0.0200,120.3145,360.9435,8.0000,0.0391,0.0766,0.0723,0.1245,0.0218,0.0930,0.0355,0.0365,0.0495,0.2160,0.0890,0.1010,0.0256,0.1020,0.0385,0.0330
dm,P,drive_equal,segment,8,4,3,2000,0.0200,120.3145,360.9435,8.0000,0.0377,0.0739,0.0805,0.0890,0.0206,0.0875,0.0530,0.0125,0.0483,0.2330,0.1405,0.0225,0.0245,0.1035,0.0600,0.0105
rn,F,scene,segment,8,8,all,2000,-0.1000,36.6695,1302.6115,7.0000,0.1150,0.2254,0.2202,0.1405,-0.1019,0.1475,0.0915,0.1325,-0.3998,0.9285,0.8845,0.7225,-0.2008,0.4165,0.3115,0.3130
rn,F,drive_equal,segment,8,8,all,2000,-0.1000,36.6695,1302.6115,7.0000,0.1002,0.1963,0.2469,0.0705,-0.0978,0.1535,0.0930,0.0620,-0.3956,0.9700,0.9420,0.6490,-0.1967,0.4810,0.3680,0.1685
rv,F,scene,segment,8,8,all,2000,0.1000,36.6695,1302.6115,7.0000,0.0930,0.1823,0.1780,0.1405,0.1015,0.1990,0.1265,0.1645,0.2915,0.8760,0.8055,0.6540,0.1465,0.3525,0.2550,0.2710
rv,F,drive_equal,segment,8,8,all,2000,0.1000,36.6695,1302.6115,7.0000,0.0810,0.1587,0.1997,0.0705,0.0982,0.2145,0.1300,0.0770,0.2882,0.9355,0.8900,0.5440,0.1432,0.4085,0.2910,0.1380
dm,F,scene,segment,8,8,all,2000,0.0500,36.6695,1302.6115,7.0000,0.0861,0.1688,0.1600,0.1280,0.0503,0.0850,0.0380,0.0810,0.0988,0.1945,0.1020,0.1765,0.0495,0.0840,0.0370,0.0800
dm,F,drive_equal,segment,8,8,all,2000,0.0500,36.6695,1302.6115,7.0000,0.0743,0.1456,0.1768,0.0525,0.0515,0.1175,0.0495,0.0310,0.1001,0.2760,0.1640,0.0770,0.0508,0.1165,0.0490,0.0305
rn,P,scene,segment,8,8,all,2000,-0.0200,194.3170,1302.6115,8.0000,0.0133,0.0261,0.0246,0.1200,-0.0207,0.3085,0.1650,0.1995,-0.0527,0.9930,0.9405,0.8865,-0.0267,0.4835,0.2865,0.3515
rn,P,drive_equal,segment,8,8,all,2000,-0.0200,194.3170,1302.6115,8.0000,0.0131,0.0256,0.0283,0.0675,-0.0202,0.3040,0.1395,0.0510,-0.0516,0.9920,0.9225,0.8290,-0.0261,0.4845,0.2450,0.1325
rv,P,scene,segment,8,8,all,2000,0.0200,194.3170,1302.6115,8.0000,0.0109,0.0214,0.0202,0.1210,0.0206,0.4355,0.2510,0.3135,0.0444,0.9960,0.9605,0.9055,0.0225,0.5010,0.3025,0.3780
rv,P,drive_equal,segment,8,8,all,2000,0.0200,194.3170,1302.6115,8.0000,0.0107,0.0210,0.0232,0.0685,0.0202,0.4365,0.2095,0.1250,0.0436,0.9950,0.9505,0.8710,0.0220,0.5075,0.2595,0.1605
dm,P,scene,segment,8,8,all,2000,0.0200,194.3170,1302.6115,8.0000,0.0339,0.0665,0.0624,0.1370,0.0201,0.1060,0.0370,0.0420,0.0478,0.2735,0.1190,0.1425,0.0240,0.1235,0.0435,0.0470
dm,P,drive_equal,segment,8,8,all,2000,0.0200,194.3170,1302.6115,8.0000,0.0325,0.0637,0.0701,0.1010,0.0196,0.1065,0.0400,0.0125,0.0472,0.2960,0.1365,0.0420,0.0234,0.1235,0.0480,0.0075
rn,F,scene,segment,8,8,3,2000,-0.1000,36.9810,585.9435,7.0000,0.1186,0.2325,0.2318,0.1340,-0.0963,0.1355,0.0780,0.1120,-0.3941,0.9105,0.8505,0.6895,-0.1952,0.3985,0.2625,0.2595
rn,F,drive_equal,segment,8,8,3,2000,-0.1000,36.9810,585.9435,7.0000,0.1123,0.2201,0.2745,0.0545,-0.0954,0.1240,0.0690,0.0390,-0.3933,0.9365,0.8710,0.5565,-0.1943,0.4075,0.2615,0.1365
rv,F,scene,segment,8,8,3,2000,0.1000,36.9810,585.9435,7.0000,0.0959,0.1880,0.1874,0.1340,0.0970,0.1870,0.1070,0.1360,0.2870,0.8560,0.7595,0.6150,0.1420,0.3365,0.2195,0.2240
rv,F,drive_equal,segment,8,8,3,2000,0.1000,36.9810,585.9435,7.0000,0.0908,0.1780,0.2220,0.0545,0.0963,0.1740,0.0935,0.0515,0.2863,0.8820,0.7790,0.4480,0.1413,0.3410,0.2070,0.1085
dm,F,scene,segment,8,8,3,2000,0.0500,36.9810,585.9435,7.0000,0.0910,0.1783,0.1764,0.1220,0.0509,0.0960,0.0295,0.0700,0.0994,0.2010,0.0885,0.1310,0.0501,0.0955,0.0290,0.0700
dm,F,drive_equal,segment,8,8,3,2000,0.0500,36.9810,585.9435,7.0000,0.0912,0.1787,0.2142,0.0495,0.0488,0.0855,0.0195,0.0195,0.0974,0.1920,0.0595,0.0490,0.0481,0.0815,0.0190,0.0190
rn,P,scene,segment,8,8,3,2000,-0.0200,195.3145,585.9435,8.0000,0.0146,0.0286,0.0262,0.1295,-0.0201,0.2320,0.0965,0.1555,-0.0520,0.9710,0.8005,0.8525,-0.0260,0.3620,0.1635,0.2905
rn,P,drive_equal,segment,8,8,3,2000,-0.0200,195.3145,585.9435,8.0000,0.0150,0.0294,0.0313,0.0835,-0.0199,0.2360,0.1130,0.0325,-0.0514,0.9470,0.7900,0.7370,-0.0258,0.3625,0.1870,0.0945
rv,P,scene,segment,8,8,3,2000,0.0200,195.3145,585.9435,8.0000,0.0120,0.0235,0.0215,0.1300,0.0201,0.3290,0.1425,0.2655,0.0439,0.9765,0.8375,0.8805,0.0220,0.3780,0.1715,0.3160
rv,P,drive_equal,segment,8,8,3,2000,0.0200,195.3145,585.9435,8.0000,0.0123,0.0240,0.0256,0.0850,0.0199,0.3275,0.1645,0.0790,0.0434,0.9600,0.8345,0.7865,0.0218,0.3805,0.1965,0.1140
dm,P,scene,segment,8,8,3,2000,0.0200,195.3145,585.9435,8.0000,0.0371,0.0727,0.0650,0.1395,0.0207,0.0905,0.0350,0.0415,0.0485,0.2120,0.0905,0.1155,0.0246,0.0990,0.0400,0.0380
dm,P,drive_equal,segment,8,8,3,2000,0.0200,195.3145,585.9435,8.0000,0.0349,0.0684,0.0745,0.1010,0.0201,0.0965,0.0430,0.0150,0.0478,0.2650,0.1425,0.0310,0.0240,0.1115,0.0515,0.0100
rn,F,scene,segment,8,16,all,2000,-0.1000,37.0425,2197.1305,7.0000,0.1149,0.2252,0.2246,0.1265,-0.1004,0.1475,0.0815,0.1235,-0.3983,0.9330,0.8785,0.6975,-0.1994,0.4185,0.3120,0.2900
rn,F,drive_equal,segment,8,16,all,2000,-0.1000,37.0425,2197.1305,7.0000,0.1023,0.2005,0.2491,0.0620,-0.1016,0.1735,0.0830,0.0675,-0.3995,0.9750,0.9295,0.6510,-0.2006,0.5140,0.3425,0.1700
rv,F,scene,segment,8,16,all,2000,0.1000,37.0425,2197.1305,7.0000,0.0929,0.1821,0.1816,0.1265,0.1003,0.2035,0.1215,0.1560,0.2903,0.8740,0.8030,0.6330,0.1453,0.3540,0.2590,0.2545
rv,F,drive_equal,segment,8,16,all,2000,0.1000,37.0425,2197.1305,7.0000,0.0827,0.1621,0.2015,0.0620,0.1013,0.2350,0.1245,0.0825,0.2913,0.9340,0.8715,0.5550,0.1463,0.4480,0.2725,0.1400
dm,F,scene,segment,8,16,all,2000,0.0500,37.0425,2197.1305,7.0000,0.0872,0.1710,0.1581,0.1435,0.0480,0.0835,0.0265,0.0895,0.0965,0.1910,0.0840,0.1730,0.0472,0.0820,0.0265,0.0895
dm,F,drive_equal,segment,8,16,all,2000,0.0500,37.0425,2197.1305,7.0000,0.0748,0.1466,0.1772,0.0605,0.0480,0.0975,0.0455,0.0295,0.0965,0.2730,0.1435,0.0700,0.0473,0.0945,0.0450,0.0300
rn,P,scene,segment,8,16,all,2000,-0.0200,329.4625,2197.1305,8.0000,0.0126,0.0247,0.0231,0.1115,-0.0199,0.3055,0.1425,0.2200,-0.0519,0.9945,0.9600,0.9080,-0.0259,0.5005,0.2680,0.3740
rn,P,drive_equal,segment,8,16,all,2000,-0.0200,329.4625,2197.1305,8.0000,0.0125,0.0246,0.0268,0.0680,-0.0196,0.3280,0.1855,0.0640,-0.0511,0.9935,0.9565,0.8640,-0.0255,0.5090,0.3090,0.1675
rv,P,scene,segment,8,16,all,2000,0.0200,329.4625,2197.1305,8.0000,0.0103,0.0203,0.0189,0.1130,0.0199,0.4560,0.2250,0.3485,0.0437,0.9970,0.9705,0.9325,0.0218,0.5285,0.2885,0.4045
rv,P,drive_equal,segment,8,16,all,2000,0.0200,329.4625,2197.1305,8.0000,0.0103,0.0201,0.0219,0.0690,0.0197,0.4660,0.2745,0.1435,0.0432,0.9965,0.9725,0.9015,0.0216,0.5325,0.3330,0.1985
dm,P,scene,segment,8,16,all,2000,0.0200,329.4625,2197.1305,8.0000,0.0338,0.0662,0.0601,0.1520,0.0192,0.0945,0.0325,0.0390,0.0470,0.2500,0.0830,0.1520,0.0231,0.1120,0.0355,0.0450
dm,P,drive_equal,segment,8,16,all,2000,0.0200,329.4625,2197.1305,8.0000,0.0331,0.0650,0.0686,0.1005,0.0197,0.1065,0.0495,0.0170,0.0474,0.2760,0.1485,0.0555,0.0236,0.1185,0.0595,0.0125
rn,F,scene,segment,8,16,3,2000,-0.1000,36.7955,979.8570,7.0000,0.1212,0.2376,0.2340,0.1250,-0.0983,0.1280,0.0585,0.1160,-0.3962,0.9015,0.8205,0.6810,-0.1972,0.3880,0.2530,0.2685
rn,F,drive_equal,segment,8,16,3,2000,-0.1000,36.7955,979.8570,7.0000,0.1129,0.2212,0.2753,0.0520,-0.1031,0.1600,0.0795,0.0455,-0.4010,0.9430,0.8865,0.5620,-0.2020,0.4515,0.2985,0.1390
rv,F,scene,segment,8,16,3,2000,0.1000,36.7955,979.8570,7.0000,0.0980,0.1921,0.1892,0.1250,0.0986,0.1750,0.0955,0.1445,0.2886,0.8325,0.7265,0.6105,0.1436,0.3285,0.1985,0.2340
rv,F,drive_equal,segment,8,16,3,2000,0.1000,36.7955,979.8570,7.0000,0.0913,0.1789,0.2226,0.0520,0.1025,0.2160,0.1175,0.0610,0.2925,0.8935,0.8130,0.4675,0.1475,0.3850,0.2475,0.1175
dm,F,scene,segment,8,16,3,2000,0.0500,36.7955,979.8570,7.0000,0.0914,0.1791,0.1743,0.1235,0.0515,0.0890,0.0385,0.0780,0.1000,0.1950,0.0905,0.1470,0.0508,0.0890,0.0390,0.0770
dm,F,drive_equal,segment,8,16,3,2000,0.0500,36.7955,979.8570,7.0000,0.0925,0.1813,0.2200,0.0510,0.0531,0.0870,0.0345,0.0165,0.1016,0.1710,0.0940,0.0440,0.0523,0.0855,0.0345,0.0155
rn,P,scene,segment,8,16,3,2000,-0.0200,326.6190,979.8570,8.0000,0.0130,0.0255,0.0243,0.1235,-0.0194,0.2810,0.1150,0.1645,-0.0515,0.9870,0.9150,0.8880,-0.0255,0.4615,0.2155,0.3210
rn,P,drive_equal,segment,8,16,3,2000,-0.0200,326.6190,979.8570,8.0000,0.0135,0.0265,0.0288,0.0835,-0.0195,0.2830,0.1465,0.0425,-0.0510,0.9815,0.8935,0.7955,-0.0254,0.4270,0.2420,0.1175
rv,P,scene,segment,8,16,3,2000,0.0200,326.6190,979.8570,8.0000,0.0107,0.0209,0.0199,0.1235,0.0195,0.4065,0.1810,0.2865,0.0434,0.9930,0.9385,0.9125,0.0215,0.4815,0.2330,0.3480
rv,P,drive_equal,segment,8,16,3,2000,0.0200,326.6190,979.8570,8.0000,0.0111,0.0217,0.0236,0.0845,0.0196,0.3945,0.2110,0.1035,0.0431,0.9895,0.9270,0.8390,0.0215,0.4585,0.2540,0.1500
dm,P,scene,segment,8,16,3,2000,0.0200,326.6190,979.8570,8.0000,0.0347,0.0679,0.0629,0.1235,0.0206,0.0875,0.0375,0.0310,0.0483,0.2345,0.0920,0.1430,0.0244,0.1020,0.0425,0.0295
dm,P,drive_equal,segment,8,16,3,2000,0.0200,326.6190,979.8570,8.0000,0.0345,0.0676,0.0727,0.0980,0.0211,0.1090,0.0505,0.0115,0.0487,0.2710,0.1540,0.0390,0.0249,0.1270,0.0615,0.0085
rn,F,scene,segment,12,0,all,2000,-0.1000,55.9475,395.2005,10.0000,0.0957,0.1876,0.1801,0.1105,-0.1042,0.2290,0.1365,0.1650,-0.4021,0.9930,0.9760,0.8900,-0.2031,0.5855,0.4540,0.4300
rn,F,drive_equal,segment,12,0,all,2000,-0.1000,55.9475,395.2005,10.0000,0.0816,0.1600,0.1818,0.0560,-0.1050,0.2555,0.1400,0.0980,-0.4029,0.9985,0.9945,0.9605,-0.2039,0.7135,0.5580,0.3665
rv,F,scene,segment,12,0,all,2000,0.1000,55.9475,395.2005,10.0000,0.0774,0.1517,0.1457,0.1105,0.1034,0.3050,0.1985,0.2200,0.2934,0.9690,0.9355,0.8145,0.1484,0.5085,0.3890,0.3755
rv,F,drive_equal,segment,12,0,all,2000,0.1000,55.9475,395.2005,10.0000,0.0660,0.1294,0.1470,0.0560,0.1040,0.3675,0.2135,0.1380,0.2940,0.9930,0.9805,0.9010,0.1490,0.6310,0.4590,0.2990
dm,F,scene,segment,12,0,all,2000,0.0500,55.9475,395.2005,10.0000,0.0716,0.1403,0.1285,0.1125,0.0490,0.1045,0.0465,0.0850,0.0975,0.2615,0.1560,0.2265,0.0483,0.1035,0.0460,0.0840
dm,F,drive_equal,segment,12,0,all,2000,0.0500,55.9475,395.2005,10.0000,0.0610,0.1195,0.1310,0.0545,0.0500,0.1310,0.0550,0.0475,0.0985,0.3690,0.2070,0.1755,0.0492,0.1280,0.0545,0.0460
rn,F,scene,segment,12,0,3,2000,-0.1000,55.6185,166.8555,10.0000,0.0998,0.1957,0.1875,0.1255,-0.0943,0.1650,0.0950,0.1375,-0.3922,0.9775,0.9510,0.8605,-0.1933,0.4845,0.3560,0.3710
rn,F,drive_equal,segment,12,0,3,2000,-0.1000,55.6185,166.8555,10.0000,0.0936,0.1835,0.2030,0.0530,-0.0995,0.1935,0.0800,0.0705,-0.3974,0.9900,0.9685,0.8935,-0.1985,0.5605,0.3730,0.2670
rv,F,scene,segment,12,0,3,2000,0.1000,55.6185,166.8555,10.0000,0.0807,0.1582,0.1516,0.1255,0.0954,0.2150,0.1430,0.1835,0.2854,0.9480,0.8900,0.7860,0.1404,0.4075,0.2895,0.3110
rv,F,drive_equal,segment,12,0,3,2000,0.1000,55.6185,166.8555,10.0000,0.0757,0.1484,0.1642,0.0530,0.0996,0.2715,0.1290,0.1020,0.2896,0.9725,0.9140,0.8155,0.1446,0.4840,0.3035,0.2185
dm,F,scene,segment,12,0,3,2000,0.0500,55.6185,166.8555,10.0000,0.0725,0.1421,0.1400,0.1010,0.0477,0.1025,0.0400,0.0685,0.0963,0.2585,0.1545,0.1865,0.0470,0.1025,0.0380,0.0665
dm,F,drive_equal,segment,12,0,3,2000,0.0500,55.6185,166.8555,10.0000,0.0758,0.1486,0.1644,0.0445,0.0486,0.0980,0.0395,0.0295,0.0971,0.2570,0.1210,0.0990,0.0478,0.0955,0.0385,0.0285
rn,F,scene,segment,12,2,all,2000,-0.1000,55.2260,813.9315,10.0000,0.0944,0.1850,0.1824,0.1150,-0.1010,0.2045,0.1295,0.1645,-0.3989,0.9910,0.9730,0.8805,-0.1999,0.5700,0.4530,0.4010
rn,F,drive_equal,segment,12,2,all,2000,-0.1000,55.2260,813.9315,10.0000,0.0811,0.1590,0.1837,0.0525,-0.0991,0.2440,0.1380,0.0830,-0.3970,0.9985,0.9930,0.9515,-0.1980,0.7040,0.5500,0.3245
rv,F,scene,segment,12,2,all,2000,0.1000,55.2260,813.9315,10.0000,0.0763,0.1496,0.1475,0.1150,0.1008,0.2775,0.1890,0.2080,0.2908,0.9670,0.9400,0.8160,0.1458,0.4895,0.3710,0.3450
rv,F,drive_equal,segment,12,2,all,2000,0.1000,55.2260,813.9315,10.0000,0.0656,0.1286,0.1486,0.0525,0.0993,0.3345,0.2145,0.1250,0.2893,0.9915,0.9820,0.8890,0.1443,0.6115,0.4495,0.2560
dm,F,scene,segment,12,2,all,2000,0.0500,55.2260,813.9315,10.0000,0.0709,0.1389,0.1282,0.1210,0.0477,0.1080,0.0360,0.0865,0.0962,0.2800,0.1340,0.2145,0.0470,0.1070,0.0355,0.0855
dm,F,drive_equal,segment,12,2,all,2000,0.0500,55.2260,813.9315,10.0000,0.0600,0.1176,0.1316,0.0555,0.0486,0.1280,0.0535,0.0440,0.0972,0.3680,0.2010,0.1530,0.0479,0.1265,0.0525,0.0440
rn,P,scene,segment,12,2,all,2000,-0.0200,119.2610,813.9315,12.0000,0.0146,0.0287,0.0249,0.1160,-0.0201,0.2320,0.0745,0.1755,-0.0521,0.9800,0.7805,0.9270,-0.0261,0.3900,0.1330,0.3390
rn,P,drive_equal,segment,12,2,all,2000,-0.0200,119.2610,813.9315,12.0000,0.0142,0.0279,0.0275,0.0895,-0.0197,0.2245,0.0855,0.0520,-0.0513,0.9675,0.8265,0.9095,-0.0256,0.3625,0.1495,0.1695
rv,P,scene,segment,12,2,all,2000,0.0200,119.2610,813.9315,12.0000,0.0120,0.0235,0.0204,0.1175,0.0201,0.3345,0.1110,0.2920,0.0439,0.9845,0.8190,0.9340,0.0220,0.4085,0.1370,0.3760
rv,P,drive_equal,segment,12,2,all,2000,0.0200,119.2610,813.9315,12.0000,0.0117,0.0229,0.0226,0.0910,0.0198,0.3220,0.1325,0.1345,0.0433,0.9765,0.8650,0.9215,0.0216,0.3820,0.1615,0.2120
dm,P,scene,segment,12,2,all,2000,0.0200,119.2610,813.9315,12.0000,0.0322,0.0632,0.0563,0.1155,0.0200,0.1085,0.0420,0.0355,0.0477,0.2840,0.1385,0.1920,0.0238,0.1245,0.0510,0.0415
dm,P,drive_equal,segment,12,2,all,2000,0.0200,119.2610,813.9315,12.0000,0.0301,0.0590,0.0610,0.0945,0.0199,0.1055,0.0540,0.0165,0.0476,0.3405,0.1995,0.0790,0.0238,0.1240,0.0660,0.0160
rn,F,scene,segment,12,2,3,2000,-0.1000,55.5390,359.5980,10.0000,0.0975,0.1912,0.1857,0.1105,-0.1007,0.1960,0.1030,0.1490,-0.3986,0.9860,0.9580,0.8780,-0.1996,0.5550,0.4100,0.3930
rn,F,drive_equal,segment,12,2,3,2000,-0.1000,55.5390,359.5980,10.0000,0.0935,0.1832,0.2025,0.0490,-0.0988,0.1795,0.0840,0.0685,-0.3967,0.9880,0.9625,0.8860,-0.1978,0.5490,0.3895,0.2795
rv,F,scene,segment,12,2,3,2000,0.1000,55.5390,359.5980,10.0000,0.0789,0.1546,0.1502,0.1105,0.1005,0.2645,0.1595,0.1970,0.2905,0.9565,0.9035,0.8095,0.1455,0.4800,0.3265,0.3295
rv,F,drive_equal,segment,12,2,3,2000,0.1000,55.5390,359.5980,10.0000,0.0756,0.1482,0.1638,0.0490,0.0991,0.2515,0.1355,0.1025,0.2891,0.9635,0.9235,0.8020,0.1441,0.4705,0.3130,0.2215
dm,F,scene,segment,12,2,3,2000,0.0500,55.5390,359.5980,10.0000,0.0761,0.1491,0.1419,0.1075,0.0477,0.0935,0.0310,0.0665,0.0962,0.2095,0.1000,0.1715,0.0469,0.0935,0.0305,0.0655
dm,F,drive_equal,segment,12,2,3,2000,0.0500,55.5390,359.5980,10.0000,0.0757,0.1483,0.1628,0.0490,0.0487,0.0920,0.0350,0.0300,0.0972,0.2480,0.1150,0.0940,0.0479,0.0900,0.0345,0.0300
rn,P,scene,segment,12,2,3,2000,-0.0200,119.8660,359.5980,12.0000,0.0180,0.0353,0.0288,0.1600,-0.0202,0.1505,0.0510,0.0770,-0.0522,0.8580,0.3870,0.8735,-0.0262,0.2245,0.0700,0.1850
rn,P,drive_equal,segment,12,2,3,2000,-0.0200,119.8660,359.5980,12.0000,0.0167,0.0327,0.0321,0.1540,-0.0199,0.1945,0.0780,0.0145,-0.0514,0.8830,0.6195,0.8240,-0.0258,0.2855,0.1295,0.0545
rv,P,scene,segment,12,2,3,2000,0.0200,119.8660,359.5980,12.0000,0.0148,0.0290,0.0236,0.1610,0.0201,0.1965,0.0640,0.1530,0.0440,0.8820,0.4185,0.8910,0.0221,0.2315,0.0720,0.2075
rv,P,drive_equal,segment,12,2,3,2000,0.0200,119.8660,359.5980,12.0000,0.0137,0.0268,0.0263,0.1555,0.0199,0.2565,0.1170,0.0405,0.0435,0.9060,0.6510,0.8520,0.0218,0.2975,0.1380,0.0695
dm,P,scene,segment,12,2,3,2000,0.0200,119.8660,359.5980,12.0000,0.0363,0.0712,0.0647,0.1205,0.0190,0.0770,0.0350,0.0350,0.0468,0.1980,0.0925,0.1320,0.0229,0.0890,0.0410,0.0375
dm,P,drive_equal,segment,12,2,3,2000,0.0200,119.8660,359.5980,12.0000,0.0344,0.0674,0.0698,0.0985,0.0183,0.0955,0.0395,0.0145,0.0460,0.2520,0.1340,0.0430,0.0222,0.1070,0.0485,0.0140
rn,F,scene,segment,12,4,all,2000,-0.1000,55.4355,1211.8445,10.0000,0.0954,0.1870,0.1787,0.1195,-0.1033,0.2150,0.1255,0.1700,-0.4011,0.9910,0.9720,0.8920,-0.2022,0.5810,0.4665,0.4320
rn,F,drive_equal,segment,12,4,all,2000,-0.1000,55.4355,1211.8445,10.0000,0.0800,0.1569,0.1820,0.0555,-0.1021,0.2485,0.1310,0.0925,-0.4000,0.9980,0.9955,0.9580,-0.2010,0.7110,0.5475,0.3470
rv,F,scene,segment,12,4,all,2000,0.1000,55.4355,1211.8445,10.0000,0.0772,0.1512,0.1445,0.1195,0.1026,0.2935,0.1945,0.2155,0.2926,0.9640,0.9375,0.8240,0.1476,0.5040,0.3830,0.3735
rv,F,drive_equal,segment,12,4,all,2000,0.1000,55.4355,1211.8445,10.0000,0.0647,0.1269,0.1472,0.0555,0.1017,0.3570,0.2010,0.1385,0.2917,0.9935,0.9805,0.8990,0.1467,0.6200,0.4400,0.2765
dm,F,scene,segment,12,4,all,2000,0.0500,55.4355,1211.8445,10.0000,0.0687,0.1347,0.1316,0.1010,0.0513,0.1200,0.0490,0.0830,0.0998,0.3075,0.1765,0.2205,0.0506,0.1180,0.0480,0.0815
dm,F,drive_equal,segment,12,4,all,2000,0.0500,55.4355,1211.8445,10.0000,0.0603,0.1182,0.1313,0.0470,0.0509,0.1565,0.0495,0.0395,0.0994,0.4125,0.2210,0.1655,0.0501,0.1545,0.0485,0.0395
rn,P,scene,segment,12,4,all,2000,-0.0200,179.3145,1211.8445,12.0000,0.0127,0.0250,0.0217,0.1200,-0.0200,0.3020,0.1105,0.2535,-0.0519,0.9920,0.9445,0.9600,-0.0260,0.5005,0.1965,0.4515
rn,P,drive_equal,segment,12,4,all,2000,-0.0200,179.3145,1211.8445,12.0000,0.0115,0.0225,0.0240,0.0685,-0.0197,0.3365,0.2005,0.1005,-0.0512,0.9940,0.9800,0.9460,-0.0256,0.5365,0.3690,0.2785
rv,P,scene,segment,12,4,all,2000,0.0200,179.3145,1211.8445,12.0000,0.0105,0.0205,0.0178,0.1225,0.0200,0.4425,0.1670,0.4020,0.0438,0.9940,0.9595,0.9625,0.0219,0.5285,0.2105,0.4945
rv,P,drive_equal,segment,12,4,all,2000,0.0200,179.3145,1211.8445,12.0000,0.0094,0.0185,0.0197,0.0700,0.0198,0.4830,0.3195,0.2445,0.0433,0.9955,0.9855,0.9520,0.0216,0.5665,0.3945,0.3310
dm,P,scene,segment,12,4,all,2000,0.0200,179.3145,1211.8445,12.0000,0.0293,0.0574,0.0531,0.1275,0.0200,0.1125,0.0465,0.0335,0.0478,0.3305,0.1565,0.1990,0.0239,0.1310,0.0545,0.0345
dm,P,drive_equal,segment,12,4,all,2000,0.0200,179.3145,1211.8445,12.0000,0.0272,0.0533,0.0569,0.0900,0.0185,0.1245,0.0595,0.0120,0.0462,0.3885,0.2410,0.0860,0.0224,0.1470,0.0705,0.0080
rn,F,scene,segment,12,4,3,2000,-0.1000,55.2225,537.5865,10.0000,0.0982,0.1925,0.1891,0.1140,-0.0986,0.1765,0.1015,0.1380,-0.3965,0.9860,0.9610,0.8605,-0.1975,0.5250,0.4035,0.3850
rn,F,drive_equal,segment,12,4,3,2000,-0.1000,55.2225,537.5865,10.0000,0.0915,0.1794,0.2037,0.0515,-0.0990,0.1975,0.1015,0.0655,-0.3969,0.9910,0.9755,0.8915,-0.1980,0.5975,0.3995,0.2650
rv,F,scene,segment,12,4,3,2000,0.1000,55.2225,537.5865,10.0000,0.0794,0.1557,0.1529,0.1140,0.0989,0.2400,0.1530,0.1835,0.2889,0.9560,0.9085,0.7915,0.1439,0.4505,0.3190,0.3240
rv,F,drive_equal,segment,12,4,3,2000,0.1000,55.2225,537.5865,10.0000,0.0740,0.1450,0.1647,0.0515,0.0992,0.2730,0.1520,0.1010,0.2892,0.9780,0.9340,0.8105,0.1442,0.5035,0.3225,0.2135
dm,F,scene,segment,12,4,3,2000,0.0500,55.2225,537.5865,10.0000,0.0752,0.1474,0.1432,0.0930,0.0471,0.0965,0.0395,0.0660,0.0956,0.2435,0.1255,0.1785,0.0464,0.0950,0.0385,0.0660
dm,F,drive_equal,segment,12,4,3,2000,0.0500,55.2225,537.5865,10.0000,0.0738,0.1447,0.1645,0.0380,0.0478,0.0985,0.0390,0.0245,0.0963,0.2530,0.1265,0.0940,0.0470,0.0965,0.0385,0.0240
rn,P,scene,segment,12,4,3,2000,-0.0200,179.1955,537.5865,12.0000,0.0144,0.0282,0.0246,0.1265,-0.0200,0.2655,0.1060,0.1660,-0.0519,0.9820,0.8590,0.9230,-0.0260,0.4080,0.1860,0.3335
rn,P,drive_equal,segment,12,4,3,2000,-0.0200,179.1955,537.5865,12.0000,0.0138,0.0271,0.0276,0.0975,-0.0199,0.2400,0.1195,0.0535,-0.0514,0.9730,0.8725,0.9000,-0.0257,0.3970,0.2040,0.1610
rv,P,scene,segment,12,4,3,2000,0.0200,179.1955,537.5865,12.0000,0.0118,0.0232,0.0202,0.1285,0.0200,0.3640,0.1570,0.2895,0.0438,0.9895,0.8950,0.9365,0.0219,0.4270,0.1960,0.3650
rv,P,drive_equal,segment,12,4,3,2000,0.0200,179.1955,537.5865,12.0000,0.0113,0.0222,0.0226,0.0995,0.0199,0.3525,0.1725,0.1305,0.0434,0.9805,0.9020,0.9165,0.0217,0.4185,0.2185,0.1930
dm,P,scene,segment,12,4,3,2000,0.0200,179.1955,537.5865,12.0000,0.0323,0.0634,0.0573,0.1265,0.0193,0.0900,0.0390,0.0370,0.0470,0.2455,0.1225,0.1700,0.0231,0.1010,0.0445,0.0440
dm,P,drive_equal,segment,12,4,3,2000,0.0200,179.1955,537.5865,12.0000,0.0308,0.0604,0.0630,0.1010,0.0193,0.1000,0.0465,0.0130,0.0470,0.3290,0.1660,0.0790,0.0232,0.1215,0.0575,0.0110
rn,F,scene,segment,12,8,all,2000,-0.1000,55.1660,1957.3905,10.0000,0.0937,0.1836,0.1791,0.1075,-0.0997,0.1935,0.1320,0.1585,-0.3976,0.9935,0.9805,0.8805,-0.1986,0.5520,0.4575,0.4230
rn,F,drive_equal,segment,12,8,all,2000,-0.1000,55.1660,1957.3905,10.0000,0.0812,0.1591,0.1825,0.0455,-0.1015,0.2640,0.1435,0.0945,-0.3994,0.9975,0.9935,0.9555,-0.2004,0.7165,0.5360,0.3475
rv,F,scene,segment,12,8,all,2000,0.1000,55.1660,1957.3905,10.0000,0.0758,0.1485,0.1449,0.1075,0.0997,0.2715,0.1935,0.2155,0.2897,0.9645,0.9460,0.8035,0.1447,0.4730,0.3930,0.3685
rv,F,drive_equal,segment,12,8,all,2000,0.1000,55.1660,1957.3905,10.0000,0.0656,0.1287,0.1476,0.0455,0.1012,0.3595,0.2060,0.1355,0.2912,0.9935,0.9835,0.8950,0.1462,0.6340,0.4345,0.2730
dm,F,scene,segment,12,8,all,2000,0.0500,55.1660,1957.3905,10.0000,0.0694,0.1360,0.1283,0.1040,0.0536,0.1285,0.0475,0.0865,0.1021,0.3100,0.1670,0.2315,0.0529,0.1260,0.0465,0.0840
dm,F,drive_equal,segment,12,8,all,2000,0.0500,55.1660,1957.3905,10.0000,0.0594,0.1165,0.1329,0.0430,0.0520,0.1480,0.0620,0.0435,0.1005,0.3975,0.2485,0.1640,0.0513,0.1445,0.0610,0.0425
rn,P,scene,segment,12,8,all,2000,-0.0200,292.1445,1957.3905,12.0000,0.0110,0.0217,0.0198,0.1015,-0.0198,0.3425,0.1595,0.2995,-0.0517,0.9980,0.9865,0.9765,-0.0258,0.5905,0.3205,0.5155
rn,P,drive_equal,segment,12,8,all,2000,-0.0200,292.1445,1957.3905,12.0000,0.0108,0.0212,0.0219,0.0650,-0.0198,0.3965,0.2255,0.1485,-0.0513,0.9990,0.9915,0.9760,-0.0256,0.6100,0.3990,0.3775
rv,P,scene,segment,12,8,all,2000,0.0200,292.1445,1957.3905,12.0000,0.0091,0.0177,0.0162,0.1010,0.0198,0.5210,0.2680,0.4665,0.0436,0.9995,0.9930,0.9805,0.0217,0.6195,0.3405,0.5585
rv,P,drive_equal,segment,12,8,all,2000,0.0200,292.1445,1957.3905,12.0000,0.0089,0.0174,0.0179,0.0660,0.0198,0.5625,0.3455,0.3270,0.0433,0.9990,0.9960,0.9800,0.0217,0.6495,0.4285,0.4350
dm,P,scene,segment,12,8,all,2000,0.0200,292.1445,1957.3905,12.0000,0.0293,0.0574,0.0502,0.1380,0.0192,0.0960,0.0450,0.0480,0.0469,0.3025,0.1350,0.2465,0.0231,0.1140,0.0540,0.0520
dm,P,drive_equal,segment,12,8,all,2000,0.0200,292.1445,1957.3905,12.0000,0.0268,0.0525,0.0551,0.0990,0.0194,0.1150,0.0555,0.0200,0.0471,0.3885,0.2125,0.1155,0.0233,0.1410,0.0680,0.0185
rn,F,scene,segment,12,8,3,2000,-0.1000,55.5590,880.6890,10.0000,0.0984,0.1928,0.1876,0.1120,-0.1007,0.1680,0.0790,0.1460,-0.3986,0.9810,0.9445,0.8750,-0.1997,0.5290,0.3470,0.3830
rn,F,drive_equal,segment,12,8,3,2000,-0.1000,55.5590,880.6890,10.0000,0.0936,0.1834,0.2045,0.0560,-0.0999,0.1775,0.0870,0.0745,-0.3978,0.9880,0.9640,0.8825,-0.1989,0.5615,0.3725,0.2710
rv,F,scene,segment,12,8,3,2000,0.1000,55.5590,880.6890,10.0000,0.0795,0.1559,0.1517,0.1120,0.1006,0.2455,0.1180,0.1860,0.2906,0.9525,0.8900,0.7950,0.1456,0.4505,0.2695,0.3250
rv,F,drive_equal,segment,12,8,3,2000,0.1000,55.5590,880.6890,10.0000,0.0757,0.1483,0.1654,0.0560,0.0999,0.2495,0.1275,0.0970,0.2899,0.9695,0.9160,0.7955,0.1449,0.4740,0.2840,0.2145
dm,F,scene,segment,12,8,3,2000,0.0500,55.5590,880.6890,10.0000,0.0761,0.1492,0.1424,0.1035,0.0508,0.1030,0.0395,0.0760,0.0993,0.2615,0.1355,0.1800,0.0500,0.1010,0.0375,0.0755
dm,F,drive_equal,segment,12,8,3,2000,0.0500,55.5590,880.6890,10.0000,0.0777,0.1523,0.1642,0.0485,0.0513,0.1055,0.0350,0.0330,0.0998,0.2460,0.1240,0.1095,0.0506,0.1035,0.0350,0.0330
rn,P,scene,segment,12,8,3,2000,-0.0200,293.5630,880.6890,12.0000,0.0121,0.0237,0.0218,0.1030,-0.0203,0.3255,0.1190,0.2440,-0.0523,0.9970,0.9665,0.9670,-0.0263,0.5360,0.2205,0.4485
rn,P,drive_equal,segment,12,8,3,2000,-0.0200,293.5630,880.6890,12.0000,0.0119,0.0233,0.0248,0.0765,-0.0200,0.3790,0.1965,0.0940,-0.0515,0.9965,0.9820,0.9425,-0.0259,0.5705,0.3600,0.2585
rv,P,scene,segment,12,8,3,2000,0.0200,293.5630,880.6890,12.0000,0.0099,0.0195,0.0178,0.1025,0.0202,0.4750,0.1860,0.3915,0.0441,0.9985,0.9810,0.9750,0.0222,0.5655,0.2400,0.4830
rv,P,drive_equal,segment,12,8,3,2000,0.0200,293.5630,880.6890,12.0000,0.0098,0.0191,0.0203,0.0775,0.0200,0.5270,0.3150,0.2150,0.0435,0.9990,0.9875,0.9600,0.0219,0.6040,0.3810,0.3075
dm,P,scene,segment,12,8,3,2000,0.0200,293.5630,880.6890,12.0000,0.0300,0.0588,0.0535,0.1245,0.0196,0.0950,0.0405,0.0345,0.0473,0.2980,0.1180,0.2015,0.0234,0.1130,0.0430,0.0410
dm,P,drive_equal,segment,12,8,3,2000,0.0200,293.5630,880.6890,12.0000,0.0287,0.0562,0.0587,0.0970,0.0194,0.0980,0.0545,0.0135,0.0471,0.3215,0.2035,0.0910,0.0233,0.1160,0.0655,0.0120
rn,F,scene,segment,12,16,all,2000,-0.1000,55.2640,3296.2135,10.0000,0.0940,0.1842,0.1799,0.1035,-0.1017,0.2065,0.1110,0.1575,-0.3996,0.9930,0.9745,0.8975,-0.2007,0.5850,0.4300,0.4155
rn,F,drive_equal,segment,12,16,all,2000,-0.1000,55.2640,3296.2135,10.0000,0.0808,0.1584,0.1822,0.0485,-0.1017,0.2540,0.1335,0.0820,-0.3996,0.9985,0.9940,0.9570,-0.2007,0.7190,0.5600,0.3435
rv,F,scene,segment,12,16,all,2000,0.1000,55.2640,3296.2135,10.0000,0.0760,0.1490,0.1455,0.1035,0.1014,0.2845,0.1680,0.2120,0.2914,0.9725,0.9350,0.8260,0.1464,0.5080,0.3575,0.3630
rv,F,drive_equal,segment,12,16,all,2000,0.1000,55.2640,3296.2135,10.0000,0.0654,0.1281,0.1473,0.0485,0.1014,0.3595,0.2120,0.1330,0.2914,0.9935,0.9840,0.9010,0.1464,0.6265,0.4630,0.2790
dm,F,scene,segment,12,16,all,2000,0.0500,55.2640,3296.2135,10.0000,0.0695,0.1363,0.1285,0.1145,0.0480,0.1115,0.0380,0.0780,0.0965,0.2775,0.1490,0.2135,0.0472,0.1095,0.0370,0.0775
dm,F,drive_equal,segment,12,16,all,2000,0.0500,55.2640,3296.2135,10.0000,0.0604,0.1184,0.1310,0.0525,0.0488,0.1205,0.0435,0.0455,0.0974,0.3670,0.2070,0.1610,0.0481,0.1165,0.0430,0.0450
rn,P,scene,segment,12,16,all,2000,-0.0200,494.2330,3296.2135,12.0000,0.0100,0.0197,0.0188,0.0925,-0.0200,0.4910,0.2665,0.3330,-0.0519,1.0000,0.9985,0.9895,-0.0260,0.7450,0.4755,0.5470
rn,P,drive_equal,segment,12,16,all,2000,-0.0200,494.2330,3296.2135,12.0000,0.0100,0.0197,0.0210,0.0590,-0.0198,0.4400,0.2735,0.1695,-0.0513,1.0000,0.9985,0.9890,-0.0257,0.6810,0.4775,0.4055
rv,P,scene,segment,12,16,all,2000,0.0200,494.2330,3296.2135,12.0000,0.0082,0.0161,0.0154,0.0920,0.0200,0.6860,0.4085,0.5015,0.0438,1.0000,0.9990,0.9910,0.0219,0.7765,0.5065,0.5910
rv,P,drive_equal,segment,12,16,all,2000,0.0200,494.2330,3296.2135,12.0000,0.0082,0.0161,0.0172,0.0600,0.0199,0.6160,0.4250,0.3535,0.0433,1.0000,0.9990,0.9930,0.0217,0.7110,0.5095,0.4630
dm,P,scene,segment,12,16,all,2000,0.0200,494.2330,3296.2135,12.0000,0.0280,0.0548,0.0495,0.1295,0.0187,0.1100,0.0575,0.0390,0.0464,0.3425,0.1885,0.2320,0.0226,0.1235,0.0660,0.0440
dm,P,drive_equal,segment,12,16,all,2000,0.0200,494.2330,3296.2135,12.0000,0.0262,0.0513,0.0538,0.0955,0.0191,0.1295,0.0580,0.0135,0.0468,0.4190,0.2465,0.1100,0.0230,0.1585,0.0730,0.0120
rn,F,scene,segment,12,16,3,2000,-0.1000,55.5865,1480.1745,10.0000,0.0997,0.1955,0.1880,0.1235,-0.0978,0.1905,0.0920,0.1365,-0.3957,0.9780,0.9545,0.8685,-0.1968,0.5145,0.3545,0.3705
rn,F,drive_equal,segment,12,16,3,2000,-0.1000,55.5865,1480.1745,10.0000,0.0902,0.1767,0.2049,0.0445,-0.0988,0.2015,0.1055,0.0670,-0.3967,0.9930,0.9780,0.8825,-0.1978,0.5895,0.4350,0.2665
rv,F,scene,segment,12,16,3,2000,0.1000,55.5865,1480.1745,10.0000,0.0806,0.1581,0.1520,0.1235,0.0982,0.2520,0.1445,0.1805,0.2882,0.9545,0.8935,0.7895,0.1432,0.4370,0.2955,0.3135
rv,F,drive_equal,segment,12,16,3,2000,0.1000,55.5865,1480.1745,10.0000,0.0729,0.1429,0.1657,0.0445,0.0990,0.2810,0.1685,0.0955,0.2890,0.9770,0.9390,0.7940,0.1440,0.5115,0.3515,0.2110
dm,F,scene,segment,12,16,3,2000,0.0500,55.5865,1480.1745,10.0000,0.0749,0.1467,0.1404,0.1000,0.0492,0.1045,0.0325,0.0695,0.0977,0.2550,0.1230,0.1815,0.0485,0.1015,0.0310,0.0685
dm,F,drive_equal,segment,12,16,3,2000,0.0500,55.5865,1480.1745,10.0000,0.0755,0.1480,0.1633,0.0445,0.0504,0.1000,0.0420,0.0230,0.0989,0.2605,0.1385,0.0925,0.0496,0.1000,0.0415,0.0220
rn,P,scene,segment,12,16,3,2000,-0.0200,493.3915,1480.1745,12.0000,0.0113,0.0221,0.0200,0.1170,-0.0199,0.3755,0.1915,0.2750,-0.0518,0.9995,0.9910,0.9805,-0.0259,0.6055,0.3330,0.4920
rn,P,drive_equal,segment,12,16,3,2000,-0.0200,493.3915,1480.1745,12.0000,0.0113,0.0221,0.0228,0.0745,-0.0193,0.3920,0.2305,0.1320,-0.0508,1.0000,0.9895,0.9720,-0.0252,0.5960,0.4005,0.3215
rv,P,scene,segment,12,16,3,2000,0.0200,493.3915,1480.1745,12.0000,0.0093,0.0181,0.0164,0.1180,0.0199,0.5420,0.2930,0.4370,0.0437,0.9995,0.9970,0.9870,0.0218,0.6430,0.3645,0.5295
rv,P,drive_equal,segment,12,16,3,2000,0.0200,493.3915,1480.1745,12.0000,0.0092,0.0181,0.0186,0.0755,0.0194,0.5455,0.3475,0.2765,0.0430,1.0000,0.9975,0.9790,0.0213,0.6260,0.4305,0.3745
dm,P,scene,segment,12,16,3,2000,0.0200,493.3915,1480.1745,12.0000,0.0285,0.0559,0.0514,0.1195,0.0212,0.1060,0.0480,0.0335,0.0490,0.3405,0.1500,0.2500,0.0251,0.1240,0.0560,0.0390
dm,P,drive_equal,segment,12,16,3,2000,0.0200,493.3915,1480.1745,12.0000,0.0278,0.0544,0.0567,0.0900,0.0208,0.1195,0.0490,0.0155,0.0485,0.3870,0.2160,0.1165,0.0247,0.1440,0.0635,0.0150
rn,F,scene,segment,16,0,all,2000,-0.1000,73.9810,522.1865,13.0000,0.0843,0.1652,0.1558,0.1130,-0.1005,0.2650,0.1640,0.2075,-0.3984,0.9995,0.9955,0.9750,-0.1995,0.6830,0.5315,0.4995
rn,F,drive_equal,segment,16,0,all,2000,-0.1000,73.9810,522.1865,13.0000,0.0718,0.1408,0.1518,0.0575,-0.0984,0.2880,0.1775,0.1305,-0.3963,1.0000,0.9990,0.9970,-0.1973,0.7930,0.6670,0.4990
rv,F,scene,segment,16,0,all,2000,0.1000,73.9810,522.1865,13.0000,0.0682,0.1336,0.1260,0.1130,0.1004,0.3600,0.2335,0.2690,0.2904,0.9940,0.9830,0.9370,0.1454,0.5920,0.4485,0.4345
rv,F,drive_equal,segment,16,0,all,2000,0.1000,73.9810,522.1865,13.0000,0.0581,0.1138,0.1228,0.0575,0.0987,0.4195,0.2740,0.1850,0.2887,0.9975,0.9950,0.9850,0.1437,0.7085,0.5670,0.4105
dm,F,scene,segment,16,0,all,2000,0.0500,73.9810,522.1865,13.0000,0.0607,0.1189,0.1136,0.1055,0.0484,0.1310,0.0565,0.0885,0.0969,0.3745,0.2100,0.2770,0.0477,0.1295,0.0545,0.0875
dm,F,drive_equal,segment,16,0,all,2000,0.0500,73.9810,522.1865,13.0000,0.0522,0.1022,0.1096,0.0495,0.0504,0.1770,0.0785,0.0655,0.0989,0.5095,0.3320,0.2635,0.0497,0.1735,0.0750,0.0650
rn,F,scene,segment,16,0,3,2000,-0.1000,74.1510,222.4530,13.0000,0.0868,0.1702,0.1655,0.1135,-0.0982,0.2275,0.1030,0.1615,-0.3961,0.9970,0.9865,0.9620,-0.1972,0.6380,0.4715,0.4485
rn,F,drive_equal,segment,16,0,3,2000,-0.1000,74.1510,222.4530,13.0000,0.0809,0.1585,0.1702,0.0595,-0.0976,0.2380,0.1335,0.0990,-0.3954,0.9990,0.9955,0.9840,-0.1965,0.6795,0.5305,0.3955
rv,F,scene,segment,16,0,3,2000,0.1000,74.1510,222.4530,13.0000,0.0702,0.1376,0.1339,0.1135,0.0986,0.3165,0.1635,0.2070,0.2886,0.9865,0.9590,0.9100,0.1436,0.5500,0.3830,0.3890
rv,F,drive_equal,segment,16,0,3,2000,0.1000,74.1510,222.4530,13.0000,0.0654,0.1281,0.1376,0.0595,0.0980,0.3260,0.2080,0.1455,0.2880,0.9930,0.9805,0.9460,0.1430,0.5880,0.4330,0.3170
dm,F,scene,segment,16,0,3,2000,0.0500,74.1510,222.4530,13.0000,0.0669,0.1312,0.1245,0.0915,0.0494,0.0950,0.0435,0.0805,0.0979,0.2800,0.1555,0.2260,0.0486,0.0935,0.0425,0.0785
dm,F,drive_equal,segment,16,0,3,2000,0.0500,74.1510,222.4530,13.0000,0.0654,0.1282,0.1381,0.0420,0.0478,0.1220,0.0360,0.0365,0.0963,0.2980,0.1515,0.1555,0.0471,0.1195,0.0355,0.0360
rn,F,scene,segment,16,2,all,2000,-0.1000,74.3885,1092.0730,13.0000,0.0825,0.1617,0.1549,0.1120,-0.0973,0.2255,0.1270,0.1825,-0.3952,0.9980,0.9945,0.9835,-0.1962,0.6615,0.5130,0.4970
rn,F,drive_equal,segment,16,2,all,2000,-0.1000,74.3885,1092.0730,13.0000,0.0709,0.1390,0.1511,0.0560,-0.0970,0.2810,0.1705,0.1240,-0.3949,1.0000,0.9990,0.9990,-0.1960,0.7885,0.6635,0.5060
rv,F,scene,segment,16,2,all,2000,0.1000,74.3885,1092.0730,13.0000,0.0667,0.1307,0.1253,0.1120,0.0978,0.3240,0.1950,0.2485,0.2878,0.9930,0.9745,0.9290,0.1428,0.5755,0.4160,0.4300
rv,F,drive_equal,segment,16,2,all,2000,0.1000,74.3885,1092.0730,13.0000,0.0573,0.1124,0.1222,0.0560,0.0976,0.4005,0.2625,0.1855,0.2876,0.9975,0.9955,0.9820,0.1426,0.7045,0.5555,0.3955
dm,F,scene,segment,16,2,all,2000,0.0500,74.3885,1092.0730,13.0000,0.0602,0.1180,0.1116,0.1005,0.0497,0.1390,0.0625,0.0885,0.0983,0.3850,0.2270,0.2995,0.0490,0.1365,0.0625,0.0860
dm,F,drive_equal,segment,16,2,all,2000,0.0500,74.3885,1092.0730,13.0000,0.0510,0.0999,0.1089,0.0495,0.0505,0.1610,0.0795,0.0695,0.0990,0.4905,0.3195,0.2690,0.0497,0.1580,0.0780,0.0670
rn,P,scene,segment,16,2,all,2000,-0.0200,160.1775,1092.0730,16.0000,0.0124,0.0244,0.0215,0.1085,-0.0198,0.3050,0.1150,0.2290,-0.0517,0.9935,0.9615,0.9645,-0.0257,0.5180,0.2070,0.4725
rn,P,drive_equal,segment,16,2,all,2000,-0.0200,160.1775,1092.0730,16.0000,0.0121,0.0237,0.0233,0.0955,-0.0195,0.3150,0.1395,0.1100,-0.0510,0.9895,0.9575,0.9510,-0.0253,0.4895,0.2495,0.3665
rv,P,scene,segment,16,2,all,2000,0.0200,160.1775,1092.0730,16.0000,0.0102,0.0200,0.0176,0.1100,0.0198,0.4570,0.1740,0.4195,0.0436,0.9960,0.9740,0.9660,0.0217,0.5375,0.2195,0.5145
rv,P,drive_equal,segment,16,2,all,2000,0.0200,160.1775,1092.0730,16.0000,0.0099,0.0194,0.0191,0.0945,0.0196,0.4475,0.2165,0.3040,0.0431,0.9910,0.9685,0.9565,0.0214,0.5235,0.2700,0.4225
dm,P,scene,segment,16,2,all,2000,0.0200,160.1775,1092.0730,16.0000,0.0263,0.0515,0.0484,0.1080,0.0197,0.1110,0.0520,0.0355,0.0474,0.3765,0.2065,0.2755,0.0236,0.1350,0.0640,0.0435
dm,P,drive_equal,segment,16,2,all,2000,0.0200,160.1775,1092.0730,16.0000,0.0251,0.0492,0.0519,0.0850,0.0204,0.1390,0.0595,0.0180,0.0480,0.4720,0.2905,0.1695,0.0242,0.1670,0.0785,0.0165
rn,F,scene,segment,16,2,3,2000,-0.1000,74.0165,477.4395,13.0000,0.0857,0.1679,0.1664,0.0975,-0.1013,0.2300,0.1375,0.1645,-0.3992,0.9975,0.9915,0.9620,-0.2003,0.6495,0.5185,0.4570
rn,F,drive_equal,segment,16,2,3,2000,-0.1000,74.0165,477.4395,13.0000,0.0779,0.1527,0.1703,0.0490,-0.1022,0.2625,0.1665,0.0985,-0.4001,0.9995,0.9980,0.9870,-0.2012,0.7255,0.6090,0.4180
rv,F,scene,segment,16,2,3,2000,0.1000,74.0165,477.4395,13.0000,0.0693,0.1357,0.1346,0.0975,0.1011,0.3235,0.2020,0.2210,0.2911,0.9905,0.9720,0.9105,0.1461,0.5745,0.4260,0.3895
rv,F,drive_equal,segment,16,2,3,2000,0.1000,74.0165,477.4395,13.0000,0.0630,0.1235,0.1377,0.0490,0.1018,0.3540,0.2540,0.1505,0.2918,0.9975,0.9915,0.9570,0.1468,0.6340,0.5095,0.3390
dm,F,scene,segment,16,2,3,2000,0.0500,74.0165,477.4395,13.0000,0.0662,0.1297,0.1241,0.0980,0.0470,0.1275,0.0425,0.0780,0.0956,0.3215,0.1585,0.2125,0.0463,0.1260,0.0415,0.0770
dm,F,drive_equal,segment,16,2,3,2000,0.0500,74.0165,477.4395,13.0000,0.0637,0.1249,0.1379,0.0460,0.0476,0.1075,0.0510,0.0335,0.0961,0.3205,0.1870,0.1480,0.0468,0.1060,0.0480,0.0335
rn,P,scene,segment,16,2,3,2000,-0.0200,159.1465,477.4395,16.0000,0.0152,0.0298,0.0252,0.1515,-0.0197,0.2120,0.0725,0.1100,-0.0516,0.9710,0.6895,0.9285,-0.0256,0.3250,0.1160,0.2805
rn,P,drive_equal,segment,16,2,3,2000,-0.0200,159.1465,477.4395,16.0000,0.0145,0.0285,0.0280,0.1320,-0.0198,0.2530,0.1055,0.0230,-0.0513,0.9675,0.8310,0.9235,-0.0257,0.3890,0.1870,0.1305
rv,P,scene,segment,16,2,3,2000,0.0200,159.1465,477.4395,16.0000,0.0125,0.0245,0.0207,0.1520,0.0197,0.2880,0.0980,0.2270,0.0435,0.9800,0.7345,0.9370,0.0216,0.3450,0.1220,0.3145
rv,P,drive_equal,segment,16,2,3,2000,0.0200,159.1465,477.4395,16.0000,0.0119,0.0234,0.0230,0.1340,0.0198,0.3475,0.1625,0.0995,0.0433,0.9745,0.8640,0.9365,0.0217,0.4045,0.2010,0.1635
dm,P,scene,segment,16,2,3,2000,0.0200,159.1465,477.4395,16.0000,0.0312,0.0611,0.0563,0.1100,0.0190,0.0915,0.0355,0.0235,0.0467,0.2855,0.1020,0.1740,0.0229,0.1025,0.0390,0.0320
dm,P,drive_equal,segment,16,2,3,2000,0.0200,159.1465,477.4395,16.0000,0.0286,0.0561,0.0592,0.0750,0.0191,0.0985,0.0490,0.0120,0.0467,0.3350,0.1860,0.0895,0.0229,0.1170,0.0610,0.0135
rn,F,scene,segment,16,4,all,2000,-0.1000,74.0060,1618.7915,13.0000,0.0846,0.1658,0.1575,0.1085,-0.0972,0.2230,0.1325,0.1800,-0.3951,0.9985,0.9930,0.9800,-0.1961,0.6235,0.4955,0.4740
rn,F,drive_equal,segment,16,4,all,2000,-0.1000,74.0060,1618.7915,13.0000,0.0702,0.1377,0.1524,0.0530,-0.0989,0.3020,0.1560,0.1225,-0.3968,1.0000,0.9995,0.9975,-0.1978,0.8030,0.6495,0.4900
rv,F,scene,segment,16,4,all,2000,0.1000,74.0060,1618.7915,13.0000,0.0684,0.1340,0.1273,0.1085,0.0977,0.3080,0.1995,0.2460,0.2877,0.9900,0.9750,0.9340,0.1427,0.5435,0.4155,0.4185
rv,F,drive_equal,segment,16,4,all,2000,0.1000,74.0060,1618.7915,13.0000,0.0568,0.1113,0.1232,0.0530,0.0991,0.4230,0.2505,0.1875,0.2891,0.9995,0.9965,0.9840,0.1441,0.7330,0.5415,0.4110
dm,F,scene,segment,16,4,all,2000,0.0500,74.0060,1618.7915,13.0000,0.0605,0.1186,0.1129,0.0970,0.0477,0.1355,0.0655,0.0870,0.0962,0.3705,0.2245,0.2645,0.0470,0.1325,0.0650,0.0865
dm,F,drive_equal,segment,16,4,all,2000,0.0500,74.0060,1618.7915,13.0000,0.0526,0.1031,0.1094,0.0510,0.0484,0.1690,0.0610,0.0650,0.0969,0.4645,0.2665,0.2580,0.0476,0.1645,0.0595,0.0640
rn,P,scene,segment,16,4,all,2000,-0.0200,239.5950,1618.7915,16.0000,0.0106,0.0208,0.0191,0.0970,-0.0200,0.4580,0.2205,0.3225,-0.0519,0.9990,0.9965,0.9825,-0.0260,0.6940,0.4090,0.5920
rn,P,drive_equal,segment,16,4,all,2000,-0.0200,239.5950,1618.7915,16.0000,0.0103,0.0201,0.0206,0.0740,-0.0201,0.4775,0.2895,0.2080,-0.0515,0.9995,0.9985,0.9790,-0.0259,0.7045,0.4975,0.5010
rv,P,scene,segment,16,4,all,2000,0.0200,239.5950,1618.7915,16.0000,0.0087,0.0171,0.0156,0.0975,0.0200,0.6335,0.3525,0.5375,0.0438,0.9990,0.9970,0.9860,0.0219,0.7210,0.4390,0.6370
rv,P,drive_equal,segment,16,4,all,2000,0.0200,239.5950,1618.7915,16.0000,0.0084,0.0165,0.0169,0.0750,0.0200,0.6515,0.4445,0.4390,0.0435,1.0000,0.9995,0.9820,0.0219,0.7270,0.5270,0.5595
dm,P,scene,segment,16,4,all,2000,0.0200,239.5950,1618.7915,16.0000,0.0252,0.0495,0.0462,0.1070,0.0197,0.1195,0.0565,0.0305,0.0474,0.4120,0.2250,0.2945,0.0235,0.1505,0.0670,0.0445
dm,P,drive_equal,segment,16,4,all,2000,0.0200,239.5950,1618.7915,16.0000,0.0245,0.0480,0.0489,0.0915,0.0201,0.1275,0.0655,0.0145,0.0477,0.4580,0.2820,0.1985,0.0239,0.1585,0.0825,0.0175
rn,F,scene,segment,16,4,3,2000,-0.1000,74.1985,718.2105,13.0000,0.0877,0.1719,0.1642,0.1125,-0.0997,0.2260,0.1350,0.1695,-0.3976,0.9980,0.9910,0.9635,-0.1987,0.6345,0.4795,0.4570
rn,F,drive_equal,segment,16,4,3,2000,-0.1000,74.1985,718.2105,13.0000,0.0811,0.1589,0.1703,0.0520,-0.0988,0.2340,0.1345,0.1005,-0.3967,0.9985,0.9945,0.9835,-0.1977,0.6865,0.5425,0.4130
rv,F,scene,segment,16,4,3,2000,0.1000,74.1985,718.2105,13.0000,0.0709,0.1390,0.1327,0.1125,0.0998,0.3140,0.1955,0.2280,0.2898,0.9890,0.9660,0.9105,0.1448,0.5390,0.4020,0.3970
rv,F,drive_equal,segment,16,4,3,2000,0.1000,74.1985,718.2105,13.0000,0.0656,0.1285,0.1377,0.0520,0.0990,0.3355,0.2055,0.1445,0.2890,0.9935,0.9815,0.9470,0.1440,0.5925,0.4440,0.3220
dm,F,scene,segment,16,4,3,2000,0.0500,74.1985,718.2105,13.0000,0.0632,0.1239,0.1250,0.0850,0.0509,0.1265,0.0565,0.0695,0.0994,0.3355,0.1990,0.2215,0.0502,0.1255,0.0550,0.0690
dm,F,drive_equal,segment,16,4,3,2000,0.0500,74.1985,718.2105,13.0000,0.0639,0.1252,0.1380,0.0365,0.0509,0.1195,0.0550,0.0340,0.0994,0.3370,0.2100,0.1535,0.0502,0.1180,0.0540,0.0325
rn,P,scene,segment,16,4,3,2000,-0.0200,239.4035,718.2105,16.0000,0.0127,0.0249,0.0218,0.1190,-0.0203,0.3215,0.1355,0.2170,-0.0522,0.9945,0.9645,0.9655,-0.0263,0.5035,0.2570,0.4570
rn,P,drive_equal,segment,16,4,3,2000,-0.0200,239.4035,718.2105,16.0000,0.0119,0.0234,0.0236,0.0875,-0.0199,0.3535,0.1815,0.1105,-0.0514,0.9970,0.9715,0.9610,-0.0258,0.5525,0.3160,0.3045
rv,P,scene,segment,16,4,3,2000,0.0200,239.4035,718.2105,16.0000,0.0104,0.0204,0.0179,0.1215,0.0202,0.4490,0.2150,0.4015,0.0441,0.9965,0.9760,0.9690,0.0221,0.5310,0.2715,0.5005
rv,P,drive_equal,segment,16,4,3,2000,0.0200,239.4035,718.2105,16.0000,0.0098,0.0192,0.0194,0.0880,0.0199,0.4970,0.2675,0.2535,0.0434,0.9985,0.9835,0.9670,0.0218,0.5730,0.3345,0.3605
dm,P,scene,segment,16,4,3,2000,0.0200,239.4035,718.2105,16.0000,0.0283,0.0555,0.0504,0.1225,0.0197,0.1065,0.0505,0.0390,0.0475,0.3435,0.1820,0.2515,0.0236,0.1295,0.0605,0.0480
dm,P,drive_equal,segment,16,4,3,2000,0.0200,239.4035,718.2105,16.0000,0.0265,0.0519,0.0532,0.0780,0.0192,0.1085,0.0615,0.0170,0.0469,0.3780,0.2420,0.1475,0.0231,0.1305,0.0760,0.0155
rn,F,scene,segment,16,8,all,2000,-0.1000,73.6695,2626.9830,13.0000,0.0806,0.1581,0.1571,0.0925,-0.1003,0.2525,0.1565,0.1855,-0.3982,0.9985,0.9975,0.9775,-0.1992,0.6970,0.5795,0.4995
rn,F,drive_equal,segment,16,8,all,2000,-0.1000,73.6695,2626.9830,13.0000,0.0690,0.1352,0.1517,0.0510,-0.0996,0.3060,0.1895,0.1235,-0.3975,1.0000,0.9995,0.9990,-0.1986,0.8210,0.7110,0.5270
rv,F,scene,segment,16,8,all,2000,0.1000,73.6695,2626.9830,13.0000,0.0652,0.1278,0.1270,0.0925,0.1002,0.3520,0.2440,0.2485,0.2902,0.9945,0.9870,0.9345,0.1452,0.6160,0.4815,0.4255
rv,F,drive_equal,segment,16,8,all,2000,0.1000,73.6695,2626.9830,13.0000,0.0558,0.1093,0.1227,0.0510,0.0997,0.4440,0.2925,0.1885,0.2897,0.9990,0.9985,0.9865,0.1447,0.7385,0.6135,0.4150
dm,F,scene,segment,16,8,all,2000,0.0500,73.6695,2626.9830,13.0000,0.0614,0.1203,0.1123,0.1055,0.0517,0.1280,0.0610,0.0965,0.1002,0.3555,0.2250,0.2795,0.0510,0.1265,0.0570,0.0950
dm,F,drive_equal,segment,16,8,all,2000,0.0500,73.6695,2626.9830,13.0000,0.0528,0.1035,0.1095,0.0560,0.0506,0.1760,0.0920,0.0680,0.0991,0.4835,0.3480,0.2725,0.0499,0.1720,0.0905,0.0660
rn,P,scene,segment,16,8,all,2000,-0.0200,391.9515,2626.9830,16.0000,0.0094,0.0185,0.0173,0.0980,-0.0201,0.5650,0.3250,0.4095,-0.0520,1.0000,1.0000,0.9925,-0.0261,0.8075,0.5695,0.6820
rn,P,drive_equal,segment,16,8,all,2000,-0.0200,391.9515,2626.9830,16.0000,0.0093,0.0182,0.0186,0.0680,-0.0198,0.5690,0.3190,0.2940,-0.0513,1.0000,0.9995,0.9945,-0.0257,0.7935,0.5690,0.5970
rv,P,scene,segment,16,8,all,2000,0.0200,391.9515,2626.9830,16.0000,0.0077,0.0151,0.0141,0.1000,0.0201,0.7490,0.5005,0.6265,0.0439,1.0000,1.0000,0.9935,0.0220,0.8385,0.5940,0.7240
rv,P,drive_equal,segment,16,8,all,2000,0.0200,391.9515,2626.9830,16.0000,0.0076,0.0149,0.0153,0.0685,0.0199,0.7385,0.5055,0.5325,0.0433,1.0000,0.9995,0.9960,0.0217,0.8225,0.5925,0.6610
dm,P,scene,segment,16,8,all,2000,0.0200,391.9515,2626.9830,16.0000,0.0250,0.0490,0.0440,0.1275,0.0188,0.1330,0.0670,0.0455,0.0465,0.4225,0.2570,0.3210,0.0227,0.1575,0.0820,0.0535
dm,P,drive_equal,segment,16,8,all,2000,0.0200,391.9515,2626.9830,16.0000,0.0232,0.0455,0.0471,0.0955,0.0187,0.1375,0.0755,0.0125,0.0463,0.4970,0.3380,0.2105,0.0225,0.1730,0.0995,0.0180
rn,F,scene,segment,16,8,3,2000,-0.1000,73.9820,1177.7550,13.0000,0.0869,0.1704,0.1635,0.1030,-0.0992,0.2155,0.1345,0.1620,-0.3971,0.9965,0.9925,0.9650,-0.1982,0.6290,0.5000,0.4760
rn,F,drive_equal,segment,16,8,3,2000,-0.1000,73.9820,1177.7550,13.0000,0.0797,0.1562,0.1701,0.0550,-0.0984,0.2185,0.1170,0.0960,-0.3962,0.9985,0.9965,0.9835,-0.1973,0.6720,0.5380,0.3975
rv,F,scene,segment,16,8,3,2000,0.1000,73.9820,1177.7550,13.0000,0.0703,0.1378,0.1322,0.1030,0.0994,0.2995,0.2070,0.2185,0.2894,0.9885,0.9625,0.9130,0.1444,0.5340,0.4120,0.4030
rv,F,drive_equal,segment,16,8,3,2000,0.1000,73.9820,1177.7550,13.0000,0.0645,0.1263,0.1375,0.0550,0.0987,0.3195,0.1925,0.1435,0.2887,0.9940,0.9810,0.9560,0.1437,0.5820,0.4495,0.3210
dm,F,scene,segment,16,8,3,2000,0.0500,73.9820,1177.7550,13.0000,0.0668,0.1310,0.1245,0.0880,0.0513,0.1295,0.0430,0.0925,0.0999,0.3375,0.1560,0.2470,0.0506,0.1270,0.0430,0.0925
dm,F,drive_equal,segment,16,8,3,2000,0.0500,73.9820,1177.7550,13.0000,0.0636,0.1247,0.1371,0.0420,0.0517,0.1335,0.0615,0.0365,0.1002,0.3600,0.2095,0.1705,0.0509,0.1310,0.0610,0.0350
rn,P,scene,segment,16,8,3,2000,-0.0200,392.5850,1177.7550,16.0000,0.0105,0.0206,0.0191,0.0965,-0.0199,0.4325,0.2135,0.3225,-0.0519,0.9985,0.9965,0.9830,-0.0259,0.6580,0.4110,0.5720
rn,P,drive_equal,segment,16,8,3,2000,-0.0200,392.5850,1177.7550,16.0000,0.0104,0.0204,0.0210,0.0705,-0.0197,0.4690,0.2930,0.1935,-0.0513,1.0000,0.9980,0.9875,-0.0256,0.6770,0.5005,0.4570
rv,P,scene,segment,16,8,3,2000,0.0200,392.5850,1177.7550,16.0000,0.0086,0.0169,0.0156,0.0955,0.0199,0.5985,0.3540,0.5140,0.0438,0.9995,0.9965,0.9855,0.0219,0.6880,0.4360,0.6275
rv,P,drive_equal,segment,16,8,3,2000,0.0200,392.5850,1177.7550,16.0000,0.0085,0.0167,0.0172,0.0710,0.0198,0.6225,0.4395,0.3895,0.0433,1.0000,0.9995,0.9925,0.0217,0.7025,0.5260,0.5065
dm,P,scene,segment,16,8,3,2000,0.0200,392.5850,1177.7550,16.0000,0.0256,0.0502,0.0458,0.1145,0.0189,0.1185,0.0555,0.0305,0.0467,0.4165,0.2295,0.3055,0.0228,0.1415,0.0665,0.0380
dm,P,drive_equal,segment,16,8,3,2000,0.0200,392.5850,1177.7550,16.0000,0.0239,0.0469,0.0489,0.1035,0.0183,0.1320,0.0705,0.0135,0.0460,0.4790,0.3240,0.1810,0.0222,0.1615,0.0880,0.0185
rn,F,scene,segment,16,16,all,2000,-0.1000,73.8410,4374.7425,13.0000,0.0825,0.1617,0.1579,0.1075,-0.1022,0.2565,0.1370,0.1985,-0.4001,0.9995,0.9915,0.9790,-0.2011,0.6970,0.5460,0.5045
rn,F,drive_equal,segment,16,16,all,2000,-0.1000,73.8410,4374.7425,13.0000,0.0702,0.1376,0.1519,0.0505,-0.1020,0.3145,0.1575,0.1380,-0.3999,1.0000,0.9995,0.9970,-0.2010,0.8180,0.6645,0.5195
rv,F,scene,segment,16,16,all,2000,0.1000,73.8410,4374.7425,13.0000,0.0667,0.1307,0.1277,0.1075,0.1018,0.3650,0.2150,0.2555,0.2918,0.9910,0.9795,0.9330,0.1468,0.6090,0.4625,0.4325
rv,F,drive_equal,segment,16,16,all,2000,0.1000,73.8410,4374.7425,13.0000,0.0568,0.1113,0.1229,0.0505,0.1016,0.4415,0.2630,0.1990,0.2916,0.9995,0.9980,0.9885,0.1466,0.7385,0.5585,0.4290
dm,F,scene,segment,16,16,all,2000,0.0500,73.8410,4374.7425,13.0000,0.0615,0.1205,0.1151,0.0935,0.0502,0.1270,0.0610,0.0820,0.0987,0.3595,0.2340,0.2680,0.0494,0.1250,0.0595,0.0820
dm,F,drive_equal,segment,16,16,all,2000,0.0500,73.8410,4374.7425,13.0000,0.0510,0.1000,0.1105,0.0495,0.0499,0.1725,0.0720,0.0620,0.0984,0.5155,0.3185,0.2495,0.0492,0.1685,0.0695,0.0595
rn,P,scene,segment,16,16,all,2000,-0.0200,656.0275,4374.7425,16.0000,0.0092,0.0181,0.0168,0.0930,-0.0203,0.5590,0.3580,0.4395,-0.0523,1.0000,1.0000,0.9965,-0.0263,0.8060,0.6335,0.7255
rn,P,drive_equal,segment,16,16,all,2000,-0.0200,656.0275,4374.7425,16.0000,0.0085,0.0168,0.0178,0.0540,-0.0201,0.6520,0.4785,0.3465,-0.0516,1.0000,1.0000,0.9985,-0.0260,0.8620,0.7500,0.6765
rv,P,scene,segment,16,16,all,2000,0.0200,656.0275,4374.7425,16.0000,0.0075,0.0148,0.0137,0.0940,0.0202,0.7500,0.5615,0.6605,0.0441,1.0000,1.0000,0.9980,0.0222,0.8350,0.6705,0.7625
rv,P,drive_equal,segment,16,16,all,2000,0.0200,656.0275,4374.7425,16.0000,0.0070,0.0137,0.0146,0.0540,0.0200,0.8210,0.6905,0.6070,0.0436,1.0000,1.0000,0.9990,0.0219,0.8830,0.7815,0.7270
dm,P,scene,segment,16,16,all,2000,0.0200,656.0275,4374.7425,16.0000,0.0237,0.0465,0.0431,0.1060,0.0196,0.1225,0.0590,0.0410,0.0473,0.4595,0.2400,0.3575,0.0235,0.1475,0.0705,0.0575
dm,P,drive_equal,segment,16,16,all,2000,0.0200,656.0275,4374.7425,16.0000,0.0231,0.0452,0.0461,0.0970,0.0197,0.1495,0.0755,0.0100,0.0474,0.5120,0.3495,0.2385,0.0236,0.1865,0.1030,0.0165
rn,F,scene,segment,16,16,3,2000,-0.1000,74.1140,1974.7170,13.0000,0.0872,0.1708,0.1643,0.1105,-0.0981,0.2015,0.1175,0.1600,-0.3959,0.9980,0.9870,0.9620,-0.1970,0.6290,0.5000,0.4650
rn,F,drive_equal,segment,16,16,3,2000,-0.1000,74.1140,1974.7170,13.0000,0.0790,0.1548,0.1702,0.0570,-0.1013,0.2575,0.1370,0.0945,-0.3992,0.9995,0.9950,0.9875,-0.2002,0.7130,0.5775,0.4205
rv,F,scene,segment,16,16,3,2000,0.1000,74.1140,1974.7170,13.0000,0.0705,0.1381,0.1329,0.1105,0.0984,0.2985,0.1860,0.2200,0.2884,0.9805,0.9570,0.9025,0.1434,0.5430,0.4080,0.3975
rv,F,drive_equal,segment,16,16,3,2000,0.1000,74.1140,1974.7170,13.0000,0.0639,0.1252,0.1376,0.0570,0.1010,0.3615,0.2245,0.1545,0.2910,0.9935,0.9860,0.9620,0.1460,0.6305,0.4890,0.3305
dm,F,scene,segment,16,16,3,2000,0.0500,74.1140,1974.7170,13.0000,0.0647,0.1268,0.1231,0.0945,0.0485,0.1150,0.0495,0.0780,0.0970,0.3085,0.1850,0.2220,0.0478,0.1120,0.0485,0.0780
dm,F,drive_equal,segment,16,16,3,2000,0.0500,74.1140,1974.7170,13.0000,0.0645,0.1264,0.1389,0.0360,0.0508,0.1285,0.0580,0.0375,0.0993,0.3530,0.2325,0.1600,0.0501,0.1255,0.0570,0.0365
rn,P,scene,segment,16,16,3,2000,-0.0200,658.2390,1974.7170,16.0000,0.0096,0.0189,0.0176,0.0875,-0.0203,0.5230,0.2910,0.4000,-0.0523,1.0000,1.0000,0.9935,-0.0263,0.7835,0.5405,0.6965
rn,P,drive_equal,segment,16,16,3,2000,-0.0200,658.2390,1974.7170,16.0000,0.0096,0.0188,0.0196,0.0575,-0.0200,0.5210,0.3825,0.2670,-0.0516,1.0000,0.9995,0.9935,-0.0259,0.7580,0.6150,0.5555
rv,P,scene,segment,16,16,3,2000,0.0200,658.2390,1974.7170,16.0000,0.0079,0.0155,0.0144,0.0880,0.0202,0.7195,0.4660,0.6230,0.0441,1.0000,1.0000,0.9950,0.0222,0.8070,0.5670,0.7415
rv,P,drive_equal,segment,16,16,3,2000,0.0200,658.2390,1974.7170,16.0000,0.0078,0.0154,0.0160,0.0590,0.0200,0.7045,0.5475,0.4895,0.0436,1.0000,0.9995,0.9955,0.0219,0.7910,0.6490,0.6060
dm,P,scene,segment,16,16,3,2000,0.0200,658.2390,1974.7170,16.0000,0.0250,0.0491,0.0446,0.1020,0.0200,0.1215,0.0605,0.0350,0.0477,0.4295,0.2255,0.3330,0.0239,0.1475,0.0780,0.0490
dm,P,drive_equal,segment,16,16,3,2000,0.0200,658.2390,1974.7170,16.0000,0.0234,0.0458,0.0481,0.0895,0.0200,0.1360,0.0680,0.0140,0.0476,0.4945,0.3275,0.2145,0.0238,0.1665,0.0885,0.0195
rn,F,scene,segment,20,0,all,2000,-0.1000,92.7020,654.2790,17.0000,0.0743,0.1457,0.1422,0.1070,-0.0966,0.2820,0.1740,0.1925,-0.3945,1.0000,1.0000,0.9990,-0.1956,0.7650,0.6440,0.5500
rn,F,drive_equal,segment,20,0,all,2000,-0.1000,92.7020,654.2790,17.0000,0.0649,0.1272,0.1330,0.0580,-0.0999,0.3330,0.2175,0.1795,-0.3978,1.0000,0.9995,0.9995,-0.1988,0.8625,0.7560,0.6500
rv,F,scene,segment,20,0,all,2000,0.1000,92.7020,654.2790,17.0000,0.0601,0.1178,0.1150,0.1070,0.0973,0.4045,0.2640,0.2625,0.2873,1.0000,0.9970,0.9825,0.1423,0.6865,0.5475,0.4670
rv,F,drive_equal,segment,20,0,all,2000,0.1000,92.7020,654.2790,17.0000,0.0525,0.1028,0.1075,0.0580,0.0999,0.4685,0.3240,0.2705,0.2899,0.9995,0.9980,0.9985,0.1449,0.7815,0.6525,0.5455
dm,F,scene,segment,20,0,all,2000,0.0500,92.7020,654.2790,17.0000,0.0540,0.1059,0.1014,0.0915,0.0501,0.1465,0.0610,0.0865,0.0987,0.4625,0.2730,0.3430,0.0494,0.1445,0.0585,0.0845
dm,F,drive_equal,segment,20,0,all,2000,0.0500,92.7020,654.2790,17.0000,0.0460,0.0901,0.0965,0.0425,0.0492,0.1960,0.1140,0.0810,0.0977,0.5695,0.4375,0.3400,0.0484,0.1935,0.1110,0.0790
rn,F,scene,segment,20,0,3,2000,-0.1000,92.5485,277.6455,17.0000,0.0780,0.1530,0.1460,0.1055,-0.0998,0.2745,0.1750,0.1995,-0.3976,1.0000,0.9995,0.9960,-0.1987,0.7275,0.6105,0.5460
rn,F,drive_equal,segment,20,0,3,2000,-0.1000,92.5485,277.6455,17.0000,0.0711,0.1394,0.1491,0.0505,-0.0996,0.2955,0.1865,0.1240,-0.3975,1.0000,1.0000,0.9995,-0.1986,0.7880,0.6805,0.5400
rv,F,scene,segment,20,0,3,2000,0.1000,92.5485,277.6455,17.0000,0.0631,0.1237,0.1181,0.1055,0.0998,0.3695,0.2595,0.2690,0.2898,0.9995,0.9950,0.9820,0.1448,0.6485,0.5095,0.4690
rv,F,drive_equal,segment,20,0,3,2000,0.1000,92.5485,277.6455,17.0000,0.0575,0.1127,0.1206,0.0505,0.0997,0.4200,0.2810,0.2065,0.2897,1.0000,0.9975,0.9905,0.1447,0.7125,0.5855,0.4460
dm,F,scene,segment,20,0,3,2000,0.0500,92.5485,277.6455,17.0000,0.0581,0.1139,0.1114,0.0870,0.0515,0.1330,0.0605,0.0805,0.1000,0.4045,0.2385,0.2905,0.0508,0.1320,0.0585,0.0790
dm,F,drive_equal,segment,20,0,3,2000,0.0500,92.5485,277.6455,17.0000,0.0575,0.1127,0.1211,0.0430,0.0487,0.1360,0.0645,0.0460,0.0973,0.3795,0.2450,0.2190,0.0480,0.1335,0.0615,0.0450
rn,F,scene,segment,20,2,all,2000,-0.1000,92.5275,1358.5750,17.0000,0.0757,0.1483,0.1416,0.1015,-0.1033,0.2930,0.1780,0.2150,-0.4012,0.9995,0.9990,0.9985,-0.2023,0.7650,0.6540,0.5910
rn,F,drive_equal,segment,20,2,all,2000,-0.1000,92.5275,1358.5750,17.0000,0.0644,0.1263,0.1330,0.0495,-0.1023,0.3805,0.2320,0.1830,-0.4002,1.0000,1.0000,1.0000,-0.2013,0.8770,0.7865,0.6750
rv,F,scene,segment,20,2,all,2000,0.1000,92.5275,1358.5750,17.0000,0.0612,0.1199,0.1145,0.1015,0.1027,0.4115,0.2800,0.3020,0.2927,0.9980,0.9960,0.9880,0.1477,0.6845,0.5620,0.5130
rv,F,drive_equal,segment,20,2,all,2000,0.1000,92.5275,1358.5750,17.0000,0.0521,0.1021,0.1075,0.0495,0.1019,0.5165,0.3620,0.2795,0.2919,1.0000,0.9985,0.9985,0.1469,0.8160,0.6915,0.5665
dm,F,scene,segment,20,2,all,2000,0.0500,92.5275,1358.5750,17.0000,0.0546,0.1069,0.1029,0.0835,0.0493,0.1525,0.0655,0.0985,0.0978,0.4390,0.2570,0.3405,0.0486,0.1490,0.0620,0.0975
dm,F,drive_equal,segment,20,2,all,2000,0.0500,92.5275,1358.5750,17.0000,0.0451,0.0885,0.0969,0.0480,0.0494,0.1830,0.0990,0.0840,0.0979,0.5670,0.4210,0.3340,0.0487,0.1765,0.0970,0.0815
rn,P,scene,segment,20,2,all,2000,-0.0200,199.0175,1358.5750,20.0000,0.0111,0.0218,0.0193,0.0950,-0.0198,0.4030,0.1495,0.3355,-0.0518,0.9935,0.9830,0.9745,-0.0258,0.6605,0.2855,0.6335
rn,P,drive_equal,segment,20,2,all,2000,-0.0200,199.0175,1358.5750,20.0000,0.0106,0.0207,0.0205,0.0780,-0.0199,0.4245,0.2640,0.2290,-0.0514,0.9980,0.9940,0.9670,-0.0258,0.6625,0.4505,0.5600
rv,P,scene,segment,20,2,all,2000,0.0200,199.0175,1358.5750,20.0000,0.0091,0.0179,0.0159,0.0970,0.0199,0.5875,0.2415,0.5600,0.0437,0.9940,0.9865,0.9770,0.0218,0.6880,0.3040,0.6780
rv,P,drive_equal,segment,20,2,all,2000,0.0200,199.0175,1358.5750,20.0000,0.0087,0.0170,0.0168,0.0785,0.0199,0.6085,0.3960,0.4800,0.0435,0.9985,0.9970,0.9680,0.0218,0.6990,0.4860,0.6170
dm,P,scene,segment,20,2,all,2000,0.0200,199.0175,1358.5750,20.0000,0.0247,0.0485,0.0437,0.1195,0.0193,0.1430,0.0655,0.0440,0.0470,0.4810,0.2950,0.3720,0.0231,0.1775,0.0880,0.0600
dm,P,drive_equal,segment,20,2,all,2000,0.0200,199.0175,1358.5750,20.0000,0.0234,0.0459,0.0457,0.0885,0.0190,0.1320,0.0735,0.0210,0.0467,0.4855,0.3285,0.2550,0.0228,0.1610,0.0950,0.0300
rn,F,scene,segment,20,2,3,2000,-0.1000,92.0380,595.8660,17.0000,0.0769,0.1506,0.1489,0.0975,-0.1008,0.2845,0.1615,0.1840,-0.3987,1.0000,0.9995,0.9980,-0.1997,0.7405,0.6090,0.5380
rn,F,drive_equal,segment,20,2,3,2000,-0.1000,92.0380,595.8660,17.0000,0.0710,0.1391,0.1482,0.0510,-0.0999,0.3145,0.1900,0.1360,-0.3978,1.0000,0.9985,0.9975,-0.1988,0.8080,0.6885,0.5335
rv,F,scene,segment,20,2,3,2000,0.1000,92.0380,595.8660,17.0000,0.0621,0.1218,0.1204,0.0975,0.1006,0.4040,0.2480,0.2535,0.2906,0.9980,0.9920,0.9815,0.1456,0.6585,0.5185,0.4630
rv,F,drive_equal,segment,20,2,3,2000,0.1000,92.0380,595.8660,17.0000,0.0574,0.1125,0.1199,0.0510,0.0999,0.4350,0.2935,0.2055,0.2899,0.9970,0.9955,0.9920,0.1449,0.7325,0.5880,0.4430
dm,F,scene,segment,20,2,3,2000,0.0500,92.0380,595.8660,17.0000,0.0598,0.1172,0.1124,0.0825,0.0505,0.1420,0.0575,0.0930,0.0990,0.4055,0.2285,0.3025,0.0498,0.1395,0.0545,0.0905
dm,F,drive_equal,segment,20,2,3,2000,0.0500,92.0380,595.8660,17.0000,0.0588,0.1152,0.1203,0.0490,0.0510,0.1410,0.0600,0.0570,0.0995,0.4065,0.2460,0.2385,0.0502,0.1395,0.0575,0.0540
rn,P,scene,segment,20,2,3,2000,-0.0200,198.6220,595.8660,20.0000,0.0136,0.0267,0.0232,0.1340,-0.0200,0.2375,0.0985,0.1375,-0.0518,0.9880,0.9080,0.9555,-0.0259,0.3780,0.1750,0.3825
rn,P,drive_equal,segment,20,2,3,2000,-0.0200,198.6220,595.8660,20.0000,0.0131,0.0256,0.0248,0.1230,-0.0195,0.2910,0.1335,0.0635,-0.0510,0.9885,0.9375,0.9525,-0.0254,0.4515,0.2415,0.2520
rv,P,scene,segment,20,2,3,2000,0.0200,198.6220,595.8660,20.0000,0.0112,0.0219,0.0191,0.1350,0.0200,0.3310,0.1480,0.3065,0.0437,0.9900,0.9285,0.9595,0.0218,0.3975,0.1835,0.4275
rv,P,drive_equal,segment,20,2,3,2000,0.0200,198.6220,595.8660,20.0000,0.0107,0.0210,0.0203,0.1235,0.0196,0.4065,0.2105,0.1970,0.0431,0.9895,0.9535,0.9565,0.0214,0.4725,0.2570,0.3005
dm,P,scene,segment,20,2,3,2000,0.0200,198.6220,595.8660,20.0000,0.0291,0.0571,0.0517,0.0940,0.0199,0.1080,0.0375,0.0255,0.0476,0.3375,0.1395,0.2565,0.0237,0.1245,0.0450,0.0335
dm,P,drive_equal,segment,20,2,3,2000,0.0200,198.6220,595.8660,20.0000,0.0265,0.0519,0.0533,0.0750,0.0197,0.1185,0.0460,0.0150,0.0474,0.4135,0.2255,0.1695,0.0236,0.1500,0.0605,0.0205
rn,F,scene,segment,20,4,all,2000,-0.1000,92.7275,2022.9980,17.0000,0.0756,0.1481,0.1427,0.1050,-0.1009,0.2895,0.1870,0.2160,-0.3988,0.9995,0.9990,0.9985,-0.1999,0.7600,0.6245,0.5555
rn,F,drive_equal,segment,20,4,all,2000,-0.1000,92.7275,2022.9980,17.0000,0.0633,0.1241,0.1330,0.0570,-0.1018,0.3760,0.2430,0.1755,-0.3997,1.0000,1.0000,1.0000,-0.2008,0.8820,0.8105,0.6775
rv,F,scene,segment,20,4,all,2000,0.1000,92.7275,2022.9980,17.0000,0.0611,0.1198,0.1154,0.1050,0.1007,0.3955,0.2735,0.2870,0.2907,0.9985,0.9960,0.9900,0.1457,0.6615,0.5370,0.4780
rv,F,drive_equal,segment,20,4,all,2000,0.1000,92.7275,2022.9980,17.0000,0.0512,0.1003,0.1075,0.0570,0.1015,0.5310,0.3825,0.2705,0.2915,1.0000,0.9990,0.9990,0.1465,0.8210,0.7220,0.5690
dm,F,scene,segment,20,4,all,2000,0.0500,92.7275,2022.9980,17.0000,0.0542,0.1063,0.1031,0.0990,0.0503,0.1290,0.0590,0.0835,0.0988,0.4115,0.2435,0.3280,0.0495,0.1275,0.0560,0.0835
dm,F,drive_equal,segment,20,4,all,2000,0.0500,92.7275,2022.9980,17.0000,0.0455,0.0891,0.0964,0.0490,0.0492,0.2015,0.1060,0.0785,0.0977,0.5680,0.4080,0.3195,0.0484,0.1965,0.1040,0.0765
rn,P,scene,segment,20,4,all,2000,-0.0200,299.5115,2022.9980,20.0000,0.0093,0.0183,0.0169,0.0900,-0.0199,0.5460,0.2835,0.4290,-0.0518,0.9995,0.9975,0.9900,-0.0258,0.8055,0.5170,0.7340
rn,P,drive_equal,segment,20,4,all,2000,-0.0200,299.5115,2022.9980,20.0000,0.0090,0.0177,0.0179,0.0740,-0.0195,0.5705,0.3740,0.3540,-0.0510,1.0000,0.9995,0.9920,-0.0254,0.8195,0.6090,0.6850
rv,P,scene,segment,20,4,all,2000,0.0200,299.5115,2022.9980,20.0000,0.0077,0.0150,0.0139,0.0905,0.0199,0.7410,0.4460,0.6730,0.0437,0.9995,0.9985,0.9915,0.0218,0.8320,0.5570,0.7690
rv,P,drive_equal,segment,20,4,all,2000,0.0200,299.5115,2022.9980,20.0000,0.0074,0.0145,0.0146,0.0750,0.0196,0.7615,0.5520,0.6190,0.0431,1.0000,0.9995,0.9925,0.0215,0.8415,0.6395,0.7345
dm,P,scene,segment,20,4,all,2000,0.0200,299.5115,2022.9980,20.0000,0.0235,0.0461,0.0421,0.1020,0.0201,0.1225,0.0470,0.0410,0.0478,0.4750,0.2215,0.3845,0.0240,0.1535,0.0590,0.0600
dm,P,drive_equal,segment,20,4,all,2000,0.0200,299.5115,2022.9980,20.0000,0.0212,0.0415,0.0432,0.0815,0.0194,0.1575,0.0865,0.0180,0.0471,0.5945,0.4205,0.3110,0.0233,0.2020,0.1180,0.0265
rn,F,scene,segment,20,4,3,2000,-0.1000,92.6350,897.5850,17.0000,0.0759,0.1488,0.1476,0.0890,-0.1001,0.2815,0.1655,0.1935,-0.3980,0.9995,0.9990,0.9965,-0.1990,0.7390,0.6170,0.5415
rn,F,drive_equal,segment,20,4,3,2000,-0.1000,92.6350,897.5850,17.0000,0.0706,0.1383,0.1483,0.0535,-0.0997,0.2995,0.1615,0.1230,-0.3976,1.0000,0.9990,0.9980,-0.1986,0.8120,0.6625,0.5490
rv,F,scene,segment,20,4,3,2000,0.1000,92.6350,897.5850,17.0000,0.0614,0.1203,0.1194,0.0890,0.1000,0.3900,0.2640,0.2615,0.2900,0.9980,0.9930,0.9760,0.1450,0.6585,0.5265,0.4620
rv,F,drive_equal,segment,20,4,3,2000,0.1000,92.6350,897.5850,17.0000,0.0570,0.1118,0.1199,0.0535,0.0997,0.4205,0.2570,0.1990,0.2897,0.9990,0.9970,0.9890,0.1447,0.7255,0.5635,0.4480
dm,F,scene,segment,20,4,3,2000,0.0500,92.6350,897.5850,17.0000,0.0587,0.1150,0.1119,0.0830,0.0508,0.1545,0.0480,0.0850,0.0993,0.4260,0.2370,0.3015,0.0500,0.1515,0.0470,0.0835
dm,F,drive_equal,segment,20,4,3,2000,0.0500,92.6350,897.5850,17.0000,0.0582,0.1141,0.1209,0.0465,0.0511,0.1480,0.0575,0.0555,0.0997,0.4095,0.2445,0.2265,0.0504,0.1475,0.0565,0.0520
rn,P,scene,segment,20,4,3,2000,-0.0200,299.1950,897.5850,20.0000,0.0108,0.0212,0.0194,0.1100,-0.0196,0.3980,0.1890,0.2780,-0.0516,0.9985,0.9925,0.9795,-0.0256,0.6405,0.3515,0.5795
rn,P,drive_equal,segment,20,4,3,2000,-0.0200,299.1950,897.5850,20.0000,0.0109,0.0215,0.0210,0.0895,-0.0197,0.3950,0.2270,0.1795,-0.0512,0.9990,0.9945,0.9860,-0.0256,0.6075,0.4155,0.4690
rv,P,scene,segment,20,4,3,2000,0.0200,299.1950,897.5850,20.0000,0.0089,0.0174,0.0159,0.1110,0.0196,0.5675,0.2990,0.5170,0.0435,0.9985,0.9940,0.9810,0.0216,0.6730,0.3745,0.6260
rv,P,drive_equal,segment,20,4,3,2000,0.0200,299.1950,897.5850,20.0000,0.0090,0.0176,0.0172,0.0905,0.0197,0.5510,0.3660,0.3895,0.0433,1.0000,0.9975,0.9890,0.0216,0.6420,0.4420,0.5295
dm,P,scene,segment,20,4,3,2000,0.0200,299.1950,897.5850,20.0000,0.0245,0.0480,0.0454,0.0965,0.0202,0.1365,0.0560,0.0365,0.0480,0.4605,0.2610,0.3435,0.0241,0.1655,0.0680,0.0540
dm,P,drive_equal,segment,20,4,3,2000,0.0200,299.1950,897.5850,20.0000,0.0238,0.0466,0.0476,0.0720,0.0206,0.1440,0.0740,0.0105,0.0483,0.4970,0.3260,0.2595,0.0245,0.1805,0.0925,0.0180
rn,F,scene,segment,20,8,all,2000,-0.1000,92.6840,3286.7485,17.0000,0.0736,0.1442,0.1429,0.0920,-0.0991,0.2815,0.1700,0.2085,-0.3970,1.0000,0.9995,0.9980,-0.1980,0.7660,0.6385,0.5495
rn,F,drive_equal,segment,20,8,all,2000,-0.1000,92.6840,3286.7485,17.0000,0.0617,0.1209,0.1339,0.0470,-0.0978,0.3620,0.2020,0.1485,-0.3956,1.0000,1.0000,1.0000,-0.1967,0.8915,0.7865,0.6505
rv,F,scene,segment,20,8,all,2000,0.1000,92.6840,3286.7485,17.0000,0.0595,0.1166,0.1155,0.0920,0.0993,0.3915,0.2585,0.2875,0.2893,0.9985,0.9945,0.9880,0.1443,0.6780,0.5345,0.4745
rv,F,drive_equal,segment,20,8,all,2000,0.1000,92.6840,3286.7485,17.0000,0.0499,0.0978,0.1082,0.0470,0.0982,0.5030,0.3420,0.2360,0.2882,1.0000,0.9995,0.9990,0.1432,0.8200,0.6780,0.5290
dm,F,scene,segment,20,8,all,2000,0.0500,92.6840,3286.7485,17.0000,0.0557,0.1091,0.1026,0.0895,0.0517,0.1580,0.0815,0.1075,0.1002,0.4210,0.3110,0.3520,0.0510,0.1550,0.0800,0.1055
dm,F,drive_equal,segment,20,8,all,2000,0.0500,92.6840,3286.7485,17.0000,0.0456,0.0893,0.0961,0.0475,0.0501,0.1910,0.0855,0.0835,0.0986,0.5825,0.3715,0.3345,0.0493,0.1880,0.0815,0.0795
rn,P,scene,segment,20,8,all,2000,-0.0200,490.7525,3286.7485,20.0000,0.0085,0.0167,0.0157,0.0850,-0.0202,0.6295,0.4005,0.5330,-0.0522,1.0000,0.9990,0.9975,-0.0262,0.8845,0.6910,0.8150
rn,P,drive_equal,segment,20,8,all,2000,-0.0200,490.7525,3286.7485,20.0000,0.0082,0.0161,0.0166,0.0620,-0.0197,0.6565,0.4580,0.4215,-0.0513,1.0000,1.0000,0.9970,-0.0256,0.8875,0.7480,0.7645
rv,P,scene,segment,20,8,all,2000,0.0200,490.7525,3286.7485,20.0000,0.0070,0.0137,0.0129,0.0860,0.0202,0.8340,0.6110,0.7640,0.0440,1.0000,0.9995,0.9985,0.0221,0.9045,0.7235,0.8440
rv,P,drive_equal,segment,20,8,all,2000,0.0200,490.7525,3286.7485,20.0000,0.0067,0.0132,0.0136,0.0615,0.0198,0.8360,0.6860,0.6985,0.0433,1.0000,1.0000,0.9990,0.0217,0.9060,0.7845,0.8040
dm,P,scene,segment,20,8,all,2000,0.0200,490.7525,3286.7485,20.0000,0.0218,0.0427,0.0397,0.1030,0.0190,0.1425,0.0510,0.0410,0.0467,0.5490,0.2695,0.4325,0.0229,0.1800,0.0665,0.0565
dm,P,drive_equal,segment,20,8,all,2000,0.0200,490.7525,3286.7485,20.0000,0.0208,0.0408,0.0414,0.0895,0.0194,0.1515,0.0745,0.0185,0.0471,0.5955,0.4085,0.3665,0.0232,0.1875,0.0950,0.0265
rn,F,scene,segment,20,8,3,2000,-0.1000,92.4345,1473.8925,17.0000,0.0771,0.1511,0.1476,0.0995,-0.1007,0.2830,0.1625,0.1975,-0.3986,0.9990,0.9975,0.9945,-0.1997,0.7385,0.6090,0.5310
rn,F,drive_equal,segment,20,8,3,2000,-0.1000,92.4345,1473.8925,17.0000,0.0711,0.1394,0.1488,0.0535,-0.1017,0.3035,0.1585,0.1315,-0.3996,1.0000,1.0000,0.9995,-0.2007,0.8090,0.6465,0.5605
rv,F,scene,segment,20,8,3,2000,0.1000,92.4345,1473.8925,17.0000,0.0623,0.1222,0.1194,0.0995,0.1006,0.3940,0.2590,0.2785,0.2906,0.9965,0.9900,0.9790,0.1456,0.6575,0.5145,0.4690
rv,F,drive_equal,segment,20,8,3,2000,0.1000,92.4345,1473.8925,17.0000,0.0575,0.1127,0.1203,0.0535,0.1014,0.4340,0.2575,0.2140,0.2914,1.0000,0.9950,0.9890,0.1464,0.7240,0.5560,0.4680
dm,F,scene,segment,20,8,3,2000,0.0500,92.4345,1473.8925,17.0000,0.0599,0.1175,0.1110,0.0950,0.0500,0.1245,0.0620,0.0940,0.0985,0.3710,0.2395,0.3050,0.0492,0.1235,0.0590,0.0935
dm,F,drive_equal,segment,20,8,3,2000,0.0500,92.4345,1473.8925,17.0000,0.0592,0.1160,0.1209,0.0425,0.0492,0.1315,0.0630,0.0530,0.0977,0.3930,0.2320,0.2255,0.0485,0.1295,0.0600,0.0525
rn,P,scene,segment,20,8,3,2000,-0.0200,491.2975,1473.8925,20.0000,0.0096,0.0189,0.0173,0.0930,-0.0206,0.5500,0.2520,0.4345,-0.0525,0.9995,0.9990,0.9940,-0.0265,0.7935,0.4815,0.7415
rn,P,drive_equal,segment,20,8,3,2000,-0.0200,491.2975,1473.8925,20.0000,0.0091,0.0179,0.0185,0.0690,-0.0201,0.5940,0.3865,0.3195,-0.0516,1.0000,1.0000,0.9975,-0.0260,0.8115,0.6410,0.6510
rv,P,scene,segment,20,8,3,2000,0.0200,491.2975,1473.8925,20.0000,0.0079,0.0155,0.0141,0.0945,0.0205,0.7325,0.4120,0.6640,0.0443,1.0000,0.9990,0.9955,0.0224,0.8190,0.5105,0.7855
rv,P,drive_equal,segment,20,8,3,2000,0.0200,491.2975,1473.8925,20.0000,0.0075,0.0147,0.0151,0.0710,0.0201,0.7685,0.5735,0.5830,0.0436,1.0000,1.0000,0.9985,0.0219,0.8400,0.6745,0.7070
dm,P,scene,segment,20,8,3,2000,0.0200,491.2975,1473.8925,20.0000,0.0232,0.0454,0.0426,0.1035,0.0199,0.1530,0.0615,0.0380,0.0476,0.5155,0.2920,0.3960,0.0238,0.1845,0.0775,0.0535
dm,P,drive_equal,segment,20,8,3,2000,0.0200,491.2975,1473.8925,20.0000,0.0220,0.0431,0.0446,0.0770,0.0202,0.1565,0.0835,0.0145,0.0478,0.5830,0.3785,0.2965,0.0240,0.1925,0.1055,0.0220
rn,F,scene,segment,20,16,all,2000,-0.1000,92.2420,5484.6095,17.0000,0.0746,0.1463,0.1413,0.1025,-0.1029,0.3105,0.2185,0.2140,-0.4008,1.0000,0.9995,0.9990,-0.2019,0.7845,0.6825,0.5800
rn,F,drive_equal,segment,20,16,all,2000,-0.1000,92.2420,5484.6095,17.0000,0.0637,0.1249,0.1329,0.0570,-0.1027,0.3590,0.2290,0.1825,-0.4006,1.0000,0.9995,0.9995,-0.2016,0.8720,0.8045,0.6760
rv,F,scene,segment,20,16,all,2000,0.1000,92.2420,5484.6095,17.0000,0.0604,0.1183,0.1142,0.1025,0.1024,0.4230,0.3075,0.2950,0.2924,0.9990,0.9960,0.9915,0.1474,0.7020,0.5770,0.5030
rv,F,drive_equal,segment,20,16,all,2000,0.1000,92.2420,5484.6095,17.0000,0.0515,0.1010,0.1075,0.0570,0.1022,0.4925,0.3680,0.2645,0.2922,0.9990,0.9990,0.9985,0.1472,0.8145,0.7030,0.5695
dm,F,scene,segment,20,16,all,2000,0.0500,92.2420,5484.6095,17.0000,0.0555,0.1088,0.1032,0.0970,0.0499,0.1540,0.0795,0.0965,0.0984,0.4325,0.2950,0.3345,0.0491,0.1505,0.0770,0.0950
dm,F,drive_equal,segment,20,16,all,2000,0.0500,92.2420,5484.6095,17.0000,0.0460,0.0902,0.0969,0.0490,0.0508,0.2050,0.0820,0.0805,0.0993,0.5680,0.3755,0.3465,0.0500,0.2015,0.0810,0.0800
rn,P,scene,segment,20,16,all,2000,-0.0200,822.8875,5484.6095,20.0000,0.0077,0.0152,0.0149,0.0840,-0.0200,0.7180,0.5610,0.5625,-0.0518,1.0000,1.0000,0.9980,-0.0259,0.9235,0.8275,0.8435
rn,P,drive_equal,segment,20,16,all,2000,-0.0200,822.8875,5484.6095,20.0000,0.0080,0.0156,0.0158,0.0645,-0.0197,0.6965,0.5185,0.4855,-0.0511,1.0000,1.0000,0.9995,-0.0255,0.9000,0.7795,0.8015
rv,P,scene,segment,20,16,all,2000,0.0200,822.8875,5484.6095,20.0000,0.0063,0.0124,0.0122,0.0855,0.0200,0.8855,0.7730,0.7830,0.0437,1.0000,1.0000,0.9985,0.0218,0.9430,0.8560,0.8725
rv,P,drive_equal,segment,20,16,all,2000,0.0200,822.8875,5484.6095,20.0000,0.0065,0.0128,0.0129,0.0660,0.0197,0.8545,0.7275,0.7315,0.0432,1.0000,1.0000,0.9995,0.0216,0.9270,0.8100,0.8405
dm,P,scene,segment,20,16,all,2000,0.0200,822.8875,5484.6095,20.0000,0.0222,0.0435,0.0395,0.1055,0.0202,0.1420,0.0680,0.0445,0.0479,0.5415,0.3060,0.4775,0.0240,0.1735,0.0860,0.0670
dm,P,drive_equal,segment,20,16,all,2000,0.0200,822.8875,5484.6095,20.0000,0.0205,0.0402,0.0410,0.0910,0.0199,0.1750,0.0980,0.0160,0.0476,0.6305,0.4595,0.3870,0.0237,0.2205,0.1245,0.0255
rn,F,scene,segment,20,16,3,2000,-0.1000,92.8765,2474.1240,17.0000,0.0780,0.1529,0.1482,0.1000,-0.1025,0.2760,0.1625,0.1855,-0.4004,0.9995,0.9980,0.9945,-0.2014,0.7395,0.6150,0.5485
rn,F,drive_equal,segment,20,16,3,2000,-0.1000,92.8765,2474.1240,17.0000,0.0715,0.1402,0.1494,0.0500,-0.0993,0.2970,0.1645,0.1295,-0.3972,1.0000,1.0000,0.9975,-0.1982,0.8090,0.6450,0.5385
rv,F,scene,segment,20,16,3,2000,0.1000,92.8765,2474.1240,17.0000,0.0631,0.1236,0.1198,0.1000,0.1020,0.3810,0.2660,0.2625,0.2920,0.9960,0.9930,0.9780,0.1470,0.6545,0.5130,0.4750
rv,F,drive_equal,segment,20,16,3,2000,0.1000,92.8765,2474.1240,17.0000,0.0578,0.1134,0.1208,0.0500,0.0994,0.4215,0.2580,0.2030,0.2894,0.9995,0.9965,0.9910,0.1444,0.7170,0.5405,0.4340
dm,F,scene,segment,20,16,3,2000,0.0500,92.8765,2474.1240,17.0000,0.0587,0.1150,0.1129,0.0860,0.0494,0.1305,0.0690,0.0875,0.0979,0.3960,0.2550,0.2895,0.0486,0.1280,0.0660,0.0845
dm,F,drive_equal,segment,20,16,3,2000,0.0500,92.8765,2474.1240,17.0000,0.0587,0.1151,0.1213,0.0525,0.0493,0.1290,0.0655,0.0570,0.0978,0.3825,0.2300,0.2120,0.0486,0.1285,0.0630,0.0555
rn,P,scene,segment,20,16,3,2000,-0.0200,824.7080,2474.1240,20.0000,0.0087,0.0170,0.0156,0.0945,-0.0202,0.6245,0.3970,0.5255,-0.0522,1.0000,1.0000,0.9985,-0.0262,0.8585,0.6780,0.7960
rn,P,drive_equal,segment,20,16,3,2000,-0.0200,824.7080,2474.1240,20.0000,0.0085,0.0166,0.0172,0.0590,-0.0198,0.6405,0.4410,0.3940,-0.0514,1.0000,1.0000,1.0000,-0.0257,0.8620,0.7185,0.7135
rv,P,scene,segment,20,16,3,2000,0.0200,824.7080,2474.1240,20.0000,0.0071,0.0139,0.0128,0.0950,0.0202,0.8065,0.6080,0.7345,0.0440,1.0000,1.0000,0.9990,0.0221,0.8790,0.7080,0.8325
rv,P,drive_equal,segment,20,16,3,2000,0.0200,824.7080,2474.1240,20.0000,0.0069,0.0136,0.0141,0.0585,0.0198,0.8175,0.6615,0.6495,0.0434,1.0000,1.0000,1.0000,0.0217,0.8890,0.7520,0.7570
dm,P,scene,segment,20,16,3,2000,0.0200,824.7080,2474.1240,20.0000,0.0226,0.0444,0.0402,0.1160,0.0197,0.1470,0.0525,0.0410,0.0474,0.5385,0.2760,0.4400,0.0236,0.1845,0.0700,0.0600
dm,P,drive_equal,segment,20,16,3,2000,0.0200,824.7080,2474.1240,20.0000,0.0220,0.0432,0.0423,0.0955,0.0198,0.1680,0.0790,0.0160,0.0475,0.5670,0.3845,0.3545,0.0237,0.2080,0.1075,0.0280
rn,F,scene,segment,24,0,all,2000,-0.1000,111.0000,784.0695,20.0000,0.0676,0.1326,0.1321,0.0860,-0.1012,0.3590,0.2120,0.2210,-0.3991,1.0000,1.0000,1.0000,-0.2001,0.8545,0.7225,0.6365
rn,F,drive_equal,segment,24,0,all,2000,-0.1000,111.0000,784.0695,20.0000,0.0571,0.1118,0.1203,0.0515,-0.1002,0.4300,0.2290,0.2040,-0.3981,1.0000,1.0000,1.0000,-0.1992,0.9330,0.8460,0.7865
rv,F,scene,segment,24,0,all,2000,0.1000,111.0000,784.0695,20.0000,0.0547,0.1072,0.1068,0.0860,0.1010,0.4780,0.3275,0.3215,0.2910,1.0000,0.9990,0.9990,0.1460,0.7735,0.6220,0.5460
rv,F,drive_equal,segment,24,0,all,2000,0.1000,111.0000,784.0695,20.0000,0.0461,0.0904,0.0973,0.0515,0.1002,0.5905,0.3900,0.3240,0.2902,1.0000,0.9995,1.0000,0.1452,0.8845,0.7510,0.6680
dm,F,scene,segment,24,0,all,2000,0.0500,111.0000,784.0695,20.0000,0.0517,0.1014,0.0942,0.0940,0.0492,0.1595,0.0735,0.1135,0.0977,0.4925,0.3275,0.4110,0.0485,0.1535,0.0730,0.1120
dm,F,drive_equal,segment,24,0,all,2000,0.0500,111.0000,784.0695,20.0000,0.0419,0.0821,0.0867,0.0450,0.0495,0.2230,0.1110,0.0960,0.0980,0.6490,0.4905,0.4165,0.0488,0.2180,0.1070,0.0940
rn,F,scene,segment,24,0,3,2000,-0.1000,111.0000,333.0000,20.0000,0.0712,0.1395,0.1362,0.0870,-0.1017,0.3050,0.2095,0.2060,-0.3996,0.9995,0.9995,0.9985,-0.2006,0.8070,0.6895,0.6245
rn,F,drive_equal,segment,24,0,3,2000,-0.1000,111.0000,333.0000,20.0000,0.0654,0.1283,0.1344,0.0590,-0.1019,0.3210,0.2075,0.1640,-0.3998,1.0000,1.0000,1.0000,-0.2009,0.8525,0.7625,0.6745
rv,F,scene,segment,24,0,3,2000,0.1000,111.0000,333.0000,20.0000,0.0575,0.1128,0.1101,0.0870,0.1014,0.4475,0.2935,0.2955,0.2914,0.9995,0.9990,0.9960,0.1464,0.7305,0.6035,0.5225
rv,F,drive_equal,segment,24,0,3,2000,0.1000,111.0000,333.0000,20.0000,0.0529,0.1037,0.1087,0.0590,0.1016,0.4635,0.3255,0.2625,0.2916,1.0000,0.9990,0.9985,0.1466,0.7765,0.6650,0.5635
dm,F,scene,segment,24,0,3,2000,0.0500,111.0000,333.0000,20.0000,0.0539,0.1055,0.1038,0.0795,0.0481,0.1535,0.0555,0.0900,0.0966,0.4235,0.2280,0.3235,0.0474,0.1535,0.0555,0.0875
dm,F,drive_equal,segment,24,0,3,2000,0.0500,111.0000,333.0000,20.0000,0.0526,0.1032,0.1094,0.0390,0.0494,0.1495,0.0725,0.0700,0.0979,0.4610,0.3125,0.2650,0.0487,0.1485,0.0710,0.0680
rn,F,scene,segment,24,2,all,2000,-0.1000,111.0000,1630.5975,20.0000,0.0678,0.1328,0.1308,0.0925,-0.0987,0.3105,0.1880,0.2225,-0.3965,1.0000,1.0000,1.0000,-0.1976,0.8245,0.7175,0.6395
rn,F,drive_equal,segment,24,2,all,2000,-0.1000,111.0000,1630.5975,20.0000,0.0571,0.1119,0.1195,0.0595,-0.1002,0.3965,0.2465,0.2060,-0.3981,1.0000,1.0000,1.0000,-0.1992,0.9350,0.8650,0.7810
rv,F,scene,segment,24,2,all,2000,0.1000,111.0000,1630.5975,20.0000,0.0548,0.1074,0.1057,0.0925,0.0989,0.4435,0.2980,0.3035,0.2889,1.0000,0.9990,0.9990,0.1439,0.7440,0.6175,0.5480
rv,F,drive_equal,segment,24,2,all,2000,0.1000,111.0000,1630.5975,20.0000,0.0461,0.0905,0.0966,0.0595,0.1002,0.5650,0.3965,0.3200,0.2902,1.0000,1.0000,1.0000,0.1452,0.8810,0.7695,0.6765
dm,F,scene,segment,24,2,all,2000,0.0500,111.0000,1630.5975,20.0000,0.0485,0.0950,0.0932,0.0765,0.0509,0.1945,0.0975,0.1135,0.0995,0.5540,0.3995,0.4270,0.0502,0.1880,0.0955,0.1120
dm,F,drive_equal,segment,24,2,all,2000,0.0500,111.0000,1630.5975,20.0000,0.0402,0.0788,0.0863,0.0445,0.0501,0.2390,0.1155,0.0955,0.0986,0.6875,0.5215,0.4120,0.0493,0.2350,0.1125,0.0925
rn,P,scene,segment,24,2,all,2000,-0.0200,239.0000,1630.5975,24.0000,0.0106,0.0207,0.0184,0.1090,-0.0200,0.4780,0.1980,0.3880,-0.0519,0.9980,0.9935,0.9810,-0.0260,0.7320,0.3770,0.7235
rn,P,drive_equal,segment,24,2,all,2000,-0.0200,239.0000,1630.5975,24.0000,0.0095,0.0185,0.0187,0.0810,-0.0194,0.5015,0.2855,0.2895,-0.0509,0.9995,0.9965,0.9735,-0.0252,0.7510,0.5300,0.6680
rv,P,scene,segment,24,2,all,2000,0.0200,239.0000,1630.5975,24.0000,0.0087,0.0170,0.0151,0.1095,0.0200,0.6590,0.3225,0.6510,0.0438,0.9985,0.9940,0.9830,0.0219,0.7575,0.3970,0.7600
rv,P,drive_equal,segment,24,2,all,2000,0.0200,239.0000,1630.5975,24.0000,0.0078,0.0152,0.0154,0.0820,0.0195,0.6855,0.4575,0.5800,0.0430,1.0000,0.9975,0.9765,0.0213,0.7755,0.5565,0.7160
dm,P,scene,segment,24,2,all,2000,0.0200,239.0000,1630.5975,24.0000,0.0223,0.0437,0.0411,0.0925,0.0203,0.1440,0.0655,0.0500,0.0480,0.5365,0.3605,0.4485,0.0241,0.1840,0.0860,0.0700
dm,P,drive_equal,segment,24,2,all,2000,0.0200,239.0000,1630.5975,24.0000,0.0209,0.0409,0.0421,0.0765,0.0205,0.1660,0.0675,0.0275,0.0482,0.6180,0.4135,0.3805,0.0244,0.2170,0.0970,0.0395
rn,F,scene,segment,24,2,3,2000,-0.1000,111.0000,717.0000,20.0000,0.0720,0.1411,0.1350,0.0945,-0.0997,0.2985,0.1645,0.2130,-0.3976,1.0000,1.0000,0.9995,-0.1986,0.7915,0.6490,0.5995
rn,F,drive_equal,segment,24,2,3,2000,-0.1000,111.0000,717.0000,20.0000,0.0656,0.1285,0.1334,0.0550,-0.1006,0.3245,0.1950,0.1685,-0.3985,1.0000,1.0000,1.0000,-0.1996,0.8640,0.7415,0.6740
rv,F,scene,segment,24,2,3,2000,0.1000,111.0000,717.0000,20.0000,0.0582,0.1141,0.1091,0.0945,0.0997,0.4170,0.2675,0.2950,0.2897,1.0000,0.9960,0.9935,0.1447,0.7040,0.5400,0.5195
rv,F,drive_equal,segment,24,2,3,2000,0.1000,111.0000,717.0000,20.0000,0.0530,0.1039,0.1079,0.0550,0.1005,0.4595,0.3090,0.2675,0.2905,0.9995,0.9995,0.9985,0.1455,0.7825,0.6395,0.5510
dm,F,scene,segment,24,2,3,2000,0.0500,111.0000,717.0000,20.0000,0.0535,0.1048,0.1019,0.0845,0.0529,0.1555,0.0715,0.1070,0.1014,0.4400,0.3065,0.3600,0.0522,0.1555,0.0720,0.1050
dm,F,drive_equal,segment,24,2,3,2000,0.0500,111.0000,717.0000,20.0000,0.0531,0.1040,0.1090,0.0485,0.0518,0.1680,0.0780,0.0730,0.1003,0.4640,0.3115,0.2850,0.0511,0.1635,0.0755,0.0720
rn,P,scene,segment,24,2,3,2000,-0.0200,239.0000,717.0000,24.0000,0.0122,0.0239,0.0213,0.1215,-0.0199,0.2870,0.1375,0.2015,-0.0518,0.9950,0.9780,0.9735,-0.0259,0.4715,0.2350,0.4990
rn,P,drive_equal,segment,24,2,3,2000,-0.0200,239.0000,717.0000,24.0000,0.0116,0.0227,0.0227,0.0890,-0.0196,0.3585,0.1895,0.0995,-0.0511,0.9965,0.9855,0.9705,-0.0255,0.5625,0.3380,0.3730
rv,P,scene,segment,24,2,3,2000,0.0200,239.0000,717.0000,24.0000,0.0100,0.0196,0.0175,0.1215,0.0199,0.4130,0.2040,0.4200,0.0437,0.9955,0.9840,0.9780,0.0218,0.4940,0.2540,0.5470
rv,P,drive_equal,segment,24,2,3,2000,0.0200,239.0000,717.0000,24.0000,0.0095,0.0186,0.0186,0.0895,0.0197,0.5065,0.2935,0.2965,0.0432,0.9975,0.9910,0.9725,0.0215,0.5880,0.3585,0.4250
dm,P,scene,segment,24,2,3,2000,0.0200,239.0000,717.0000,24.0000,0.0265,0.0520,0.0477,0.0935,0.0207,0.1160,0.0580,0.0315,0.0484,0.3770,0.2240,0.3450,0.0245,0.1410,0.0675,0.0425
dm,P,drive_equal,segment,24,2,3,2000,0.0200,239.0000,717.0000,24.0000,0.0254,0.0497,0.0492,0.0715,0.0209,0.1365,0.0615,0.0190,0.0485,0.4705,0.2930,0.2600,0.0247,0.1670,0.0820,0.0300
rn,F,scene,segment,24,4,all,2000,-0.1000,111.0000,2423.3635,20.0000,0.0677,0.1326,0.1315,0.0870,-0.1001,0.3325,0.2335,0.2275,-0.3979,1.0000,1.0000,1.0000,-0.1990,0.8270,0.7435,0.6355
rn,F,drive_equal,segment,24,4,all,2000,-0.1000,111.0000,2423.3635,20.0000,0.0562,0.1102,0.1204,0.0395,-0.0994,0.4430,0.3035,0.2060,-0.3973,1.0000,1.0000,1.0000,-0.1983,0.9460,0.8875,0.7670
rv,F,scene,segment,24,4,all,2000,0.1000,111.0000,2423.3635,20.0000,0.0547,0.1072,0.1063,0.0870,0.1000,0.4500,0.3415,0.3240,0.2900,1.0000,1.0000,0.9995,0.1450,0.7520,0.6505,0.5415
rv,F,drive_equal,segment,24,4,all,2000,0.1000,111.0000,2423.3635,20.0000,0.0455,0.0891,0.0974,0.0395,0.0995,0.6050,0.4580,0.3235,0.2895,1.0000,1.0000,0.9995,0.1445,0.8885,0.8085,0.6675
dm,F,scene,segment,24,4,all,2000,0.0500,111.0000,2423.3635,20.0000,0.0502,0.0984,0.0946,0.0890,0.0528,0.1880,0.0895,0.1185,0.1013,0.5310,0.3645,0.4175,0.0520,0.1840,0.0870,0.1170
dm,F,drive_equal,segment,24,4,all,2000,0.0500,111.0000,2423.3635,20.0000,0.0427,0.0837,0.0868,0.0550,0.0507,0.2225,0.1085,0.1060,0.0992,0.6505,0.4775,0.4285,0.0500,0.2195,0.1070,0.1040
rn,P,scene,segment,24,4,all,2000,-0.0200,359.0000,2423.3635,24.0000,0.0089,0.0174,0.0160,0.0900,-0.0201,0.5940,0.2960,0.5165,-0.0520,1.0000,0.9995,0.9880,-0.0261,0.8550,0.5510,0.8275
rn,P,drive_equal,segment,24,4,all,2000,-0.0200,359.0000,2423.3635,24.0000,0.0083,0.0163,0.0166,0.0590,-0.0200,0.6635,0.4320,0.4470,-0.0515,1.0000,1.0000,0.9955,-0.0258,0.8840,0.7235,0.7940
rv,P,scene,segment,24,4,all,2000,0.0200,359.0000,2423.3635,24.0000,0.0073,0.0143,0.0131,0.0905,0.0201,0.8035,0.4795,0.7715,0.0439,1.0000,0.9995,0.9905,0.0220,0.8825,0.5890,0.8575
rv,P,drive_equal,segment,24,4,all,2000,0.0200,359.0000,2423.3635,24.0000,0.0068,0.0133,0.0136,0.0610,0.0200,0.8395,0.6600,0.7260,0.0435,1.0000,1.0000,0.9960,0.0218,0.9005,0.7520,0.8265
dm,P,scene,segment,24,4,all,2000,0.0200,359.0000,2423.3635,24.0000,0.0211,0.0414,0.0391,0.0940,0.0202,0.1675,0.0885,0.0535,0.0479,0.5965,0.3975,0.4965,0.0240,0.2035,0.1110,0.0705
dm,P,drive_equal,segment,24,4,all,2000,0.0200,359.0000,2423.3635,24.0000,0.0194,0.0381,0.0393,0.0705,0.0202,0.1890,0.0925,0.0245,0.0478,0.6730,0.5125,0.4540,0.0240,0.2385,0.1315,0.0435
rn,F,scene,segment,24,4,3,2000,-0.1000,111.0000,1077.0000,20.0000,0.0693,0.1359,0.1358,0.0910,-0.1008,0.3195,0.2070,0.2030,-0.3987,1.0000,1.0000,0.9995,-0.1997,0.8245,0.7235,0.6235
rn,F,drive_equal,segment,24,4,3,2000,-0.1000,111.0000,1077.0000,20.0000,0.0655,0.1284,0.1340,0.0555,-0.1001,0.3300,0.2140,0.1645,-0.3980,1.0000,1.0000,0.9995,-0.1990,0.8480,0.7785,0.6730
rv,F,scene,segment,24,4,3,2000,0.1000,111.0000,1077.0000,20.0000,0.0561,0.1099,0.1098,0.0910,0.1006,0.4465,0.3195,0.2875,0.2906,1.0000,1.0000,0.9970,0.1456,0.7385,0.6230,0.5260
rv,F,drive_equal,segment,24,4,3,2000,0.1000,111.0000,1077.0000,20.0000,0.0530,0.1038,0.1084,0.0555,0.1001,0.4655,0.3550,0.2565,0.2901,1.0000,0.9995,0.9975,0.1451,0.7785,0.6770,0.5585
dm,F,scene,segment,24,4,3,2000,0.0500,111.0000,1077.0000,20.0000,0.0549,0.1076,0.1019,0.0945,0.0513,0.1550,0.0670,0.1055,0.0998,0.4385,0.2835,0.3565,0.0505,0.1550,0.0670,0.1030
dm,F,drive_equal,segment,24,4,3,2000,0.0500,111.0000,1077.0000,20.0000,0.0531,0.1042,0.1085,0.0525,0.0510,0.1510,0.0795,0.0690,0.0995,0.4430,0.2970,0.2810,0.0503,0.1490,0.0765,0.0665
rn,P,scene,segment,24,4,3,2000,-0.0200,359.0000,1077.0000,24.0000,0.0102,0.0200,0.0183,0.1030,-0.0202,0.4695,0.2355,0.3700,-0.0521,0.9995,0.9975,0.9905,-0.0261,0.7360,0.4045,0.6990
rn,P,drive_equal,segment,24,4,3,2000,-0.0200,359.0000,1077.0000,24.0000,0.0099,0.0193,0.0190,0.0830,-0.0196,0.5065,0.2820,0.2790,-0.0511,0.9995,0.9990,0.9920,-0.0255,0.7435,0.4995,0.6100
rv,P,scene,segment,24,4,3,2000,0.0200,359.0000,1077.0000,24.0000,0.0084,0.0164,0.0150,0.1035,0.0201,0.6605,0.3570,0.6250,0.0439,0.9995,0.9975,0.9905,0.0220,0.7580,0.4295,0.7435
rv,P,drive_equal,segment,24,4,3,2000,0.0200,359.0000,1077.0000,24.0000,0.0081,0.0158,0.0155,0.0835,0.0197,0.6915,0.4475,0.5340,0.0432,0.9995,0.9995,0.9945,0.0216,0.7685,0.5300,0.6665
dm,P,scene,segment,24,4,3,2000,0.0200,359.0000,1077.0000,24.0000,0.0232,0.0456,0.0428,0.1000,0.0207,0.1455,0.0700,0.0390,0.0484,0.5190,0.3605,0.4230,0.0246,0.1805,0.0935,0.0560
dm,P,drive_equal,segment,24,4,3,2000,0.0200,359.0000,1077.0000,24.0000,0.0221,0.0433,0.0433,0.0870,0.0200,0.1470,0.0790,0.0255,0.0476,0.5640,0.4055,0.3545,0.0238,0.1850,0.1075,0.0345
rn,F,scene,segment,24,8,all,2000,-0.1000,111.0000,3945.2625,20.0000,0.0689,0.1351,0.1311,0.0965,-0.0998,0.3415,0.1995,0.2270,-0.3977,1.0000,1.0000,1.0000,-0.1988,0.8205,0.6995,0.6355
rn,F,drive_equal,segment,24,8,all,2000,-0.1000,111.0000,3945.2625,20.0000,0.0578,0.1133,0.1202,0.0490,-0.0990,0.4150,0.2520,0.2050,-0.3969,1.0000,1.0000,1.0000,-0.1980,0.9285,0.8540,0.7655
rv,F,scene,segment,24,8,all,2000,0.1000,111.0000,3945.2625,20.0000,0.0557,0.1092,0.1060,0.0965,0.0998,0.4590,0.3135,0.3100,0.2898,0.9990,0.9990,0.9975,0.1448,0.7440,0.6005,0.5495
rv,F,drive_equal,segment,24,8,all,2000,0.1000,111.0000,3945.2625,20.0000,0.0468,0.0916,0.0972,0.0490,0.0992,0.5650,0.4015,0.3235,0.2892,1.0000,1.0000,1.0000,0.1442,0.8710,0.7580,0.6590
dm,F,scene,segment,24,8,all,2000,0.0500,111.0000,3945.2625,20.0000,0.0497,0.0975,0.0949,0.0865,0.0498,0.1820,0.0725,0.1100,0.0983,0.5265,0.3425,0.3930,0.0491,0.1785,0.0715,0.1070
dm,F,drive_equal,segment,24,8,all,2000,0.0500,111.0000,3945.2625,20.0000,0.0425,0.0833,0.0872,0.0530,0.0492,0.2025,0.1065,0.0975,0.0977,0.6400,0.4625,0.4120,0.0484,0.1985,0.1035,0.0965
rn,P,scene,segment,24,8,all,2000,-0.0200,589.0000,3945.2625,24.0000,0.0079,0.0155,0.0145,0.0780,-0.0201,0.7290,0.4570,0.6115,-0.0520,1.0000,1.0000,0.9985,-0.0261,0.9415,0.7580,0.8780
rn,P,drive_equal,segment,24,8,all,2000,-0.0200,589.0000,3945.2625,24.0000,0.0076,0.0149,0.0150,0.0655,-0.0198,0.7390,0.5940,0.5720,-0.0513,1.0000,1.0000,0.9995,-0.0257,0.9300,0.8370,0.8605
rv,P,scene,segment,24,8,all,2000,0.0200,589.0000,3945.2625,24.0000,0.0065,0.0127,0.0119,0.0775,0.0201,0.9055,0.6835,0.8325,0.0439,1.0000,1.0000,0.9990,0.0220,0.9550,0.7905,0.9005
rv,P,drive_equal,segment,24,8,all,2000,0.0200,589.0000,3945.2625,24.0000,0.0062,0.0122,0.0123,0.0670,0.0199,0.8930,0.7815,0.8125,0.0434,1.0000,1.0000,0.9995,0.0217,0.9460,0.8665,0.8885
dm,P,scene,segment,24,8,all,2000,0.0200,589.0000,3945.2625,24.0000,0.0204,0.0399,0.0369,0.0995,0.0204,0.1825,0.0820,0.0525,0.0481,0.6560,0.4115,0.5585,0.0242,0.2195,0.1090,0.0810
dm,P,drive_equal,segment,24,8,all,2000,0.0200,589.0000,3945.2625,24.0000,0.0192,0.0377,0.0382,0.0845,0.0203,0.1865,0.1075,0.0255,0.0479,0.6850,0.5375,0.4820,0.0241,0.2325,0.1455,0.0405
rn,F,scene,segment,24,8,3,2000,-0.1000,111.0000,1767.0000,20.0000,0.0689,0.1351,0.1356,0.0795,-0.0969,0.3015,0.1885,0.1915,-0.3948,1.0000,1.0000,1.0000,-0.1959,0.8115,0.6815,0.6060
rn,F,drive_equal,segment,24,8,3,2000,-0.1000,111.0000,1767.0000,20.0000,0.0643,0.1261,0.1339,0.0520,-0.0990,0.3385,0.2160,0.1555,-0.3969,1.0000,1.0000,1.0000,-0.1980,0.8640,0.7740,0.6645
rv,F,scene,segment,24,8,3,2000,0.1000,111.0000,1767.0000,20.0000,0.0557,0.1092,0.1096,0.0795,0.0975,0.4245,0.2850,0.2655,0.2875,1.0000,0.9990,0.9955,0.1425,0.7155,0.5750,0.5180
rv,F,drive_equal,segment,24,8,3,2000,0.1000,111.0000,1767.0000,20.0000,0.0520,0.1020,0.1083,0.0520,0.0992,0.4820,0.3370,0.2535,0.2892,1.0000,0.9990,0.9980,0.1442,0.7905,0.6785,0.5655
dm,F,scene,segment,24,8,3,2000,0.0500,111.0000,1767.0000,20.0000,0.0535,0.1048,0.1020,0.0795,0.0498,0.1550,0.0705,0.0965,0.0983,0.4435,0.2900,0.3360,0.0490,0.1550,0.0705,0.0910
dm,F,drive_equal,segment,24,8,3,2000,0.0500,111.0000,1767.0000,20.0000,0.0532,0.1044,0.1091,0.0445,0.0498,0.1510,0.0675,0.0660,0.0983,0.4465,0.2770,0.2675,0.0491,0.1490,0.0665,0.0645
rn,P,scene,segment,24,8,3,2000,-0.0200,589.0000,1767.0000,24.0000,0.0086,0.0168,0.0155,0.0945,-0.0196,0.6165,0.3380,0.5100,-0.0515,1.0000,1.0000,0.9945,-0.0256,0.8655,0.6210,0.8265
rn,P,drive_equal,segment,24,8,3,2000,-0.0200,589.0000,1767.0000,24.0000,0.0084,0.0164,0.0167,0.0755,-0.0194,0.6415,0.4530,0.4075,-0.0509,1.0000,1.0000,0.9995,-0.0253,0.8665,0.7160,0.7480
rv,P,scene,segment,24,8,3,2000,0.0200,589.0000,1767.0000,24.0000,0.0070,0.0138,0.0127,0.0945,0.0197,0.8115,0.5440,0.7635,0.0435,1.0000,1.0000,0.9950,0.0216,0.8915,0.6510,0.8625
rv,P,drive_equal,segment,24,8,3,2000,0.0200,589.0000,1767.0000,24.0000,0.0069,0.0134,0.0137,0.0760,0.0195,0.8155,0.6580,0.6775,0.0430,1.0000,1.0000,1.0000,0.0214,0.8905,0.7520,0.7895
dm,P,scene,segment,24,8,3,2000,0.0200,589.0000,1767.0000,24.0000,0.0208,0.0407,0.0386,0.1035,0.0194,0.1455,0.0820,0.0370,0.0472,0.5845,0.3950,0.5015,0.0233,0.1825,0.1015,0.0570
dm,P,drive_equal,segment,24,8,3,2000,0.0200,589.0000,1767.0000,24.0000,0.0198,0.0389,0.0400,0.0800,0.0192,0.1715,0.0955,0.0175,0.0469,0.6465,0.4575,0.4060,0.0231,0.2050,0.1195,0.0285
rn,F,scene,segment,24,16,all,2000,-0.1000,111.0000,6588.9525,20.0000,0.0691,0.1355,0.1308,0.0945,-0.0987,0.3270,0.2105,0.2380,-0.3966,1.0000,1.0000,1.0000,-0.1976,0.8175,0.7085,0.6255
rn,F,drive_equal,segment,24,16,all,2000,-0.1000,111.0000,6588.9525,20.0000,0.0583,0.1143,0.1201,0.0555,-0.0995,0.4080,0.2795,0.2210,-0.3974,1.0000,1.0000,1.0000,-0.1985,0.9215,0.8590,0.7650
rv,F,scene,segment,24,16,all,2000,0.1000,111.0000,6588.9525,20.0000,0.0559,0.1095,0.1058,0.0945,0.0989,0.4480,0.3140,0.3135,0.2889,1.0000,0.9990,0.9990,0.1439,0.7375,0.6075,0.5465
rv,F,drive_equal,segment,24,16,all,2000,0.1000,111.0000,6588.9525,20.0000,0.0472,0.0924,0.0971,0.0555,0.0996,0.5720,0.4245,0.3285,0.2896,1.0000,1.0000,1.0000,0.1446,0.8645,0.7655,0.6575
dm,F,scene,segment,24,16,all,2000,0.0500,111.0000,6588.9525,20.0000,0.0504,0.0987,0.0936,0.0885,0.0468,0.1510,0.0665,0.0955,0.0953,0.4765,0.3185,0.3890,0.0461,0.1440,0.0645,0.0935
dm,F,drive_equal,segment,24,16,all,2000,0.0500,111.0000,6588.9525,20.0000,0.0428,0.0839,0.0859,0.0540,0.0467,0.1885,0.1070,0.0960,0.0952,0.5905,0.4510,0.4095,0.0460,0.1855,0.1045,0.0935
rn,P,scene,segment,24,16,all,2000,-0.0200,988.0000,6588.9525,24.0000,0.0072,0.0141,0.0136,0.0775,-0.0198,0.8020,0.6045,0.6650,-0.0517,1.0000,1.0000,1.0000,-0.0258,0.9670,0.8755,0.9265
rn,P,drive_equal,segment,24,16,all,2000,-0.0200,988.0000,6588.9525,24.0000,0.0073,0.0143,0.0144,0.0720,-0.0198,0.7595,0.6405,0.6220,-0.0513,1.0000,1.0000,1.0000,-0.0257,0.9390,0.8815,0.9025
rv,P,scene,segment,24,16,all,2000,0.0200,988.0000,6588.9525,24.0000,0.0059,0.0115,0.0111,0.0775,0.0199,0.9440,0.8235,0.8905,0.0437,1.0000,1.0000,1.0000,0.0218,0.9750,0.9020,0.9440
rv,P,drive_equal,segment,24,16,all,2000,0.0200,988.0000,6588.9525,24.0000,0.0060,0.0117,0.0118,0.0735,0.0199,0.9125,0.8350,0.8560,0.0434,1.0000,1.0000,1.0000,0.0217,0.9525,0.9030,0.9305
dm,P,scene,segment,24,16,all,2000,0.0200,988.0000,6588.9525,24.0000,0.0205,0.0403,0.0368,0.1015,0.0204,0.1670,0.0755,0.0510,0.0481,0.6215,0.3885,0.5750,0.0243,0.2035,0.0965,0.0790
dm,P,drive_equal,segment,24,16,all,2000,0.0200,988.0000,6588.9525,24.0000,0.0191,0.0374,0.0374,0.0950,0.0200,0.1875,0.0905,0.0260,0.0477,0.7080,0.5020,0.5215,0.0239,0.2320,0.1235,0.0450
rn,F,scene,segment,24,16,3,2000,-0.1000,111.0000,2964.0000,20.0000,0.0719,0.1409,0.1350,0.0995,-0.0975,0.2900,0.1720,0.1995,-0.3954,1.0000,0.9995,1.0000,-0.1964,0.7750,0.6485,0.6060
rn,F,drive_equal,segment,24,16,3,2000,-0.1000,111.0000,2964.0000,20.0000,0.0662,0.1297,0.1337,0.0670,-0.1005,0.3035,0.1840,0.1650,-0.3984,1.0000,1.0000,1.0000,-0.1994,0.8475,0.7250,0.6555
rv,F,scene,segment,24,16,3,2000,0.1000,111.0000,2964.0000,20.0000,0.0581,0.1139,0.1092,0.0995,0.0980,0.4040,0.2765,0.2715,0.2880,0.9995,0.9990,0.9980,0.1430,0.7010,0.5570,0.5200
rv,F,drive_equal,segment,24,16,3,2000,0.1000,111.0000,2964.0000,20.0000,0.0535,0.1049,0.1081,0.0670,0.1004,0.4420,0.2835,0.2585,0.2904,1.0000,0.9990,0.9995,0.1454,0.7620,0.6115,0.5540
dm,F,scene,segment,24,16,3,2000,0.0500,111.0000,2964.0000,20.0000,0.0529,0.1038,0.1024,0.0845,0.0513,0.1700,0.0740,0.1015,0.0998,0.4800,0.2825,0.3405,0.0505,0.1700,0.0740,0.0980
dm,F,drive_equal,segment,24,16,3,2000,0.0500,111.0000,2964.0000,20.0000,0.0536,0.1051,0.1089,0.0525,0.0509,0.1410,0.0575,0.0610,0.0994,0.4640,0.2635,0.2860,0.0501,0.1370,0.0550,0.0590
rn,P,scene,segment,24,16,3,2000,-0.0200,988.0000,2964.0000,24.0000,0.0077,0.0151,0.0145,0.0735,-0.0200,0.7250,0.4890,0.6005,-0.0519,1.0000,1.0000,0.9990,-0.0260,0.9455,0.8005,0.8825
rn,P,drive_equal,segment,24,16,3,2000,-0.0200,988.0000,2964.0000,24.0000,0.0079,0.0155,0.0156,0.0600,-0.0199,0.6890,0.4845,0.5085,-0.0514,1.0000,1.0000,0.9995,-0.0257,0.9120,0.7675,0.8465
rv,P,scene,segment,24,16,3,2000,0.0200,988.0000,2964.0000,24.0000,0.0063,0.0124,0.0119,0.0755,0.0200,0.9080,0.7270,0.8300,0.0438,1.0000,1.0000,0.9990,0.0219,0.9565,0.8340,0.9045
rv,P,drive_equal,segment,24,16,3,2000,0.0200,988.0000,2964.0000,24.0000,0.0065,0.0127,0.0127,0.0595,0.0199,0.8775,0.7065,0.7905,0.0434,1.0000,1.0000,0.9995,0.0218,0.9305,0.8075,0.8670
dm,P,scene,segment,24,16,3,2000,0.0200,988.0000,2964.0000,24.0000,0.0203,0.0399,0.0371,0.1050,0.0194,0.1460,0.0715,0.0410,0.0471,0.6070,0.3615,0.5270,0.0232,0.1890,0.0940,0.0650
dm,P,drive_equal,segment,24,16,3,2000,0.0200,988.0000,2964.0000,24.0000,0.0195,0.0383,0.0390,0.0855,0.0200,0.1860,0.0985,0.0190,0.0477,0.6825,0.5005,0.4665,0.0239,0.2405,0.1290,0.0310
rn,F,scene,segment,32,0,all,2000,-0.1000,148.7875,1050.5450,27.0000,0.0595,0.1167,0.1133,0.0870,-0.1000,0.4110,0.2530,0.2845,-0.3979,1.0000,1.0000,1.0000,-0.1989,0.9125,0.8315,0.7825
rn,F,drive_equal,segment,32,0,all,2000,-0.1000,148.7875,1050.5450,27.0000,0.0505,0.0989,0.1026,0.0515,-0.0988,0.5050,0.3310,0.2965,-0.3967,1.0000,1.0000,1.0000,-0.1978,0.9735,0.9310,0.8950
rv,F,scene,segment,32,0,all,2000,0.1000,148.7875,1050.5450,27.0000,0.0481,0.0943,0.0916,0.0870,0.1000,0.5670,0.4060,0.3985,0.2900,1.0000,1.0000,0.9995,0.1450,0.8520,0.7275,0.6995
rv,F,drive_equal,segment,32,0,all,2000,0.1000,148.7875,1050.5450,27.0000,0.0408,0.0800,0.0830,0.0515,0.0990,0.6970,0.5020,0.4580,0.2890,1.0000,1.0000,1.0000,0.1440,0.9440,0.8675,0.8175
dm,F,scene,segment,32,0,all,2000,0.0500,148.7875,1050.5450,27.0000,0.0439,0.0860,0.0824,0.0715,0.0486,0.2035,0.1030,0.1270,0.0971,0.6195,0.4525,0.5140,0.0478,0.2005,0.0990,0.1230
dm,F,drive_equal,segment,32,0,all,2000,0.0500,148.7875,1050.5450,27.0000,0.0369,0.0722,0.0741,0.0540,0.0491,0.2620,0.1370,0.1435,0.0977,0.7610,0.5925,0.5535,0.0484,0.2565,0.1350,0.1400
rn,F,scene,segment,32,0,3,2000,-0.1000,148.9305,446.7915,27.0000,0.0596,0.1168,0.1172,0.0745,-0.1009,0.4165,0.2360,0.2565,-0.3988,1.0000,1.0000,1.0000,-0.1998,0.9200,0.8135,0.7840
rn,F,drive_equal,segment,32,0,3,2000,-0.1000,148.9305,446.7915,27.0000,0.0559,0.1096,0.1141,0.0485,-0.1013,0.4600,0.2730,0.2455,-0.3992,1.0000,1.0000,1.0000,-0.2002,0.9530,0.8825,0.8435
rv,F,scene,segment,32,0,3,2000,0.1000,148.9305,446.7915,27.0000,0.0482,0.0944,0.0948,0.0745,0.1007,0.5640,0.3790,0.3680,0.2907,1.0000,1.0000,0.9995,0.1457,0.8560,0.7240,0.6950
rv,F,drive_equal,segment,32,0,3,2000,0.1000,148.9305,446.7915,27.0000,0.0452,0.0886,0.0923,0.0485,0.1010,0.6315,0.4390,0.3920,0.2910,1.0000,1.0000,0.9995,0.1460,0.9005,0.7960,0.7435
dm,F,scene,segment,32,0,3,2000,0.0500,148.9305,446.7915,27.0000,0.0475,0.0931,0.0888,0.0805,0.0493,0.1630,0.0745,0.1165,0.0979,0.5230,0.3515,0.4520,0.0486,0.1610,0.0720,0.1135
dm,F,drive_equal,segment,32,0,3,2000,0.0500,148.9305,446.7915,27.0000,0.0468,0.0918,0.0936,0.0570,0.0507,0.1730,0.0820,0.0950,0.0992,0.5285,0.3595,0.3855,0.0500,0.1705,0.0795,0.0930
rn,F,scene,segment,32,2,all,2000,-0.1000,148.3645,2180.7620,27.0000,0.0584,0.1144,0.1128,0.0755,-0.1015,0.4190,0.2925,0.2890,-0.3994,1.0000,1.0000,1.0000,-0.2005,0.9360,0.8705,0.8185
rn,F,drive_equal,segment,32,2,all,2000,-0.1000,148.3645,2180.7620,27.0000,0.0511,0.1001,0.1023,0.0580,-0.1003,0.5115,0.3100,0.3095,-0.3982,1.0000,1.0000,1.0000,-0.1993,0.9755,0.9235,0.9065
rv,F,scene,segment,32,2,all,2000,0.1000,148.3645,2180.7620,27.0000,0.0472,0.0925,0.0912,0.0755,0.1012,0.5710,0.4375,0.4120,0.2912,1.0000,1.0000,1.0000,0.1462,0.8750,0.7740,0.7240
rv,F,drive_equal,segment,32,2,all,2000,0.1000,148.3645,2180.7620,27.0000,0.0413,0.0810,0.0827,0.0580,0.1003,0.6675,0.4925,0.4745,0.2903,1.0000,1.0000,1.0000,0.1453,0.9385,0.8615,0.8270
dm,F,scene,segment,32,2,all,2000,0.0500,148.3645,2180.7620,27.0000,0.0431,0.0844,0.0821,0.0765,0.0492,0.2000,0.1185,0.1390,0.0977,0.6185,0.4810,0.5125,0.0485,0.1960,0.1165,0.1335
dm,F,drive_equal,segment,32,2,all,2000,0.0500,148.3645,2180.7620,27.0000,0.0360,0.0706,0.0743,0.0485,0.0499,0.2800,0.1510,0.1370,0.0984,0.7820,0.6335,0.5720,0.0491,0.2710,0.1470,0.1330
rn,P,scene,segment,32,2,all,2000,-0.0200,319.7225,2180.7620,32.0000,0.0086,0.0168,0.0157,0.0860,-0.0202,0.6205,0.3255,0.5875,-0.0521,0.9995,0.9990,0.9920,-0.0261,0.8765,0.6170,0.8630
rn,P,drive_equal,segment,32,2,all,2000,-0.0200,319.7225,2180.7620,32.0000,0.0083,0.0164,0.0165,0.0620,-0.0201,0.6450,0.4390,0.5305,-0.0516,1.0000,1.0000,0.9920,-0.0259,0.8815,0.7010,0.8345
rv,P,scene,segment,32,2,all,2000,0.0200,319.7225,2180.7620,32.0000,0.0070,0.0138,0.0128,0.0860,0.0201,0.8205,0.5280,0.8105,0.0439,1.0000,0.9995,0.9920,0.0220,0.8975,0.6525,0.8805
rv,P,drive_equal,segment,32,2,all,2000,0.0200,319.7225,2180.7620,32.0000,0.0068,0.0134,0.0135,0.0630,0.0200,0.8355,0.6335,0.7865,0.0436,1.0000,1.0000,0.9950,0.0219,0.9020,0.7395,0.8600
dm,P,scene,segment,32,2,all,2000,0.0200,319.7225,2180.7620,32.0000,0.0188,0.0368,0.0356,0.0915,0.0197,0.1695,0.0990,0.0605,0.0474,0.6785,0.5350,0.5975,0.0236,0.2245,0.1320,0.0925
dm,P,drive_equal,segment,32,2,all,2000,0.0200,319.7225,2180.7620,32.0000,0.0178,0.0350,0.0357,0.0695,0.0197,0.1900,0.0935,0.0405,0.0474,0.7525,0.5660,0.5880,0.0236,0.2520,0.1265,0.0680
rn,F,scene,segment,32,2,3,2000,-0.1000,148.0120,955.7370,27.0000,0.0601,0.1177,0.1182,0.0745,-0.1001,0.3865,0.2205,0.2550,-0.3980,1.0000,1.0000,0.9995,-0.1991,0.9140,0.8040,0.7665
rn,F,drive_equal,segment,32,2,3,2000,-0.1000,148.0120,955.7370,27.0000,0.0572,0.1120,0.1148,0.0540,-0.1023,0.4580,0.2790,0.2520,-0.4002,1.0000,1.0000,1.0000,-0.2012,0.9480,0.8685,0.8265
rv,F,scene,segment,32,2,3,2000,0.1000,148.0120,955.7370,27.0000,0.0486,0.0952,0.0956,0.0745,0.1001,0.5490,0.3455,0.3615,0.2901,1.0000,0.9995,0.9995,0.1451,0.8585,0.7085,0.6740
rv,F,drive_equal,segment,32,2,3,2000,0.1000,148.0120,955.7370,27.0000,0.0462,0.0906,0.0928,0.0540,0.1019,0.6150,0.4430,0.3860,0.2919,1.0000,0.9995,0.9995,0.1469,0.8890,0.7980,0.7210
dm,F,scene,segment,32,2,3,2000,0.0500,148.0120,955.7370,27.0000,0.0473,0.0926,0.0893,0.0780,0.0503,0.1935,0.0960,0.1290,0.0988,0.5680,0.3735,0.4470,0.0495,0.1905,0.0930,0.1235
dm,F,drive_equal,segment,32,2,3,2000,0.0500,148.0120,955.7370,27.0000,0.0473,0.0927,0.0945,0.0490,0.0498,0.1900,0.0955,0.0940,0.0984,0.5520,0.3760,0.3780,0.0491,0.1845,0.0930,0.0925
rn,P,scene,segment,32,2,3,2000,-0.0200,318.5790,955.7370,32.0000,0.0105,0.0206,0.0189,0.1060,-0.0197,0.4290,0.1935,0.3195,-0.0516,0.9975,0.9935,0.9835,-0.0257,0.6855,0.3655,0.6855
rn,P,drive_equal,segment,32,2,3,2000,-0.0200,318.5790,955.7370,32.0000,0.0102,0.0201,0.0198,0.0915,-0.0199,0.4630,0.2490,0.2435,-0.0514,1.0000,0.9970,0.9850,-0.0257,0.6970,0.4655,0.6155
rv,P,scene,segment,32,2,3,2000,0.0200,318.5790,955.7370,32.0000,0.0086,0.0169,0.0155,0.1065,0.0197,0.6160,0.3025,0.6085,0.0436,0.9975,0.9945,0.9835,0.0217,0.7190,0.3865,0.7325
rv,P,drive_equal,segment,32,2,3,2000,0.0200,318.5790,955.7370,32.0000,0.0084,0.0165,0.0163,0.0915,0.0199,0.6390,0.4105,0.5180,0.0434,1.0000,0.9980,0.9870,0.0217,0.7300,0.4945,0.6675
dm,P,scene,segment,32,2,3,2000,0.0200,318.5790,955.7370,32.0000,0.0230,0.0450,0.0416,0.0905,0.0206,0.1390,0.0465,0.0395,0.0483,0.5280,0.2635,0.4670,0.0244,0.1755,0.0610,0.0590
dm,P,drive_equal,segment,32,2,3,2000,0.0200,318.5790,955.7370,32.0000,0.0214,0.0420,0.0421,0.0600,0.0206,0.1635,0.0770,0.0290,0.0483,0.5995,0.4010,0.4190,0.0244,0.2050,0.1005,0.0465
rn,F,scene,segment,32,4,all,2000,-0.1000,148.8185,3242.7115,27.0000,0.0576,0.1130,0.1135,0.0725,-0.1003,0.4150,0.2760,0.2740,-0.3982,1.0000,1.0000,1.0000,-0.1992,0.9355,0.8655,0.7985
rn,F,drive_equal,segment,32,4,all,2000,-0.1000,148.8185,3242.7115,27.0000,0.0487,0.0955,0.1024,0.0430,-0.1001,0.5460,0.3695,0.2940,-0.3980,1.0000,1.0000,1.0000,-0.1990,0.9835,0.9570,0.9120
rv,F,scene,segment,32,4,all,2000,0.1000,148.8185,3242.7115,27.0000,0.0466,0.0913,0.0918,0.0725,0.1002,0.5535,0.4210,0.3965,0.2902,1.0000,1.0000,1.0000,0.1452,0.8745,0.7690,0.6835
rv,F,drive_equal,segment,32,4,all,2000,0.1000,148.8185,3242.7115,27.0000,0.0394,0.0772,0.0828,0.0430,0.1000,0.7295,0.5515,0.4690,0.2900,1.0000,1.0000,1.0000,0.1450,0.9660,0.9000,0.8315
dm,F,scene,segment,32,4,all,2000,0.0500,148.8185,3242.7115,27.0000,0.0427,0.0837,0.0811,0.0805,0.0504,0.2100,0.0935,0.1480,0.0990,0.6225,0.4250,0.5305,0.0497,0.2030,0.0905,0.1425
dm,F,drive_equal,segment,32,4,all,2000,0.0500,148.8185,3242.7115,27.0000,0.0355,0.0696,0.0742,0.0435,0.0503,0.3235,0.1890,0.1440,0.0988,0.8150,0.6775,0.5685,0.0495,0.3180,0.1840,0.1385
rn,P,scene,segment,32,4,all,2000,-0.0200,480.1615,3242.7115,32.0000,0.0073,0.0144,0.0138,0.0800,-0.0202,0.8015,0.5495,0.7225,-0.0522,1.0000,0.9995,0.9975,-0.0262,0.9570,0.8440,0.9245
rn,P,drive_equal,segment,32,4,all,2000,-0.0200,480.1615,3242.7115,32.0000,0.0071,0.0139,0.0142,0.0550,-0.0199,0.7835,0.6530,0.6705,-0.0513,1.0000,1.0000,0.9995,-0.0257,0.9535,0.8985,0.9110
rv,P,scene,segment,32,4,all,2000,0.0200,480.1615,3242.7115,32.0000,0.0060,0.0118,0.0113,0.0805,0.0202,0.9335,0.7940,0.8975,0.0440,1.0000,1.0000,0.9980,0.0221,0.9715,0.8695,0.9395
rv,P,drive_equal,segment,32,4,all,2000,0.0200,480.1615,3242.7115,32.0000,0.0058,0.0114,0.0116,0.0555,0.0199,0.9245,0.8555,0.8725,0.0434,1.0000,1.0000,0.9995,0.0217,0.9670,0.9150,0.9190
dm,P,scene,segment,32,4,all,2000,0.0200,480.1615,3242.7115,32.0000,0.0177,0.0348,0.0335,0.0805,0.0198,0.2020,0.1010,0.0650,0.0475,0.7865,0.5490,0.6810,0.0237,0.2680,0.1355,0.0975
dm,P,drive_equal,segment,32,4,all,2000,0.0200,480.1615,3242.7115,32.0000,0.0165,0.0323,0.0335,0.0615,0.0191,0.2275,0.1380,0.0355,0.0468,0.8260,0.6900,0.6660,0.0230,0.2960,0.1840,0.0665
rn,F,scene,segment,32,4,3,2000,-0.1000,149.0650,1440.1830,27.0000,0.0596,0.1169,0.1178,0.0730,-0.1004,0.3895,0.2255,0.2525,-0.3983,1.0000,1.0000,1.0000,-0.1993,0.9175,0.8155,0.7715
rn,F,drive_equal,segment,32,4,3,2000,-0.1000,149.0650,1440.1830,27.0000,0.0542,0.1062,0.1141,0.0425,-0.1000,0.4310,0.3175,0.2415,-0.3979,1.0000,1.0000,1.0000,-0.1989,0.9525,0.9070,0.8450
rv,F,scene,segment,32,4,3,2000,0.1000,149.0650,1440.1830,27.0000,0.0482,0.0945,0.0953,0.0730,0.1003,0.5525,0.3670,0.3755,0.2903,1.0000,1.0000,0.9995,0.1453,0.8450,0.7245,0.6745
rv,F,drive_equal,segment,32,4,3,2000,0.1000,149.0650,1440.1830,27.0000,0.0438,0.0859,0.0923,0.0425,0.1000,0.6115,0.4795,0.3705,0.2900,1.0000,1.0000,1.0000,0.1450,0.9025,0.8390,0.7445
dm,F,scene,segment,32,4,3,2000,0.0500,149.0650,1440.1830,27.0000,0.0459,0.0899,0.0886,0.0690,0.0501,0.2175,0.1110,0.1150,0.0986,0.5960,0.4220,0.4395,0.0493,0.2105,0.1075,0.1130
dm,F,drive_equal,segment,32,4,3,2000,0.0500,149.0650,1440.1830,27.0000,0.0452,0.0886,0.0933,0.0460,0.0490,0.1910,0.0960,0.0800,0.0975,0.5760,0.4005,0.3730,0.0483,0.1895,0.0935,0.0790
rn,P,scene,segment,32,4,3,2000,-0.0200,480.0610,1440.1830,32.0000,0.0088,0.0172,0.0160,0.0880,-0.0201,0.6135,0.3615,0.5380,-0.0521,1.0000,0.9990,0.9970,-0.0261,0.8640,0.6435,0.8380
rn,P,drive_equal,segment,32,4,3,2000,-0.0200,480.0610,1440.1830,32.0000,0.0082,0.0161,0.0166,0.0575,-0.0199,0.6530,0.4995,0.4620,-0.0514,1.0000,1.0000,1.0000,-0.0258,0.8900,0.7660,0.8045
rv,P,scene,segment,32,4,3,2000,0.0200,480.0610,1440.1830,32.0000,0.0072,0.0141,0.0131,0.0875,0.0201,0.8095,0.5715,0.7795,0.0439,1.0000,0.9995,0.9975,0.0220,0.8885,0.6775,0.8715
rv,P,drive_equal,segment,32,4,3,2000,0.0200,480.0610,1440.1830,32.0000,0.0067,0.0132,0.0136,0.0585,0.0199,0.8415,0.6940,0.7370,0.0435,1.0000,1.0000,1.0000,0.0218,0.9085,0.7955,0.8365
dm,P,scene,segment,32,4,3,2000,0.0200,480.0610,1440.1830,32.0000,0.0193,0.0378,0.0368,0.0700,0.0202,0.1755,0.0830,0.0495,0.0479,0.6990,0.4750,0.5930,0.0241,0.2315,0.1030,0.0755
dm,P,drive_equal,segment,32,4,3,2000,0.0200,480.0610,1440.1830,32.0000,0.0183,0.0358,0.0372,0.0545,0.0202,0.2020,0.1220,0.0370,0.0479,0.7335,0.6010,0.5470,0.0241,0.2540,0.1690,0.0570
rn,F,scene,segment,32,8,all,2000,-0.1000,148.7765,5268.7610,27.0000,0.0585,0.1147,0.1138,0.0775,-0.1000,0.4245,0.2410,0.2715,-0.3979,1.0000,1.0000,1.0000,-0.1990,0.9170,0.8340,0.8005
rn,F,drive_equal,segment,32,8,all,2000,-0.1000,148.7765,5268.7610,27.0000,0.0493,0.0967,0.1022,0.0510,-0.1005,0.5300,0.3325,0.3000,-0.3984,1.0000,1.0000,1.0000,-0.1995,0.9770,0.9425,0.9150
rv,F,scene,segment,32,8,all,2000,0.1000,148.7765,5268.7610,27.0000,0.0473,0.0928,0.0920,0.0775,0.1000,0.5725,0.3980,0.4025,0.2900,1.0000,0.9995,0.9995,0.1450,0.8650,0.7480,0.7145
rv,F,drive_equal,segment,32,8,all,2000,0.1000,148.7765,5268.7610,27.0000,0.0399,0.0782,0.0827,0.0510,0.1004,0.7145,0.5300,0.4655,0.2904,1.0000,1.0000,1.0000,0.1454,0.9520,0.8810,0.8390
dm,F,scene,segment,32,8,all,2000,0.0500,148.7765,5268.7610,27.0000,0.0423,0.0830,0.0820,0.0715,0.0517,0.2365,0.1110,0.1370,0.1002,0.6795,0.4640,0.5370,0.0510,0.2320,0.1080,0.1325
dm,F,drive_equal,segment,32,8,all,2000,0.0500,148.7765,5268.7610,27.0000,0.0366,0.0718,0.0743,0.0525,0.0515,0.2950,0.1340,0.1495,0.1000,0.7835,0.5985,0.5735,0.0507,0.2870,0.1290,0.1455
rn,P,scene,segment,32,8,all,2000,-0.0200,786.5280,5268.7610,32.0000,0.0066,0.0129,0.0126,0.0775,-0.0202,0.8770,0.7615,0.7995,-0.0521,1.0000,1.0000,0.9995,-0.0261,0.9805,0.9515,0.9575
rn,P,drive_equal,segment,32,8,all,2000,-0.0200,786.5280,5268.7610,32.0000,0.0064,0.0126,0.0130,0.0570,-0.0199,0.8760,0.7330,0.7550,-0.0514,1.0000,1.0000,0.9995,-0.0257,0.9820,0.9440,0.9565
rv,P,scene,segment,32,8,all,2000,0.0200,786.5280,5268.7610,32.0000,0.0054,0.0106,0.0103,0.0775,0.0201,0.9700,0.9205,0.9375,0.0440,1.0000,1.0000,0.9995,0.0220,0.9865,0.9645,0.9670
rv,P,drive_equal,segment,32,8,all,2000,0.0200,786.5280,5268.7610,32.0000,0.0053,0.0103,0.0107,0.0570,0.0199,0.9730,0.9155,0.9345,0.0434,1.0000,1.0000,0.9995,0.0218,0.9875,0.9580,0.9690
dm,P,scene,segment,32,8,all,2000,0.0200,786.5280,5268.7610,32.0000,0.0175,0.0342,0.0325,0.0795,0.0207,0.2000,0.0775,0.0730,0.0484,0.7845,0.5105,0.7400,0.0246,0.2685,0.1090,0.1145
dm,P,drive_equal,segment,32,8,all,2000,0.0200,786.5280,5268.7610,32.0000,0.0163,0.0319,0.0328,0.0665,0.0207,0.2390,0.1395,0.0520,0.0484,0.8410,0.7070,0.7355,0.0245,0.3200,0.1940,0.0905
rn,F,scene,segment,32,8,3,2000,-0.1000,148.0950,2360.8275,27.0000,0.0615,0.1205,0.1175,0.0785,-0.0979,0.3495,0.2400,0.2595,-0.3958,1.0000,1.0000,1.0000,-0.1968,0.8905,0.8170,0.7545
rn,F,drive_equal,segment,32,8,3,2000,-0.1000,148.0950,2360.8275,27.0000,0.0547,0.1073,0.1148,0.0435,-0.0979,0.4320,0.2810,0.2230,-0.3958,1.0000,1.0000,1.0000,-0.1968,0.9465,0.8925,0.8270
rv,F,scene,segment,32,8,3,2000,0.1000,148.0950,2360.8275,27.0000,0.0497,0.0975,0.0950,0.0785,0.0983,0.5055,0.3670,0.3665,0.2883,1.0000,1.0000,0.9995,0.1433,0.8265,0.7155,0.6515
rv,F,drive_equal,segment,32,8,3,2000,0.1000,148.0950,2360.8275,27.0000,0.0443,0.0867,0.0929,0.0435,0.0983,0.6110,0.4465,0.3575,0.2883,1.0000,1.0000,1.0000,0.1433,0.8965,0.8065,0.7190
dm,F,scene,segment,32,8,3,2000,0.0500,148.0950,2360.8275,27.0000,0.0468,0.0918,0.0890,0.0740,0.0497,0.1810,0.1105,0.1240,0.0982,0.5505,0.4215,0.4490,0.0490,0.1780,0.1065,0.1205
dm,F,drive_equal,segment,32,8,3,2000,0.0500,148.0950,2360.8275,27.0000,0.0462,0.0905,0.0930,0.0520,0.0500,0.1955,0.0880,0.0925,0.0986,0.5850,0.3860,0.3780,0.0493,0.1925,0.0845,0.0905
rn,P,scene,segment,32,8,3,2000,-0.0200,786.9425,2360.8275,32.0000,0.0075,0.0146,0.0138,0.0835,-0.0201,0.7790,0.5485,0.6865,-0.0521,1.0000,1.0000,0.9985,-0.0261,0.9615,0.8425,0.9295
rn,P,drive_equal,segment,32,8,3,2000,-0.0200,786.9425,2360.8275,32.0000,0.0072,0.0141,0.0144,0.0580,-0.0197,0.7675,0.6300,0.6300,-0.0512,1.0000,1.0000,1.0000,-0.0256,0.9525,0.8745,0.9005
rv,P,scene,segment,32,8,3,2000,0.0200,786.9425,2360.8275,32.0000,0.0061,0.0120,0.0113,0.0825,0.0201,0.9340,0.7805,0.8990,0.0439,1.0000,1.0000,0.9990,0.0220,0.9725,0.8690,0.9480
rv,P,drive_equal,segment,32,8,3,2000,0.0200,786.9425,2360.8275,32.0000,0.0059,0.0115,0.0118,0.0580,0.0197,0.9255,0.8290,0.8615,0.0433,1.0000,1.0000,1.0000,0.0216,0.9635,0.9080,0.9230
dm,P,scene,segment,32,8,3,2000,0.0200,786.9425,2360.8275,32.0000,0.0185,0.0363,0.0344,0.0935,0.0206,0.1725,0.0850,0.0615,0.0483,0.7245,0.5170,0.6585,0.0244,0.2325,0.1170,0.1010
dm,P,drive_equal,segment,32,8,3,2000,0.0200,786.9425,2360.8275,32.0000,0.0175,0.0342,0.0349,0.0645,0.0202,0.2145,0.1250,0.0435,0.0479,0.7895,0.6370,0.6370,0.0241,0.2800,0.1695,0.0715
rn,F,scene,segment,32,16,all,2000,-0.1000,147.5790,8760.8140,27.0000,0.0596,0.1168,0.1131,0.0850,-0.0976,0.3925,0.2565,0.2725,-0.3955,1.0000,1.0000,1.0000,-0.1966,0.9060,0.8280,0.7815
rn,F,drive_equal,segment,32,16,all,2000,-0.1000,147.5790,8760.8140,27.0000,0.0501,0.0982,0.1022,0.0530,-0.1000,0.5220,0.3130,0.2965,-0.3979,1.0000,1.0000,1.0000,-0.1989,0.9795,0.9340,0.9140
rv,F,scene,segment,32,16,all,2000,0.1000,147.5790,8760.8140,27.0000,0.0482,0.0944,0.0915,0.0850,0.0981,0.5400,0.3975,0.3780,0.2881,1.0000,1.0000,1.0000,0.1431,0.8375,0.7380,0.6955
rv,F,drive_equal,segment,32,16,all,2000,0.1000,147.5790,8760.8140,27.0000,0.0405,0.0794,0.0826,0.0530,0.1000,0.7000,0.5005,0.4675,0.2900,1.0000,1.0000,1.0000,0.1450,0.9510,0.8665,0.8340
dm,F,scene,segment,32,16,all,2000,0.0500,147.5790,8760.8140,27.0000,0.0419,0.0822,0.0813,0.0660,0.0495,0.2240,0.1005,0.1270,0.0981,0.6600,0.4710,0.5305,0.0488,0.2190,0.0965,0.1240
dm,F,drive_equal,segment,32,16,all,2000,0.0500,147.5790,8760.8140,27.0000,0.0357,0.0700,0.0741,0.0470,0.0503,0.2950,0.1715,0.1385,0.0988,0.8005,0.6575,0.5730,0.0496,0.2890,0.1660,0.1330
rn,P,scene,segment,32,16,all,2000,-0.0200,1314.2855,8760.8140,32.0000,0.0064,0.0125,0.0119,0.0790,-0.0198,0.8845,0.7510,0.8220,-0.0517,1.0000,1.0000,1.0000,-0.0258,0.9910,0.9615,0.9705
rn,P,drive_equal,segment,32,16,all,2000,-0.0200,1314.2855,8760.8140,32.0000,0.0062,0.0122,0.0123,0.0560,-0.0195,0.8910,0.7365,0.7930,-0.0510,1.0000,1.0000,1.0000,-0.0254,0.9890,0.9615,0.9740
rv,P,scene,segment,32,16,all,2000,0.0200,1314.2855,8760.8140,32.0000,0.0052,0.0102,0.0098,0.0795,0.0198,0.9835,0.9380,0.9545,0.0436,1.0000,1.0000,1.0000,0.0217,0.9950,0.9785,0.9780
rv,P,drive_equal,segment,32,16,all,2000,0.0200,1314.2855,8760.8140,32.0000,0.0051,0.0100,0.0101,0.0570,0.0196,0.9790,0.9305,0.9555,0.0431,1.0000,1.0000,1.0000,0.0215,0.9920,0.9735,0.9790
dm,P,scene,segment,32,16,all,2000,0.0200,1314.2855,8760.8140,32.0000,0.0177,0.0347,0.0321,0.0855,0.0204,0.2015,0.0770,0.0665,0.0481,0.7645,0.4970,0.7510,0.0243,0.2700,0.1060,0.1165
dm,P,drive_equal,segment,32,16,all,2000,0.0200,1314.2855,8760.8140,32.0000,0.0163,0.0320,0.0324,0.0690,0.0202,0.2515,0.1545,0.0440,0.0479,0.8495,0.7200,0.7350,0.0241,0.3190,0.2055,0.0880
rn,F,scene,segment,32,16,3,2000,-0.1000,147.4875,3938.9895,27.0000,0.0613,0.1201,0.1179,0.0835,-0.1028,0.4120,0.2640,0.2755,-0.4007,1.0000,1.0000,1.0000,-0.2017,0.9095,0.8225,0.7715
rn,F,drive_equal,segment,32,16,3,2000,-0.1000,147.4875,3938.9895,27.0000,0.0560,0.1097,0.1149,0.0495,-0.1019,0.4605,0.2725,0.2420,-0.3997,1.0000,1.0000,1.0000,-0.2008,0.9565,0.8740,0.8315
rv,F,scene,segment,32,16,3,2000,0.1000,147.4875,3938.9895,27.0000,0.0495,0.0971,0.0954,0.0835,0.1022,0.5585,0.3990,0.3855,0.2922,1.0000,1.0000,0.9990,0.1472,0.8440,0.7325,0.6760
rv,F,drive_equal,segment,32,16,3,2000,0.1000,147.4875,3938.9895,27.0000,0.0452,0.0887,0.0929,0.0495,0.1015,0.6125,0.4325,0.3870,0.2915,1.0000,1.0000,1.0000,0.1465,0.8995,0.7875,0.7320
dm,F,scene,segment,32,16,3,2000,0.0500,147.4875,3938.9895,27.0000,0.0476,0.0934,0.0893,0.0690,0.0488,0.1675,0.0865,0.1210,0.0973,0.5230,0.3725,0.4545,0.0480,0.1640,0.0835,0.1185
dm,F,drive_equal,segment,32,16,3,2000,0.0500,147.4875,3938.9895,27.0000,0.0456,0.0893,0.0937,0.0450,0.0484,0.1835,0.0830,0.0810,0.0969,0.5700,0.3825,0.3635,0.0477,0.1790,0.0825,0.0795
rn,P,scene,segment,32,16,3,2000,-0.0200,1312.9965,3938.9895,32.0000,0.0067,0.0132,0.0127,0.0740,-0.0202,0.8425,0.6770,0.7915,-0.0522,1.0000,1.0000,1.0000,-0.0262,0.9770,0.9210,0.9605
rn,P,drive_equal,segment,32,16,3,2000,-0.0200,1312.9965,3938.9895,32.0000,0.0068,0.0134,0.0134,0.0655,-0.0198,0.8185,0.6030,0.7310,-0.0514,1.0000,1.0000,1.0000,-0.0257,0.9720,0.8845,0.9495
rv,P,scene,segment,32,16,3,2000,0.0200,1312.9965,3938.9895,32.0000,0.0055,0.0108,0.0104,0.0740,0.0202,0.9625,0.8740,0.9360,0.0440,1.0000,1.0000,1.0000,0.0221,0.9810,0.9425,0.9680
rv,P,drive_equal,segment,32,16,3,2000,0.0200,1312.9965,3938.9895,32.0000,0.0056,0.0110,0.0110,0.0650,0.0199,0.9545,0.8350,0.9155,0.0434,1.0000,1.0000,1.0000,0.0217,0.9825,0.9110,0.9615
dm,P,scene,segment,32,16,3,2000,0.0200,1312.9965,3938.9895,32.0000,0.0175,0.0343,0.0332,0.0790,0.0209,0.2170,0.0990,0.0675,0.0487,0.8050,0.5730,0.7240,0.0248,0.2715,0.1335,0.1095
dm,P,drive_equal,segment,32,16,3,2000,0.0200,1312.9965,3938.9895,32.0000,0.0165,0.0324,0.0334,0.0715,0.0202,0.2535,0.1490,0.0415,0.0479,0.8425,0.7105,0.7075,0.0241,0.3250,0.2090,0.0705
rn,F,scene,segment,48,0,all,2000,-0.1000,220.5195,1556.2635,40.0000,0.0479,0.0938,0.0938,0.0705,-0.0981,0.5405,0.3485,0.3600,-0.3960,1.0000,1.0000,1.0000,-0.1971,0.9865,0.9520,0.9335
rn,F,drive_equal,segment,48,0,all,2000,-0.1000,220.5195,1556.2635,40.0000,0.0402,0.0789,0.0826,0.0505,-0.0988,0.7000,0.5060,0.4560,-0.3967,1.0000,1.0000,1.0000,-0.1977,0.9970,0.9890,0.9880
rv,F,scene,segment,48,0,all,2000,0.1000,220.5195,1556.2635,40.0000,0.0387,0.0759,0.0759,0.0705,0.0985,0.7220,0.5525,0.5360,0.2885,1.0000,1.0000,1.0000,0.1435,0.9555,0.8965,0.8735
rv,F,drive_equal,segment,48,0,all,2000,0.1000,220.5195,1556.2635,40.0000,0.0325,0.0638,0.0668,0.0505,0.0990,0.8570,0.7350,0.6890,0.2890,1.0000,1.0000,1.0000,0.1440,0.9890,0.9740,0.9615
dm,F,scene,segment,48,0,all,2000,0.0500,220.5195,1556.2635,40.0000,0.0352,0.0689,0.0679,0.0655,0.0507,0.3065,0.1885,0.2195,0.0992,0.8100,0.7020,0.6760,0.0500,0.2995,0.1825,0.2100
dm,F,drive_equal,segment,48,0,all,2000,0.0500,220.5195,1556.2635,40.0000,0.0290,0.0569,0.0597,0.0475,0.0508,0.4320,0.2670,0.2310,0.0993,0.9310,0.8495,0.7865,0.0500,0.4195,0.2610,0.2230
rn,F,scene,segment,48,0,3,2000,-0.1000,222.0630,666.1890,40.0000,0.0513,0.1006,0.0964,0.0790,-0.0986,0.4875,0.2895,0.3560,-0.3965,1.0000,1.0000,1.0000,-0.1975,0.9760,0.9185,0.9135
rn,F,drive_equal,segment,48,0,3,2000,-0.1000,222.0630,666.1890,40.0000,0.0457,0.0895,0.0921,0.0535,-0.0990,0.5680,0.4060,0.3810,-0.3969,1.0000,1.0000,1.0000,-0.1979,0.9890,0.9695,0.9610
rv,F,scene,segment,48,0,3,2000,0.1000,222.0630,666.1890,40.0000,0.0415,0.0813,0.0780,0.0790,0.0989,0.6815,0.4655,0.5165,0.2889,1.0000,1.0000,1.0000,0.1439,0.9400,0.8460,0.8475
rv,F,drive_equal,segment,48,0,3,2000,0.1000,222.0630,666.1890,40.0000,0.0369,0.0724,0.0745,0.0535,0.0992,0.7560,0.5965,0.5630,0.2892,1.0000,1.0000,1.0000,0.1442,0.9700,0.9340,0.9140
dm,F,scene,segment,48,0,3,2000,0.0500,222.0630,666.1890,40.0000,0.0379,0.0742,0.0732,0.0640,0.0489,0.2415,0.1290,0.1705,0.0974,0.7195,0.5575,0.5905,0.0481,0.2345,0.1250,0.1670
dm,F,drive_equal,segment,48,0,3,2000,0.0500,222.0630,666.1890,40.0000,0.0369,0.0724,0.0757,0.0410,0.0501,0.2790,0.1580,0.1415,0.0987,0.7640,0.6160,0.5550,0.0494,0.2660,0.1535,0.1375
rn,F,scene,segment,48,2,all,2000,-0.1000,221.5535,3261.0500,40.0000,0.0480,0.0940,0.0931,0.0725,-0.0988,0.5365,0.4190,0.3810,-0.3967,1.0000,1.0000,1.0000,-0.1978,0.9865,0.9595,0.9425
rn,F,drive_equal,segment,48,2,all,2000,-0.1000,221.5535,3261.0500,40.0000,0.0400,0.0784,0.0824,0.0495,-0.1003,0.7215,0.5230,0.4765,-0.3982,1.0000,1.0000,1.0000,-0.1993,0.9985,0.9920,0.9890
rv,F,scene,segment,48,2,all,2000,0.1000,221.5535,3261.0500,40.0000,0.0388,0.0760,0.0753,0.0725,0.0991,0.7195,0.5955,0.5385,0.2891,1.0000,1.0000,1.0000,0.1441,0.9550,0.9210,0.8790
rv,F,drive_equal,segment,48,2,all,2000,0.1000,221.5535,3261.0500,40.0000,0.0324,0.0634,0.0667,0.0495,0.1003,0.8710,0.7510,0.7060,0.2903,1.0000,1.0000,1.0000,0.1453,0.9925,0.9775,0.9635
dm,F,scene,segment,48,2,all,2000,0.0500,221.5535,3261.0500,40.0000,0.0353,0.0691,0.0673,0.0725,0.0489,0.2925,0.1710,0.1935,0.0974,0.7850,0.6535,0.6670,0.0481,0.2845,0.1635,0.1900
dm,F,drive_equal,segment,48,2,all,2000,0.0500,221.5535,3261.0500,40.0000,0.0300,0.0588,0.0598,0.0475,0.0487,0.3780,0.2340,0.2215,0.0972,0.8985,0.8020,0.7655,0.0480,0.3660,0.2290,0.2130
rn,P,scene,segment,48,2,all,2000,-0.0200,477.7125,3261.0500,48.0000,0.0073,0.0143,0.0133,0.0775,-0.0200,0.7765,0.4960,0.7830,-0.0519,1.0000,0.9995,0.9935,-0.0259,0.9575,0.8280,0.9350
rn,P,drive_equal,segment,48,2,all,2000,-0.0200,477.7125,3261.0500,48.0000,0.0071,0.0138,0.0134,0.0645,-0.0197,0.8060,0.5985,0.7595,-0.0512,1.0000,1.0000,0.9995,-0.0256,0.9650,0.8905,0.9225
rv,P,scene,segment,48,2,all,2000,0.0200,477.7125,3261.0500,48.0000,0.0060,0.0117,0.0109,0.0765,0.0200,0.9330,0.7480,0.9100,0.0437,1.0000,0.9995,0.9935,0.0218,0.9655,0.8550,0.9445
rv,P,drive_equal,segment,48,2,all,2000,0.0200,477.7125,3261.0500,48.0000,0.0058,0.0113,0.0110,0.0645,0.0198,0.9450,0.8375,0.8965,0.0433,1.0000,1.0000,1.0000,0.0216,0.9710,0.9140,0.9325
dm,P,scene,segment,48,2,all,2000,0.0200,477.7125,3261.0500,48.0000,0.0157,0.0309,0.0298,0.0685,0.0201,0.2275,0.1115,0.1030,0.0478,0.8695,0.6835,0.8075,0.0240,0.2955,0.1540,0.1585
dm,P,drive_equal,segment,48,2,all,2000,0.0200,477.7125,3261.0500,48.0000,0.0146,0.0287,0.0292,0.0550,0.0199,0.2625,0.1440,0.0895,0.0476,0.9125,0.7940,0.8390,0.0238,0.3565,0.2075,0.1435
rn,F,scene,segment,48,2,3,2000,-0.1000,220.0235,1425.8145,40.0000,0.0502,0.0985,0.0965,0.0720,-0.0996,0.5330,0.3430,0.3630,-0.3975,1.0000,1.0000,1.0000,-0.1986,0.9780,0.9415,0.9260
rn,F,drive_equal,segment,48,2,3,2000,-0.1000,220.0235,1425.8145,40.0000,0.0455,0.0892,0.0922,0.0465,-0.1012,0.6120,0.4265,0.3975,-0.3991,1.0000,1.0000,1.0000,-0.2002,0.9910,0.9750,0.9655
rv,F,scene,segment,48,2,3,2000,0.1000,220.0235,1425.8145,40.0000,0.0406,0.0796,0.0780,0.0720,0.0997,0.7040,0.5430,0.5290,0.2897,1.0000,1.0000,1.0000,0.1447,0.9470,0.8830,0.8550
rv,F,drive_equal,segment,48,2,3,2000,0.1000,220.0235,1425.8145,40.0000,0.0368,0.0722,0.0746,0.0465,0.1010,0.7905,0.6215,0.5920,0.2910,1.0000,1.0000,1.0000,0.1460,0.9785,0.9390,0.9230
dm,F,scene,segment,48,2,3,2000,0.0500,220.0235,1425.8145,40.0000,0.0390,0.0764,0.0737,0.0705,0.0489,0.2475,0.1385,0.1845,0.0975,0.7140,0.5650,0.5730,0.0482,0.2400,0.1325,0.1765
dm,F,drive_equal,segment,48,2,3,2000,0.0500,220.0235,1425.8145,40.0000,0.0378,0.0742,0.0760,0.0485,0.0503,0.2680,0.1400,0.1450,0.0988,0.7460,0.5870,0.5655,0.0496,0.2625,0.1370,0.1405
rn,P,scene,segment,48,2,3,2000,-0.0200,475.2715,1425.8145,48.0000,0.0091,0.0178,0.0160,0.1050,-0.0201,0.5525,0.3145,0.5650,-0.0520,0.9990,0.9990,0.9920,-0.0261,0.8100,0.5860,0.8695
rn,P,drive_equal,segment,48,2,3,2000,-0.0200,475.2715,1425.8145,48.0000,0.0085,0.0166,0.0162,0.0805,-0.0199,0.6485,0.4325,0.5090,-0.0513,1.0000,1.0000,0.9990,-0.0258,0.8790,0.7050,0.8550
rv,P,scene,segment,48,2,3,2000,0.0200,475.2715,1425.8145,48.0000,0.0075,0.0146,0.0131,0.1060,0.0201,0.7540,0.4920,0.8235,0.0439,0.9995,0.9990,0.9930,0.0220,0.8350,0.6175,0.8880
rv,P,drive_equal,segment,48,2,3,2000,0.0200,475.2715,1425.8145,48.0000,0.0069,0.0136,0.0133,0.0805,0.0199,0.8295,0.6375,0.8010,0.0434,1.0000,1.0000,0.9995,0.0218,0.8975,0.7370,0.8760
dm,P,scene,segment,48,2,3,2000,0.0200,475.2715,1425.8145,48.0000,0.0182,0.0356,0.0341,0.0795,0.0200,0.1860,0.0865,0.0720,0.0477,0.7560,0.5195,0.6605,0.0239,0.2450,0.1130,0.1155
dm,P,drive_equal,segment,48,2,3,2000,0.0200,475.2715,1425.8145,48.0000,0.0175,0.0342,0.0342,0.0580,0.0206,0.2130,0.1120,0.0650,0.0483,0.7940,0.6225,0.6770,0.0245,0.2785,0.1550,0.1100
rn,F,scene,segment,48,4,all,2000,-0.1000,221.2590,4831.7980,40.0000,0.0467,0.0915,0.0943,0.0645,-0.0988,0.5515,0.3900,0.3475,-0.3967,1.0000,1.0000,1.0000,-0.1978,0.9860,0.9685,0.9440
rn,F,drive_equal,segment,48,4,all,2000,-0.1000,221.2590,4831.7980,40.0000,0.0411,0.0805,0.0826,0.0515,-0.0991,0.6785,0.4975,0.4695,-0.3970,1.0000,1.0000,1.0000,-0.1981,0.9980,0.9895,0.9860
rv,F,scene,segment,48,4,all,2000,0.1000,221.2590,4831.7980,40.0000,0.0378,0.0740,0.0762,0.0645,0.0991,0.7390,0.5830,0.5370,0.2891,1.0000,1.0000,1.0000,0.1441,0.9685,0.9285,0.8840
rv,F,drive_equal,segment,48,4,all,2000,0.1000,221.2590,4831.7980,40.0000,0.0332,0.0651,0.0668,0.0515,0.0993,0.8485,0.7295,0.6850,0.2893,1.0000,1.0000,1.0000,0.1443,0.9890,0.9720,0.9610
dm,F,scene,segment,48,4,all,2000,0.0500,221.2590,4831.7980,40.0000,0.0352,0.0689,0.0682,0.0670,0.0490,0.2865,0.1465,0.1885,0.0976,0.7980,0.6370,0.6580,0.0483,0.2805,0.1410,0.1820
dm,F,drive_equal,segment,48,4,all,2000,0.0500,221.2590,4831.7980,40.0000,0.0291,0.0571,0.0597,0.0445,0.0497,0.3985,0.2440,0.2260,0.0983,0.9150,0.8375,0.7905,0.0490,0.3875,0.2370,0.2165
rn,P,scene,segment,48,4,all,2000,-0.0200,715.1240,4831.7980,48.0000,0.0061,0.0120,0.0116,0.0690,-0.0200,0.9150,0.7700,0.8865,-0.0519,1.0000,1.0000,0.9990,-0.0259,0.9910,0.9650,0.9745
rn,P,drive_equal,segment,48,4,all,2000,-0.0200,715.1240,4831.7980,48.0000,0.0058,0.0113,0.0116,0.0550,-0.0196,0.9265,0.8275,0.8690,-0.0511,1.0000,1.0000,1.0000,-0.0255,0.9965,0.9815,0.9755
rv,P,scene,segment,48,4,all,2000,0.0200,715.1240,4831.7980,48.0000,0.0050,0.0098,0.0095,0.0695,0.0200,0.9840,0.9385,0.9635,0.0438,1.0000,1.0000,0.9990,0.0219,0.9925,0.9740,0.9765
rv,P,drive_equal,segment,48,4,all,2000,0.0200,715.1240,4831.7980,48.0000,0.0047,0.0093,0.0095,0.0550,0.0197,0.9920,0.9625,0.9620,0.0432,1.0000,1.0000,1.0000,0.0216,0.9980,0.9875,0.9825
dm,P,scene,segment,48,4,all,2000,0.0200,715.1240,4831.7980,48.0000,0.0145,0.0284,0.0277,0.0715,0.0194,0.2555,0.1170,0.1010,0.0471,0.9315,0.7550,0.8715,0.0233,0.3520,0.1650,0.1700
dm,P,drive_equal,segment,48,4,all,2000,0.0200,715.1240,4831.7980,48.0000,0.0138,0.0271,0.0276,0.0645,0.0200,0.3000,0.1525,0.0890,0.0476,0.9545,0.8285,0.9095,0.0238,0.4020,0.2210,0.1650
rn,F,scene,segment,48,4,3,2000,-0.1000,220.6230,2149.4940,40.0000,0.0506,0.0992,0.0969,0.0725,-0.0997,0.4995,0.3675,0.3595,-0.3976,1.0000,1.0000,1.0000,-0.1987,0.9745,0.9395,0.9220
rn,F,drive_equal,segment,48,4,3,2000,-0.1000,220.6230,2149.4940,40.0000,0.0460,0.0902,0.0921,0.0540,-0.1010,0.5855,0.4075,0.3940,-0.3989,1.0000,1.0000,1.0000,-0.1999,0.9905,0.9735,0.9645
rv,F,scene,segment,48,4,3,2000,0.1000,220.6230,2149.4940,40.0000,0.0409,0.0802,0.0783,0.0725,0.0998,0.6815,0.5345,0.5205,0.2898,1.0000,1.0000,1.0000,0.1448,0.9360,0.8805,0.8555
rv,F,drive_equal,segment,48,4,3,2000,0.1000,220.6230,2149.4940,40.0000,0.0372,0.0730,0.0744,0.0540,0.1008,0.7580,0.6155,0.5870,0.2908,1.0000,1.0000,1.0000,0.1458,0.9755,0.9340,0.9185
dm,F,scene,segment,48,4,3,2000,0.0500,220.6230,2149.4940,40.0000,0.0385,0.0755,0.0731,0.0700,0.0488,0.2725,0.1185,0.1660,0.0973,0.7305,0.5425,0.5805,0.0481,0.2660,0.1160,0.1575
dm,F,drive_equal,segment,48,4,3,2000,0.0500,220.6230,2149.4940,40.0000,0.0380,0.0744,0.0753,0.0485,0.0489,0.2580,0.1545,0.1400,0.0974,0.7160,0.6010,0.5505,0.0481,0.2525,0.1500,0.1365
rn,P,scene,segment,48,4,3,2000,-0.0200,716.4980,2149.4940,48.0000,0.0072,0.0141,0.0130,0.0925,-0.0200,0.8055,0.5845,0.8000,-0.0519,1.0000,1.0000,0.9985,-0.0259,0.9675,0.8760,0.9590
rn,P,drive_equal,segment,48,4,3,2000,-0.0200,716.4980,2149.4940,48.0000,0.0066,0.0130,0.0134,0.0610,-0.0198,0.8595,0.6960,0.7525,-0.0512,1.0000,1.0000,1.0000,-0.0256,0.9820,0.9305,0.9530
rv,P,scene,segment,48,4,3,2000,0.0200,716.4980,2149.4940,48.0000,0.0059,0.0115,0.0107,0.0925,0.0200,0.9475,0.8250,0.9390,0.0438,1.0000,1.0000,0.9985,0.0219,0.9780,0.9045,0.9665
rv,P,drive_equal,segment,48,4,3,2000,0.0200,716.4980,2149.4940,48.0000,0.0054,0.0106,0.0110,0.0615,0.0198,0.9670,0.8960,0.9300,0.0433,1.0000,1.0000,1.0000,0.0217,0.9860,0.9500,0.9650
dm,P,scene,segment,48,4,3,2000,0.0200,716.4980,2149.4940,48.0000,0.0164,0.0321,0.0304,0.0855,0.0199,0.1970,0.1085,0.0865,0.0476,0.8185,0.6560,0.7890,0.0237,0.2695,0.1540,0.1365
dm,P,drive_equal,segment,48,4,3,2000,0.0200,716.4980,2149.4940,48.0000,0.0155,0.0304,0.0301,0.0635,0.0197,0.2390,0.1345,0.0765,0.0473,0.8695,0.7420,0.7965,0.0235,0.3220,0.1825,0.1255
rn,F,scene,segment,48,8,all,2000,-0.1000,221.4280,7897.9365,40.0000,0.0485,0.0950,0.0935,0.0685,-0.1008,0.5610,0.3965,0.3920,-0.3987,1.0000,1.0000,1.0000,-0.1997,0.9865,0.9600,0.9415
rn,F,drive_equal,segment,48,8,all,2000,-0.1000,221.4280,7897.9365,40.0000,0.0413,0.0809,0.0823,0.0535,-0.1004,0.6740,0.5215,0.4845,-0.3983,1.0000,1.0000,1.0000,-0.1993,0.9990,0.9925,0.9845
rv,F,scene,segment,48,8,all,2000,0.1000,221.4280,7897.9365,40.0000,0.0392,0.0768,0.0756,0.0685,0.1006,0.7475,0.5795,0.5525,0.2906,1.0000,1.0000,1.0000,0.1456,0.9615,0.9090,0.8825
rv,F,drive_equal,segment,48,8,all,2000,0.1000,221.4280,7897.9365,40.0000,0.0334,0.0655,0.0666,0.0535,0.1003,0.8470,0.7325,0.6920,0.2903,1.0000,1.0000,1.0000,0.1453,0.9895,0.9695,0.9635
dm,F,scene,segment,48,8,all,2000,0.0500,221.4280,7897.9365,40.0000,0.0354,0.0695,0.0675,0.0695,0.0480,0.2800,0.1390,0.1945,0.0966,0.7740,0.6120,0.6605,0.0473,0.2680,0.1315,0.1875
dm,F,drive_equal,segment,48,8,all,2000,0.0500,221.4280,7897.9365,40.0000,0.0292,0.0572,0.0597,0.0495,0.0491,0.3745,0.2125,0.2130,0.0977,0.9150,0.8170,0.7800,0.0484,0.3585,0.2040,0.2050
rn,P,scene,segment,48,8,all,2000,-0.0200,1178.6830,7897.9365,48.0000,0.0056,0.0110,0.0103,0.0795,-0.0201,0.9610,0.8785,0.9430,-0.0520,1.0000,1.0000,0.9995,-0.0260,0.9980,0.9895,0.9905
rn,P,drive_equal,segment,48,8,all,2000,-0.0200,1178.6830,7897.9365,48.0000,0.0055,0.0107,0.0105,0.0650,-0.0199,0.9570,0.8730,0.9280,-0.0514,1.0000,1.0000,1.0000,-0.0258,0.9985,0.9900,0.9945
rv,P,scene,segment,48,8,all,2000,0.0200,1178.6830,7897.9365,48.0000,0.0046,0.0091,0.0084,0.0810,0.0201,0.9955,0.9800,0.9880,0.0439,1.0000,1.0000,0.9995,0.0220,0.9985,0.9930,0.9915
rv,P,drive_equal,segment,48,8,all,2000,0.0200,1178.6830,7897.9365,48.0000,0.0045,0.0088,0.0086,0.0665,0.0199,0.9975,0.9785,0.9885,0.0434,1.0000,1.0000,1.0000,0.0218,0.9990,0.9955,0.9970
dm,P,scene,segment,48,8,all,2000,0.0200,1178.6830,7897.9365,48.0000,0.0146,0.0286,0.0271,0.0905,0.0203,0.2895,0.1485,0.1210,0.0480,0.9180,0.7960,0.9095,0.0242,0.3850,0.2155,0.2015
dm,P,drive_equal,segment,48,8,all,2000,0.0200,1178.6830,7897.9365,48.0000,0.0137,0.0268,0.0266,0.0815,0.0200,0.3165,0.1950,0.1065,0.0476,0.9380,0.8720,0.9345,0.0238,0.4070,0.2795,0.1875
rn,F,scene,segment,48,8,3,2000,-0.1000,222.2090,3534.0270,40.0000,0.0493,0.0966,0.0969,0.0705,-0.0985,0.5180,0.3570,0.3420,-0.3964,1.0000,1.0000,1.0000,-0.1975,0.9820,0.9480,0.9295
rn,F,drive_equal,segment,48,8,3,2000,-0.1000,222.2090,3534.0270,40.0000,0.0457,0.0896,0.0922,0.0475,-0.0988,0.5910,0.4105,0.3695,-0.3967,1.0000,1.0000,1.0000,-0.1978,0.9915,0.9755,0.9685
rv,F,scene,segment,48,8,3,2000,0.1000,222.2090,3534.0270,40.0000,0.0399,0.0782,0.0783,0.0705,0.0988,0.6965,0.5410,0.5040,0.2888,1.0000,1.0000,1.0000,0.1438,0.9495,0.8950,0.8560
rv,F,drive_equal,segment,48,8,3,2000,0.1000,222.2090,3534.0270,40.0000,0.0370,0.0725,0.0745,0.0475,0.0990,0.7695,0.6060,0.5670,0.2890,1.0000,1.0000,1.0000,0.1440,0.9760,0.9370,0.9100
dm,F,scene,segment,48,8,3,2000,0.0500,222.2090,3534.0270,40.0000,0.0378,0.0740,0.0735,0.0595,0.0508,0.2565,0.1400,0.1645,0.0994,0.7375,0.5950,0.6090,0.0501,0.2535,0.1360,0.1600
dm,F,drive_equal,segment,48,8,3,2000,0.0500,222.2090,3534.0270,40.0000,0.0377,0.0739,0.0753,0.0495,0.0514,0.2675,0.1540,0.1535,0.1000,0.7505,0.6070,0.5775,0.0507,0.2600,0.1470,0.1490
rn,P,scene,segment,48,8,3,2000,-0.0200,1178.0090,3534.0270,48.0000,0.0060,0.0117,0.0113,0.0820,-0.0199,0.9205,0.8360,0.8980,-0.0518,1.0000,1.0000,1.0000,-0.0258,0.9980,0.9830,0.9870
rn,P,drive_equal,segment,48,8,3,2000,-0.0200,1178.0090,3534.0270,48.0000,0.0059,0.0116,0.0118,0.0595,-0.0197,0.9225,0.8255,0.8495,-0.0512,1.0000,1.0000,1.0000,-0.0256,0.9945,0.9780,0.9870
rv,P,scene,segment,48,8,3,2000,0.0200,1178.0090,3534.0270,48.0000,0.0049,0.0096,0.0093,0.0825,0.0199,0.9925,0.9685,0.9775,0.0437,1.0000,1.0000,1.0000,0.0218,0.9990,0.9910,0.9880
rv,P,drive_equal,segment,48,8,3,2000,0.0200,1178.0090,3534.0270,48.0000,0.0048,0.0095,0.0096,0.0595,0.0198,0.9910,0.9575,0.9780,0.0433,1.0000,1.0000,1.0000,0.0216,0.9965,0.9865,0.9920
dm,P,scene,segment,48,8,3,2000,0.0200,1178.0090,3534.0270,48.0000,0.0153,0.0300,0.0285,0.0755,0.0203,0.2575,0.1440,0.1090,0.0480,0.9025,0.7780,0.8610,0.0242,0.3420,0.2015,0.1745
dm,P,drive_equal,segment,48,8,3,2000,0.0200,1178.0090,3534.0270,48.0000,0.0142,0.0279,0.0283,0.0630,0.0203,0.2995,0.1880,0.0855,0.0480,0.9290,0.8555,0.8915,0.0242,0.4050,0.2740,0.1480
rn,F,scene,segment,48,16,all,2000,-0.1000,220.8235,13138.9990,40.0000,0.0491,0.0962,0.0928,0.0795,-0.1017,0.5655,0.3805,0.3975,-0.3996,1.0000,1.0000,1.0000,-0.2007,0.9815,0.9545,0.9385
rn,F,drive_equal,segment,48,16,all,2000,-0.1000,220.8235,13138.9990,40.0000,0.0417,0.0818,0.0826,0.0525,-0.1005,0.6725,0.4890,0.4860,-0.3984,1.0000,1.0000,1.0000,-0.1994,0.9980,0.9860,0.9860
rv,F,scene,segment,48,16,all,2000,0.1000,220.8235,13138.9990,40.0000,0.0397,0.0778,0.0751,0.0795,0.1014,0.7470,0.5705,0.5690,0.2914,1.0000,1.0000,1.0000,0.1464,0.9600,0.8990,0.8875
rv,F,drive_equal,segment,48,16,all,2000,0.1000,220.8235,13138.9990,40.0000,0.0337,0.0661,0.0668,0.0525,0.1004,0.8445,0.7025,0.6985,0.2904,1.0000,1.0000,1.0000,0.1454,0.9860,0.9695,0.9655
dm,F,scene,segment,48,16,all,2000,0.0500,220.8235,13138.9990,40.0000,0.0350,0.0687,0.0675,0.0700,0.0501,0.2905,0.1640,0.2035,0.0986,0.8135,0.6630,0.6760,0.0494,0.2845,0.1600,0.1980
dm,F,drive_equal,segment,48,16,all,2000,0.0500,220.8235,13138.9990,40.0000,0.0294,0.0577,0.0595,0.0420,0.0499,0.4210,0.2605,0.2405,0.0984,0.9245,0.8210,0.7845,0.0492,0.4110,0.2490,0.2345
rn,P,scene,segment,48,16,all,2000,-0.0200,1970.9165,13138.9990,48.0000,0.0051,0.0100,0.0098,0.0645,-0.0201,0.9870,0.9485,0.9685,-0.0520,1.0000,1.0000,1.0000,-0.0261,1.0000,0.9995,0.9980
rn,P,drive_equal,segment,48,16,all,2000,-0.0200,1970.9165,13138.9990,48.0000,0.0050,0.0097,0.0100,0.0545,-0.0198,0.9840,0.9440,0.9570,-0.0513,1.0000,1.0000,1.0000,-0.0257,0.9995,0.9970,0.9980
rv,P,scene,segment,48,16,all,2000,0.0200,1970.9165,13138.9990,48.0000,0.0042,0.0082,0.0080,0.0645,0.0201,1.0000,0.9950,0.9960,0.0439,1.0000,1.0000,1.0000,0.0220,1.0000,1.0000,0.9990
rv,P,drive_equal,segment,48,16,all,2000,0.0200,1970.9165,13138.9990,48.0000,0.0041,0.0079,0.0081,0.0555,0.0198,0.9985,0.9930,0.9960,0.0433,1.0000,1.0000,1.0000,0.0217,1.0000,0.9980,0.9995
dm,P,scene,segment,48,16,all,2000,0.0200,1970.9165,13138.9990,48.0000,0.0139,0.0271,0.0265,0.0735,0.0203,0.3115,0.1615,0.1175,0.0480,0.9520,0.8520,0.9180,0.0241,0.4095,0.2290,0.2030
dm,P,drive_equal,segment,48,16,all,2000,0.0200,1970.9165,13138.9990,48.0000,0.0135,0.0265,0.0262,0.0615,0.0204,0.3055,0.1970,0.1125,0.0481,0.9565,0.8900,0.9615,0.0243,0.4040,0.2795,0.1955
rn,F,scene,segment,48,16,3,2000,-0.1000,222.1305,5935.5090,40.0000,0.0499,0.0979,0.0969,0.0730,-0.0985,0.4930,0.3335,0.3330,-0.3964,1.0000,1.0000,1.0000,-0.1975,0.9775,0.9490,0.9245
rn,F,drive_equal,segment,48,16,3,2000,-0.1000,222.1305,5935.5090,40.0000,0.0474,0.0930,0.0920,0.0580,-0.0997,0.5450,0.3655,0.3715,-0.3976,1.0000,1.0000,1.0000,-0.1987,0.9885,0.9630,0.9570
rv,F,scene,segment,48,16,3,2000,0.1000,222.1305,5935.5090,40.0000,0.0404,0.0792,0.0784,0.0730,0.0988,0.6775,0.5310,0.5055,0.2888,1.0000,1.0000,1.0000,0.1438,0.9485,0.8925,0.8530
rv,F,drive_equal,segment,48,16,3,2000,0.1000,222.1305,5935.5090,40.0000,0.0384,0.0752,0.0744,0.0580,0.0998,0.7360,0.5615,0.5790,0.2898,1.0000,1.0000,1.0000,0.1448,0.9655,0.9050,0.9115
dm,F,scene,segment,48,16,3,2000,0.0500,222.1305,5935.5090,40.0000,0.0372,0.0729,0.0725,0.0645,0.0490,0.2660,0.1505,0.1630,0.0975,0.7530,0.6070,0.6030,0.0483,0.2595,0.1460,0.1585
dm,F,drive_equal,segment,48,16,3,2000,0.0500,222.1305,5935.5090,40.0000,0.0368,0.0721,0.0751,0.0450,0.0490,0.2650,0.1450,0.1320,0.0975,0.7520,0.5860,0.5585,0.0482,0.2580,0.1380,0.1255
rn,P,scene,segment,48,16,3,2000,-0.0200,1978.5030,5935.5090,48.0000,0.0056,0.0109,0.0105,0.0795,-0.0199,0.9615,0.8815,0.9415,-0.0519,1.0000,1.0000,1.0000,-0.0259,0.9995,0.9935,0.9945
rn,P,drive_equal,segment,48,16,3,2000,-0.0200,1978.5030,5935.5090,48.0000,0.0056,0.0110,0.0108,0.0605,-0.0197,0.9550,0.8880,0.9070,-0.0511,1.0000,1.0000,1.0000,-0.0255,0.9985,0.9910,0.9945
rv,P,scene,segment,48,16,3,2000,0.0200,1978.5030,5935.5090,48.0000,0.0046,0.0089,0.0086,0.0800,0.0200,0.9975,0.9830,0.9915,0.0437,1.0000,1.0000,1.0000,0.0218,1.0000,0.9970,0.9975
rv,P,drive_equal,segment,48,16,3,2000,0.0200,1978.5030,5935.5090,48.0000,0.0046,0.0090,0.0089,0.0605,0.0197,0.9945,0.9815,0.9870,0.0432,1.0000,1.0000,1.0000,0.0216,0.9995,0.9945,0.9960
dm,P,scene,segment,48,16,3,2000,0.0200,1978.5030,5935.5090,48.0000,0.0140,0.0274,0.0270,0.0765,0.0195,0.2950,0.1805,0.1030,0.0473,0.9455,0.8470,0.9030,0.0234,0.3805,0.2440,0.1800
dm,P,drive_equal,segment,48,16,3,2000,0.0200,1978.5030,5935.5090,48.0000,0.0137,0.0268,0.0270,0.0660,0.0195,0.2835,0.1850,0.0960,0.0472,0.9475,0.8710,0.9255,0.0234,0.3820,0.2560,0.1640
