family,contrast,group,metric,label,n_clusters,n_scenes,n_units,n_informative_logs,dropped_nan,missing_pairs,scene_est,scene_ci95_lo,scene_ci95_hi,scene_ci90_lo,scene_ci90_hi,scene_p_signflip,scene_p_cluster_t,unit_est,unit_ci95_lo,unit_ci95_hi,unit_ci90_lo,unit_ci90_hi,unit_p_signflip,unit_p_cluster_t,log_est,log_ci95_lo,log_ci95_hi,log_ci90_lo,log_ci90_hi,log_p_signflip,log_p_cluster_t,sf_method,equiv_margin,equivalent_TOST90,holm_p,holm_m
P1B_primary,"early(s=1) - late(s=3), persistent GT, w=1",A-,amplification,two-sided; negative = early corrections leave less amplification,1,1,2,1,0,0,1.0,1.0,1.0,1.0,1.0,1.0,,1.0,1.0,1.0,1.0,1.0,1.0,,1.0,1.0,1.0,1.0,1.0,1.0,,exact 2^1,0.1,False,1.0,3.0
P1B_primary,"early(s=1) - late(s=3), persistent GT, w=2",A-,amplification,two-sided; negative = early corrections leave less amplification,1,1,2,0,0,0,0.0,0.0,0.0,0.0,0.0,1.0,,0.0,0.0,0.0,0.0,0.0,1.0,,0.0,0.0,0.0,0.0,0.0,1.0,,exact 2^1,0.1,True,1.0,3.0
P1B_primary,"early(s=1) - late(s=3), persistent GT, w=3",A-,amplification,two-sided; negative = early corrections leave less amplification,1,1,2,0,0,0,0.0,0.0,0.0,0.0,0.0,1.0,,0.0,0.0,0.0,0.0,0.0,1.0,,0.0,0.0,0.0,0.0,0.0,1.0,,exact 2^1,0.1,True,1.0,3.0
P1B_secondary_totalH_P_gt_A-,"early(s=1) - late(s=2), w=1",A-,amplification,,1,1,2,1,0,0,1.0,1.0,1.0,1.0,1.0,1.0,,1.0,1.0,1.0,1.0,1.0,1.0,,1.0,1.0,1.0,1.0,1.0,1.0,,exact 2^1,0.1,False,,
P1B_secondary_totalH_P_gt_A-,"early(s=1) - late(s=2), w=1",A-,amp2,,1,1,2,1,0,0,1.0,1.0,1.0,1.0,1.0,1.0,,1.0,1.0,1.0,1.0,1.0,1.0,,1.0,1.0,1.0,1.0,1.0,1.0,,exact 2^1,0.1,False,,
P1B_secondary_totalH_P_gt_A-,"early(s=1) - late(s=2), w=1",A-,amp4,,1,1,2,0,0,0,0.0,0.0,0.0,0.0,0.0,1.0,,0.0,0.0,0.0,0.0,0.0,1.0,,0.0,0.0,0.0,0.0,0.0,1.0,,exact 2^1,0.1,True,,
P1B_secondary_totalH_P_gt_A-,"early(s=1) - late(s=2), w=1",A-,fde5,,1,1,2,1,0,0,1.047833890727898,1.047833890727898,1.047833890727898,1.047833890727898,1.047833890727898,1.0,,1.047833890727898,1.047833890727898,1.047833890727898,1.047833890727898,1.047833890727898,1.0,,1.047833890727898,1.047833890727898,1.047833890727898,1.047833890727898,1.047833890727898,1.0,,exact 2^1,0.5,False,,
P1B_secondary_totalH_P_gt_A-,"early(s=1) - late(s=3), w=1",A-,amp2,,1,1,2,1,0,0,0.5,0.5,0.5,0.5,0.5,1.0,,0.5,0.5,0.5,0.5,0.5,1.0,,0.5,0.5,0.5,0.5,0.5,1.0,,exact 2^1,0.1,False,,
P1B_secondary_totalH_P_gt_A-,"early(s=1) - late(s=3), w=1",A-,amp4,,1,1,2,0,0,0,0.0,0.0,0.0,0.0,0.0,1.0,,0.0,0.0,0.0,0.0,0.0,1.0,,0.0,0.0,0.0,0.0,0.0,1.0,,exact 2^1,0.1,True,,
P1B_secondary_totalH_P_gt_A-,"early(s=1) - late(s=3), w=1",A-,fde5,,1,1,2,1,0,0,1.7072789151486036,1.7072789151486036,1.7072789151486036,1.7072789151486036,1.7072789151486036,1.0,,1.7072789151486036,1.7072789151486036,1.7072789151486036,1.7072789151486036,1.7072789151486036,1.0,,1.7072789151486036,1.7072789151486036,1.7072789151486036,1.7072789151486036,1.7072789151486036,1.0,,exact 2^1,0.5,False,,
P1B_secondary_totalH_P_gt_A-,"early(s=1) - late(s=4), w=1",A-,amplification,,1,1,2,1,0,0,1.0,1.0,1.0,1.0,1.0,1.0,,1.0,1.0,1.0,1.0,1.0,1.0,,1.0,1.0,1.0,1.0,1.0,1.0,,exact 2^1,0.1,False,,
P1B_secondary_totalH_P_gt_A-,"early(s=1) - late(s=4), w=1",A-,amp2,,1,1,2,1,0,0,1.0,1.0,1.0,1.0,1.0,1.0,,1.0,1.0,1.0,1.0,1.0,1.0,,1.0,1.0,1.0,1.0,1.0,1.0,,exact 2^1,0.1,False,,
P1B_secondary_totalH_P_gt_A-,"early(s=1) - late(s=4), w=1",A-,amp4,,1,1,2,0,0,0,0.0,0.0,0.0,0.0,0.0,1.0,,0.0,0.0,0.0,0.0,0.0,1.0,,0.0,0.0,0.0,0.0,0.0,1.0,,exact 2^1,0.1,True,,
P1B_secondary_totalH_P_gt_A-,"early(s=1) - late(s=4), w=1",A-,fde5,,1,1,2,1,0,0,1.8411211708222774,1.8411211708222774,1.8411211708222774,1.8411211708222774,1.8411211708222774,1.0,,1.8411211708222774,1.8411211708222774,1.8411211708222774,1.8411211708222774,1.8411211708222774,1.0,,1.8411211708222774,1.8411211708222774,1.8411211708222774,1.8411211708222774,1.8411211708222774,1.0,,exact 2^1,0.5,False,,
P1B_secondary_totalH_P_gt_A-,"early(s=1) - late(s=2), w=2",A-,amplification,,1,1,2,0,0,0,0.0,0.0,0.0,0.0,0.0,1.0,,0.0,0.0,0.0,0.0,0.0,1.0,,0.0,0.0,0.0,0.0,0.0,1.0,,exact 2^1,0.1,True,,
P1B_secondary_totalH_P_gt_A-,"early(s=1) - late(s=2), w=2",A-,amp2,,1,1,2,0,0,0,0.0,0.0,0.0,0.0,0.0,1.0,,0.0,0.0,0.0,0.0,0.0,1.0,,0.0,0.0,0.0,0.0,0.0,1.0,,exact 2^1,0.1,True,,
P1B_secondary_totalH_P_gt_A-,"early(s=1) - late(s=2), w=2",A-,amp4,,1,1,2,0,0,0,0.0,0.0,0.0,0.0,0.0,1.0,,0.0,0.0,0.0,0.0,0.0,1.0,,0.0,0.0,0.0,0.0,0.0,1.0,,exact 2^1,0.1,True,,
P1B_secondary_totalH_P_gt_A-,"early(s=1) - late(s=2), w=2",A-,fde5,,1,1,2,1,0,0,1.1025365008205321,1.1025365008205321,1.1025365008205321,1.1025365008205321,1.1025365008205321,1.0,,1.1025365008205321,1.1025365008205321,1.1025365008205321,1.1025365008205321,1.1025365008205321,1.0,,1.1025365008205321,1.1025365008205321,1.1025365008205321,1.1025365008205321,1.1025365008205321,1.0,,exact 2^1,0.5,False,,
P1B_secondary_totalH_P_gt_A-,"early(s=1) - late(s=3), w=2",A-,amp2,,1,1,2,1,0,0,0.5,0.5,0.5,0.5,0.5,1.0,,0.5,0.5,0.5,0.5,0.5,1.0,,0.5,0.5,0.5,0.5,0.5,1.0,,exact 2^1,0.1,False,,
P1B_secondary_totalH_P_gt_A-,"early(s=1) - late(s=3), w=2",A-,amp4,,1,1,2,0,0,0,0.0,0.0,0.0,0.0,0.0,1.0,,0.0,0.0,0.0,0.0,0.0,1.0,,0.0,0.0,0.0,0.0,0.0,1.0,,exact 2^1,0.1,True,,
P1B_secondary_totalH_P_gt_A-,"early(s=1) - late(s=3), w=2",A-,fde5,,1,1,2,1,0,0,1.4071521083813714,1.4071521083813714,1.4071521083813714,1.4071521083813714,1.4071521083813714,1.0,,1.4071521083813714,1.4071521083813714,1.4071521083813714,1.4071521083813714,1.4071521083813714,1.0,,1.4071521083813714,1.4071521083813714,1.4071521083813714,1.4071521083813714,1.4071521083813714,1.0,,exact 2^1,0.5,False,,
P1B_secondary_totalH_P_gt_A-,"early(s=1) - late(s=4), w=2",A-,amplification,,1,1,2,0,0,0,0.0,0.0,0.0,0.0,0.0,1.0,,0.0,0.0,0.0,0.0,0.0,1.0,,0.0,0.0,0.0,0.0,0.0,1.0,,exact 2^1,0.1,True,,
P1B_secondary_totalH_P_gt_A-,"early(s=1) - late(s=4), w=2",A-,amp2,,1,1,2,1,0,0,0.5,0.5,0.5,0.5,0.5,1.0,,0.5,0.5,0.5,0.5,0.5,1.0,,0.5,0.5,0.5,0.5,0.5,1.0,,exact 2^1,0.1,False,,
P1B_secondary_totalH_P_gt_A-,"early(s=1) - late(s=4), w=2",A-,amp4,,1,1,2,0,0,0,0.0,0.0,0.0,0.0,0.0,1.0,,0.0,0.0,0.0,0.0,0.0,1.0,,0.0,0.0,0.0,0.0,0.0,1.0,,exact 2^1,0.1,True,,
P1B_secondary_totalH_P_gt_A-,"early(s=1) - late(s=4), w=2",A-,fde5,,1,1,2,1,0,0,1.540944131606896,1.540944131606896,1.540944131606896,1.540944131606896,1.540944131606896,1.0,,1.540944131606896,1.540944131606896,1.540944131606896,1.540944131606896,1.540944131606896,1.0,,1.540944131606896,1.540944131606896,1.540944131606896,1.540944131606896,1.540944131606896,1.0,,exact 2^1,0.5,False,,
P1B_secondary_totalH_P_gt_A-,"early(s=1) - late(s=2), w=3",A-,amplification,,1,1,2,0,0,0,0.0,0.0,0.0,0.0,0.0,1.0,,0.0,0.0,0.0,0.0,0.0,1.0,,0.0,0.0,0.0,0.0,0.0,1.0,,exact 2^1,0.1,True,,
P1B_secondary_totalH_P_gt_A-,"early(s=1) - late(s=2), w=3",A-,amp2,,1,1,2,1,0,0,0.5,0.5,0.5,0.5,0.5,1.0,,0.5,0.5,0.5,0.5,0.5,1.0,,0.5,0.5,0.5,0.5,0.5,1.0,,exact 2^1,0.1,False,,
P1B_secondary_totalH_P_gt_A-,"early(s=1) - late(s=2), w=3",A-,amp4,,1,1,2,0,0,0,0.0,0.0,0.0,0.0,0.0,1.0,,0.0,0.0,0.0,0.0,0.0,1.0,,0.0,0.0,0.0,0.0,0.0,1.0,,exact 2^1,0.1,True,,
P1B_secondary_totalH_P_gt_A-,"early(s=1) - late(s=2), w=3",A-,fde5,,1,1,2,1,0,0,1.4603958346507875,1.4603958346507875,1.4603958346507875,1.4603958346507875,1.4603958346507875,1.0,,1.4603958346507875,1.4603958346507875,1.4603958346507875,1.4603958346507875,1.4603958346507875,1.0,,1.4603958346507875,1.4603958346507875,1.4603958346507875,1.4603958346507875,1.4603958346507875,1.0,,exact 2^1,0.5,False,,
P1B_secondary_totalH_P_gt_A-,"early(s=1) - late(s=3), w=3",A-,amp2,,1,1,2,1,0,0,0.5,0.5,0.5,0.5,0.5,1.0,,0.5,0.5,0.5,0.5,0.5,1.0,,0.5,0.5,0.5,0.5,0.5,1.0,,exact 2^1,0.1,False,,
P1B_secondary_totalH_P_gt_A-,"early(s=1) - late(s=3), w=3",A-,amp4,,1,1,2,0,0,0,0.0,0.0,0.0,0.0,0.0,1.0,,0.0,0.0,0.0,0.0,0.0,1.0,,0.0,0.0,0.0,0.0,0.0,1.0,,exact 2^1,0.1,True,,
P1B_secondary_totalH_P_gt_A-,"early(s=1) - late(s=3), w=3",A-,fde5,,1,1,2,1,0,0,1.3144229161721892,1.3144229161721892,1.3144229161721892,1.3144229161721892,1.3144229161721892,1.0,,1.3144229161721892,1.3144229161721892,1.3144229161721892,1.3144229161721892,1.3144229161721892,1.0,,1.3144229161721892,1.3144229161721892,1.3144229161721892,1.3144229161721892,1.3144229161721892,1.0,,exact 2^1,0.5,False,,
P1B_secondary_totalH_P_gt_A-,"early(s=1) - late(s=4), w=3",A-,amplification,,1,1,2,0,0,0,0.0,0.0,0.0,0.0,0.0,1.0,,0.0,0.0,0.0,0.0,0.0,1.0,,0.0,0.0,0.0,0.0,0.0,1.0,,exact 2^1,0.1,True,,
P1B_secondary_totalH_P_gt_A-,"early(s=1) - late(s=4), w=3",A-,amp2,,1,1,2,1,0,0,0.5,0.5,0.5,0.5,0.5,1.0,,0.5,0.5,0.5,0.5,0.5,1.0,,0.5,0.5,0.5,0.5,0.5,1.0,,exact 2^1,0.1,False,,
P1B_secondary_totalH_P_gt_A-,"early(s=1) - late(s=4), w=3",A-,amp4,,1,1,2,0,0,0,0.0,0.0,0.0,0.0,0.0,1.0,,0.0,0.0,0.0,0.0,0.0,1.0,,0.0,0.0,0.0,0.0,0.0,1.0,,exact 2^1,0.1,True,,
P1B_secondary_totalH_P_gt_A-,"early(s=1) - late(s=4), w=3",A-,fde5,,1,1,2,1,0,0,1.5670178472481064,1.5670178472481064,1.5670178472481064,1.5670178472481064,1.5670178472481064,1.0,,1.5670178472481064,1.5670178472481064,1.5670178472481064,1.5670178472481064,1.5670178472481064,1.0,,1.5670178472481064,1.5670178472481064,1.5670178472481064,1.5670178472481064,1.5670178472481064,1.0,,exact 2^1,0.5,False,,
P1B_map_P_gt_A-,"window(s=1,w=1) - normal",A-,amplification,,1,1,2,1,0,0,1.0,1.0,1.0,1.0,1.0,1.0,,1.0,1.0,1.0,1.0,1.0,1.0,,1.0,1.0,1.0,1.0,1.0,1.0,,exact 2^1,,,,
P1B_map_P_gt_A-,"window(s=1,w=2) - normal",A-,amplification,,1,1,2,0,0,0,0.0,0.0,0.0,0.0,0.0,1.0,,0.0,0.0,0.0,0.0,0.0,1.0,,0.0,0.0,0.0,0.0,0.0,1.0,,exact 2^1,,,,
P1B_map_P_gt_A-,"window(s=1,w=3) - normal",A-,amplification,,1,1,2,0,0,0,0.0,0.0,0.0,0.0,0.0,1.0,,0.0,0.0,0.0,0.0,0.0,1.0,,0.0,0.0,0.0,0.0,0.0,1.0,,exact 2^1,,,,
P1B_map_P_gt_A-,"window(s=2,w=1) - normal",A-,amplification,,1,1,2,0,0,0,0.0,0.0,0.0,0.0,0.0,1.0,,0.0,0.0,0.0,0.0,0.0,1.0,,0.0,0.0,0.0,0.0,0.0,1.0,,exact 2^1,,,,
P1B_map_P_gt_A-,"window(s=2,w=2) - normal",A-,amplification,,1,1,2,0,0,0,0.0,0.0,0.0,0.0,0.0,1.0,,0.0,0.0,0.0,0.0,0.0,1.0,,0.0,0.0,0.0,0.0,0.0,1.0,,exact 2^1,,,,
P1B_map_P_gt_A-,"window(s=2,w=3) - normal",A-,amplification,,1,1,2,0,0,0,0.0,0.0,0.0,0.0,0.0,1.0,,0.0,0.0,0.0,0.0,0.0,1.0,,0.0,0.0,0.0,0.0,0.0,1.0,,exact 2^1,,,,
P1B_map_P_gt_A-,"window(s=3,w=1) - normal",A-,amplification,,1,1,2,0,0,0,0.0,0.0,0.0,0.0,0.0,1.0,,0.0,0.0,0.0,0.0,0.0,1.0,,0.0,0.0,0.0,0.0,0.0,1.0,,exact 2^1,,,,
P1B_map_P_gt_A-,"window(s=3,w=2) - normal",A-,amplification,,1,1,2,0,0,0,0.0,0.0,0.0,0.0,0.0,1.0,,0.0,0.0,0.0,0.0,0.0,1.0,,0.0,0.0,0.0,0.0,0.0,1.0,,exact 2^1,,,,
P1B_map_P_gt_A-,"window(s=3,w=3) - normal",A-,amplification,,1,1,2,0,0,0,0.0,0.0,0.0,0.0,0.0,1.0,,0.0,0.0,0.0,0.0,0.0,1.0,,0.0,0.0,0.0,0.0,0.0,1.0,,exact 2^1,,,,
P1B_map_P_gt_A-,"window(s=4,w=1) - normal",A-,amplification,,1,1,2,0,0,0,0.0,0.0,0.0,0.0,0.0,1.0,,0.0,0.0,0.0,0.0,0.0,1.0,,0.0,0.0,0.0,0.0,0.0,1.0,,exact 2^1,,,,
P1B_map_P_gt_A-,"window(s=4,w=2) - normal",A-,amplification,,1,1,2,0,0,0,0.0,0.0,0.0,0.0,0.0,1.0,,0.0,0.0,0.0,0.0,0.0,1.0,,0.0,0.0,0.0,0.0,0.0,1.0,,exact 2^1,,,,
P1B_map_P_gt_A-,"window(s=4,w=3) - normal",A-,amplification,,1,1,2,0,0,0,0.0,0.0,0.0,0.0,0.0,1.0,,0.0,0.0,0.0,0.0,0.0,1.0,,0.0,0.0,0.0,0.0,0.0,1.0,,exact 2^1,,,,
P1B_secondary_totalH_P_self_A-,"early(s=1) - late(s=2), w=1",A-,dev9_ref,,1,1,2,1,0,0,1.1172125242174915,1.1172125242174915,1.1172125242174915,1.1172125242174915,1.1172125242174915,1.0,,1.1172125242174915,1.1172125242174915,1.1172125242174915,1.1172125242174915,1.1172125242174915,1.0,,1.1172125242174915,1.1172125242174915,1.1172125242174915,1.1172125242174915,1.1172125242174915,1.0,,exact 2^1,0.5,False,,
P1B_secondary_totalH_P_self_A-,"early(s=1) - late(s=2), w=1",A-,severe_ref2,,1,1,2,0,0,0,0.0,0.0,0.0,0.0,0.0,1.0,,0.0,0.0,0.0,0.0,0.0,1.0,,0.0,0.0,0.0,0.0,0.0,1.0,,exact 2^1,0.1,True,,
P1B_secondary_totalH_P_self_A-,"early(s=1) - late(s=2), w=1",A-,severe_ref3,,1,1,2,0,0,0,0.0,0.0,0.0,0.0,0.0,1.0,,0.0,0.0,0.0,0.0,0.0,1.0,,0.0,0.0,0.0,0.0,0.0,1.0,,exact 2^1,0.1,True,,
P1B_secondary_totalH_P_self_A-,"early(s=1) - late(s=2), w=1",A-,severe_ref4,,1,1,2,0,0,0,0.0,0.0,0.0,0.0,0.0,1.0,,0.0,0.0,0.0,0.0,0.0,1.0,,0.0,0.0,0.0,0.0,0.0,1.0,,exact 2^1,0.1,True,,
P1B_secondary_totalH_P_self_A-,"early(s=1) - late(s=2), w=1",A-,amplification,,1,1,2,1,0,0,0.5,0.5,0.5,0.5,0.5,1.0,,0.5,0.5,0.5,0.5,0.5,1.0,,0.5,0.5,0.5,0.5,0.5,1.0,,exact 2^1,0.1,False,,
P1B_secondary_totalH_P_self_A-,"early(s=1) - late(s=3), w=1",A-,dev9_ref,,1,1,2,1,0,0,1.2312458953952559,1.2312458953952559,1.2312458953952559,1.2312458953952559,1.2312458953952559,1.0,,1.2312458953952559,1.2312458953952559,1.2312458953952559,1.2312458953952559,1.2312458953952559,1.0,,1.2312458953952559,1.2312458953952559,1.2312458953952559,1.2312458953952559,1.2312458953952559,1.0,,exact 2^1,0.5,False,,
P1B_secondary_totalH_P_self_A-,"early(s=1) - late(s=3), w=1",A-,severe_ref2,,1,1,2,1,0,0,-0.5,-0.5,-0.5,-0.5,-0.5,1.0,,-0.5,-0.5,-0.5,-0.5,-0.5,1.0,,-0.5,-0.5,-0.5,-0.5,-0.5,1.0,,exact 2^1,0.1,False,,
P1B_secondary_totalH_P_self_A-,"early(s=1) - late(s=3), w=1",A-,severe_ref3,,1,1,2,1,0,0,0.5,0.5,0.5,0.5,0.5,1.0,,0.5,0.5,0.5,0.5,0.5,1.0,,0.5,0.5,0.5,0.5,0.5,1.0,,exact 2^1,0.1,False,,
P1B_secondary_totalH_P_self_A-,"early(s=1) - late(s=3), w=1",A-,severe_ref4,,1,1,2,1,0,0,0.5,0.5,0.5,0.5,0.5,1.0,,0.5,0.5,0.5,0.5,0.5,1.0,,0.5,0.5,0.5,0.5,0.5,1.0,,exact 2^1,0.1,False,,
P1B_secondary_totalH_P_self_A-,"early(s=1) - late(s=3), w=1",A-,amplification,,1,1,2,1,0,0,0.5,0.5,0.5,0.5,0.5,1.0,,0.5,0.5,0.5,0.5,0.5,1.0,,0.5,0.5,0.5,0.5,0.5,1.0,,exact 2^1,0.1,False,,
P1B_secondary_totalH_P_self_A-,"early(s=1) - late(s=4), w=1",A-,dev9_ref,,1,1,2,1,0,0,1.5410968293653506,1.5410968293653506,1.5410968293653506,1.5410968293653506,1.5410968293653506,1.0,,1.5410968293653506,1.5410968293653506,1.5410968293653506,1.5410968293653506,1.5410968293653506,1.0,,1.5410968293653506,1.5410968293653506,1.5410968293653506,1.5410968293653506,1.5410968293653506,1.0,,exact 2^1,0.5,False,,
P1B_secondary_totalH_P_self_A-,"early(s=1) - late(s=4), w=1",A-,severe_ref2,,1,1,2,0,0,0,0.0,0.0,0.0,0.0,0.0,1.0,,0.0,0.0,0.0,0.0,0.0,1.0,,0.0,0.0,0.0,0.0,0.0,1.0,,exact 2^1,0.1,True,,
P1B_secondary_totalH_P_self_A-,"early(s=1) - late(s=4), w=1",A-,severe_ref3,,1,1,2,1,0,0,0.5,0.5,0.5,0.5,0.5,1.0,,0.5,0.5,0.5,0.5,0.5,1.0,,0.5,0.5,0.5,0.5,0.5,1.0,,exact 2^1,0.1,False,,
P1B_secondary_totalH_P_self_A-,"early(s=1) - late(s=4), w=1",A-,severe_ref4,,1,1,2,1,0,0,0.5,0.5,0.5,0.5,0.5,1.0,,0.5,0.5,0.5,0.5,0.5,1.0,,0.5,0.5,0.5,0.5,0.5,1.0,,exact 2^1,0.1,False,,
P1B_secondary_totalH_P_self_A-,"early(s=1) - late(s=4), w=1",A-,amplification,,1,1,2,1,0,0,0.5,0.5,0.5,0.5,0.5,1.0,,0.5,0.5,0.5,0.5,0.5,1.0,,0.5,0.5,0.5,0.5,0.5,1.0,,exact 2^1,0.1,False,,
P1B_secondary_totalH_P_self_A-,"early(s=1) - late(s=2), w=2",A-,dev9_ref,,1,1,2,1,0,0,-0.004733410423395146,-0.004733410423395146,-0.004733410423395146,-0.004733410423395146,-0.004733410423395146,1.0,,-0.004733410423395146,-0.004733410423395146,-0.004733410423395146,-0.004733410423395146,-0.004733410423395146,1.0,,-0.004733410423395146,-0.004733410423395146,-0.004733410423395146,-0.004733410423395146,-0.004733410423395146,1.0,,exact 2^1,0.5,True,,
P1B_secondary_totalH_P_self_A-,"early(s=1) - late(s=2), w=2",A-,severe_ref2,,1,1,2,0,0,0,0.0,0.0,0.0,0.0,0.0,1.0,,0.0,0.0,0.0,0.0,0.0,1.0,,0.0,0.0,0.0,0.0,0.0,1.0,,exact 2^1,0.1,True,,
P1B_secondary_totalH_P_self_A-,"early(s=1) - late(s=2), w=2",A-,severe_ref3,,1,1,2,0,0,0,0.0,0.0,0.0,0.0,0.0,1.0,,0.0,0.0,0.0,0.0,0.0,1.0,,0.0,0.0,0.0,0.0,0.0,1.0,,exact 2^1,0.1,True,,
P1B_secondary_totalH_P_self_A-,"early(s=1) - late(s=2), w=2",A-,severe_ref4,,1,1,2,0,0,0,0.0,0.0,0.0,0.0,0.0,1.0,,0.0,0.0,0.0,0.0,0.0,1.0,,0.0,0.0,0.0,0.0,0.0,1.0,,exact 2^1,0.1,True,,
P1B_secondary_totalH_P_self_A-,"early(s=1) - late(s=2), w=2",A-,amplification,,1,1,2,0,0,0,0.0,0.0,0.0,0.0,0.0,1.0,,0.0,0.0,0.0,0.0,0.0,1.0,,0.0,0.0,0.0,0.0,0.0,1.0,,exact 2^1,0.1,True,,
P1B_secondary_totalH_P_self_A-,"early(s=1) - late(s=3), w=2",A-,dev9_ref,,1,1,2,1,0,0,-1.1274236551345587,-1.1274236551345587,-1.1274236551345587,-1.1274236551345587,-1.1274236551345587,1.0,,-1.1274236551345587,-1.1274236551345587,-1.1274236551345587,-1.1274236551345587,-1.1274236551345587,1.0,,-1.1274236551345587,-1.1274236551345587,-1.1274236551345587,-1.1274236551345587,-1.1274236551345587,1.0,,exact 2^1,0.5,False,,
P1B_secondary_totalH_P_self_A-,"early(s=1) - late(s=3), w=2",A-,severe_ref2,,1,1,2,1,0,0,-0.5,-0.5,-0.5,-0.5,-0.5,1.0,,-0.5,-0.5,-0.5,-0.5,-0.5,1.0,,-0.5,-0.5,-0.5,-0.5,-0.5,1.0,,exact 2^1,0.1,False,,
P1B_secondary_totalH_P_self_A-,"early(s=1) - late(s=3), w=2",A-,severe_ref3,,1,1,2,0,0,0,0.0,0.0,0.0,0.0,0.0,1.0,,0.0,0.0,0.0,0.0,0.0,1.0,,0.0,0.0,0.0,0.0,0.0,1.0,,exact 2^1,0.1,True,,
P1B_secondary_totalH_P_self_A-,"early(s=1) - late(s=3), w=2",A-,severe_ref4,,1,1,2,0,0,0,0.0,0.0,0.0,0.0,0.0,1.0,,0.0,0.0,0.0,0.0,0.0,1.0,,0.0,0.0,0.0,0.0,0.0,1.0,,exact 2^1,0.1,True,,
P1B_secondary_totalH_P_self_A-,"early(s=1) - late(s=3), w=2",A-,amplification,,1,1,2,0,0,0,0.0,0.0,0.0,0.0,0.0,1.0,,0.0,0.0,0.0,0.0,0.0,1.0,,0.0,0.0,0.0,0.0,0.0,1.0,,exact 2^1,0.1,True,,
P1B_secondary_totalH_P_self_A-,"early(s=1) - late(s=4), w=2",A-,dev9_ref,,1,1,2,1,0,0,-0.6943316645074299,-0.6943316645074299,-0.6943316645074299,-0.6943316645074299,-0.6943316645074299,1.0,,-0.6943316645074299,-0.6943316645074299,-0.6943316645074299,-0.6943316645074299,-0.6943316645074299,1.0,,-0.6943316645074299,-0.6943316645074299,-0.6943316645074299,-0.6943316645074299,-0.6943316645074299,1.0,,exact 2^1,0.5,False,,
P1B_secondary_totalH_P_self_A-,"early(s=1) - late(s=4), w=2",A-,severe_ref2,,1,1,2,0,0,0,0.0,0.0,0.0,0.0,0.0,1.0,,0.0,0.0,0.0,0.0,0.0,1.0,,0.0,0.0,0.0,0.0,0.0,1.0,,exact 2^1,0.1,True,,
P1B_secondary_totalH_P_self_A-,"early(s=1) - late(s=4), w=2",A-,severe_ref3,,1,1,2,0,0,0,0.0,0.0,0.0,0.0,0.0,1.0,,0.0,0.0,0.0,0.0,0.0,1.0,,0.0,0.0,0.0,0.0,0.0,1.0,,exact 2^1,0.1,True,,
P1B_secondary_totalH_P_self_A-,"early(s=1) - late(s=4), w=2",A-,severe_ref4,,1,1,2,0,0,0,0.0,0.0,0.0,0.0,0.0,1.0,,0.0,0.0,0.0,0.0,0.0,1.0,,0.0,0.0,0.0,0.0,0.0,1.0,,exact 2^1,0.1,True,,
P1B_secondary_totalH_P_self_A-,"early(s=1) - late(s=4), w=2",A-,amplification,,1,1,2,0,0,0,0.0,0.0,0.0,0.0,0.0,1.0,,0.0,0.0,0.0,0.0,0.0,1.0,,0.0,0.0,0.0,0.0,0.0,1.0,,exact 2^1,0.1,True,,
P1B_secondary_totalH_P_self_A-,"early(s=1) - late(s=2), w=3",A-,dev9_ref,,1,1,2,1,0,0,0.03922860592329436,0.03922860592329436,0.03922860592329436,0.03922860592329436,0.03922860592329436,1.0,,0.03922860592329436,0.03922860592329436,0.03922860592329436,0.03922860592329436,0.03922860592329436,1.0,,0.03922860592329436,0.03922860592329436,0.03922860592329436,0.03922860592329436,0.03922860592329436,1.0,,exact 2^1,0.5,True,,
P1B_secondary_totalH_P_self_A-,"early(s=1) - late(s=2), w=3",A-,severe_ref2,,1,1,2,0,0,0,0.0,0.0,0.0,0.0,0.0,1.0,,0.0,0.0,0.0,0.0,0.0,1.0,,0.0,0.0,0.0,0.0,0.0,1.0,,exact 2^1,0.1,True,,
P1B_secondary_totalH_P_self_A-,"early(s=1) - late(s=2), w=3",A-,severe_ref3,,1,1,2,0,0,0,0.0,0.0,0.0,0.0,0.0,1.0,,0.0,0.0,0.0,0.0,0.0,1.0,,0.0,0.0,0.0,0.0,0.0,1.0,,exact 2^1,0.1,True,,
P1B_secondary_totalH_P_self_A-,"early(s=1) - late(s=2), w=3",A-,severe_ref4,,1,1,2,0,0,0,0.0,0.0,0.0,0.0,0.0,1.0,,0.0,0.0,0.0,0.0,0.0,1.0,,0.0,0.0,0.0,0.0,0.0,1.0,,exact 2^1,0.1,True,,
P1B_secondary_totalH_P_self_A-,"early(s=1) - late(s=2), w=3",A-,amplification,,1,1,2,0,0,0,0.0,0.0,0.0,0.0,0.0,1.0,,0.0,0.0,0.0,0.0,0.0,1.0,,0.0,0.0,0.0,0.0,0.0,1.0,,exact 2^1,0.1,True,,
P1B_secondary_totalH_P_self_A-,"early(s=1) - late(s=3), w=3",A-,dev9_ref,,1,1,2,1,0,0,-0.3659707645706919,-0.3659707645706919,-0.3659707645706919,-0.3659707645706919,-0.3659707645706919,1.0,,-0.3659707645706919,-0.3659707645706919,-0.3659707645706919,-0.3659707645706919,-0.3659707645706919,1.0,,-0.3659707645706919,-0.3659707645706919,-0.3659707645706919,-0.3659707645706919,-0.3659707645706919,1.0,,exact 2^1,0.5,True,,
P1B_secondary_totalH_P_self_A-,"early(s=1) - late(s=3), w=3",A-,severe_ref2,,1,1,2,0,0,0,0.0,0.0,0.0,0.0,0.0,1.0,,0.0,0.0,0.0,0.0,0.0,1.0,,0.0,0.0,0.0,0.0,0.0,1.0,,exact 2^1,0.1,True,,
P1B_secondary_totalH_P_self_A-,"early(s=1) - late(s=3), w=3",A-,severe_ref3,,1,1,2,0,0,0,0.0,0.0,0.0,0.0,0.0,1.0,,0.0,0.0,0.0,0.0,0.0,1.0,,0.0,0.0,0.0,0.0,0.0,1.0,,exact 2^1,0.1,True,,
P1B_secondary_totalH_P_self_A-,"early(s=1) - late(s=3), w=3",A-,severe_ref4,,1,1,2,0,0,0,0.0,0.0,0.0,0.0,0.0,1.0,,0.0,0.0,0.0,0.0,0.0,1.0,,0.0,0.0,0.0,0.0,0.0,1.0,,exact 2^1,0.1,True,,
P1B_secondary_totalH_P_self_A-,"early(s=1) - late(s=3), w=3",A-,amplification,,1,1,2,0,0,0,0.0,0.0,0.0,0.0,0.0,1.0,,0.0,0.0,0.0,0.0,0.0,1.0,,0.0,0.0,0.0,0.0,0.0,1.0,,exact 2^1,0.1,True,,
P1B_secondary_totalH_P_self_A-,"early(s=1) - late(s=4), w=3",A-,dev9_ref,,1,1,2,1,0,0,-0.6256906312938783,-0.6256906312938783,-0.6256906312938783,-0.6256906312938783,-0.6256906312938783,1.0,,-0.6256906312938783,-0.6256906312938783,-0.6256906312938783,-0.6256906312938783,-0.6256906312938783,1.0,,-0.6256906312938783,-0.6256906312938783,-0.6256906312938783,-0.6256906312938783,-0.6256906312938783,1.0,,exact 2^1,0.5,False,,
P1B_secondary_totalH_P_self_A-,"early(s=1) - late(s=4), w=3",A-,severe_ref2,,1,1,2,0,0,0,0.0,0.0,0.0,0.0,0.0,1.0,,0.0,0.0,0.0,0.0,0.0,1.0,,0.0,0.0,0.0,0.0,0.0,1.0,,exact 2^1,0.1,True,,
P1B_secondary_totalH_P_self_A-,"early(s=1) - late(s=4), w=3",A-,severe_ref3,,1,1,2,0,0,0,0.0,0.0,0.0,0.0,0.0,1.0,,0.0,0.0,0.0,0.0,0.0,1.0,,0.0,0.0,0.0,0.0,0.0,1.0,,exact 2^1,0.1,True,,
P1B_secondary_totalH_P_self_A-,"early(s=1) - late(s=4), w=3",A-,severe_ref4,,1,1,2,0,0,0,0.0,0.0,0.0,0.0,0.0,1.0,,0.0,0.0,0.0,0.0,0.0,1.0,,0.0,0.0,0.0,0.0,0.0,1.0,,exact 2^1,0.1,True,,
P1B_secondary_totalH_P_self_A-,"early(s=1) - late(s=4), w=3",A-,amplification,,1,1,2,0,0,0,0.0,0.0,0.0,0.0,0.0,1.0,,0.0,0.0,0.0,0.0,0.0,1.0,,0.0,0.0,0.0,0.0,0.0,1.0,,exact 2^1,0.1,True,,
P1B_map_P_self_A-,"window(s=1,w=1) - normal",A-,dev9_ref,,1,1,2,1,0,0,1.129827663250636,1.129827663250636,1.129827663250636,1.129827663250636,1.129827663250636,1.0,,1.129827663250636,1.129827663250636,1.129827663250636,1.129827663250636,1.129827663250636,1.0,,1.129827663250636,1.129827663250636,1.129827663250636,1.129827663250636,1.129827663250636,1.0,,exact 2^1,,,,
P1B_map_P_self_A-,"window(s=1,w=2) - normal",A-,dev9_ref,,1,1,2,1,0,0,-1.353914575643206,-1.353914575643206,-1.353914575643206,-1.353914575643206,-1.353914575643206,1.0,,-1.353914575643206,-1.353914575643206,-1.353914575643206,-1.353914575643206,-1.353914575643206,1.0,,-1.353914575643206,-1.353914575643206,-1.353914575643206,-1.353914575643206,-1.353914575643206,1.0,,exact 2^1,,,,
P1B_map_P_self_A-,"window(s=1,w=3) - normal",A-,dev9_ref,,1,1,2,1,0,0,-1.353914575643206,-1.353914575643206,-1.353914575643206,-1.353914575643206,-1.353914575643206,1.0,,-1.353914575643206,-1.353914575643206,-1.353914575643206,-1.353914575643206,-1.353914575643206,1.0,,-1.353914575643206,-1.353914575643206,-1.353914575643206,-1.353914575643206,-1.353914575643206,1.0,,exact 2^1,,,,
P1B_map_P_self_A-,"window(s=2,w=1) - normal",A-,dev9_ref,,1,1,2,1,0,0,0.012615139033144707,0.012615139033144707,0.012615139033144707,0.012615139033144707,0.012615139033144707,1.0,,0.012615139033144707,0.012615139033144707,0.012615139033144707,0.012615139033144707,0.012615139033144707,1.0,,0.012615139033144707,0.012615139033144707,0.012615139033144707,0.012615139033144707,0.012615139033144707,1.0,,exact 2^1,,,,
P1B_map_P_self_A-,"window(s=2,w=2) - normal",A-,dev9_ref,,1,1,2,1,0,0,-1.349181165219811,-1.349181165219811,-1.349181165219811,-1.349181165219811,-1.349181165219811,1.0,,-1.349181165219811,-1.349181165219811,-1.349181165219811,-1.349181165219811,-1.349181165219811,1.0,,-1.349181165219811,-1.349181165219811,-1.349181165219811,-1.349181165219811,-1.349181165219811,1.0,,exact 2^1,,,,
P1B_map_P_self_A-,"window(s=2,w=3) - normal",A-,dev9_ref,,1,1,2,1,0,0,-1.3931431815665005,-1.3931431815665005,-1.3931431815665005,-1.3931431815665005,-1.3931431815665005,1.0,,-1.3931431815665005,-1.3931431815665005,-1.3931431815665005,-1.3931431815665005,-1.3931431815665005,1.0,,-1.3931431815665005,-1.3931431815665005,-1.3931431815665005,-1.3931431815665005,-1.3931431815665005,1.0,,exact 2^1,,,,
P1B_map_P_self_A-,"window(s=3,w=1) - normal",A-,dev9_ref,,1,1,2,1,0,0,-0.10141823214461976,-0.10141823214461976,-0.10141823214461976,-0.10141823214461976,-0.10141823214461976,1.0,,-0.10141823214461976,-0.10141823214461976,-0.10141823214461976,-0.10141823214461976,-0.10141823214461976,1.0,,-0.10141823214461976,-0.10141823214461976,-0.10141823214461976,-0.10141823214461976,-0.10141823214461976,1.0,,exact 2^1,,,,
P1B_map_P_self_A-,"window(s=3,w=2) - normal",A-,dev9_ref,,1,1,2,1,0,0,-0.2264909205086476,-0.2264909205086476,-0.2264909205086476,-0.2264909205086476,-0.2264909205086476,1.0,,-0.2264909205086476,-0.2264909205086476,-0.2264909205086476,-0.2264909205086476,-0.2264909205086476,1.0,,-0.2264909205086476,-0.2264909205086476,-0.2264909205086476,-0.2264909205086476,-0.2264909205086476,1.0,,exact 2^1,,,,
P1B_map_P_self_A-,"window(s=3,w=3) - normal",A-,dev9_ref,,1,1,2,1,0,0,-0.9879438110725143,-0.9879438110725143,-0.9879438110725143,-0.9879438110725143,-0.9879438110725143,1.0,,-0.9879438110725143,-0.9879438110725143,-0.9879438110725143,-0.9879438110725143,-0.9879438110725143,1.0,,-0.9879438110725143,-0.9879438110725143,-0.9879438110725143,-0.9879438110725143,-0.9879438110725143,1.0,,exact 2^1,,,,
P1B_map_P_self_A-,"window(s=4,w=1) - normal",A-,dev9_ref,,1,1,2,1,0,0,-0.41126916611471453,-0.41126916611471453,-0.41126916611471453,-0.41126916611471453,-0.41126916611471453,1.0,,-0.41126916611471453,-0.41126916611471453,-0.41126916611471453,-0.41126916611471453,-0.41126916611471453,1.0,,-0.41126916611471453,-0.41126916611471453,-0.41126916611471453,-0.41126916611471453,-0.41126916611471453,1.0,,exact 2^1,,,,
P1B_map_P_self_A-,"window(s=4,w=2) - normal",A-,dev9_ref,,1,1,2,1,0,0,-0.6595829111357763,-0.6595829111357763,-0.6595829111357763,-0.6595829111357763,-0.6595829111357763,1.0,,-0.6595829111357763,-0.6595829111357763,-0.6595829111357763,-0.6595829111357763,-0.6595829111357763,1.0,,-0.6595829111357763,-0.6595829111357763,-0.6595829111357763,-0.6595829111357763,-0.6595829111357763,1.0,,exact 2^1,,,,
P1B_map_P_self_A-,"window(s=4,w=3) - normal",A-,dev9_ref,,1,1,2,1,0,0,-0.7282239443493279,-0.7282239443493279,-0.7282239443493279,-0.7282239443493279,-0.7282239443493279,1.0,,-0.7282239443493279,-0.7282239443493279,-0.7282239443493279,-0.7282239443493279,-0.7282239443493279,1.0,,-0.7282239443493279,-0.7282239443493279,-0.7282239443493279,-0.7282239443493279,-0.7282239443493279,1.0,,exact 2^1,,,,
P1B_secondary_totalH_T_gt_A-,"early(s=1) - late(s=2), w=1",A-,amplification,,1,1,2,1,0,0,0.5,0.5,0.5,0.5,0.5,1.0,,0.5,0.5,0.5,0.5,0.5,1.0,,0.5,0.5,0.5,0.5,0.5,1.0,,exact 2^1,0.1,False,,
P1B_secondary_totalH_T_gt_A-,"early(s=1) - late(s=2), w=1",A-,amp2,,1,1,2,1,0,0,0.5,0.5,0.5,0.5,0.5,1.0,,0.5,0.5,0.5,0.5,0.5,1.0,,0.5,0.5,0.5,0.5,0.5,1.0,,exact 2^1,0.1,False,,
P1B_secondary_totalH_T_gt_A-,"early(s=1) - late(s=2), w=1",A-,amp4,,1,1,2,0,0,0,0.0,0.0,0.0,0.0,0.0,1.0,,0.0,0.0,0.0,0.0,0.0,1.0,,0.0,0.0,0.0,0.0,0.0,1.0,,exact 2^1,0.1,True,,
P1B_secondary_totalH_T_gt_A-,"early(s=1) - late(s=2), w=1",A-,fde5,,1,1,2,1,0,0,1.1064300907468947,1.1064300907468947,1.1064300907468947,1.1064300907468947,1.1064300907468947,1.0,,1.1064300907468947,1.1064300907468947,1.1064300907468947,1.1064300907468947,1.1064300907468947,1.0,,1.1064300907468947,1.1064300907468947,1.1064300907468947,1.1064300907468947,1.1064300907468947,1.0,,exact 2^1,0.5,False,,
P1B_secondary_totalH_T_gt_A-,"early(s=1) - late(s=3), w=1",A-,amplification,,1,1,2,1,0,0,0.5,0.5,0.5,0.5,0.5,1.0,,0.5,0.5,0.5,0.5,0.5,1.0,,0.5,0.5,0.5,0.5,0.5,1.0,,exact 2^1,0.1,False,,
P1B_secondary_totalH_T_gt_A-,"early(s=1) - late(s=3), w=1",A-,amp2,,1,1,2,1,0,0,1.0,1.0,1.0,1.0,1.0,1.0,,1.0,1.0,1.0,1.0,1.0,1.0,,1.0,1.0,1.0,1.0,1.0,1.0,,exact 2^1,0.1,False,,
P1B_secondary_totalH_T_gt_A-,"early(s=1) - late(s=3), w=1",A-,amp4,,1,1,2,0,0,0,0.0,0.0,0.0,0.0,0.0,1.0,,0.0,0.0,0.0,0.0,0.0,1.0,,0.0,0.0,0.0,0.0,0.0,1.0,,exact 2^1,0.1,True,,
P1B_secondary_totalH_T_gt_A-,"early(s=1) - late(s=3), w=1",A-,fde5,,1,1,2,1,0,0,1.9440471913330042,1.9440471913330042,1.9440471913330042,1.9440471913330042,1.9440471913330042,1.0,,1.9440471913330042,1.9440471913330042,1.9440471913330042,1.9440471913330042,1.9440471913330042,1.0,,1.9440471913330042,1.9440471913330042,1.9440471913330042,1.9440471913330042,1.9440471913330042,1.0,,exact 2^1,0.5,False,,
P1B_secondary_totalH_T_gt_A-,"early(s=1) - late(s=4), w=1",A-,amplification,,1,1,2,1,0,0,0.5,0.5,0.5,0.5,0.5,1.0,,0.5,0.5,0.5,0.5,0.5,1.0,,0.5,0.5,0.5,0.5,0.5,1.0,,exact 2^1,0.1,False,,
P1B_secondary_totalH_T_gt_A-,"early(s=1) - late(s=4), w=1",A-,amp2,,1,1,2,1,0,0,1.0,1.0,1.0,1.0,1.0,1.0,,1.0,1.0,1.0,1.0,1.0,1.0,,1.0,1.0,1.0,1.0,1.0,1.0,,exact 2^1,0.1,False,,
P1B_secondary_totalH_T_gt_A-,"early(s=1) - late(s=4), w=1",A-,amp4,,1,1,2,0,0,0,0.0,0.0,0.0,0.0,0.0,1.0,,0.0,0.0,0.0,0.0,0.0,1.0,,0.0,0.0,0.0,0.0,0.0,1.0,,exact 2^1,0.1,True,,
P1B_secondary_totalH_T_gt_A-,"early(s=1) - late(s=4), w=1",A-,fde5,,1,1,2,1,0,0,1.7637900396747015,1.7637900396747015,1.7637900396747015,1.7637900396747015,1.7637900396747015,1.0,,1.7637900396747015,1.7637900396747015,1.7637900396747015,1.7637900396747015,1.7637900396747015,1.0,,1.7637900396747015,1.7637900396747015,1.7637900396747015,1.7637900396747015,1.7637900396747015,1.0,,exact 2^1,0.5,False,,
P1B_secondary_totalH_T_gt_A-,"early(s=1) - late(s=2), w=2",A-,amplification,,1,1,2,0,0,0,0.0,0.0,0.0,0.0,0.0,1.0,,0.0,0.0,0.0,0.0,0.0,1.0,,0.0,0.0,0.0,0.0,0.0,1.0,,exact 2^1,0.1,True,,
P1B_secondary_totalH_T_gt_A-,"early(s=1) - late(s=2), w=2",A-,amp2,,1,1,2,1,0,0,0.5,0.5,0.5,0.5,0.5,1.0,,0.5,0.5,0.5,0.5,0.5,1.0,,0.5,0.5,0.5,0.5,0.5,1.0,,exact 2^1,0.1,False,,
P1B_secondary_totalH_T_gt_A-,"early(s=1) - late(s=2), w=2",A-,amp4,,1,1,2,0,0,0,0.0,0.0,0.0,0.0,0.0,1.0,,0.0,0.0,0.0,0.0,0.0,1.0,,0.0,0.0,0.0,0.0,0.0,1.0,,exact 2^1,0.1,True,,
P1B_secondary_totalH_T_gt_A-,"early(s=1) - late(s=2), w=2",A-,fde5,,1,1,2,1,0,0,1.8295469659855408,1.8295469659855408,1.8295469659855408,1.8295469659855408,1.8295469659855408,1.0,,1.8295469659855408,1.8295469659855408,1.8295469659855408,1.8295469659855408,1.8295469659855408,1.0,,1.8295469659855408,1.8295469659855408,1.8295469659855408,1.8295469659855408,1.8295469659855408,1.0,,exact 2^1,0.5,False,,
P1B_secondary_totalH_T_gt_A-,"early(s=1) - late(s=3), w=2",A-,amplification,,1,1,2,0,0,0,0.0,0.0,0.0,0.0,0.0,1.0,,0.0,0.0,0.0,0.0,0.0,1.0,,0.0,0.0,0.0,0.0,0.0,1.0,,exact 2^1,0.1,True,,
P1B_secondary_totalH_T_gt_A-,"early(s=1) - late(s=3), w=2",A-,amp2,,1,1,2,1,0,0,0.5,0.5,0.5,0.5,0.5,1.0,,0.5,0.5,0.5,0.5,0.5,1.0,,0.5,0.5,0.5,0.5,0.5,1.0,,exact 2^1,0.1,False,,
P1B_secondary_totalH_T_gt_A-,"early(s=1) - late(s=3), w=2",A-,amp4,,1,1,2,0,0,0,0.0,0.0,0.0,0.0,0.0,1.0,,0.0,0.0,0.0,0.0,0.0,1.0,,0.0,0.0,0.0,0.0,0.0,1.0,,exact 2^1,0.1,True,,
P1B_secondary_totalH_T_gt_A-,"early(s=1) - late(s=3), w=2",A-,fde5,,1,1,2,1,0,0,1.5243079268546713,1.5243079268546713,1.5243079268546713,1.5243079268546713,1.5243079268546713,1.0,,1.5243079268546713,1.5243079268546713,1.5243079268546713,1.5243079268546713,1.5243079268546713,1.0,,1.5243079268546713,1.5243079268546713,1.5243079268546713,1.5243079268546713,1.5243079268546713,1.0,,exact 2^1,0.5,False,,
P1B_secondary_totalH_T_gt_A-,"early(s=1) - late(s=4), w=2",A-,amplification,,1,1,2,0,0,0,0.0,0.0,0.0,0.0,0.0,1.0,,0.0,0.0,0.0,0.0,0.0,1.0,,0.0,0.0,0.0,0.0,0.0,1.0,,exact 2^1,0.1,True,,
P1B_secondary_totalH_T_gt_A-,"early(s=1) - late(s=4), w=2",A-,amp2,,1,1,2,1,0,0,0.5,0.5,0.5,0.5,0.5,1.0,,0.5,0.5,0.5,0.5,0.5,1.0,,0.5,0.5,0.5,0.5,0.5,1.0,,exact 2^1,0.1,False,,
P1B_secondary_totalH_T_gt_A-,"early(s=1) - late(s=4), w=2",A-,amp4,,1,1,2,0,0,0,0.0,0.0,0.0,0.0,0.0,1.0,,0.0,0.0,0.0,0.0,0.0,1.0,,0.0,0.0,0.0,0.0,0.0,1.0,,exact 2^1,0.1,True,,
P1B_secondary_totalH_T_gt_A-,"early(s=1) - late(s=4), w=2",A-,fde5,,1,1,2,1,0,0,1.5139861559306103,1.5139861559306103,1.5139861559306103,1.5139861559306103,1.5139861559306103,1.0,,1.5139861559306103,1.5139861559306103,1.5139861559306103,1.5139861559306103,1.5139861559306103,1.0,,1.5139861559306103,1.5139861559306103,1.5139861559306103,1.5139861559306103,1.5139861559306103,1.0,,exact 2^1,0.5,False,,
P1B_secondary_totalH_T_gt_A-,"early(s=1) - late(s=2), w=3",A-,amplification,,1,1,2,0,0,0,0.0,0.0,0.0,0.0,0.0,1.0,,0.0,0.0,0.0,0.0,0.0,1.0,,0.0,0.0,0.0,0.0,0.0,1.0,,exact 2^1,0.1,True,,
P1B_secondary_totalH_T_gt_A-,"early(s=1) - late(s=2), w=3",A-,amp2,,1,1,2,0,0,0,0.0,0.0,0.0,0.0,0.0,1.0,,0.0,0.0,0.0,0.0,0.0,1.0,,0.0,0.0,0.0,0.0,0.0,1.0,,exact 2^1,0.1,True,,
P1B_secondary_totalH_T_gt_A-,"early(s=1) - late(s=2), w=3",A-,amp4,,1,1,2,0,0,0,0.0,0.0,0.0,0.0,0.0,1.0,,0.0,0.0,0.0,0.0,0.0,1.0,,0.0,0.0,0.0,0.0,0.0,1.0,,exact 2^1,0.1,True,,
P1B_secondary_totalH_T_gt_A-,"early(s=1) - late(s=2), w=3",A-,fde5,,1,1,2,1,0,0,1.4351993759454,1.4351993759454,1.4351993759454,1.4351993759454,1.4351993759454,1.0,,1.4351993759454,1.4351993759454,1.4351993759454,1.4351993759454,1.4351993759454,1.0,,1.4351993759454,1.4351993759454,1.4351993759454,1.4351993759454,1.4351993759454,1.0,,exact 2^1,0.5,False,,
P1B_secondary_totalH_T_gt_A-,"early(s=1) - late(s=3), w=3",A-,amplification,,1,1,2,0,0,0,0.0,0.0,0.0,0.0,0.0,1.0,,0.0,0.0,0.0,0.0,0.0,1.0,,0.0,0.0,0.0,0.0,0.0,1.0,,exact 2^1,0.1,True,,
P1B_secondary_totalH_T_gt_A-,"early(s=1) - late(s=3), w=3",A-,amp2,,1,1,2,0,0,0,0.0,0.0,0.0,0.0,0.0,1.0,,0.0,0.0,0.0,0.0,0.0,1.0,,0.0,0.0,0.0,0.0,0.0,1.0,,exact 2^1,0.1,True,,
P1B_secondary_totalH_T_gt_A-,"early(s=1) - late(s=3), w=3",A-,amp4,,1,1,2,0,0,0,0.0,0.0,0.0,0.0,0.0,1.0,,0.0,0.0,0.0,0.0,0.0,1.0,,0.0,0.0,0.0,0.0,0.0,1.0,,exact 2^1,0.1,True,,
P1B_secondary_totalH_T_gt_A-,"early(s=1) - late(s=3), w=3",A-,fde5,,1,1,2,1,0,0,1.0034809563042209,1.0034809563042209,1.0034809563042209,1.0034809563042209,1.0034809563042209,1.0,,1.0034809563042209,1.0034809563042209,1.0034809563042209,1.0034809563042209,1.0034809563042209,1.0,,1.0034809563042209,1.0034809563042209,1.0034809563042209,1.0034809563042209,1.0034809563042209,1.0,,exact 2^1,0.5,False,,
P1B_secondary_totalH_T_gt_A-,"early(s=1) - late(s=4), w=3",A-,amplification,,1,1,2,0,0,0,0.0,0.0,0.0,0.0,0.0,1.0,,0.0,0.0,0.0,0.0,0.0,1.0,,0.0,0.0,0.0,0.0,0.0,1.0,,exact 2^1,0.1,True,,
P1B_secondary_totalH_T_gt_A-,"early(s=1) - late(s=4), w=3",A-,amp2,,1,1,2,0,0,0,0.0,0.0,0.0,0.0,0.0,1.0,,0.0,0.0,0.0,0.0,0.0,1.0,,0.0,0.0,0.0,0.0,0.0,1.0,,exact 2^1,0.1,True,,
P1B_secondary_totalH_T_gt_A-,"early(s=1) - late(s=4), w=3",A-,amp4,,1,1,2,0,0,0,0.0,0.0,0.0,0.0,0.0,1.0,,0.0,0.0,0.0,0.0,0.0,1.0,,0.0,0.0,0.0,0.0,0.0,1.0,,exact 2^1,0.1,True,,
P1B_secondary_totalH_T_gt_A-,"early(s=1) - late(s=4), w=3",A-,fde5,,1,1,2,1,0,0,0.9329598831589392,0.9329598831589392,0.9329598831589392,0.9329598831589392,0.9329598831589392,1.0,,0.9329598831589392,0.9329598831589392,0.9329598831589392,0.9329598831589392,0.9329598831589392,1.0,,0.9329598831589392,0.9329598831589392,0.9329598831589392,0.9329598831589392,0.9329598831589392,1.0,,exact 2^1,0.5,False,,
P1B_map_T_gt_A-,"window(s=1,w=1) - normal",A-,amplification,,1,1,2,1,0,0,0.5,0.5,0.5,0.5,0.5,1.0,,0.5,0.5,0.5,0.5,0.5,1.0,,0.5,0.5,0.5,0.5,0.5,1.0,,exact 2^1,,,,
P1B_map_T_gt_A-,"window(s=1,w=2) - normal",A-,amplification,,1,1,2,0,0,0,0.0,0.0,0.0,0.0,0.0,1.0,,0.0,0.0,0.0,0.0,0.0,1.0,,0.0,0.0,0.0,0.0,0.0,1.0,,exact 2^1,,,,
P1B_map_T_gt_A-,"window(s=1,w=3) - normal",A-,amplification,,1,1,2,0,0,0,0.0,0.0,0.0,0.0,0.0,1.0,,0.0,0.0,0.0,0.0,0.0,1.0,,0.0,0.0,0.0,0.0,0.0,1.0,,exact 2^1,,,,
P1B_map_T_gt_A-,"window(s=2,w=1) - normal",A-,amplification,,1,1,2,0,0,0,0.0,0.0,0.0,0.0,0.0,1.0,,0.0,0.0,0.0,0.0,0.0,1.0,,0.0,0.0,0.0,0.0,0.0,1.0,,exact 2^1,,,,
P1B_map_T_gt_A-,"window(s=2,w=2) - normal",A-,amplification,,1,1,2,0,0,0,0.0,0.0,0.0,0.0,0.0,1.0,,0.0,0.0,0.0,0.0,0.0,1.0,,0.0,0.0,0.0,0.0,0.0,1.0,,exact 2^1,,,,
P1B_map_T_gt_A-,"window(s=2,w=3) - normal",A-,amplification,,1,1,2,0,0,0,0.0,0.0,0.0,0.0,0.0,1.0,,0.0,0.0,0.0,0.0,0.0,1.0,,0.0,0.0,0.0,0.0,0.0,1.0,,exact 2^1,,,,
P1B_map_T_gt_A-,"window(s=3,w=1) - normal",A-,amplification,,1,1,2,0,0,0,0.0,0.0,0.0,0.0,0.0,1.0,,0.0,0.0,0.0,0.0,0.0,1.0,,0.0,0.0,0.0,0.0,0.0,1.0,,exact 2^1,,,,
P1B_map_T_gt_A-,"window(s=3,w=2) - normal",A-,amplification,,1,1,2,0,0,0,0.0,0.0,0.0,0.0,0.0,1.0,,0.0,0.0,0.0,0.0,0.0,1.0,,0.0,0.0,0.0,0.0,0.0,1.0,,exact 2^1,,,,
P1B_map_T_gt_A-,"window(s=3,w=3) - normal",A-,amplification,,1,1,2,0,0,0,0.0,0.0,0.0,0.0,0.0,1.0,,0.0,0.0,0.0,0.0,0.0,1.0,,0.0,0.0,0.0,0.0,0.0,1.0,,exact 2^1,,,,
P1B_map_T_gt_A-,"window(s=4,w=1) - normal",A-,amplification,,1,1,2,0,0,0,0.0,0.0,0.0,0.0,0.0,1.0,,0.0,0.0,0.0,0.0,0.0,1.0,,0.0,0.0,0.0,0.0,0.0,1.0,,exact 2^1,,,,
P1B_map_T_gt_A-,"window(s=4,w=2) - normal",A-,amplification,,1,1,2,0,0,0,0.0,0.0,0.0,0.0,0.0,1.0,,0.0,0.0,0.0,0.0,0.0,1.0,,0.0,0.0,0.0,0.0,0.0,1.0,,exact 2^1,,,,
P1B_map_T_gt_A-,"window(s=4,w=3) - normal",A-,amplification,,1,1,2,0,0,0,0.0,0.0,0.0,0.0,0.0,1.0,,0.0,0.0,0.0,0.0,0.0,1.0,,0.0,0.0,0.0,0.0,0.0,1.0,,exact 2^1,,,,
P1B_secondary_totalH_T_self_A-,"early(s=1) - late(s=2), w=1",A-,dev9_ref,,1,1,2,1,0,0,-0.1660112324609665,-0.1660112324609665,-0.1660112324609665,-0.1660112324609665,-0.1660112324609665,1.0,,-0.1660112324609665,-0.1660112324609665,-0.1660112324609665,-0.1660112324609665,-0.1660112324609665,1.0,,-0.1660112324609665,-0.1660112324609665,-0.1660112324609665,-0.1660112324609665,-0.1660112324609665,1.0,,exact 2^1,0.5,True,,
P1B_secondary_totalH_T_self_A-,"early(s=1) - late(s=2), w=1",A-,severe_ref2,,1,1,2,0,0,0,0.0,0.0,0.0,0.0,0.0,1.0,,0.0,0.0,0.0,0.0,0.0,1.0,,0.0,0.0,0.0,0.0,0.0,1.0,,exact 2^1,0.1,True,,
P1B_secondary_totalH_T_self_A-,"early(s=1) - late(s=2), w=1",A-,severe_ref3,,1,1,2,1,0,0,-0.5,-0.5,-0.5,-0.5,-0.5,1.0,,-0.5,-0.5,-0.5,-0.5,-0.5,1.0,,-0.5,-0.5,-0.5,-0.5,-0.5,1.0,,exact 2^1,0.1,False,,
P1B_secondary_totalH_T_self_A-,"early(s=1) - late(s=2), w=1",A-,severe_ref4,,1,1,2,0,0,0,0.0,0.0,0.0,0.0,0.0,1.0,,0.0,0.0,0.0,0.0,0.0,1.0,,0.0,0.0,0.0,0.0,0.0,1.0,,exact 2^1,0.1,True,,
P1B_secondary_totalH_T_self_A-,"early(s=1) - late(s=2), w=1",A-,amplification,,1,1,2,0,0,0,0.0,0.0,0.0,0.0,0.0,1.0,,0.0,0.0,0.0,0.0,0.0,1.0,,0.0,0.0,0.0,0.0,0.0,1.0,,exact 2^1,0.1,True,,
P1B_secondary_totalH_T_self_A-,"early(s=1) - late(s=3), w=1",A-,dev9_ref,,1,1,2,1,0,0,0.4696146244456112,0.4696146244456112,0.4696146244456112,0.4696146244456112,0.4696146244456112,1.0,,0.4696146244456112,0.4696146244456112,0.4696146244456112,0.4696146244456112,0.4696146244456112,1.0,,0.4696146244456112,0.4696146244456112,0.4696146244456112,0.4696146244456112,0.4696146244456112,1.0,,exact 2^1,0.5,True,,
P1B_secondary_totalH_T_self_A-,"early(s=1) - late(s=3), w=1",A-,severe_ref2,,1,1,2,0,0,0,0.0,0.0,0.0,0.0,0.0,1.0,,0.0,0.0,0.0,0.0,0.0,1.0,,0.0,0.0,0.0,0.0,0.0,1.0,,exact 2^1,0.1,True,,
P1B_secondary_totalH_T_self_A-,"early(s=1) - late(s=3), w=1",A-,severe_ref3,,1,1,2,0,0,0,0.0,0.0,0.0,0.0,0.0,1.0,,0.0,0.0,0.0,0.0,0.0,1.0,,0.0,0.0,0.0,0.0,0.0,1.0,,exact 2^1,0.1,True,,
P1B_secondary_totalH_T_self_A-,"early(s=1) - late(s=3), w=1",A-,severe_ref4,,1,1,2,0,0,0,0.0,0.0,0.0,0.0,0.0,1.0,,0.0,0.0,0.0,0.0,0.0,1.0,,0.0,0.0,0.0,0.0,0.0,1.0,,exact 2^1,0.1,True,,
P1B_secondary_totalH_T_self_A-,"early(s=1) - late(s=3), w=1",A-,amplification,,1,1,2,0,0,0,0.0,0.0,0.0,0.0,0.0,1.0,,0.0,0.0,0.0,0.0,0.0,1.0,,0.0,0.0,0.0,0.0,0.0,1.0,,exact 2^1,0.1,True,,
P1B_secondary_totalH_T_self_A-,"early(s=1) - late(s=4), w=1",A-,dev9_ref,,1,1,2,1,0,0,0.12798849919794186,0.12798849919794186,0.12798849919794186,0.12798849919794186,0.12798849919794186,1.0,,0.12798849919794186,0.12798849919794186,0.12798849919794186,0.12798849919794186,0.12798849919794186,1.0,,0.12798849919794186,0.12798849919794186,0.12798849919794186,0.12798849919794186,0.12798849919794186,1.0,,exact 2^1,0.5,True,,
P1B_secondary_totalH_T_self_A-,"early(s=1) - late(s=4), w=1",A-,severe_ref2,,1,1,2,0,0,0,0.0,0.0,0.0,0.0,0.0,1.0,,0.0,0.0,0.0,0.0,0.0,1.0,,0.0,0.0,0.0,0.0,0.0,1.0,,exact 2^1,0.1,True,,
P1B_secondary_totalH_T_self_A-,"early(s=1) - late(s=4), w=1",A-,severe_ref3,,1,1,2,0,0,0,0.0,0.0,0.0,0.0,0.0,1.0,,0.0,0.0,0.0,0.0,0.0,1.0,,0.0,0.0,0.0,0.0,0.0,1.0,,exact 2^1,0.1,True,,
P1B_secondary_totalH_T_self_A-,"early(s=1) - late(s=4), w=1",A-,severe_ref4,,1,1,2,0,0,0,0.0,0.0,0.0,0.0,0.0,1.0,,0.0,0.0,0.0,0.0,0.0,1.0,,0.0,0.0,0.0,0.0,0.0,1.0,,exact 2^1,0.1,True,,
P1B_secondary_totalH_T_self_A-,"early(s=1) - late(s=4), w=1",A-,amplification,,1,1,2,0,0,0,0.0,0.0,0.0,0.0,0.0,1.0,,0.0,0.0,0.0,0.0,0.0,1.0,,0.0,0.0,0.0,0.0,0.0,1.0,,exact 2^1,0.1,True,,
P1B_secondary_totalH_T_self_A-,"early(s=1) - late(s=2), w=2",A-,dev9_ref,,1,1,2,1,0,0,0.17094287239558414,0.17094287239558414,0.17094287239558414,0.17094287239558414,0.17094287239558414,1.0,,0.17094287239558414,0.17094287239558414,0.17094287239558414,0.17094287239558414,0.17094287239558414,1.0,,0.17094287239558414,0.17094287239558414,0.17094287239558414,0.17094287239558414,0.17094287239558414,1.0,,exact 2^1,0.5,True,,
P1B_secondary_totalH_T_self_A-,"early(s=1) - late(s=2), w=2",A-,severe_ref2,,1,1,2,0,0,0,0.0,0.0,0.0,0.0,0.0,1.0,,0.0,0.0,0.0,0.0,0.0,1.0,,0.0,0.0,0.0,0.0,0.0,1.0,,exact 2^1,0.1,True,,
P1B_secondary_totalH_T_self_A-,"early(s=1) - late(s=2), w=2",A-,severe_ref3,,1,1,2,0,0,0,0.0,0.0,0.0,0.0,0.0,1.0,,0.0,0.0,0.0,0.0,0.0,1.0,,0.0,0.0,0.0,0.0,0.0,1.0,,exact 2^1,0.1,True,,
P1B_secondary_totalH_T_self_A-,"early(s=1) - late(s=2), w=2",A-,severe_ref4,,1,1,2,0,0,0,0.0,0.0,0.0,0.0,0.0,1.0,,0.0,0.0,0.0,0.0,0.0,1.0,,0.0,0.0,0.0,0.0,0.0,1.0,,exact 2^1,0.1,True,,
P1B_secondary_totalH_T_self_A-,"early(s=1) - late(s=2), w=2",A-,amplification,,1,1,2,0,0,0,0.0,0.0,0.0,0.0,0.0,1.0,,0.0,0.0,0.0,0.0,0.0,1.0,,0.0,0.0,0.0,0.0,0.0,1.0,,exact 2^1,0.1,True,,
P1B_secondary_totalH_T_self_A-,"early(s=1) - late(s=3), w=2",A-,dev9_ref,,1,1,2,1,0,0,0.6900262985590099,0.6900262985590099,0.6900262985590099,0.6900262985590099,0.6900262985590099,1.0,,0.6900262985590099,0.6900262985590099,0.6900262985590099,0.6900262985590099,0.6900262985590099,1.0,,0.6900262985590099,0.6900262985590099,0.6900262985590099,0.6900262985590099,0.6900262985590099,1.0,,exact 2^1,0.5,False,,
P1B_secondary_totalH_T_self_A-,"early(s=1) - late(s=3), w=2",A-,severe_ref2,,1,1,2,0,0,0,0.0,0.0,0.0,0.0,0.0,1.0,,0.0,0.0,0.0,0.0,0.0,1.0,,0.0,0.0,0.0,0.0,0.0,1.0,,exact 2^1,0.1,True,,
P1B_secondary_totalH_T_self_A-,"early(s=1) - late(s=3), w=2",A-,severe_ref3,,1,1,2,1,0,0,0.5,0.5,0.5,0.5,0.5,1.0,,0.5,0.5,0.5,0.5,0.5,1.0,,0.5,0.5,0.5,0.5,0.5,1.0,,exact 2^1,0.1,False,,
P1B_secondary_totalH_T_self_A-,"early(s=1) - late(s=3), w=2",A-,severe_ref4,,1,1,2,0,0,0,0.0,0.0,0.0,0.0,0.0,1.0,,0.0,0.0,0.0,0.0,0.0,1.0,,0.0,0.0,0.0,0.0,0.0,1.0,,exact 2^1,0.1,True,,
P1B_secondary_totalH_T_self_A-,"early(s=1) - late(s=3), w=2",A-,amplification,,1,1,2,0,0,0,0.0,0.0,0.0,0.0,0.0,1.0,,0.0,0.0,0.0,0.0,0.0,1.0,,0.0,0.0,0.0,0.0,0.0,1.0,,exact 2^1,0.1,True,,
P1B_secondary_totalH_T_self_A-,"early(s=1) - late(s=4), w=2",A-,dev9_ref,,1,1,2,1,0,0,0.8600375061789828,0.8600375061789828,0.8600375061789828,0.8600375061789828,0.8600375061789828,1.0,,0.8600375061789828,0.8600375061789828,0.8600375061789828,0.8600375061789828,0.8600375061789828,1.0,,0.8600375061789828,0.8600375061789828,0.8600375061789828,0.8600375061789828,0.8600375061789828,1.0,,exact 2^1,0.5,False,,
P1B_secondary_totalH_T_self_A-,"early(s=1) - late(s=4), w=2",A-,severe_ref2,,1,1,2,1,0,0,0.5,0.5,0.5,0.5,0.5,1.0,,0.5,0.5,0.5,0.5,0.5,1.0,,0.5,0.5,0.5,0.5,0.5,1.0,,exact 2^1,0.1,False,,
P1B_secondary_totalH_T_self_A-,"early(s=1) - late(s=4), w=2",A-,severe_ref3,,1,1,2,1,0,0,0.5,0.5,0.5,0.5,0.5,1.0,,0.5,0.5,0.5,0.5,0.5,1.0,,0.5,0.5,0.5,0.5,0.5,1.0,,exact 2^1,0.1,False,,
P1B_secondary_totalH_T_self_A-,"early(s=1) - late(s=4), w=2",A-,severe_ref4,,1,1,2,0,0,0,0.0,0.0,0.0,0.0,0.0,1.0,,0.0,0.0,0.0,0.0,0.0,1.0,,0.0,0.0,0.0,0.0,0.0,1.0,,exact 2^1,0.1,True,,
P1B_secondary_totalH_T_self_A-,"early(s=1) - late(s=4), w=2",A-,amplification,,1,1,2,0,0,0,0.0,0.0,0.0,0.0,0.0,1.0,,0.0,0.0,0.0,0.0,0.0,1.0,,0.0,0.0,0.0,0.0,0.0,1.0,,exact 2^1,0.1,True,,
P1B_secondary_totalH_T_self_A-,"early(s=1) - late(s=2), w=3",A-,dev9_ref,,1,1,2,1,0,0,0.058562133137246564,0.058562133137246564,0.058562133137246564,0.058562133137246564,0.058562133137246564,1.0,,0.058562133137246564,0.058562133137246564,0.058562133137246564,0.058562133137246564,0.058562133137246564,1.0,,0.058562133137246564,0.058562133137246564,0.058562133137246564,0.058562133137246564,0.058562133137246564,1.0,,exact 2^1,0.5,True,,
P1B_secondary_totalH_T_self_A-,"early(s=1) - late(s=2), w=3",A-,severe_ref2,,1,1,2,0,0,0,0.0,0.0,0.0,0.0,0.0,1.0,,0.0,0.0,0.0,0.0,0.0,1.0,,0.0,0.0,0.0,0.0,0.0,1.0,,exact 2^1,0.1,True,,
P1B_secondary_totalH_T_self_A-,"early(s=1) - late(s=2), w=3",A-,severe_ref3,,1,1,2,0,0,0,0.0,0.0,0.0,0.0,0.0,1.0,,0.0,0.0,0.0,0.0,0.0,1.0,,0.0,0.0,0.0,0.0,0.0,1.0,,exact 2^1,0.1,True,,
P1B_secondary_totalH_T_self_A-,"early(s=1) - late(s=2), w=3",A-,severe_ref4,,1,1,2,0,0,0,0.0,0.0,0.0,0.0,0.0,1.0,,0.0,0.0,0.0,0.0,0.0,1.0,,0.0,0.0,0.0,0.0,0.0,1.0,,exact 2^1,0.1,True,,
P1B_secondary_totalH_T_self_A-,"early(s=1) - late(s=2), w=3",A-,amplification,,1,1,2,0,0,0,0.0,0.0,0.0,0.0,0.0,1.0,,0.0,0.0,0.0,0.0,0.0,1.0,,0.0,0.0,0.0,0.0,0.0,1.0,,exact 2^1,0.1,True,,
P1B_secondary_totalH_T_self_A-,"early(s=1) - late(s=3), w=3",A-,dev9_ref,,1,1,2,1,0,0,0.7361103759077449,0.7361103759077449,0.7361103759077449,0.7361103759077449,0.7361103759077449,1.0,,0.7361103759077449,0.7361103759077449,0.7361103759077449,0.7361103759077449,0.7361103759077449,1.0,,0.7361103759077449,0.7361103759077449,0.7361103759077449,0.7361103759077449,0.7361103759077449,1.0,,exact 2^1,0.5,False,,
P1B_secondary_totalH_T_self_A-,"early(s=1) - late(s=3), w=3",A-,severe_ref2,,1,1,2,1,0,0,0.5,0.5,0.5,0.5,0.5,1.0,,0.5,0.5,0.5,0.5,0.5,1.0,,0.5,0.5,0.5,0.5,0.5,1.0,,exact 2^1,0.1,False,,
P1B_secondary_totalH_T_self_A-,"early(s=1) - late(s=3), w=3",A-,severe_ref3,,1,1,2,0,0,0,0.0,0.0,0.0,0.0,0.0,1.0,,0.0,0.0,0.0,0.0,0.0,1.0,,0.0,0.0,0.0,0.0,0.0,1.0,,exact 2^1,0.1,True,,
P1B_secondary_totalH_T_self_A-,"early(s=1) - late(s=3), w=3",A-,severe_ref4,,1,1,2,0,0,0,0.0,0.0,0.0,0.0,0.0,1.0,,0.0,0.0,0.0,0.0,0.0,1.0,,0.0,0.0,0.0,0.0,0.0,1.0,,exact 2^1,0.1,True,,
P1B_secondary_totalH_T_self_A-,"early(s=1) - late(s=3), w=3",A-,amplification,,1,1,2,0,0,0,0.0,0.0,0.0,0.0,0.0,1.0,,0.0,0.0,0.0,0.0,0.0,1.0,,0.0,0.0,0.0,0.0,0.0,1.0,,exact 2^1,0.1,True,,
P1B_secondary_totalH_T_self_A-,"early(s=1) - late(s=4), w=3",A-,dev9_ref,,1,1,2,1,0,0,1.0799522323635165,1.0799522323635165,1.0799522323635165,1.0799522323635165,1.0799522323635165,1.0,,1.0799522323635165,1.0799522323635165,1.0799522323635165,1.0799522323635165,1.0799522323635165,1.0,,1.0799522323635165,1.0799522323635165,1.0799522323635165,1.0799522323635165,1.0799522323635165,1.0,,exact 2^1,0.5,False,,
P1B_secondary_totalH_T_self_A-,"early(s=1) - late(s=4), w=3",A-,severe_ref2,,1,1,2,1,0,0,0.5,0.5,0.5,0.5,0.5,1.0,,0.5,0.5,0.5,0.5,0.5,1.0,,0.5,0.5,0.5,0.5,0.5,1.0,,exact 2^1,0.1,False,,
P1B_secondary_totalH_T_self_A-,"early(s=1) - late(s=4), w=3",A-,severe_ref3,,1,1,2,0,0,0,0.0,0.0,0.0,0.0,0.0,1.0,,0.0,0.0,0.0,0.0,0.0,1.0,,0.0,0.0,0.0,0.0,0.0,1.0,,exact 2^1,0.1,True,,
P1B_secondary_totalH_T_self_A-,"early(s=1) - late(s=4), w=3",A-,severe_ref4,,1,1,2,0,0,0,0.0,0.0,0.0,0.0,0.0,1.0,,0.0,0.0,0.0,0.0,0.0,1.0,,0.0,0.0,0.0,0.0,0.0,1.0,,exact 2^1,0.1,True,,
P1B_secondary_totalH_T_self_A-,"early(s=1) - late(s=4), w=3",A-,amplification,,1,1,2,0,0,0,0.0,0.0,0.0,0.0,0.0,1.0,,0.0,0.0,0.0,0.0,0.0,1.0,,0.0,0.0,0.0,0.0,0.0,1.0,,exact 2^1,0.1,True,,
P1B_map_T_self_A-,"window(s=1,w=1) - normal",A-,dev9_ref,,1,1,2,1,0,0,0.05616710872226194,0.05616710872226194,0.05616710872226194,0.05616710872226194,0.05616710872226194,1.0,,0.05616710872226194,0.05616710872226194,0.05616710872226194,0.05616710872226194,0.05616710872226194,1.0,,0.05616710872226194,0.05616710872226194,0.05616710872226194,0.05616710872226194,0.05616710872226194,1.0,,exact 2^1,,,,
P1B_map_T_self_A-,"window(s=1,w=2) - normal",A-,dev9_ref,,1,1,2,1,0,0,0.35238940241255545,0.35238940241255545,0.35238940241255545,0.35238940241255545,0.35238940241255545,1.0,,0.35238940241255545,0.35238940241255545,0.35238940241255545,0.35238940241255545,0.35238940241255545,1.0,,0.35238940241255545,0.35238940241255545,0.35238940241255545,0.35238940241255545,0.35238940241255545,1.0,,exact 2^1,,,,
P1B_map_T_self_A-,"window(s=1,w=3) - normal",A-,dev9_ref,,1,1,2,1,0,0,0.11560216284357916,0.11560216284357916,0.11560216284357916,0.11560216284357916,0.11560216284357916,1.0,,0.11560216284357916,0.11560216284357916,0.11560216284357916,0.11560216284357916,0.11560216284357916,1.0,,0.11560216284357916,0.11560216284357916,0.11560216284357916,0.11560216284357916,0.11560216284357916,1.0,,exact 2^1,,,,
P1B_map_T_self_A-,"window(s=2,w=1) - normal",A-,dev9_ref,,1,1,2,1,0,0,0.22217834118322843,0.22217834118322843,0.22217834118322843,0.22217834118322843,0.22217834118322843,1.0,,0.22217834118322843,0.22217834118322843,0.22217834118322843,0.22217834118322843,0.22217834118322843,1.0,,0.22217834118322843,0.22217834118322843,0.22217834118322843,0.22217834118322843,0.22217834118322843,1.0,,exact 2^1,,,,
P1B_map_T_self_A-,"window(s=2,w=2) - normal",A-,dev9_ref,,1,1,2,1,0,0,0.1814465300169713,0.1814465300169713,0.1814465300169713,0.1814465300169713,0.1814465300169713,1.0,,0.1814465300169713,0.1814465300169713,0.1814465300169713,0.1814465300169713,0.1814465300169713,1.0,,0.1814465300169713,0.1814465300169713,0.1814465300169713,0.1814465300169713,0.1814465300169713,1.0,,exact 2^1,,,,
P1B_map_T_self_A-,"window(s=2,w=3) - normal",A-,dev9_ref,,1,1,2,1,0,0,0.057040029706332596,0.057040029706332596,0.057040029706332596,0.057040029706332596,0.057040029706332596,1.0,,0.057040029706332596,0.057040029706332596,0.057040029706332596,0.057040029706332596,0.057040029706332596,1.0,,0.057040029706332596,0.057040029706332596,0.057040029706332596,0.057040029706332596,0.057040029706332596,1.0,,exact 2^1,,,,
P1B_map_T_self_A-,"window(s=3,w=1) - normal",A-,dev9_ref,,1,1,2,1,0,0,-0.41344751572334926,-0.41344751572334926,-0.41344751572334926,-0.41344751572334926,-0.41344751572334926,1.0,,-0.41344751572334926,-0.41344751572334926,-0.41344751572334926,-0.41344751572334926,-0.41344751572334926,1.0,,-0.41344751572334926,-0.41344751572334926,-0.41344751572334926,-0.41344751572334926,-0.41344751572334926,1.0,,exact 2^1,,,,
P1B_map_T_self_A-,"window(s=3,w=2) - normal",A-,dev9_ref,,1,1,2,1,0,0,-0.3376368961464544,-0.3376368961464544,-0.3376368961464544,-0.3376368961464544,-0.3376368961464544,1.0,,-0.3376368961464544,-0.3376368961464544,-0.3376368961464544,-0.3376368961464544,-0.3376368961464544,1.0,,-0.3376368961464544,-0.3376368961464544,-0.3376368961464544,-0.3376368961464544,-0.3376368961464544,1.0,,exact 2^1,,,,
P1B_map_T_self_A-,"window(s=3,w=3) - normal",A-,dev9_ref,,1,1,2,1,0,0,-0.6205082130641657,-0.6205082130641657,-0.6205082130641657,-0.6205082130641657,-0.6205082130641657,1.0,,-0.6205082130641657,-0.6205082130641657,-0.6205082130641657,-0.6205082130641657,-0.6205082130641657,1.0,,-0.6205082130641657,-0.6205082130641657,-0.6205082130641657,-0.6205082130641657,-0.6205082130641657,1.0,,exact 2^1,,,,
P1B_map_T_self_A-,"window(s=4,w=1) - normal",A-,dev9_ref,,1,1,2,1,0,0,-0.07182139047567992,-0.07182139047567992,-0.07182139047567992,-0.07182139047567992,-0.07182139047567992,1.0,,-0.07182139047567992,-0.07182139047567992,-0.07182139047567992,-0.07182139047567992,-0.07182139047567992,1.0,,-0.07182139047567992,-0.07182139047567992,-0.07182139047567992,-0.07182139047567992,-0.07182139047567992,1.0,,exact 2^1,,,,
P1B_map_T_self_A-,"window(s=4,w=2) - normal",A-,dev9_ref,,1,1,2,1,0,0,-0.5076481037664273,-0.5076481037664273,-0.5076481037664273,-0.5076481037664273,-0.5076481037664273,1.0,,-0.5076481037664273,-0.5076481037664273,-0.5076481037664273,-0.5076481037664273,-0.5076481037664273,1.0,,-0.5076481037664273,-0.5076481037664273,-0.5076481037664273,-0.5076481037664273,-0.5076481037664273,1.0,,exact 2^1,,,,
P1B_map_T_self_A-,"window(s=4,w=3) - normal",A-,dev9_ref,,1,1,2,1,0,0,-0.9643500695199373,-0.9643500695199373,-0.9643500695199373,-0.9643500695199373,-0.9643500695199373,1.0,,-0.9643500695199373,-0.9643500695199373,-0.9643500695199373,-0.9643500695199373,-0.9643500695199373,1.0,,-0.9643500695199373,-0.9643500695199373,-0.9643500695199373,-0.9643500695199373,-0.9643500695199373,1.0,,exact 2^1,,,,
P1B_secondary_totalH_P_gt_all,"early(s=1) - late(s=2), w=1",all,amplification,,1,1,2,1,0,0,1.0,1.0,1.0,1.0,1.0,1.0,,1.0,1.0,1.0,1.0,1.0,1.0,,1.0,1.0,1.0,1.0,1.0,1.0,,exact 2^1,0.1,False,,
P1B_secondary_totalH_P_gt_all,"early(s=1) - late(s=2), w=1",all,amp2,,1,1,2,1,0,0,1.0,1.0,1.0,1.0,1.0,1.0,,1.0,1.0,1.0,1.0,1.0,1.0,,1.0,1.0,1.0,1.0,1.0,1.0,,exact 2^1,0.1,False,,
P1B_secondary_totalH_P_gt_all,"early(s=1) - late(s=2), w=1",all,amp4,,1,1,2,0,0,0,0.0,0.0,0.0,0.0,0.0,1.0,,0.0,0.0,0.0,0.0,0.0,1.0,,0.0,0.0,0.0,0.0,0.0,1.0,,exact 2^1,0.1,True,,
P1B_secondary_totalH_P_gt_all,"early(s=1) - late(s=2), w=1",all,fde5,,1,1,2,1,0,0,1.047833890727898,1.047833890727898,1.047833890727898,1.047833890727898,1.047833890727898,1.0,,1.047833890727898,1.047833890727898,1.047833890727898,1.047833890727898,1.047833890727898,1.0,,1.047833890727898,1.047833890727898,1.047833890727898,1.047833890727898,1.047833890727898,1.0,,exact 2^1,0.5,False,,
P1B_secondary_totalH_P_gt_all,"early(s=1) - late(s=3), w=1",all,amplification,,1,1,2,1,0,0,1.0,1.0,1.0,1.0,1.0,1.0,,1.0,1.0,1.0,1.0,1.0,1.0,,1.0,1.0,1.0,1.0,1.0,1.0,,exact 2^1,0.1,False,,
P1B_secondary_totalH_P_gt_all,"early(s=1) - late(s=3), w=1",all,amp2,,1,1,2,1,0,0,0.5,0.5,0.5,0.5,0.5,1.0,,0.5,0.5,0.5,0.5,0.5,1.0,,0.5,0.5,0.5,0.5,0.5,1.0,,exact 2^1,0.1,False,,
P1B_secondary_totalH_P_gt_all,"early(s=1) - late(s=3), w=1",all,amp4,,1,1,2,0,0,0,0.0,0.0,0.0,0.0,0.0,1.0,,0.0,0.0,0.0,0.0,0.0,1.0,,0.0,0.0,0.0,0.0,0.0,1.0,,exact 2^1,0.1,True,,
P1B_secondary_totalH_P_gt_all,"early(s=1) - late(s=3), w=1",all,fde5,,1,1,2,1,0,0,1.7072789151486036,1.7072789151486036,1.7072789151486036,1.7072789151486036,1.7072789151486036,1.0,,1.7072789151486036,1.7072789151486036,1.7072789151486036,1.7072789151486036,1.7072789151486036,1.0,,1.7072789151486036,1.7072789151486036,1.7072789151486036,1.7072789151486036,1.7072789151486036,1.0,,exact 2^1,0.5,False,,
P1B_secondary_totalH_P_gt_all,"early(s=1) - late(s=4), w=1",all,amplification,,1,1,2,1,0,0,1.0,1.0,1.0,1.0,1.0,1.0,,1.0,1.0,1.0,1.0,1.0,1.0,,1.0,1.0,1.0,1.0,1.0,1.0,,exact 2^1,0.1,False,,
P1B_secondary_totalH_P_gt_all,"early(s=1) - late(s=4), w=1",all,amp2,,1,1,2,1,0,0,1.0,1.0,1.0,1.0,1.0,1.0,,1.0,1.0,1.0,1.0,1.0,1.0,,1.0,1.0,1.0,1.0,1.0,1.0,,exact 2^1,0.1,False,,
P1B_secondary_totalH_P_gt_all,"early(s=1) - late(s=4), w=1",all,amp4,,1,1,2,0,0,0,0.0,0.0,0.0,0.0,0.0,1.0,,0.0,0.0,0.0,0.0,0.0,1.0,,0.0,0.0,0.0,0.0,0.0,1.0,,exact 2^1,0.1,True,,
P1B_secondary_totalH_P_gt_all,"early(s=1) - late(s=4), w=1",all,fde5,,1,1,2,1,0,0,1.8411211708222774,1.8411211708222774,1.8411211708222774,1.8411211708222774,1.8411211708222774,1.0,,1.8411211708222774,1.8411211708222774,1.8411211708222774,1.8411211708222774,1.8411211708222774,1.0,,1.8411211708222774,1.8411211708222774,1.8411211708222774,1.8411211708222774,1.8411211708222774,1.0,,exact 2^1,0.5,False,,
P1B_secondary_totalH_P_gt_all,"early(s=1) - late(s=2), w=2",all,amplification,,1,1,2,0,0,0,0.0,0.0,0.0,0.0,0.0,1.0,,0.0,0.0,0.0,0.0,0.0,1.0,,0.0,0.0,0.0,0.0,0.0,1.0,,exact 2^1,0.1,True,,
P1B_secondary_totalH_P_gt_all,"early(s=1) - late(s=2), w=2",all,amp2,,1,1,2,0,0,0,0.0,0.0,0.0,0.0,0.0,1.0,,0.0,0.0,0.0,0.0,0.0,1.0,,0.0,0.0,0.0,0.0,0.0,1.0,,exact 2^1,0.1,True,,
P1B_secondary_totalH_P_gt_all,"early(s=1) - late(s=2), w=2",all,amp4,,1,1,2,0,0,0,0.0,0.0,0.0,0.0,0.0,1.0,,0.0,0.0,0.0,0.0,0.0,1.0,,0.0,0.0,0.0,0.0,0.0,1.0,,exact 2^1,0.1,True,,
P1B_secondary_totalH_P_gt_all,"early(s=1) - late(s=2), w=2",all,fde5,,1,1,2,1,0,0,1.1025365008205321,1.1025365008205321,1.1025365008205321,1.1025365008205321,1.1025365008205321,1.0,,1.1025365008205321,1.1025365008205321,1.1025365008205321,1.1025365008205321,1.1025365008205321,1.0,,1.1025365008205321,1.1025365008205321,1.1025365008205321,1.1025365008205321,1.1025365008205321,1.0,,exact 2^1,0.5,False,,
P1B_secondary_totalH_P_gt_all,"early(s=1) - late(s=3), w=2",all,amplification,,1,1,2,0,0,0,0.0,0.0,0.0,0.0,0.0,1.0,,0.0,0.0,0.0,0.0,0.0,1.0,,0.0,0.0,0.0,0.0,0.0,1.0,,exact 2^1,0.1,True,,
P1B_secondary_totalH_P_gt_all,"early(s=1) - late(s=3), w=2",all,amp2,,1,1,2,1,0,0,0.5,0.5,0.5,0.5,0.5,1.0,,0.5,0.5,0.5,0.5,0.5,1.0,,0.5,0.5,0.5,0.5,0.5,1.0,,exact 2^1,0.1,False,,
P1B_secondary_totalH_P_gt_all,"early(s=1) - late(s=3), w=2",all,amp4,,1,1,2,0,0,0,0.0,0.0,0.0,0.0,0.0,1.0,,0.0,0.0,0.0,0.0,0.0,1.0,,0.0,0.0,0.0,0.0,0.0,1.0,,exact 2^1,0.1,True,,
P1B_secondary_totalH_P_gt_all,"early(s=1) - late(s=3), w=2",all,fde5,,1,1,2,1,0,0,1.4071521083813714,1.4071521083813714,1.4071521083813714,1.4071521083813714,1.4071521083813714,1.0,,1.4071521083813714,1.4071521083813714,1.4071521083813714,1.4071521083813714,1.4071521083813714,1.0,,1.4071521083813714,1.4071521083813714,1.4071521083813714,1.4071521083813714,1.4071521083813714,1.0,,exact 2^1,0.5,False,,
P1B_secondary_totalH_P_gt_all,"early(s=1) - late(s=4), w=2",all,amplification,,1,1,2,0,0,0,0.0,0.0,0.0,0.0,0.0,1.0,,0.0,0.0,0.0,0.0,0.0,1.0,,0.0,0.0,0.0,0.0,0.0,1.0,,exact 2^1,0.1,True,,
P1B_secondary_totalH_P_gt_all,"early(s=1) - late(s=4), w=2",all,amp2,,1,1,2,1,0,0,0.5,0.5,0.5,0.5,0.5,1.0,,0.5,0.5,0.5,0.5,0.5,1.0,,0.5,0.5,0.5,0.5,0.5,1.0,,exact 2^1,0.1,False,,
P1B_secondary_totalH_P_gt_all,"early(s=1) - late(s=4), w=2",all,amp4,,1,1,2,0,0,0,0.0,0.0,0.0,0.0,0.0,1.0,,0.0,0.0,0.0,0.0,0.0,1.0,,0.0,0.0,0.0,0.0,0.0,1.0,,exact 2^1,0.1,True,,
P1B_secondary_totalH_P_gt_all,"early(s=1) - late(s=4), w=2",all,fde5,,1,1,2,1,0,0,1.540944131606896,1.540944131606896,1.540944131606896,1.540944131606896,1.540944131606896,1.0,,1.540944131606896,1.540944131606896,1.540944131606896,1.540944131606896,1.540944131606896,1.0,,1.540944131606896,1.540944131606896,1.540944131606896,1.540944131606896,1.540944131606896,1.0,,exact 2^1,0.5,False,,
P1B_secondary_totalH_P_gt_all,"early(s=1) - late(s=2), w=3",all,amplification,,1,1,2,0,0,0,0.0,0.0,0.0,0.0,0.0,1.0,,0.0,0.0,0.0,0.0,0.0,1.0,,0.0,0.0,0.0,0.0,0.0,1.0,,exact 2^1,0.1,True,,
P1B_secondary_totalH_P_gt_all,"early(s=1) - late(s=2), w=3",all,amp2,,1,1,2,1,0,0,0.5,0.5,0.5,0.5,0.5,1.0,,0.5,0.5,0.5,0.5,0.5,1.0,,0.5,0.5,0.5,0.5,0.5,1.0,,exact 2^1,0.1,False,,
P1B_secondary_totalH_P_gt_all,"early(s=1) - late(s=2), w=3",all,amp4,,1,1,2,0,0,0,0.0,0.0,0.0,0.0,0.0,1.0,,0.0,0.0,0.0,0.0,0.0,1.0,,0.0,0.0,0.0,0.0,0.0,1.0,,exact 2^1,0.1,True,,
P1B_secondary_totalH_P_gt_all,"early(s=1) - late(s=2), w=3",all,fde5,,1,1,2,1,0,0,1.4603958346507875,1.4603958346507875,1.4603958346507875,1.4603958346507875,1.4603958346507875,1.0,,1.4603958346507875,1.4603958346507875,1.4603958346507875,1.4603958346507875,1.4603958346507875,1.0,,1.4603958346507875,1.4603958346507875,1.4603958346507875,1.4603958346507875,1.4603958346507875,1.0,,exact 2^1,0.5,False,,
P1B_secondary_totalH_P_gt_all,"early(s=1) - late(s=3), w=3",all,amplification,,1,1,2,0,0,0,0.0,0.0,0.0,0.0,0.0,1.0,,0.0,0.0,0.0,0.0,0.0,1.0,,0.0,0.0,0.0,0.0,0.0,1.0,,exact 2^1,0.1,True,,
P1B_secondary_totalH_P_gt_all,"early(s=1) - late(s=3), w=3",all,amp2,,1,1,2,1,0,0,0.5,0.5,0.5,0.5,0.5,1.0,,0.5,0.5,0.5,0.5,0.5,1.0,,0.5,0.5,0.5,0.5,0.5,1.0,,exact 2^1,0.1,False,,
P1B_secondary_totalH_P_gt_all,"early(s=1) - late(s=3), w=3",all,amp4,,1,1,2,0,0,0,0.0,0.0,0.0,0.0,0.0,1.0,,0.0,0.0,0.0,0.0,0.0,1.0,,0.0,0.0,0.0,0.0,0.0,1.0,,exact 2^1,0.1,True,,
P1B_secondary_totalH_P_gt_all,"early(s=1) - late(s=3), w=3",all,fde5,,1,1,2,1,0,0,1.3144229161721892,1.3144229161721892,1.3144229161721892,1.3144229161721892,1.3144229161721892,1.0,,1.3144229161721892,1.3144229161721892,1.3144229161721892,1.3144229161721892,1.3144229161721892,1.0,,1.3144229161721892,1.3144229161721892,1.3144229161721892,1.3144229161721892,1.3144229161721892,1.0,,exact 2^1,0.5,False,,
P1B_secondary_totalH_P_gt_all,"early(s=1) - late(s=4), w=3",all,amplification,,1,1,2,0,0,0,0.0,0.0,0.0,0.0,0.0,1.0,,0.0,0.0,0.0,0.0,0.0,1.0,,0.0,0.0,0.0,0.0,0.0,1.0,,exact 2^1,0.1,True,,
P1B_secondary_totalH_P_gt_all,"early(s=1) - late(s=4), w=3",all,amp2,,1,1,2,1,0,0,0.5,0.5,0.5,0.5,0.5,1.0,,0.5,0.5,0.5,0.5,0.5,1.0,,0.5,0.5,0.5,0.5,0.5,1.0,,exact 2^1,0.1,False,,
P1B_secondary_totalH_P_gt_all,"early(s=1) - late(s=4), w=3",all,amp4,,1,1,2,0,0,0,0.0,0.0,0.0,0.0,0.0,1.0,,0.0,0.0,0.0,0.0,0.0,1.0,,0.0,0.0,0.0,0.0,0.0,1.0,,exact 2^1,0.1,True,,
P1B_secondary_totalH_P_gt_all,"early(s=1) - late(s=4), w=3",all,fde5,,1,1,2,1,0,0,1.5670178472481064,1.5670178472481064,1.5670178472481064,1.5670178472481064,1.5670178472481064,1.0,,1.5670178472481064,1.5670178472481064,1.5670178472481064,1.5670178472481064,1.5670178472481064,1.0,,1.5670178472481064,1.5670178472481064,1.5670178472481064,1.5670178472481064,1.5670178472481064,1.0,,exact 2^1,0.5,False,,
P1B_map_P_gt_all,"window(s=1,w=1) - normal",all,amplification,,1,1,2,1,0,0,1.0,1.0,1.0,1.0,1.0,1.0,,1.0,1.0,1.0,1.0,1.0,1.0,,1.0,1.0,1.0,1.0,1.0,1.0,,exact 2^1,,,,
P1B_map_P_gt_all,"window(s=1,w=2) - normal",all,amplification,,1,1,2,0,0,0,0.0,0.0,0.0,0.0,0.0,1.0,,0.0,0.0,0.0,0.0,0.0,1.0,,0.0,0.0,0.0,0.0,0.0,1.0,,exact 2^1,,,,
P1B_map_P_gt_all,"window(s=1,w=3) - normal",all,amplification,,1,1,2,0,0,0,0.0,0.0,0.0,0.0,0.0,1.0,,0.0,0.0,0.0,0.0,0.0,1.0,,0.0,0.0,0.0,0.0,0.0,1.0,,exact 2^1,,,,
P1B_map_P_gt_all,"window(s=2,w=1) - normal",all,amplification,,1,1,2,0,0,0,0.0,0.0,0.0,0.0,0.0,1.0,,0.0,0.0,0.0,0.0,0.0,1.0,,0.0,0.0,0.0,0.0,0.0,1.0,,exact 2^1,,,,
P1B_map_P_gt_all,"window(s=2,w=2) - normal",all,amplification,,1,1,2,0,0,0,0.0,0.0,0.0,0.0,0.0,1.0,,0.0,0.0,0.0,0.0,0.0,1.0,,0.0,0.0,0.0,0.0,0.0,1.0,,exact 2^1,,,,
P1B_map_P_gt_all,"window(s=2,w=3) - normal",all,amplification,,1,1,2,0,0,0,0.0,0.0,0.0,0.0,0.0,1.0,,0.0,0.0,0.0,0.0,0.0,1.0,,0.0,0.0,0.0,0.0,0.0,1.0,,exact 2^1,,,,
P1B_map_P_gt_all,"window(s=3,w=1) - normal",all,amplification,,1,1,2,0,0,0,0.0,0.0,0.0,0.0,0.0,1.0,,0.0,0.0,0.0,0.0,0.0,1.0,,0.0,0.0,0.0,0.0,0.0,1.0,,exact 2^1,,,,
P1B_map_P_gt_all,"window(s=3,w=2) - normal",all,amplification,,1,1,2,0,0,0,0.0,0.0,0.0,0.0,0.0,1.0,,0.0,0.0,0.0,0.0,0.0,1.0,,0.0,0.0,0.0,0.0,0.0,1.0,,exact 2^1,,,,
P1B_map_P_gt_all,"window(s=3,w=3) - normal",all,amplification,,1,1,2,0,0,0,0.0,0.0,0.0,0.0,0.0,1.0,,0.0,0.0,0.0,0.0,0.0,1.0,,0.0,0.0,0.0,0.0,0.0,1.0,,exact 2^1,,,,
P1B_map_P_gt_all,"window(s=4,w=1) - normal",all,amplification,,1,1,2,0,0,0,0.0,0.0,0.0,0.0,0.0,1.0,,0.0,0.0,0.0,0.0,0.0,1.0,,0.0,0.0,0.0,0.0,0.0,1.0,,exact 2^1,,,,
P1B_map_P_gt_all,"window(s=4,w=2) - normal",all,amplification,,1,1,2,0,0,0,0.0,0.0,0.0,0.0,0.0,1.0,,0.0,0.0,0.0,0.0,0.0,1.0,,0.0,0.0,0.0,0.0,0.0,1.0,,exact 2^1,,,,
P1B_map_P_gt_all,"window(s=4,w=3) - normal",all,amplification,,1,1,2,0,0,0,0.0,0.0,0.0,0.0,0.0,1.0,,0.0,0.0,0.0,0.0,0.0,1.0,,0.0,0.0,0.0,0.0,0.0,1.0,,exact 2^1,,,,
P1B_secondary_totalH_P_self_all,"early(s=1) - late(s=2), w=1",all,dev9_ref,,1,1,2,1,0,0,1.1172125242174915,1.1172125242174915,1.1172125242174915,1.1172125242174915,1.1172125242174915,1.0,,1.1172125242174915,1.1172125242174915,1.1172125242174915,1.1172125242174915,1.1172125242174915,1.0,,1.1172125242174915,1.1172125242174915,1.1172125242174915,1.1172125242174915,1.1172125242174915,1.0,,exact 2^1,0.5,False,,
P1B_secondary_totalH_P_self_all,"early(s=1) - late(s=2), w=1",all,severe_ref2,,1,1,2,0,0,0,0.0,0.0,0.0,0.0,0.0,1.0,,0.0,0.0,0.0,0.0,0.0,1.0,,0.0,0.0,0.0,0.0,0.0,1.0,,exact 2^1,0.1,True,,
P1B_secondary_totalH_P_self_all,"early(s=1) - late(s=2), w=1",all,severe_ref3,,1,1,2,0,0,0,0.0,0.0,0.0,0.0,0.0,1.0,,0.0,0.0,0.0,0.0,0.0,1.0,,0.0,0.0,0.0,0.0,0.0,1.0,,exact 2^1,0.1,True,,
P1B_secondary_totalH_P_self_all,"early(s=1) - late(s=2), w=1",all,severe_ref4,,1,1,2,0,0,0,0.0,0.0,0.0,0.0,0.0,1.0,,0.0,0.0,0.0,0.0,0.0,1.0,,0.0,0.0,0.0,0.0,0.0,1.0,,exact 2^1,0.1,True,,
P1B_secondary_totalH_P_self_all,"early(s=1) - late(s=2), w=1",all,amplification,,1,1,2,1,0,0,0.5,0.5,0.5,0.5,0.5,1.0,,0.5,0.5,0.5,0.5,0.5,1.0,,0.5,0.5,0.5,0.5,0.5,1.0,,exact 2^1,0.1,False,,
P1B_secondary_totalH_P_self_all,"early(s=1) - late(s=3), w=1",all,dev9_ref,,1,1,2,1,0,0,1.2312458953952559,1.2312458953952559,1.2312458953952559,1.2312458953952559,1.2312458953952559,1.0,,1.2312458953952559,1.2312458953952559,1.2312458953952559,1.2312458953952559,1.2312458953952559,1.0,,1.2312458953952559,1.2312458953952559,1.2312458953952559,1.2312458953952559,1.2312458953952559,1.0,,exact 2^1,0.5,False,,
P1B_secondary_totalH_P_self_all,"early(s=1) - late(s=3), w=1",all,severe_ref2,,1,1,2,1,0,0,-0.5,-0.5,-0.5,-0.5,-0.5,1.0,,-0.5,-0.5,-0.5,-0.5,-0.5,1.0,,-0.5,-0.5,-0.5,-0.5,-0.5,1.0,,exact 2^1,0.1,False,,
P1B_secondary_totalH_P_self_all,"early(s=1) - late(s=3), w=1",all,severe_ref3,,1,1,2,1,0,0,0.5,0.5,0.5,0.5,0.5,1.0,,0.5,0.5,0.5,0.5,0.5,1.0,,0.5,0.5,0.5,0.5,0.5,1.0,,exact 2^1,0.1,False,,
P1B_secondary_totalH_P_self_all,"early(s=1) - late(s=3), w=1",all,severe_ref4,,1,1,2,1,0,0,0.5,0.5,0.5,0.5,0.5,1.0,,0.5,0.5,0.5,0.5,0.5,1.0,,0.5,0.5,0.5,0.5,0.5,1.0,,exact 2^1,0.1,False,,
P1B_secondary_totalH_P_self_all,"early(s=1) - late(s=3), w=1",all,amplification,,1,1,2,1,0,0,0.5,0.5,0.5,0.5,0.5,1.0,,0.5,0.5,0.5,0.5,0.5,1.0,,0.5,0.5,0.5,0.5,0.5,1.0,,exact 2^1,0.1,False,,
P1B_secondary_totalH_P_self_all,"early(s=1) - late(s=4), w=1",all,dev9_ref,,1,1,2,1,0,0,1.5410968293653506,1.5410968293653506,1.5410968293653506,1.5410968293653506,1.5410968293653506,1.0,,1.5410968293653506,1.5410968293653506,1.5410968293653506,1.5410968293653506,1.5410968293653506,1.0,,1.5410968293653506,1.5410968293653506,1.5410968293653506,1.5410968293653506,1.5410968293653506,1.0,,exact 2^1,0.5,False,,
P1B_secondary_totalH_P_self_all,"early(s=1) - late(s=4), w=1",all,severe_ref2,,1,1,2,0,0,0,0.0,0.0,0.0,0.0,0.0,1.0,,0.0,0.0,0.0,0.0,0.0,1.0,,0.0,0.0,0.0,0.0,0.0,1.0,,exact 2^1,0.1,True,,
P1B_secondary_totalH_P_self_all,"early(s=1) - late(s=4), w=1",all,severe_ref3,,1,1,2,1,0,0,0.5,0.5,0.5,0.5,0.5,1.0,,0.5,0.5,0.5,0.5,0.5,1.0,,0.5,0.5,0.5,0.5,0.5,1.0,,exact 2^1,0.1,False,,
P1B_secondary_totalH_P_self_all,"early(s=1) - late(s=4), w=1",all,severe_ref4,,1,1,2,1,0,0,0.5,0.5,0.5,0.5,0.5,1.0,,0.5,0.5,0.5,0.5,0.5,1.0,,0.5,0.5,0.5,0.5,0.5,1.0,,exact 2^1,0.1,False,,
P1B_secondary_totalH_P_self_all,"early(s=1) - late(s=4), w=1",all,amplification,,1,1,2,1,0,0,0.5,0.5,0.5,0.5,0.5,1.0,,0.5,0.5,0.5,0.5,0.5,1.0,,0.5,0.5,0.5,0.5,0.5,1.0,,exact 2^1,0.1,False,,
P1B_secondary_totalH_P_self_all,"early(s=1) - late(s=2), w=2",all,dev9_ref,,1,1,2,1,0,0,-0.004733410423395146,-0.004733410423395146,-0.004733410423395146,-0.004733410423395146,-0.004733410423395146,1.0,,-0.004733410423395146,-0.004733410423395146,-0.004733410423395146,-0.004733410423395146,-0.004733410423395146,1.0,,-0.004733410423395146,-0.004733410423395146,-0.004733410423395146,-0.004733410423395146,-0.004733410423395146,1.0,,exact 2^1,0.5,True,,
P1B_secondary_totalH_P_self_all,"early(s=1) - late(s=2), w=2",all,severe_ref2,,1,1,2,0,0,0,0.0,0.0,0.0,0.0,0.0,1.0,,0.0,0.0,0.0,0.0,0.0,1.0,,0.0,0.0,0.0,0.0,0.0,1.0,,exact 2^1,0.1,True,,
P1B_secondary_totalH_P_self_all,"early(s=1) - late(s=2), w=2",all,severe_ref3,,1,1,2,0,0,0,0.0,0.0,0.0,0.0,0.0,1.0,,0.0,0.0,0.0,0.0,0.0,1.0,,0.0,0.0,0.0,0.0,0.0,1.0,,exact 2^1,0.1,True,,
P1B_secondary_totalH_P_self_all,"early(s=1) - late(s=2), w=2",all,severe_ref4,,1,1,2,0,0,0,0.0,0.0,0.0,0.0,0.0,1.0,,0.0,0.0,0.0,0.0,0.0,1.0,,0.0,0.0,0.0,0.0,0.0,1.0,,exact 2^1,0.1,True,,
P1B_secondary_totalH_P_self_all,"early(s=1) - late(s=2), w=2",all,amplification,,1,1,2,0,0,0,0.0,0.0,0.0,0.0,0.0,1.0,,0.0,0.0,0.0,0.0,0.0,1.0,,0.0,0.0,0.0,0.0,0.0,1.0,,exact 2^1,0.1,True,,
P1B_secondary_totalH_P_self_all,"early(s=1) - late(s=3), w=2",all,dev9_ref,,1,1,2,1,0,0,-1.1274236551345587,-1.1274236551345587,-1.1274236551345587,-1.1274236551345587,-1.1274236551345587,1.0,,-1.1274236551345587,-1.1274236551345587,-1.1274236551345587,-1.1274236551345587,-1.1274236551345587,1.0,,-1.1274236551345587,-1.1274236551345587,-1.1274236551345587,-1.1274236551345587,-1.1274236551345587,1.0,,exact 2^1,0.5,False,,
P1B_secondary_totalH_P_self_all,"early(s=1) - late(s=3), w=2",all,severe_ref2,,1,1,2,1,0,0,-0.5,-0.5,-0.5,-0.5,-0.5,1.0,,-0.5,-0.5,-0.5,-0.5,-0.5,1.0,,-0.5,-0.5,-0.5,-0.5,-0.5,1.0,,exact 2^1,0.1,False,,
P1B_secondary_totalH_P_self_all,"early(s=1) - late(s=3), w=2",all,severe_ref3,,1,1,2,0,0,0,0.0,0.0,0.0,0.0,0.0,1.0,,0.0,0.0,0.0,0.0,0.0,1.0,,0.0,0.0,0.0,0.0,0.0,1.0,,exact 2^1,0.1,True,,
P1B_secondary_totalH_P_self_all,"early(s=1) - late(s=3), w=2",all,severe_ref4,,1,1,2,0,0,0,0.0,0.0,0.0,0.0,0.0,1.0,,0.0,0.0,0.0,0.0,0.0,1.0,,0.0,0.0,0.0,0.0,0.0,1.0,,exact 2^1,0.1,True,,
P1B_secondary_totalH_P_self_all,"early(s=1) - late(s=3), w=2",all,amplification,,1,1,2,0,0,0,0.0,0.0,0.0,0.0,0.0,1.0,,0.0,0.0,0.0,0.0,0.0,1.0,,0.0,0.0,0.0,0.0,0.0,1.0,,exact 2^1,0.1,True,,
P1B_secondary_totalH_P_self_all,"early(s=1) - late(s=4), w=2",all,dev9_ref,,1,1,2,1,0,0,-0.6943316645074299,-0.6943316645074299,-0.6943316645074299,-0.6943316645074299,-0.6943316645074299,1.0,,-0.6943316645074299,-0.6943316645074299,-0.6943316645074299,-0.6943316645074299,-0.6943316645074299,1.0,,-0.6943316645074299,-0.6943316645074299,-0.6943316645074299,-0.6943316645074299,-0.6943316645074299,1.0,,exact 2^1,0.5,False,,
P1B_secondary_totalH_P_self_all,"early(s=1) - late(s=4), w=2",all,severe_ref2,,1,1,2,0,0,0,0.0,0.0,0.0,0.0,0.0,1.0,,0.0,0.0,0.0,0.0,0.0,1.0,,0.0,0.0,0.0,0.0,0.0,1.0,,exact 2^1,0.1,True,,
P1B_secondary_totalH_P_self_all,"early(s=1) - late(s=4), w=2",all,severe_ref3,,1,1,2,0,0,0,0.0,0.0,0.0,0.0,0.0,1.0,,0.0,0.0,0.0,0.0,0.0,1.0,,0.0,0.0,0.0,0.0,0.0,1.0,,exact 2^1,0.1,True,,
P1B_secondary_totalH_P_self_all,"early(s=1) - late(s=4), w=2",all,severe_ref4,,1,1,2,0,0,0,0.0,0.0,0.0,0.0,0.0,1.0,,0.0,0.0,0.0,0.0,0.0,1.0,,0.0,0.0,0.0,0.0,0.0,1.0,,exact 2^1,0.1,True,,
P1B_secondary_totalH_P_self_all,"early(s=1) - late(s=4), w=2",all,amplification,,1,1,2,0,0,0,0.0,0.0,0.0,0.0,0.0,1.0,,0.0,0.0,0.0,0.0,0.0,1.0,,0.0,0.0,0.0,0.0,0.0,1.0,,exact 2^1,0.1,True,,
P1B_secondary_totalH_P_self_all,"early(s=1) - late(s=2), w=3",all,dev9_ref,,1,1,2,1,0,0,0.03922860592329436,0.03922860592329436,0.03922860592329436,0.03922860592329436,0.03922860592329436,1.0,,0.03922860592329436,0.03922860592329436,0.03922860592329436,0.03922860592329436,0.03922860592329436,1.0,,0.03922860592329436,0.03922860592329436,0.03922860592329436,0.03922860592329436,0.03922860592329436,1.0,,exact 2^1,0.5,True,,
P1B_secondary_totalH_P_self_all,"early(s=1) - late(s=2), w=3",all,severe_ref2,,1,1,2,0,0,0,0.0,0.0,0.0,0.0,0.0,1.0,,0.0,0.0,0.0,0.0,0.0,1.0,,0.0,0.0,0.0,0.0,0.0,1.0,,exact 2^1,0.1,True,,
P1B_secondary_totalH_P_self_all,"early(s=1) - late(s=2), w=3",all,severe_ref3,,1,1,2,0,0,0,0.0,0.0,0.0,0.0,0.0,1.0,,0.0,0.0,0.0,0.0,0.0,1.0,,0.0,0.0,0.0,0.0,0.0,1.0,,exact 2^1,0.1,True,,
P1B_secondary_totalH_P_self_all,"early(s=1) - late(s=2), w=3",all,severe_ref4,,1,1,2,0,0,0,0.0,0.0,0.0,0.0,0.0,1.0,,0.0,0.0,0.0,0.0,0.0,1.0,,0.0,0.0,0.0,0.0,0.0,1.0,,exact 2^1,0.1,True,,
P1B_secondary_totalH_P_self_all,"early(s=1) - late(s=2), w=3",all,amplification,,1,1,2,0,0,0,0.0,0.0,0.0,0.0,0.0,1.0,,0.0,0.0,0.0,0.0,0.0,1.0,,0.0,0.0,0.0,0.0,0.0,1.0,,exact 2^1,0.1,True,,
P1B_secondary_totalH_P_self_all,"early(s=1) - late(s=3), w=3",all,dev9_ref,,1,1,2,1,0,0,-0.3659707645706919,-0.3659707645706919,-0.3659707645706919,-0.3659707645706919,-0.3659707645706919,1.0,,-0.3659707645706919,-0.3659707645706919,-0.3659707645706919,-0.3659707645706919,-0.3659707645706919,1.0,,-0.3659707645706919,-0.3659707645706919,-0.3659707645706919,-0.3659707645706919,-0.3659707645706919,1.0,,exact 2^1,0.5,True,,
P1B_secondary_totalH_P_self_all,"early(s=1) - late(s=3), w=3",all,severe_ref2,,1,1,2,0,0,0,0.0,0.0,0.0,0.0,0.0,1.0,,0.0,0.0,0.0,0.0,0.0,1.0,,0.0,0.0,0.0,0.0,0.0,1.0,,exact 2^1,0.1,True,,
P1B_secondary_totalH_P_self_all,"early(s=1) - late(s=3), w=3",all,severe_ref3,,1,1,2,0,0,0,0.0,0.0,0.0,0.0,0.0,1.0,,0.0,0.0,0.0,0.0,0.0,1.0,,0.0,0.0,0.0,0.0,0.0,1.0,,exact 2^1,0.1,True,,
P1B_secondary_totalH_P_self_all,"early(s=1) - late(s=3), w=3",all,severe_ref4,,1,1,2,0,0,0,0.0,0.0,0.0,0.0,0.0,1.0,,0.0,0.0,0.0,0.0,0.0,1.0,,0.0,0.0,0.0,0.0,0.0,1.0,,exact 2^1,0.1,True,,
P1B_secondary_totalH_P_self_all,"early(s=1) - late(s=3), w=3",all,amplification,,1,1,2,0,0,0,0.0,0.0,0.0,0.0,0.0,1.0,,0.0,0.0,0.0,0.0,0.0,1.0,,0.0,0.0,0.0,0.0,0.0,1.0,,exact 2^1,0.1,True,,
P1B_secondary_totalH_P_self_all,"early(s=1) - late(s=4), w=3",all,dev9_ref,,1,1,2,1,0,0,-0.6256906312938783,-0.6256906312938783,-0.6256906312938783,-0.6256906312938783,-0.6256906312938783,1.0,,-0.6256906312938783,-0.6256906312938783,-0.6256906312938783,-0.6256906312938783,-0.6256906312938783,1.0,,-0.6256906312938783,-0.6256906312938783,-0.6256906312938783,-0.6256906312938783,-0.6256906312938783,1.0,,exact 2^1,0.5,False,,
P1B_secondary_totalH_P_self_all,"early(s=1) - late(s=4), w=3",all,severe_ref2,,1,1,2,0,0,0,0.0,0.0,0.0,0.0,0.0,1.0,,0.0,0.0,0.0,0.0,0.0,1.0,,0.0,0.0,0.0,0.0,0.0,1.0,,exact 2^1,0.1,True,,
P1B_secondary_totalH_P_self_all,"early(s=1) - late(s=4), w=3",all,severe_ref3,,1,1,2,0,0,0,0.0,0.0,0.0,0.0,0.0,1.0,,0.0,0.0,0.0,0.0,0.0,1.0,,0.0,0.0,0.0,0.0,0.0,1.0,,exact 2^1,0.1,True,,
P1B_secondary_totalH_P_self_all,"early(s=1) - late(s=4), w=3",all,severe_ref4,,1,1,2,0,0,0,0.0,0.0,0.0,0.0,0.0,1.0,,0.0,0.0,0.0,0.0,0.0,1.0,,0.0,0.0,0.0,0.0,0.0,1.0,,exact 2^1,0.1,True,,
P1B_secondary_totalH_P_self_all,"early(s=1) - late(s=4), w=3",all,amplification,,1,1,2,0,0,0,0.0,0.0,0.0,0.0,0.0,1.0,,0.0,0.0,0.0,0.0,0.0,1.0,,0.0,0.0,0.0,0.0,0.0,1.0,,exact 2^1,0.1,True,,
P1B_map_P_self_all,"window(s=1,w=1) - normal",all,dev9_ref,,1,1,2,1,0,0,1.129827663250636,1.129827663250636,1.129827663250636,1.129827663250636,1.129827663250636,1.0,,1.129827663250636,1.129827663250636,1.129827663250636,1.129827663250636,1.129827663250636,1.0,,1.129827663250636,1.129827663250636,1.129827663250636,1.129827663250636,1.129827663250636,1.0,,exact 2^1,,,,
P1B_map_P_self_all,"window(s=1,w=2) - normal",all,dev9_ref,,1,1,2,1,0,0,-1.353914575643206,-1.353914575643206,-1.353914575643206,-1.353914575643206,-1.353914575643206,1.0,,-1.353914575643206,-1.353914575643206,-1.353914575643206,-1.353914575643206,-1.353914575643206,1.0,,-1.353914575643206,-1.353914575643206,-1.353914575643206,-1.353914575643206,-1.353914575643206,1.0,,exact 2^1,,,,
P1B_map_P_self_all,"window(s=1,w=3) - normal",all,dev9_ref,,1,1,2,1,0,0,-1.353914575643206,-1.353914575643206,-1.353914575643206,-1.353914575643206,-1.353914575643206,1.0,,-1.353914575643206,-1.353914575643206,-1.353914575643206,-1.353914575643206,-1.353914575643206,1.0,,-1.353914575643206,-1.353914575643206,-1.353914575643206,-1.353914575643206,-1.353914575643206,1.0,,exact 2^1,,,,
P1B_map_P_self_all,"window(s=2,w=1) - normal",all,dev9_ref,,1,1,2,1,0,0,0.012615139033144707,0.012615139033144707,0.012615139033144707,0.012615139033144707,0.012615139033144707,1.0,,0.012615139033144707,0.012615139033144707,0.012615139033144707,0.012615139033144707,0.012615139033144707,1.0,,0.012615139033144707,0.012615139033144707,0.012615139033144707,0.012615139033144707,0.012615139033144707,1.0,,exact 2^1,,,,
P1B_map_P_self_all,"window(s=2,w=2) - normal",all,dev9_ref,,1,1,2,1,0,0,-1.349181165219811,-1.349181165219811,-1.349181165219811,-1.349181165219811,-1.349181165219811,1.0,,-1.349181165219811,-1.349181165219811,-1.349181165219811,-1.349181165219811,-1.349181165219811,1.0,,-1.349181165219811,-1.349181165219811,-1.349181165219811,-1.349181165219811,-1.349181165219811,1.0,,exact 2^1,,,,
P1B_map_P_self_all,"window(s=2,w=3) - normal",all,dev9_ref,,1,1,2,1,0,0,-1.3931431815665005,-1.3931431815665005,-1.3931431815665005,-1.3931431815665005,-1.3931431815665005,1.0,,-1.3931431815665005,-1.3931431815665005,-1.3931431815665005,-1.3931431815665005,-1.3931431815665005,1.0,,-1.3931431815665005,-1.3931431815665005,-1.3931431815665005,-1.3931431815665005,-1.3931431815665005,1.0,,exact 2^1,,,,
P1B_map_P_self_all,"window(s=3,w=1) - normal",all,dev9_ref,,1,1,2,1,0,0,-0.10141823214461976,-0.10141823214461976,-0.10141823214461976,-0.10141823214461976,-0.10141823214461976,1.0,,-0.10141823214461976,-0.10141823214461976,-0.10141823214461976,-0.10141823214461976,-0.10141823214461976,1.0,,-0.10141823214461976,-0.10141823214461976,-0.10141823214461976,-0.10141823214461976,-0.10141823214461976,1.0,,exact 2^1,,,,
P1B_map_P_self_all,"window(s=3,w=2) - normal",all,dev9_ref,,1,1,2,1,0,0,-0.2264909205086476,-0.2264909205086476,-0.2264909205086476,-0.2264909205086476,-0.2264909205086476,1.0,,-0.2264909205086476,-0.2264909205086476,-0.2264909205086476,-0.2264909205086476,-0.2264909205086476,1.0,,-0.2264909205086476,-0.2264909205086476,-0.2264909205086476,-0.2264909205086476,-0.2264909205086476,1.0,,exact 2^1,,,,
P1B_map_P_self_all,"window(s=3,w=3) - normal",all,dev9_ref,,1,1,2,1,0,0,-0.9879438110725143,-0.9879438110725143,-0.9879438110725143,-0.9879438110725143,-0.9879438110725143,1.0,,-0.9879438110725143,-0.9879438110725143,-0.9879438110725143,-0.9879438110725143,-0.9879438110725143,1.0,,-0.9879438110725143,-0.9879438110725143,-0.9879438110725143,-0.9879438110725143,-0.9879438110725143,1.0,,exact 2^1,,,,
P1B_map_P_self_all,"window(s=4,w=1) - normal",all,dev9_ref,,1,1,2,1,0,0,-0.41126916611471453,-0.41126916611471453,-0.41126916611471453,-0.41126916611471453,-0.41126916611471453,1.0,,-0.41126916611471453,-0.41126916611471453,-0.41126916611471453,-0.41126916611471453,-0.41126916611471453,1.0,,-0.41126916611471453,-0.41126916611471453,-0.41126916611471453,-0.41126916611471453,-0.41126916611471453,1.0,,exact 2^1,,,,
P1B_map_P_self_all,"window(s=4,w=2) - normal",all,dev9_ref,,1,1,2,1,0,0,-0.6595829111357763,-0.6595829111357763,-0.6595829111357763,-0.6595829111357763,-0.6595829111357763,1.0,,-0.6595829111357763,-0.6595829111357763,-0.6595829111357763,-0.6595829111357763,-0.6595829111357763,1.0,,-0.6595829111357763,-0.6595829111357763,-0.6595829111357763,-0.6595829111357763,-0.6595829111357763,1.0,,exact 2^1,,,,
P1B_map_P_self_all,"window(s=4,w=3) - normal",all,dev9_ref,,1,1,2,1,0,0,-0.7282239443493279,-0.7282239443493279,-0.7282239443493279,-0.7282239443493279,-0.7282239443493279,1.0,,-0.7282239443493279,-0.7282239443493279,-0.7282239443493279,-0.7282239443493279,-0.7282239443493279,1.0,,-0.7282239443493279,-0.7282239443493279,-0.7282239443493279,-0.7282239443493279,-0.7282239443493279,1.0,,exact 2^1,,,,
P1B_secondary_totalH_T_gt_all,"early(s=1) - late(s=2), w=1",all,amplification,,1,1,2,1,0,0,0.5,0.5,0.5,0.5,0.5,1.0,,0.5,0.5,0.5,0.5,0.5,1.0,,0.5,0.5,0.5,0.5,0.5,1.0,,exact 2^1,0.1,False,,
P1B_secondary_totalH_T_gt_all,"early(s=1) - late(s=2), w=1",all,amp2,,1,1,2,1,0,0,0.5,0.5,0.5,0.5,0.5,1.0,,0.5,0.5,0.5,0.5,0.5,1.0,,0.5,0.5,0.5,0.5,0.5,1.0,,exact 2^1,0.1,False,,
P1B_secondary_totalH_T_gt_all,"early(s=1) - late(s=2), w=1",all,amp4,,1,1,2,0,0,0,0.0,0.0,0.0,0.0,0.0,1.0,,0.0,0.0,0.0,0.0,0.0,1.0,,0.0,0.0,0.0,0.0,0.0,1.0,,exact 2^1,0.1,True,,
P1B_secondary_totalH_T_gt_all,"early(s=1) - late(s=2), w=1",all,fde5,,1,1,2,1,0,0,1.1064300907468947,1.1064300907468947,1.1064300907468947,1.1064300907468947,1.1064300907468947,1.0,,1.1064300907468947,1.1064300907468947,1.1064300907468947,1.1064300907468947,1.1064300907468947,1.0,,1.1064300907468947,1.1064300907468947,1.1064300907468947,1.1064300907468947,1.1064300907468947,1.0,,exact 2^1,0.5,False,,
P1B_secondary_totalH_T_gt_all,"early(s=1) - late(s=3), w=1",all,amplification,,1,1,2,1,0,0,0.5,0.5,0.5,0.5,0.5,1.0,,0.5,0.5,0.5,0.5,0.5,1.0,,0.5,0.5,0.5,0.5,0.5,1.0,,exact 2^1,0.1,False,,
P1B_secondary_totalH_T_gt_all,"early(s=1) - late(s=3), w=1",all,amp2,,1,1,2,1,0,0,1.0,1.0,1.0,1.0,1.0,1.0,,1.0,1.0,1.0,1.0,1.0,1.0,,1.0,1.0,1.0,1.0,1.0,1.0,,exact 2^1,0.1,False,,
P1B_secondary_totalH_T_gt_all,"early(s=1) - late(s=3), w=1",all,amp4,,1,1,2,0,0,0,0.0,0.0,0.0,0.0,0.0,1.0,,0.0,0.0,0.0,0.0,0.0,1.0,,0.0,0.0,0.0,0.0,0.0,1.0,,exact 2^1,0.1,True,,
P1B_secondary_totalH_T_gt_all,"early(s=1) - late(s=3), w=1",all,fde5,,1,1,2,1,0,0,1.9440471913330042,1.9440471913330042,1.9440471913330042,1.9440471913330042,1.9440471913330042,1.0,,1.9440471913330042,1.9440471913330042,1.9440471913330042,1.9440471913330042,1.9440471913330042,1.0,,1.9440471913330042,1.9440471913330042,1.9440471913330042,1.9440471913330042,1.9440471913330042,1.0,,exact 2^1,0.5,False,,
P1B_secondary_totalH_T_gt_all,"early(s=1) - late(s=4), w=1",all,amplification,,1,1,2,1,0,0,0.5,0.5,0.5,0.5,0.5,1.0,,0.5,0.5,0.5,0.5,0.5,1.0,,0.5,0.5,0.5,0.5,0.5,1.0,,exact 2^1,0.1,False,,
P1B_secondary_totalH_T_gt_all,"early(s=1) - late(s=4), w=1",all,amp2,,1,1,2,1,0,0,1.0,1.0,1.0,1.0,1.0,1.0,,1.0,1.0,1.0,1.0,1.0,1.0,,1.0,1.0,1.0,1.0,1.0,1.0,,exact 2^1,0.1,False,,
P1B_secondary_totalH_T_gt_all,"early(s=1) - late(s=4), w=1",all,amp4,,1,1,2,0,0,0,0.0,0.0,0.0,0.0,0.0,1.0,,0.0,0.0,0.0,0.0,0.0,1.0,,0.0,0.0,0.0,0.0,0.0,1.0,,exact 2^1,0.1,True,,
P1B_secondary_totalH_T_gt_all,"early(s=1) - late(s=4), w=1",all,fde5,,1,1,2,1,0,0,1.7637900396747015,1.7637900396747015,1.7637900396747015,1.7637900396747015,1.7637900396747015,1.0,,1.7637900396747015,1.7637900396747015,1.7637900396747015,1.7637900396747015,1.7637900396747015,1.0,,1.7637900396747015,1.7637900396747015,1.7637900396747015,1.7637900396747015,1.7637900396747015,1.0,,exact 2^1,0.5,False,,
P1B_secondary_totalH_T_gt_all,"early(s=1) - late(s=2), w=2",all,amplification,,1,1,2,0,0,0,0.0,0.0,0.0,0.0,0.0,1.0,,0.0,0.0,0.0,0.0,0.0,1.0,,0.0,0.0,0.0,0.0,0.0,1.0,,exact 2^1,0.1,True,,
P1B_secondary_totalH_T_gt_all,"early(s=1) - late(s=2), w=2",all,amp2,,1,1,2,1,0,0,0.5,0.5,0.5,0.5,0.5,1.0,,0.5,0.5,0.5,0.5,0.5,1.0,,0.5,0.5,0.5,0.5,0.5,1.0,,exact 2^1,0.1,False,,
P1B_secondary_totalH_T_gt_all,"early(s=1) - late(s=2), w=2",all,amp4,,1,1,2,0,0,0,0.0,0.0,0.0,0.0,0.0,1.0,,0.0,0.0,0.0,0.0,0.0,1.0,,0.0,0.0,0.0,0.0,0.0,1.0,,exact 2^1,0.1,True,,
P1B_secondary_totalH_T_gt_all,"early(s=1) - late(s=2), w=2",all,fde5,,1,1,2,1,0,0,1.8295469659855408,1.8295469659855408,1.8295469659855408,1.8295469659855408,1.8295469659855408,1.0,,1.8295469659855408,1.8295469659855408,1.8295469659855408,1.8295469659855408,1.8295469659855408,1.0,,1.8295469659855408,1.8295469659855408,1.8295469659855408,1.8295469659855408,1.8295469659855408,1.0,,exact 2^1,0.5,False,,
P1B_secondary_totalH_T_gt_all,"early(s=1) - late(s=3), w=2",all,amplification,,1,1,2,0,0,0,0.0,0.0,0.0,0.0,0.0,1.0,,0.0,0.0,0.0,0.0,0.0,1.0,,0.0,0.0,0.0,0.0,0.0,1.0,,exact 2^1,0.1,True,,
P1B_secondary_totalH_T_gt_all,"early(s=1) - late(s=3), w=2",all,amp2,,1,1,2,1,0,0,0.5,0.5,0.5,0.5,0.5,1.0,,0.5,0.5,0.5,0.5,0.5,1.0,,0.5,0.5,0.5,0.5,0.5,1.0,,exact 2^1,0.1,False,,
P1B_secondary_totalH_T_gt_all,"early(s=1) - late(s=3), w=2",all,amp4,,1,1,2,0,0,0,0.0,0.0,0.0,0.0,0.0,1.0,,0.0,0.0,0.0,0.0,0.0,1.0,,0.0,0.0,0.0,0.0,0.0,1.0,,exact 2^1,0.1,True,,
P1B_secondary_totalH_T_gt_all,"early(s=1) - late(s=3), w=2",all,fde5,,1,1,2,1,0,0,1.5243079268546713,1.5243079268546713,1.5243079268546713,1.5243079268546713,1.5243079268546713,1.0,,1.5243079268546713,1.5243079268546713,1.5243079268546713,1.5243079268546713,1.5243079268546713,1.0,,1.5243079268546713,1.5243079268546713,1.5243079268546713,1.5243079268546713,1.5243079268546713,1.0,,exact 2^1,0.5,False,,
P1B_secondary_totalH_T_gt_all,"early(s=1) - late(s=4), w=2",all,amplification,,1,1,2,0,0,0,0.0,0.0,0.0,0.0,0.0,1.0,,0.0,0.0,0.0,0.0,0.0,1.0,,0.0,0.0,0.0,0.0,0.0,1.0,,exact 2^1,0.1,True,,
P1B_secondary_totalH_T_gt_all,"early(s=1) - late(s=4), w=2",all,amp2,,1,1,2,1,0,0,0.5,0.5,0.5,0.5,0.5,1.0,,0.5,0.5,0.5,0.5,0.5,1.0,,0.5,0.5,0.5,0.5,0.5,1.0,,exact 2^1,0.1,False,,
P1B_secondary_totalH_T_gt_all,"early(s=1) - late(s=4), w=2",all,amp4,,1,1,2,0,0,0,0.0,0.0,0.0,0.0,0.0,1.0,,0.0,0.0,0.0,0.0,0.0,1.0,,0.0,0.0,0.0,0.0,0.0,1.0,,exact 2^1,0.1,True,,
P1B_secondary_totalH_T_gt_all,"early(s=1) - late(s=4), w=2",all,fde5,,1,1,2,1,0,0,1.5139861559306103,1.5139861559306103,1.5139861559306103,1.5139861559306103,1.5139861559306103,1.0,,1.5139861559306103,1.5139861559306103,1.5139861559306103,1.5139861559306103,1.5139861559306103,1.0,,1.5139861559306103,1.5139861559306103,1.5139861559306103,1.5139861559306103,1.5139861559306103,1.0,,exact 2^1,0.5,False,,
P1B_secondary_totalH_T_gt_all,"early(s=1) - late(s=2), w=3",all,amplification,,1,1,2,0,0,0,0.0,0.0,0.0,0.0,0.0,1.0,,0.0,0.0,0.0,0.0,0.0,1.0,,0.0,0.0,0.0,0.0,0.0,1.0,,exact 2^1,0.1,True,,
P1B_secondary_totalH_T_gt_all,"early(s=1) - late(s=2), w=3",all,amp2,,1,1,2,0,0,0,0.0,0.0,0.0,0.0,0.0,1.0,,0.0,0.0,0.0,0.0,0.0,1.0,,0.0,0.0,0.0,0.0,0.0,1.0,,exact 2^1,0.1,True,,
P1B_secondary_totalH_T_gt_all,"early(s=1) - late(s=2), w=3",all,amp4,,1,1,2,0,0,0,0.0,0.0,0.0,0.0,0.0,1.0,,0.0,0.0,0.0,0.0,0.0,1.0,,0.0,0.0,0.0,0.0,0.0,1.0,,exact 2^1,0.1,True,,
P1B_secondary_totalH_T_gt_all,"early(s=1) - late(s=2), w=3",all,fde5,,1,1,2,1,0,0,1.4351993759454,1.4351993759454,1.4351993759454,1.4351993759454,1.4351993759454,1.0,,1.4351993759454,1.4351993759454,1.4351993759454,1.4351993759454,1.4351993759454,1.0,,1.4351993759454,1.4351993759454,1.4351993759454,1.4351993759454,1.4351993759454,1.0,,exact 2^1,0.5,False,,
P1B_secondary_totalH_T_gt_all,"early(s=1) - late(s=3), w=3",all,amplification,,1,1,2,0,0,0,0.0,0.0,0.0,0.0,0.0,1.0,,0.0,0.0,0.0,0.0,0.0,1.0,,0.0,0.0,0.0,0.0,0.0,1.0,,exact 2^1,0.1,True,,
P1B_secondary_totalH_T_gt_all,"early(s=1) - late(s=3), w=3",all,amp2,,1,1,2,0,0,0,0.0,0.0,0.0,0.0,0.0,1.0,,0.0,0.0,0.0,0.0,0.0,1.0,,0.0,0.0,0.0,0.0,0.0,1.0,,exact 2^1,0.1,True,,
P1B_secondary_totalH_T_gt_all,"early(s=1) - late(s=3), w=3",all,amp4,,1,1,2,0,0,0,0.0,0.0,0.0,0.0,0.0,1.0,,0.0,0.0,0.0,0.0,0.0,1.0,,0.0,0.0,0.0,0.0,0.0,1.0,,exact 2^1,0.1,True,,
P1B_secondary_totalH_T_gt_all,"early(s=1) - late(s=3), w=3",all,fde5,,1,1,2,1,0,0,1.0034809563042209,1.0034809563042209,1.0034809563042209,1.0034809563042209,1.0034809563042209,1.0,,1.0034809563042209,1.0034809563042209,1.0034809563042209,1.0034809563042209,1.0034809563042209,1.0,,1.0034809563042209,1.0034809563042209,1.0034809563042209,1.0034809563042209,1.0034809563042209,1.0,,exact 2^1,0.5,False,,
P1B_secondary_totalH_T_gt_all,"early(s=1) - late(s=4), w=3",all,amplification,,1,1,2,0,0,0,0.0,0.0,0.0,0.0,0.0,1.0,,0.0,0.0,0.0,0.0,0.0,1.0,,0.0,0.0,0.0,0.0,0.0,1.0,,exact 2^1,0.1,True,,
P1B_secondary_totalH_T_gt_all,"early(s=1) - late(s=4), w=3",all,amp2,,1,1,2,0,0,0,0.0,0.0,0.0,0.0,0.0,1.0,,0.0,0.0,0.0,0.0,0.0,1.0,,0.0,0.0,0.0,0.0,0.0,1.0,,exact 2^1,0.1,True,,
P1B_secondary_totalH_T_gt_all,"early(s=1) - late(s=4), w=3",all,amp4,,1,1,2,0,0,0,0.0,0.0,0.0,0.0,0.0,1.0,,0.0,0.0,0.0,0.0,0.0,1.0,,0.0,0.0,0.0,0.0,0.0,1.0,,exact 2^1,0.1,True,,
P1B_secondary_totalH_T_gt_all,"early(s=1) - late(s=4), w=3",all,fde5,,1,1,2,1,0,0,0.9329598831589392,0.9329598831589392,0.9329598831589392,0.9329598831589392,0.9329598831589392,1.0,,0.9329598831589392,0.9329598831589392,0.9329598831589392,0.9329598831589392,0.9329598831589392,1.0,,0.9329598831589392,0.9329598831589392,0.9329598831589392,0.9329598831589392,0.9329598831589392,1.0,,exact 2^1,0.5,False,,
P1B_map_T_gt_all,"window(s=1,w=1) - normal",all,amplification,,1,1,2,1,0,0,0.5,0.5,0.5,0.5,0.5,1.0,,0.5,0.5,0.5,0.5,0.5,1.0,,0.5,0.5,0.5,0.5,0.5,1.0,,exact 2^1,,,,
P1B_map_T_gt_all,"window(s=1,w=2) - normal",all,amplification,,1,1,2,0,0,0,0.0,0.0,0.0,0.0,0.0,1.0,,0.0,0.0,0.0,0.0,0.0,1.0,,0.0,0.0,0.0,0.0,0.0,1.0,,exact 2^1,,,,
P1B_map_T_gt_all,"window(s=1,w=3) - normal",all,amplification,,1,1,2,0,0,0,0.0,0.0,0.0,0.0,0.0,1.0,,0.0,0.0,0.0,0.0,0.0,1.0,,0.0,0.0,0.0,0.0,0.0,1.0,,exact 2^1,,,,
P1B_map_T_gt_all,"window(s=2,w=1) - normal",all,amplification,,1,1,2,0,0,0,0.0,0.0,0.0,0.0,0.0,1.0,,0.0,0.0,0.0,0.0,0.0,1.0,,0.0,0.0,0.0,0.0,0.0,1.0,,exact 2^1,,,,
P1B_map_T_gt_all,"window(s=2,w=2) - normal",all,amplification,,1,1,2,0,0,0,0.0,0.0,0.0,0.0,0.0,1.0,,0.0,0.0,0.0,0.0,0.0,1.0,,0.0,0.0,0.0,0.0,0.0,1.0,,exact 2^1,,,,
P1B_map_T_gt_all,"window(s=2,w=3) - normal",all,amplification,,1,1,2,0,0,0,0.0,0.0,0.0,0.0,0.0,1.0,,0.0,0.0,0.0,0.0,0.0,1.0,,0.0,0.0,0.0,0.0,0.0,1.0,,exact 2^1,,,,
P1B_map_T_gt_all,"window(s=3,w=1) - normal",all,amplification,,1,1,2,0,0,0,0.0,0.0,0.0,0.0,0.0,1.0,,0.0,0.0,0.0,0.0,0.0,1.0,,0.0,0.0,0.0,0.0,0.0,1.0,,exact 2^1,,,,
P1B_map_T_gt_all,"window(s=3,w=2) - normal",all,amplification,,1,1,2,0,0,0,0.0,0.0,0.0,0.0,0.0,1.0,,0.0,0.0,0.0,0.0,0.0,1.0,,0.0,0.0,0.0,0.0,0.0,1.0,,exact 2^1,,,,
P1B_map_T_gt_all,"window(s=3,w=3) - normal",all,amplification,,1,1,2,0,0,0,0.0,0.0,0.0,0.0,0.0,1.0,,0.0,0.0,0.0,0.0,0.0,1.0,,0.0,0.0,0.0,0.0,0.0,1.0,,exact 2^1,,,,
P1B_map_T_gt_all,"window(s=4,w=1) - normal",all,amplification,,1,1,2,0,0,0,0.0,0.0,0.0,0.0,0.0,1.0,,0.0,0.0,0.0,0.0,0.0,1.0,,0.0,0.0,0.0,0.0,0.0,1.0,,exact 2^1,,,,
P1B_map_T_gt_all,"window(s=4,w=2) - normal",all,amplification,,1,1,2,0,0,0,0.0,0.0,0.0,0.0,0.0,1.0,,0.0,0.0,0.0,0.0,0.0,1.0,,0.0,0.0,0.0,0.0,0.0,1.0,,exact 2^1,,,,
P1B_map_T_gt_all,"window(s=4,w=3) - normal",all,amplification,,1,1,2,0,0,0,0.0,0.0,0.0,0.0,0.0,1.0,,0.0,0.0,0.0,0.0,0.0,1.0,,0.0,0.0,0.0,0.0,0.0,1.0,,exact 2^1,,,,
P1B_secondary_totalH_T_self_all,"early(s=1) - late(s=2), w=1",all,dev9_ref,,1,1,2,1,0,0,-0.1660112324609665,-0.1660112324609665,-0.1660112324609665,-0.1660112324609665,-0.1660112324609665,1.0,,-0.1660112324609665,-0.1660112324609665,-0.1660112324609665,-0.1660112324609665,-0.1660112324609665,1.0,,-0.1660112324609665,-0.1660112324609665,-0.1660112324609665,-0.1660112324609665,-0.1660112324609665,1.0,,exact 2^1,0.5,True,,
P1B_secondary_totalH_T_self_all,"early(s=1) - late(s=2), w=1",all,severe_ref2,,1,1,2,0,0,0,0.0,0.0,0.0,0.0,0.0,1.0,,0.0,0.0,0.0,0.0,0.0,1.0,,0.0,0.0,0.0,0.0,0.0,1.0,,exact 2^1,0.1,True,,
P1B_secondary_totalH_T_self_all,"early(s=1) - late(s=2), w=1",all,severe_ref3,,1,1,2,1,0,0,-0.5,-0.5,-0.5,-0.5,-0.5,1.0,,-0.5,-0.5,-0.5,-0.5,-0.5,1.0,,-0.5,-0.5,-0.5,-0.5,-0.5,1.0,,exact 2^1,0.1,False,,
P1B_secondary_totalH_T_self_all,"early(s=1) - late(s=2), w=1",all,severe_ref4,,1,1,2,0,0,0,0.0,0.0,0.0,0.0,0.0,1.0,,0.0,0.0,0.0,0.0,0.0,1.0,,0.0,0.0,0.0,0.0,0.0,1.0,,exact 2^1,0.1,True,,
P1B_secondary_totalH_T_self_all,"early(s=1) - late(s=2), w=1",all,amplification,,1,1,2,0,0,0,0.0,0.0,0.0,0.0,0.0,1.0,,0.0,0.0,0.0,0.0,0.0,1.0,,0.0,0.0,0.0,0.0,0.0,1.0,,exact 2^1,0.1,True,,
P1B_secondary_totalH_T_self_all,"early(s=1) - late(s=3), w=1",all,dev9_ref,,1,1,2,1,0,0,0.4696146244456112,0.4696146244456112,0.4696146244456112,0.4696146244456112,0.4696146244456112,1.0,,0.4696146244456112,0.4696146244456112,0.4696146244456112,0.4696146244456112,0.4696146244456112,1.0,,0.4696146244456112,0.4696146244456112,0.4696146244456112,0.4696146244456112,0.4696146244456112,1.0,,exact 2^1,0.5,True,,
P1B_secondary_totalH_T_self_all,"early(s=1) - late(s=3), w=1",all,severe_ref2,,1,1,2,0,0,0,0.0,0.0,0.0,0.0,0.0,1.0,,0.0,0.0,0.0,0.0,0.0,1.0,,0.0,0.0,0.0,0.0,0.0,1.0,,exact 2^1,0.1,True,,
P1B_secondary_totalH_T_self_all,"early(s=1) - late(s=3), w=1",all,severe_ref3,,1,1,2,0,0,0,0.0,0.0,0.0,0.0,0.0,1.0,,0.0,0.0,0.0,0.0,0.0,1.0,,0.0,0.0,0.0,0.0,0.0,1.0,,exact 2^1,0.1,True,,
P1B_secondary_totalH_T_self_all,"early(s=1) - late(s=3), w=1",all,severe_ref4,,1,1,2,0,0,0,0.0,0.0,0.0,0.0,0.0,1.0,,0.0,0.0,0.0,0.0,0.0,1.0,,0.0,0.0,0.0,0.0,0.0,1.0,,exact 2^1,0.1,True,,
P1B_secondary_totalH_T_self_all,"early(s=1) - late(s=3), w=1",all,amplification,,1,1,2,0,0,0,0.0,0.0,0.0,0.0,0.0,1.0,,0.0,0.0,0.0,0.0,0.0,1.0,,0.0,0.0,0.0,0.0,0.0,1.0,,exact 2^1,0.1,True,,
P1B_secondary_totalH_T_self_all,"early(s=1) - late(s=4), w=1",all,dev9_ref,,1,1,2,1,0,0,0.12798849919794186,0.12798849919794186,0.12798849919794186,0.12798849919794186,0.12798849919794186,1.0,,0.12798849919794186,0.12798849919794186,0.12798849919794186,0.12798849919794186,0.12798849919794186,1.0,,0.12798849919794186,0.12798849919794186,0.12798849919794186,0.12798849919794186,0.12798849919794186,1.0,,exact 2^1,0.5,True,,
P1B_secondary_totalH_T_self_all,"early(s=1) - late(s=4), w=1",all,severe_ref2,,1,1,2,0,0,0,0.0,0.0,0.0,0.0,0.0,1.0,,0.0,0.0,0.0,0.0,0.0,1.0,,0.0,0.0,0.0,0.0,0.0,1.0,,exact 2^1,0.1,True,,
P1B_secondary_totalH_T_self_all,"early(s=1) - late(s=4), w=1",all,severe_ref3,,1,1,2,0,0,0,0.0,0.0,0.0,0.0,0.0,1.0,,0.0,0.0,0.0,0.0,0.0,1.0,,0.0,0.0,0.0,0.0,0.0,1.0,,exact 2^1,0.1,True,,
P1B_secondary_totalH_T_self_all,"early(s=1) - late(s=4), w=1",all,severe_ref4,,1,1,2,0,0,0,0.0,0.0,0.0,0.0,0.0,1.0,,0.0,0.0,0.0,0.0,0.0,1.0,,0.0,0.0,0.0,0.0,0.0,1.0,,exact 2^1,0.1,True,,
P1B_secondary_totalH_T_self_all,"early(s=1) - late(s=4), w=1",all,amplification,,1,1,2,0,0,0,0.0,0.0,0.0,0.0,0.0,1.0,,0.0,0.0,0.0,0.0,0.0,1.0,,0.0,0.0,0.0,0.0,0.0,1.0,,exact 2^1,0.1,True,,
P1B_secondary_totalH_T_self_all,"early(s=1) - late(s=2), w=2",all,dev9_ref,,1,1,2,1,0,0,0.17094287239558414,0.17094287239558414,0.17094287239558414,0.17094287239558414,0.17094287239558414,1.0,,0.17094287239558414,0.17094287239558414,0.17094287239558414,0.17094287239558414,0.17094287239558414,1.0,,0.17094287239558414,0.17094287239558414,0.17094287239558414,0.17094287239558414,0.17094287239558414,1.0,,exact 2^1,0.5,True,,
P1B_secondary_totalH_T_self_all,"early(s=1) - late(s=2), w=2",all,severe_ref2,,1,1,2,0,0,0,0.0,0.0,0.0,0.0,0.0,1.0,,0.0,0.0,0.0,0.0,0.0,1.0,,0.0,0.0,0.0,0.0,0.0,1.0,,exact 2^1,0.1,True,,
P1B_secondary_totalH_T_self_all,"early(s=1) - late(s=2), w=2",all,severe_ref3,,1,1,2,0,0,0,0.0,0.0,0.0,0.0,0.0,1.0,,0.0,0.0,0.0,0.0,0.0,1.0,,0.0,0.0,0.0,0.0,0.0,1.0,,exact 2^1,0.1,True,,
P1B_secondary_totalH_T_self_all,"early(s=1) - late(s=2), w=2",all,severe_ref4,,1,1,2,0,0,0,0.0,0.0,0.0,0.0,0.0,1.0,,0.0,0.0,0.0,0.0,0.0,1.0,,0.0,0.0,0.0,0.0,0.0,1.0,,exact 2^1,0.1,True,,
P1B_secondary_totalH_T_self_all,"early(s=1) - late(s=2), w=2",all,amplification,,1,1,2,0,0,0,0.0,0.0,0.0,0.0,0.0,1.0,,0.0,0.0,0.0,0.0,0.0,1.0,,0.0,0.0,0.0,0.0,0.0,1.0,,exact 2^1,0.1,True,,
P1B_secondary_totalH_T_self_all,"early(s=1) - late(s=3), w=2",all,dev9_ref,,1,1,2,1,0,0,0.6900262985590099,0.6900262985590099,0.6900262985590099,0.6900262985590099,0.6900262985590099,1.0,,0.6900262985590099,0.6900262985590099,0.6900262985590099,0.6900262985590099,0.6900262985590099,1.0,,0.6900262985590099,0.6900262985590099,0.6900262985590099,0.6900262985590099,0.6900262985590099,1.0,,exact 2^1,0.5,False,,
P1B_secondary_totalH_T_self_all,"early(s=1) - late(s=3), w=2",all,severe_ref2,,1,1,2,0,0,0,0.0,0.0,0.0,0.0,0.0,1.0,,0.0,0.0,0.0,0.0,0.0,1.0,,0.0,0.0,0.0,0.0,0.0,1.0,,exact 2^1,0.1,True,,
P1B_secondary_totalH_T_self_all,"early(s=1) - late(s=3), w=2",all,severe_ref3,,1,1,2,1,0,0,0.5,0.5,0.5,0.5,0.5,1.0,,0.5,0.5,0.5,0.5,0.5,1.0,,0.5,0.5,0.5,0.5,0.5,1.0,,exact 2^1,0.1,False,,
P1B_secondary_totalH_T_self_all,"early(s=1) - late(s=3), w=2",all,severe_ref4,,1,1,2,0,0,0,0.0,0.0,0.0,0.0,0.0,1.0,,0.0,0.0,0.0,0.0,0.0,1.0,,0.0,0.0,0.0,0.0,0.0,1.0,,exact 2^1,0.1,True,,
P1B_secondary_totalH_T_self_all,"early(s=1) - late(s=3), w=2",all,amplification,,1,1,2,0,0,0,0.0,0.0,0.0,0.0,0.0,1.0,,0.0,0.0,0.0,0.0,0.0,1.0,,0.0,0.0,0.0,0.0,0.0,1.0,,exact 2^1,0.1,True,,
P1B_secondary_totalH_T_self_all,"early(s=1) - late(s=4), w=2",all,dev9_ref,,1,1,2,1,0,0,0.8600375061789828,0.8600375061789828,0.8600375061789828,0.8600375061789828,0.8600375061789828,1.0,,0.8600375061789828,0.8600375061789828,0.8600375061789828,0.8600375061789828,0.8600375061789828,1.0,,0.8600375061789828,0.8600375061789828,0.8600375061789828,0.8600375061789828,0.8600375061789828,1.0,,exact 2^1,0.5,False,,
P1B_secondary_totalH_T_self_all,"early(s=1) - late(s=4), w=2",all,severe_ref2,,1,1,2,1,0,0,0.5,0.5,0.5,0.5,0.5,1.0,,0.5,0.5,0.5,0.5,0.5,1.0,,0.5,0.5,0.5,0.5,0.5,1.0,,exact 2^1,0.1,False,,
P1B_secondary_totalH_T_self_all,"early(s=1) - late(s=4), w=2",all,severe_ref3,,1,1,2,1,0,0,0.5,0.5,0.5,0.5,0.5,1.0,,0.5,0.5,0.5,0.5,0.5,1.0,,0.5,0.5,0.5,0.5,0.5,1.0,,exact 2^1,0.1,False,,
P1B_secondary_totalH_T_self_all,"early(s=1) - late(s=4), w=2",all,severe_ref4,,1,1,2,0,0,0,0.0,0.0,0.0,0.0,0.0,1.0,,0.0,0.0,0.0,0.0,0.0,1.0,,0.0,0.0,0.0,0.0,0.0,1.0,,exact 2^1,0.1,True,,
P1B_secondary_totalH_T_self_all,"early(s=1) - late(s=4), w=2",all,amplification,,1,1,2,0,0,0,0.0,0.0,0.0,0.0,0.0,1.0,,0.0,0.0,0.0,0.0,0.0,1.0,,0.0,0.0,0.0,0.0,0.0,1.0,,exact 2^1,0.1,True,,
P1B_secondary_totalH_T_self_all,"early(s=1) - late(s=2), w=3",all,dev9_ref,,1,1,2,1,0,0,0.058562133137246564,0.058562133137246564,0.058562133137246564,0.058562133137246564,0.058562133137246564,1.0,,0.058562133137246564,0.058562133137246564,0.058562133137246564,0.058562133137246564,0.058562133137246564,1.0,,0.058562133137246564,0.058562133137246564,0.058562133137246564,0.058562133137246564,0.058562133137246564,1.0,,exact 2^1,0.5,True,,
P1B_secondary_totalH_T_self_all,"early(s=1) - late(s=2), w=3",all,severe_ref2,,1,1,2,0,0,0,0.0,0.0,0.0,0.0,0.0,1.0,,0.0,0.0,0.0,0.0,0.0,1.0,,0.0,0.0,0.0,0.0,0.0,1.0,,exact 2^1,0.1,True,,
P1B_secondary_totalH_T_self_all,"early(s=1) - late(s=2), w=3",all,severe_ref3,,1,1,2,0,0,0,0.0,0.0,0.0,0.0,0.0,1.0,,0.0,0.0,0.0,0.0,0.0,1.0,,0.0,0.0,0.0,0.0,0.0,1.0,,exact 2^1,0.1,True,,
P1B_secondary_totalH_T_self_all,"early(s=1) - late(s=2), w=3",all,severe_ref4,,1,1,2,0,0,0,0.0,0.0,0.0,0.0,0.0,1.0,,0.0,0.0,0.0,0.0,0.0,1.0,,0.0,0.0,0.0,0.0,0.0,1.0,,exact 2^1,0.1,True,,
P1B_secondary_totalH_T_self_all,"early(s=1) - late(s=2), w=3",all,amplification,,1,1,2,0,0,0,0.0,0.0,0.0,0.0,0.0,1.0,,0.0,0.0,0.0,0.0,0.0,1.0,,0.0,0.0,0.0,0.0,0.0,1.0,,exact 2^1,0.1,True,,
P1B_secondary_totalH_T_self_all,"early(s=1) - late(s=3), w=3",all,dev9_ref,,1,1,2,1,0,0,0.7361103759077449,0.7361103759077449,0.7361103759077449,0.7361103759077449,0.7361103759077449,1.0,,0.7361103759077449,0.7361103759077449,0.7361103759077449,0.7361103759077449,0.7361103759077449,1.0,,0.7361103759077449,0.7361103759077449,0.7361103759077449,0.7361103759077449,0.7361103759077449,1.0,,exact 2^1,0.5,False,,
P1B_secondary_totalH_T_self_all,"early(s=1) - late(s=3), w=3",all,severe_ref2,,1,1,2,1,0,0,0.5,0.5,0.5,0.5,0.5,1.0,,0.5,0.5,0.5,0.5,0.5,1.0,,0.5,0.5,0.5,0.5,0.5,1.0,,exact 2^1,0.1,False,,
P1B_secondary_totalH_T_self_all,"early(s=1) - late(s=3), w=3",all,severe_ref3,,1,1,2,0,0,0,0.0,0.0,0.0,0.0,0.0,1.0,,0.0,0.0,0.0,0.0,0.0,1.0,,0.0,0.0,0.0,0.0,0.0,1.0,,exact 2^1,0.1,True,,
P1B_secondary_totalH_T_self_all,"early(s=1) - late(s=3), w=3",all,severe_ref4,,1,1,2,0,0,0,0.0,0.0,0.0,0.0,0.0,1.0,,0.0,0.0,0.0,0.0,0.0,1.0,,0.0,0.0,0.0,0.0,0.0,1.0,,exact 2^1,0.1,True,,
P1B_secondary_totalH_T_self_all,"early(s=1) - late(s=3), w=3",all,amplification,,1,1,2,0,0,0,0.0,0.0,0.0,0.0,0.0,1.0,,0.0,0.0,0.0,0.0,0.0,1.0,,0.0,0.0,0.0,0.0,0.0,1.0,,exact 2^1,0.1,True,,
P1B_secondary_totalH_T_self_all,"early(s=1) - late(s=4), w=3",all,dev9_ref,,1,1,2,1,0,0,1.0799522323635165,1.0799522323635165,1.0799522323635165,1.0799522323635165,1.0799522323635165,1.0,,1.0799522323635165,1.0799522323635165,1.0799522323635165,1.0799522323635165,1.0799522323635165,1.0,,1.0799522323635165,1.0799522323635165,1.0799522323635165,1.0799522323635165,1.0799522323635165,1.0,,exact 2^1,0.5,False,,
P1B_secondary_totalH_T_self_all,"early(s=1) - late(s=4), w=3",all,severe_ref2,,1,1,2,1,0,0,0.5,0.5,0.5,0.5,0.5,1.0,,0.5,0.5,0.5,0.5,0.5,1.0,,0.5,0.5,0.5,0.5,0.5,1.0,,exact 2^1,0.1,False,,
P1B_secondary_totalH_T_self_all,"early(s=1) - late(s=4), w=3",all,severe_ref3,,1,1,2,0,0,0,0.0,0.0,0.0,0.0,0.0,1.0,,0.0,0.0,0.0,0.0,0.0,1.0,,0.0,0.0,0.0,0.0,0.0,1.0,,exact 2^1,0.1,True,,
P1B_secondary_totalH_T_self_all,"early(s=1) - late(s=4), w=3",all,severe_ref4,,1,1,2,0,0,0,0.0,0.0,0.0,0.0,0.0,1.0,,0.0,0.0,0.0,0.0,0.0,1.0,,0.0,0.0,0.0,0.0,0.0,1.0,,exact 2^1,0.1,True,,
P1B_secondary_totalH_T_self_all,"early(s=1) - late(s=4), w=3",all,amplification,,1,1,2,0,0,0,0.0,0.0,0.0,0.0,0.0,1.0,,0.0,0.0,0.0,0.0,0.0,1.0,,0.0,0.0,0.0,0.0,0.0,1.0,,exact 2^1,0.1,True,,
P1B_map_T_self_all,"window(s=1,w=1) - normal",all,dev9_ref,,1,1,2,1,0,0,0.05616710872226194,0.05616710872226194,0.05616710872226194,0.05616710872226194,0.05616710872226194,1.0,,0.05616710872226194,0.05616710872226194,0.05616710872226194,0.05616710872226194,0.05616710872226194,1.0,,0.05616710872226194,0.05616710872226194,0.05616710872226194,0.05616710872226194,0.05616710872226194,1.0,,exact 2^1,,,,
P1B_map_T_self_all,"window(s=1,w=2) - normal",all,dev9_ref,,1,1,2,1,0,0,0.35238940241255545,0.35238940241255545,0.35238940241255545,0.35238940241255545,0.35238940241255545,1.0,,0.35238940241255545,0.35238940241255545,0.35238940241255545,0.35238940241255545,0.35238940241255545,1.0,,0.35238940241255545,0.35238940241255545,0.35238940241255545,0.35238940241255545,0.35238940241255545,1.0,,exact 2^1,,,,
P1B_map_T_self_all,"window(s=1,w=3) - normal",all,dev9_ref,,1,1,2,1,0,0,0.11560216284357916,0.11560216284357916,0.11560216284357916,0.11560216284357916,0.11560216284357916,1.0,,0.11560216284357916,0.11560216284357916,0.11560216284357916,0.11560216284357916,0.11560216284357916,1.0,,0.11560216284357916,0.11560216284357916,0.11560216284357916,0.11560216284357916,0.11560216284357916,1.0,,exact 2^1,,,,
P1B_map_T_self_all,"window(s=2,w=1) - normal",all,dev9_ref,,1,1,2,1,0,0,0.22217834118322843,0.22217834118322843,0.22217834118322843,0.22217834118322843,0.22217834118322843,1.0,,0.22217834118322843,0.22217834118322843,0.22217834118322843,0.22217834118322843,0.22217834118322843,1.0,,0.22217834118322843,0.22217834118322843,0.22217834118322843,0.22217834118322843,0.22217834118322843,1.0,,exact 2^1,,,,
P1B_map_T_self_all,"window(s=2,w=2) - normal",all,dev9_ref,,1,1,2,1,0,0,0.1814465300169713,0.1814465300169713,0.1814465300169713,0.1814465300169713,0.1814465300169713,1.0,,0.1814465300169713,0.1814465300169713,0.1814465300169713,0.1814465300169713,0.1814465300169713,1.0,,0.1814465300169713,0.1814465300169713,0.1814465300169713,0.1814465300169713,0.1814465300169713,1.0,,exact 2^1,,,,
P1B_map_T_self_all,"window(s=2,w=3) - normal",all,dev9_ref,,1,1,2,1,0,0,0.057040029706332596,0.057040029706332596,0.057040029706332596,0.057040029706332596,0.057040029706332596,1.0,,0.057040029706332596,0.057040029706332596,0.057040029706332596,0.057040029706332596,0.057040029706332596,1.0,,0.057040029706332596,0.057040029706332596,0.057040029706332596,0.057040029706332596,0.057040029706332596,1.0,,exact 2^1,,,,
P1B_map_T_self_all,"window(s=3,w=1) - normal",all,dev9_ref,,1,1,2,1,0,0,-0.41344751572334926,-0.41344751572334926,-0.41344751572334926,-0.41344751572334926,-0.41344751572334926,1.0,,-0.41344751572334926,-0.41344751572334926,-0.41344751572334926,-0.41344751572334926,-0.41344751572334926,1.0,,-0.41344751572334926,-0.41344751572334926,-0.41344751572334926,-0.41344751572334926,-0.41344751572334926,1.0,,exact 2^1,,,,
P1B_map_T_self_all,"window(s=3,w=2) - normal",all,dev9_ref,,1,1,2,1,0,0,-0.3376368961464544,-0.3376368961464544,-0.3376368961464544,-0.3376368961464544,-0.3376368961464544,1.0,,-0.3376368961464544,-0.3376368961464544,-0.3376368961464544,-0.3376368961464544,-0.3376368961464544,1.0,,-0.3376368961464544,-0.3376368961464544,-0.3376368961464544,-0.3376368961464544,-0.3376368961464544,1.0,,exact 2^1,,,,
P1B_map_T_self_all,"window(s=3,w=3) - normal",all,dev9_ref,,1,1,2,1,0,0,-0.6205082130641657,-0.6205082130641657,-0.6205082130641657,-0.6205082130641657,-0.6205082130641657,1.0,,-0.6205082130641657,-0.6205082130641657,-0.6205082130641657,-0.6205082130641657,-0.6205082130641657,1.0,,-0.6205082130641657,-0.6205082130641657,-0.6205082130641657,-0.6205082130641657,-0.6205082130641657,1.0,,exact 2^1,,,,
P1B_map_T_self_all,"window(s=4,w=1) - normal",all,dev9_ref,,1,1,2,1,0,0,-0.07182139047567992,-0.07182139047567992,-0.07182139047567992,-0.07182139047567992,-0.07182139047567992,1.0,,-0.07182139047567992,-0.07182139047567992,-0.07182139047567992,-0.07182139047567992,-0.07182139047567992,1.0,,-0.07182139047567992,-0.07182139047567992,-0.07182139047567992,-0.07182139047567992,-0.07182139047567992,1.0,,exact 2^1,,,,
P1B_map_T_self_all,"window(s=4,w=2) - normal",all,dev9_ref,,1,1,2,1,0,0,-0.5076481037664273,-0.5076481037664273,-0.5076481037664273,-0.5076481037664273,-0.5076481037664273,1.0,,-0.5076481037664273,-0.5076481037664273,-0.5076481037664273,-0.5076481037664273,-0.5076481037664273,1.0,,-0.5076481037664273,-0.5076481037664273,-0.5076481037664273,-0.5076481037664273,-0.5076481037664273,1.0,,exact 2^1,,,,
P1B_map_T_self_all,"window(s=4,w=3) - normal",all,dev9_ref,,1,1,2,1,0,0,-0.9643500695199373,-0.9643500695199373,-0.9643500695199373,-0.9643500695199373,-0.9643500695199373,1.0,,-0.9643500695199373,-0.9643500695199373,-0.9643500695199373,-0.9643500695199373,-0.9643500695199373,1.0,,-0.9643500695199373,-0.9643500695199373,-0.9643500695199373,-0.9643500695199373,-0.9643500695199373,1.0,,exact 2^1,,,,
P1B_secondary_freeH_N2_gt_P_gt_A-,"early(s=1) - late(s=3) of (window - normal) on same poses, w=1",A-,eff,"release-aligned, N=2 free poses, target=gt",1,1,2,1,0,0,-0.10715453796899649,-0.10715453796899649,-0.10715453796899649,-0.10715453796899649,-0.10715453796899649,1.0,,-0.10715453796899649,-0.10715453796899649,-0.10715453796899649,-0.10715453796899649,-0.10715453796899649,1.0,,-0.10715453796899649,-0.10715453796899649,-0.10715453796899649,-0.10715453796899649,-0.10715453796899649,1.0,,exact 2^1,,,,
P1B_secondary_freeH_N2_gt_P_gt_A-,"early(s=1) - late(s=3) of (window - normal) on same poses, w=1",A-,eff_exceed2,"release-aligned, N=2 free poses, target=gt",1,1,2,0,0,0,0.0,0.0,0.0,0.0,0.0,1.0,,0.0,0.0,0.0,0.0,0.0,1.0,,0.0,0.0,0.0,0.0,0.0,1.0,,exact 2^1,,,,
P1B_secondary_freeH_N2_gt_P_gt_A-,"early(s=1) - late(s=3) of (window - normal) on same poses, w=1",A-,eff_exceed3,"release-aligned, N=2 free poses, target=gt",1,1,2,0,0,0,0.0,0.0,0.0,0.0,0.0,1.0,,0.0,0.0,0.0,0.0,0.0,1.0,,0.0,0.0,0.0,0.0,0.0,1.0,,exact 2^1,,,,
P1B_secondary_freeH_N2_gt_P_gt_A-,"early(s=1) - late(s=3) of (window - normal) on same poses, w=1",A-,eff_exceed4,"release-aligned, N=2 free poses, target=gt",1,1,2,0,0,0,0.0,0.0,0.0,0.0,0.0,1.0,,0.0,0.0,0.0,0.0,0.0,1.0,,0.0,0.0,0.0,0.0,0.0,1.0,,exact 2^1,,,,
P1B_secondary_freeH_N2_gt_P_gt_A-,"early(s=1) - late(s=3) of (window - normal) on same poses, w=2",A-,eff,"release-aligned, N=2 free poses, target=gt",1,1,2,1,0,0,0.1942719999058016,0.1942719999058016,0.1942719999058016,0.1942719999058016,0.1942719999058016,1.0,,0.1942719999058016,0.1942719999058016,0.1942719999058016,0.1942719999058016,0.1942719999058016,1.0,,0.1942719999058016,0.1942719999058016,0.1942719999058016,0.1942719999058016,0.1942719999058016,1.0,,exact 2^1,,,,
P1B_secondary_freeH_N2_gt_P_gt_A-,"early(s=1) - late(s=3) of (window - normal) on same poses, w=2",A-,eff_exceed2,"release-aligned, N=2 free poses, target=gt",1,1,2,1,0,0,-0.5,-0.5,-0.5,-0.5,-0.5,1.0,,-0.5,-0.5,-0.5,-0.5,-0.5,1.0,,-0.5,-0.5,-0.5,-0.5,-0.5,1.0,,exact 2^1,,,,
P1B_secondary_freeH_N2_gt_P_gt_A-,"early(s=1) - late(s=3) of (window - normal) on same poses, w=2",A-,eff_exceed3,"release-aligned, N=2 free poses, target=gt",1,1,2,0,0,0,0.0,0.0,0.0,0.0,0.0,1.0,,0.0,0.0,0.0,0.0,0.0,1.0,,0.0,0.0,0.0,0.0,0.0,1.0,,exact 2^1,,,,
P1B_secondary_freeH_N2_gt_P_gt_A-,"early(s=1) - late(s=3) of (window - normal) on same poses, w=2",A-,eff_exceed4,"release-aligned, N=2 free poses, target=gt",1,1,2,0,0,0,0.0,0.0,0.0,0.0,0.0,1.0,,0.0,0.0,0.0,0.0,0.0,1.0,,0.0,0.0,0.0,0.0,0.0,1.0,,exact 2^1,,,,
P1B_secondary_freeH_N2_gt_P_gt_A-,"early(s=1) - late(s=3) of (window - normal) on same poses, w=3",A-,eff,"release-aligned, N=2 free poses, target=gt",1,1,2,1,0,0,0.2231575555602673,0.2231575555602673,0.2231575555602673,0.2231575555602673,0.2231575555602673,1.0,,0.2231575555602673,0.2231575555602673,0.2231575555602673,0.2231575555602673,0.2231575555602673,1.0,,0.2231575555602673,0.2231575555602673,0.2231575555602673,0.2231575555602673,0.2231575555602673,1.0,,exact 2^1,,,,
P1B_secondary_freeH_N2_gt_P_gt_A-,"early(s=1) - late(s=3) of (window - normal) on same poses, w=3",A-,eff_exceed2,"release-aligned, N=2 free poses, target=gt",1,1,2,1,0,0,0.5,0.5,0.5,0.5,0.5,1.0,,0.5,0.5,0.5,0.5,0.5,1.0,,0.5,0.5,0.5,0.5,0.5,1.0,,exact 2^1,,,,
P1B_secondary_freeH_N2_gt_P_gt_A-,"early(s=1) - late(s=3) of (window - normal) on same poses, w=3",A-,eff_exceed3,"release-aligned, N=2 free poses, target=gt",1,1,2,0,0,0,0.0,0.0,0.0,0.0,0.0,1.0,,0.0,0.0,0.0,0.0,0.0,1.0,,0.0,0.0,0.0,0.0,0.0,1.0,,exact 2^1,,,,
P1B_secondary_freeH_N2_gt_P_gt_A-,"early(s=1) - late(s=3) of (window - normal) on same poses, w=3",A-,eff_exceed4,"release-aligned, N=2 free poses, target=gt",1,1,2,0,0,0,0.0,0.0,0.0,0.0,0.0,1.0,,0.0,0.0,0.0,0.0,0.0,1.0,,0.0,0.0,0.0,0.0,0.0,1.0,,exact 2^1,,,,
P1B_secondary_freeH_N2_gt_P_self_A-,"early(s=1) - late(s=3) of (window - normal) on same poses, w=1",A-,eff,"release-aligned, N=2 free poses, target=gt",1,1,2,1,0,0,0.3823329750082155,0.3823329750082155,0.3823329750082155,0.3823329750082155,0.3823329750082155,1.0,,0.3823329750082155,0.3823329750082155,0.3823329750082155,0.3823329750082155,0.3823329750082155,1.0,,0.3823329750082155,0.3823329750082155,0.3823329750082155,0.3823329750082155,0.3823329750082155,1.0,,exact 2^1,,,,
P1B_secondary_freeH_N2_gt_P_self_A-,"early(s=1) - late(s=3) of (window - normal) on same poses, w=1",A-,eff_exceed2,"release-aligned, N=2 free poses, target=gt",1,1,2,0,0,0,0.0,0.0,0.0,0.0,0.0,1.0,,0.0,0.0,0.0,0.0,0.0,1.0,,0.0,0.0,0.0,0.0,0.0,1.0,,exact 2^1,,,,
P1B_secondary_freeH_N2_gt_P_self_A-,"early(s=1) - late(s=3) of (window - normal) on same poses, w=1",A-,eff_exceed3,"release-aligned, N=2 free poses, target=gt",1,1,2,0,0,0,0.0,0.0,0.0,0.0,0.0,1.0,,0.0,0.0,0.0,0.0,0.0,1.0,,0.0,0.0,0.0,0.0,0.0,1.0,,exact 2^1,,,,
P1B_secondary_freeH_N2_gt_P_self_A-,"early(s=1) - late(s=3) of (window - normal) on same poses, w=1",A-,eff_exceed4,"release-aligned, N=2 free poses, target=gt",1,1,2,0,0,0,0.0,0.0,0.0,0.0,0.0,1.0,,0.0,0.0,0.0,0.0,0.0,1.0,,0.0,0.0,0.0,0.0,0.0,1.0,,exact 2^1,,,,
P1B_secondary_freeH_N2_gt_P_self_A-,"early(s=1) - late(s=3) of (window - normal) on same poses, w=2",A-,eff,"release-aligned, N=2 free poses, target=gt",1,1,2,1,0,0,-0.5618252422431225,-0.5618252422431225,-0.5618252422431225,-0.5618252422431225,-0.5618252422431225,1.0,,-0.5618252422431225,-0.5618252422431225,-0.5618252422431225,-0.5618252422431225,-0.5618252422431225,1.0,,-0.5618252422431225,-0.5618252422431225,-0.5618252422431225,-0.5618252422431225,-0.5618252422431225,1.0,,exact 2^1,,,,
P1B_secondary_freeH_N2_gt_P_self_A-,"early(s=1) - late(s=3) of (window - normal) on same poses, w=2",A-,eff_exceed2,"release-aligned, N=2 free poses, target=gt",1,1,2,1,0,0,-0.5,-0.5,-0.5,-0.5,-0.5,1.0,,-0.5,-0.5,-0.5,-0.5,-0.5,1.0,,-0.5,-0.5,-0.5,-0.5,-0.5,1.0,,exact 2^1,,,,
P1B_secondary_freeH_N2_gt_P_self_A-,"early(s=1) - late(s=3) of (window - normal) on same poses, w=2",A-,eff_exceed3,"release-aligned, N=2 free poses, target=gt",1,1,2,0,0,0,0.0,0.0,0.0,0.0,0.0,1.0,,0.0,0.0,0.0,0.0,0.0,1.0,,0.0,0.0,0.0,0.0,0.0,1.0,,exact 2^1,,,,
P1B_secondary_freeH_N2_gt_P_self_A-,"early(s=1) - late(s=3) of (window - normal) on same poses, w=2",A-,eff_exceed4,"release-aligned, N=2 free poses, target=gt",1,1,2,0,0,0,0.0,0.0,0.0,0.0,0.0,1.0,,0.0,0.0,0.0,0.0,0.0,1.0,,0.0,0.0,0.0,0.0,0.0,1.0,,exact 2^1,,,,
P1B_secondary_freeH_N2_gt_P_self_A-,"early(s=1) - late(s=3) of (window - normal) on same poses, w=3",A-,eff,"release-aligned, N=2 free poses, target=gt",1,1,2,1,0,0,-0.7853703301684816,-0.7853703301684816,-0.7853703301684816,-0.7853703301684816,-0.7853703301684816,1.0,,-0.7853703301684816,-0.7853703301684816,-0.7853703301684816,-0.7853703301684816,-0.7853703301684816,1.0,,-0.7853703301684816,-0.7853703301684816,-0.7853703301684816,-0.7853703301684816,-0.7853703301684816,1.0,,exact 2^1,,,,
P1B_secondary_freeH_N2_gt_P_self_A-,"early(s=1) - late(s=3) of (window - normal) on same poses, w=3",A-,eff_exceed2,"release-aligned, N=2 free poses, target=gt",1,1,2,0,0,0,0.0,0.0,0.0,0.0,0.0,1.0,,0.0,0.0,0.0,0.0,0.0,1.0,,0.0,0.0,0.0,0.0,0.0,1.0,,exact 2^1,,,,
P1B_secondary_freeH_N2_gt_P_self_A-,"early(s=1) - late(s=3) of (window - normal) on same poses, w=3",A-,eff_exceed3,"release-aligned, N=2 free poses, target=gt",1,1,2,0,0,0,0.0,0.0,0.0,0.0,0.0,1.0,,0.0,0.0,0.0,0.0,0.0,1.0,,0.0,0.0,0.0,0.0,0.0,1.0,,exact 2^1,,,,
P1B_secondary_freeH_N2_gt_P_self_A-,"early(s=1) - late(s=3) of (window - normal) on same poses, w=3",A-,eff_exceed4,"release-aligned, N=2 free poses, target=gt",1,1,2,0,0,0,0.0,0.0,0.0,0.0,0.0,1.0,,0.0,0.0,0.0,0.0,0.0,1.0,,0.0,0.0,0.0,0.0,0.0,1.0,,exact 2^1,,,,
P1B_secondary_freeH_N2_gt_T_gt_A-,"early(s=1) - late(s=3) of (window - normal) on same poses, w=1",A-,eff,"release-aligned, N=2 free poses, target=gt",1,1,2,1,0,0,0.07325355200652567,0.07325355200652567,0.07325355200652567,0.07325355200652567,0.07325355200652567,1.0,,0.07325355200652567,0.07325355200652567,0.07325355200652567,0.07325355200652567,0.07325355200652567,1.0,,0.07325355200652567,0.07325355200652567,0.07325355200652567,0.07325355200652567,0.07325355200652567,1.0,,exact 2^1,,,,
P1B_secondary_freeH_N2_gt_T_gt_A-,"early(s=1) - late(s=3) of (window - normal) on same poses, w=1",A-,eff_exceed2,"release-aligned, N=2 free poses, target=gt",1,1,2,0,0,0,0.0,0.0,0.0,0.0,0.0,1.0,,0.0,0.0,0.0,0.0,0.0,1.0,,0.0,0.0,0.0,0.0,0.0,1.0,,exact 2^1,,,,
P1B_secondary_freeH_N2_gt_T_gt_A-,"early(s=1) - late(s=3) of (window - normal) on same poses, w=1",A-,eff_exceed3,"release-aligned, N=2 free poses, target=gt",1,1,2,0,0,0,0.0,0.0,0.0,0.0,0.0,1.0,,0.0,0.0,0.0,0.0,0.0,1.0,,0.0,0.0,0.0,0.0,0.0,1.0,,exact 2^1,,,,
P1B_secondary_freeH_N2_gt_T_gt_A-,"early(s=1) - late(s=3) of (window - normal) on same poses, w=1",A-,eff_exceed4,"release-aligned, N=2 free poses, target=gt",1,1,2,0,0,0,0.0,0.0,0.0,0.0,0.0,1.0,,0.0,0.0,0.0,0.0,0.0,1.0,,0.0,0.0,0.0,0.0,0.0,1.0,,exact 2^1,,,,
P1B_secondary_freeH_N2_gt_T_gt_A-,"early(s=1) - late(s=3) of (window - normal) on same poses, w=2",A-,eff,"release-aligned, N=2 free poses, target=gt",1,1,2,1,0,0,0.16867624244125246,0.16867624244125246,0.16867624244125246,0.16867624244125246,0.16867624244125246,1.0,,0.16867624244125246,0.16867624244125246,0.16867624244125246,0.16867624244125246,0.16867624244125246,1.0,,0.16867624244125246,0.16867624244125246,0.16867624244125246,0.16867624244125246,0.16867624244125246,1.0,,exact 2^1,,,,
P1B_secondary_freeH_N2_gt_T_gt_A-,"early(s=1) - late(s=3) of (window - normal) on same poses, w=2",A-,eff_exceed2,"release-aligned, N=2 free poses, target=gt",1,1,2,1,0,0,-0.5,-0.5,-0.5,-0.5,-0.5,1.0,,-0.5,-0.5,-0.5,-0.5,-0.5,1.0,,-0.5,-0.5,-0.5,-0.5,-0.5,1.0,,exact 2^1,,,,
P1B_secondary_freeH_N2_gt_T_gt_A-,"early(s=1) - late(s=3) of (window - normal) on same poses, w=2",A-,eff_exceed3,"release-aligned, N=2 free poses, target=gt",1,1,2,0,0,0,0.0,0.0,0.0,0.0,0.0,1.0,,0.0,0.0,0.0,0.0,0.0,1.0,,0.0,0.0,0.0,0.0,0.0,1.0,,exact 2^1,,,,
P1B_secondary_freeH_N2_gt_T_gt_A-,"early(s=1) - late(s=3) of (window - normal) on same poses, w=2",A-,eff_exceed4,"release-aligned, N=2 free poses, target=gt",1,1,2,0,0,0,0.0,0.0,0.0,0.0,0.0,1.0,,0.0,0.0,0.0,0.0,0.0,1.0,,0.0,0.0,0.0,0.0,0.0,1.0,,exact 2^1,,,,
P1B_secondary_freeH_N2_gt_T_gt_A-,"early(s=1) - late(s=3) of (window - normal) on same poses, w=3",A-,eff,"release-aligned, N=2 free poses, target=gt",1,1,2,1,0,0,-0.0038894995233347274,-0.0038894995233347274,-0.0038894995233347274,-0.0038894995233347274,-0.0038894995233347274,1.0,,-0.0038894995233347274,-0.0038894995233347274,-0.0038894995233347274,-0.0038894995233347274,-0.0038894995233347274,1.0,,-0.0038894995233347274,-0.0038894995233347274,-0.0038894995233347274,-0.0038894995233347274,-0.0038894995233347274,1.0,,exact 2^1,,,,
P1B_secondary_freeH_N2_gt_T_gt_A-,"early(s=1) - late(s=3) of (window - normal) on same poses, w=3",A-,eff_exceed2,"release-aligned, N=2 free poses, target=gt",1,1,2,1,0,0,0.5,0.5,0.5,0.5,0.5,1.0,,0.5,0.5,0.5,0.5,0.5,1.0,,0.5,0.5,0.5,0.5,0.5,1.0,,exact 2^1,,,,
P1B_secondary_freeH_N2_gt_T_gt_A-,"early(s=1) - late(s=3) of (window - normal) on same poses, w=3",A-,eff_exceed3,"release-aligned, N=2 free poses, target=gt",1,1,2,0,0,0,0.0,0.0,0.0,0.0,0.0,1.0,,0.0,0.0,0.0,0.0,0.0,1.0,,0.0,0.0,0.0,0.0,0.0,1.0,,exact 2^1,,,,
P1B_secondary_freeH_N2_gt_T_gt_A-,"early(s=1) - late(s=3) of (window - normal) on same poses, w=3",A-,eff_exceed4,"release-aligned, N=2 free poses, target=gt",1,1,2,0,0,0,0.0,0.0,0.0,0.0,0.0,1.0,,0.0,0.0,0.0,0.0,0.0,1.0,,0.0,0.0,0.0,0.0,0.0,1.0,,exact 2^1,,,,
P1B_secondary_freeH_N2_gt_T_self_A-,"early(s=1) - late(s=3) of (window - normal) on same poses, w=1",A-,eff,"release-aligned, N=2 free poses, target=gt",1,1,2,1,0,0,0.1285532494125818,0.1285532494125818,0.1285532494125818,0.1285532494125818,0.1285532494125818,1.0,,0.1285532494125818,0.1285532494125818,0.1285532494125818,0.1285532494125818,0.1285532494125818,1.0,,0.1285532494125818,0.1285532494125818,0.1285532494125818,0.1285532494125818,0.1285532494125818,1.0,,exact 2^1,,,,
P1B_secondary_freeH_N2_gt_T_self_A-,"early(s=1) - late(s=3) of (window - normal) on same poses, w=1",A-,eff_exceed2,"release-aligned, N=2 free poses, target=gt",1,1,2,0,0,0,0.0,0.0,0.0,0.0,0.0,1.0,,0.0,0.0,0.0,0.0,0.0,1.0,,0.0,0.0,0.0,0.0,0.0,1.0,,exact 2^1,,,,
P1B_secondary_freeH_N2_gt_T_self_A-,"early(s=1) - late(s=3) of (window - normal) on same poses, w=1",A-,eff_exceed3,"release-aligned, N=2 free poses, target=gt",1,1,2,0,0,0,0.0,0.0,0.0,0.0,0.0,1.0,,0.0,0.0,0.0,0.0,0.0,1.0,,0.0,0.0,0.0,0.0,0.0,1.0,,exact 2^1,,,,
P1B_secondary_freeH_N2_gt_T_self_A-,"early(s=1) - late(s=3) of (window - normal) on same poses, w=1",A-,eff_exceed4,"release-aligned, N=2 free poses, target=gt",1,1,2,0,0,0,0.0,0.0,0.0,0.0,0.0,1.0,,0.0,0.0,0.0,0.0,0.0,1.0,,0.0,0.0,0.0,0.0,0.0,1.0,,exact 2^1,,,,
P1B_secondary_freeH_N2_gt_T_self_A-,"early(s=1) - late(s=3) of (window - normal) on same poses, w=2",A-,eff,"release-aligned, N=2 free poses, target=gt",1,1,2,1,0,0,-0.007716857107765096,-0.007716857107765096,-0.007716857107765096,-0.007716857107765096,-0.007716857107765096,1.0,,-0.007716857107765096,-0.007716857107765096,-0.007716857107765096,-0.007716857107765096,-0.007716857107765096,1.0,,-0.007716857107765096,-0.007716857107765096,-0.007716857107765096,-0.007716857107765096,-0.007716857107765096,1.0,,exact 2^1,,,,
P1B_secondary_freeH_N2_gt_T_self_A-,"early(s=1) - late(s=3) of (window - normal) on same poses, w=2",A-,eff_exceed2,"release-aligned, N=2 free poses, target=gt",1,1,2,1,0,0,-0.5,-0.5,-0.5,-0.5,-0.5,1.0,,-0.5,-0.5,-0.5,-0.5,-0.5,1.0,,-0.5,-0.5,-0.5,-0.5,-0.5,1.0,,exact 2^1,,,,
P1B_secondary_freeH_N2_gt_T_self_A-,"early(s=1) - late(s=3) of (window - normal) on same poses, w=2",A-,eff_exceed3,"release-aligned, N=2 free poses, target=gt",1,1,2,0,0,0,0.0,0.0,0.0,0.0,0.0,1.0,,0.0,0.0,0.0,0.0,0.0,1.0,,0.0,0.0,0.0,0.0,0.0,1.0,,exact 2^1,,,,
P1B_secondary_freeH_N2_gt_T_self_A-,"early(s=1) - late(s=3) of (window - normal) on same poses, w=2",A-,eff_exceed4,"release-aligned, N=2 free poses, target=gt",1,1,2,0,0,0,0.0,0.0,0.0,0.0,0.0,1.0,,0.0,0.0,0.0,0.0,0.0,1.0,,0.0,0.0,0.0,0.0,0.0,1.0,,exact 2^1,,,,
P1B_secondary_freeH_N2_gt_T_self_A-,"early(s=1) - late(s=3) of (window - normal) on same poses, w=3",A-,eff,"release-aligned, N=2 free poses, target=gt",1,1,2,1,0,0,-0.9641959294807441,-0.9641959294807441,-0.9641959294807441,-0.9641959294807441,-0.9641959294807441,1.0,,-0.9641959294807441,-0.9641959294807441,-0.9641959294807441,-0.9641959294807441,-0.9641959294807441,1.0,,-0.9641959294807441,-0.9641959294807441,-0.9641959294807441,-0.9641959294807441,-0.9641959294807441,1.0,,exact 2^1,,,,
P1B_secondary_freeH_N2_gt_T_self_A-,"early(s=1) - late(s=3) of (window - normal) on same poses, w=3",A-,eff_exceed2,"release-aligned, N=2 free poses, target=gt",1,1,2,0,0,0,0.0,0.0,0.0,0.0,0.0,1.0,,0.0,0.0,0.0,0.0,0.0,1.0,,0.0,0.0,0.0,0.0,0.0,1.0,,exact 2^1,,,,
P1B_secondary_freeH_N2_gt_T_self_A-,"early(s=1) - late(s=3) of (window - normal) on same poses, w=3",A-,eff_exceed3,"release-aligned, N=2 free poses, target=gt",1,1,2,0,0,0,0.0,0.0,0.0,0.0,0.0,1.0,,0.0,0.0,0.0,0.0,0.0,1.0,,0.0,0.0,0.0,0.0,0.0,1.0,,exact 2^1,,,,
P1B_secondary_freeH_N2_gt_T_self_A-,"early(s=1) - late(s=3) of (window - normal) on same poses, w=3",A-,eff_exceed4,"release-aligned, N=2 free poses, target=gt",1,1,2,0,0,0,0.0,0.0,0.0,0.0,0.0,1.0,,0.0,0.0,0.0,0.0,0.0,1.0,,0.0,0.0,0.0,0.0,0.0,1.0,,exact 2^1,,,,
P1B_secondary_freeH_N2_ref_P_gt_A-,"early(s=1) - late(s=3) of (window - normal) on same poses, w=1",A-,eff,"release-aligned, N=2 free poses, target=ref",1,1,2,1,0,0,0.19758873131606602,0.19758873131606602,0.19758873131606602,0.19758873131606602,0.19758873131606602,1.0,,0.19758873131606602,0.19758873131606602,0.19758873131606602,0.19758873131606602,0.19758873131606602,1.0,,0.19758873131606602,0.19758873131606602,0.19758873131606602,0.19758873131606602,0.19758873131606602,1.0,,exact 2^1,,,,
P1B_secondary_freeH_N2_ref_P_gt_A-,"early(s=1) - late(s=3) of (window - normal) on same poses, w=1",A-,eff_exceed2,"release-aligned, N=2 free poses, target=ref",1,1,2,0,0,0,0.0,0.0,0.0,0.0,0.0,1.0,,0.0,0.0,0.0,0.0,0.0,1.0,,0.0,0.0,0.0,0.0,0.0,1.0,,exact 2^1,,,,
P1B_secondary_freeH_N2_ref_P_gt_A-,"early(s=1) - late(s=3) of (window - normal) on same poses, w=1",A-,eff_exceed3,"release-aligned, N=2 free poses, target=ref",1,1,2,0,0,0,0.0,0.0,0.0,0.0,0.0,1.0,,0.0,0.0,0.0,0.0,0.0,1.0,,0.0,0.0,0.0,0.0,0.0,1.0,,exact 2^1,,,,
P1B_secondary_freeH_N2_ref_P_gt_A-,"early(s=1) - late(s=3) of (window - normal) on same poses, w=1",A-,eff_exceed4,"release-aligned, N=2 free poses, target=ref",1,1,2,0,0,0,0.0,0.0,0.0,0.0,0.0,1.0,,0.0,0.0,0.0,0.0,0.0,1.0,,0.0,0.0,0.0,0.0,0.0,1.0,,exact 2^1,,,,
P1B_secondary_freeH_N2_ref_P_gt_A-,"early(s=1) - late(s=3) of (window - normal) on same poses, w=2",A-,eff,"release-aligned, N=2 free poses, target=ref",1,1,2,1,0,0,-0.36397090341053423,-0.36397090341053423,-0.36397090341053423,-0.36397090341053423,-0.36397090341053423,1.0,,-0.36397090341053423,-0.36397090341053423,-0.36397090341053423,-0.36397090341053423,-0.36397090341053423,1.0,,-0.36397090341053423,-0.36397090341053423,-0.36397090341053423,-0.36397090341053423,-0.36397090341053423,1.0,,exact 2^1,,,,
P1B_secondary_freeH_N2_ref_P_gt_A-,"early(s=1) - late(s=3) of (window - normal) on same poses, w=2",A-,eff_exceed2,"release-aligned, N=2 free poses, target=ref",1,1,2,0,0,0,0.0,0.0,0.0,0.0,0.0,1.0,,0.0,0.0,0.0,0.0,0.0,1.0,,0.0,0.0,0.0,0.0,0.0,1.0,,exact 2^1,,,,
P1B_secondary_freeH_N2_ref_P_gt_A-,"early(s=1) - late(s=3) of (window - normal) on same poses, w=2",A-,eff_exceed3,"release-aligned, N=2 free poses, target=ref",1,1,2,0,0,0,0.0,0.0,0.0,0.0,0.0,1.0,,0.0,0.0,0.0,0.0,0.0,1.0,,0.0,0.0,0.0,0.0,0.0,1.0,,exact 2^1,,,,
P1B_secondary_freeH_N2_ref_P_gt_A-,"early(s=1) - late(s=3) of (window - normal) on same poses, w=2",A-,eff_exceed4,"release-aligned, N=2 free poses, target=ref",1,1,2,0,0,0,0.0,0.0,0.0,0.0,0.0,1.0,,0.0,0.0,0.0,0.0,0.0,1.0,,0.0,0.0,0.0,0.0,0.0,1.0,,exact 2^1,,,,
P1B_secondary_freeH_N2_ref_P_gt_A-,"early(s=1) - late(s=3) of (window - normal) on same poses, w=3",A-,eff,"release-aligned, N=2 free poses, target=ref",1,1,2,1,0,0,-0.9178436434225132,-0.9178436434225132,-0.9178436434225132,-0.9178436434225132,-0.9178436434225132,1.0,,-0.9178436434225132,-0.9178436434225132,-0.9178436434225132,-0.9178436434225132,-0.9178436434225132,1.0,,-0.9178436434225132,-0.9178436434225132,-0.9178436434225132,-0.9178436434225132,-0.9178436434225132,1.0,,exact 2^1,,,,
P1B_secondary_freeH_N2_ref_P_gt_A-,"early(s=1) - late(s=3) of (window - normal) on same poses, w=3",A-,eff_exceed2,"release-aligned, N=2 free poses, target=ref",1,1,2,1,0,0,-1.0,-1.0,-1.0,-1.0,-1.0,1.0,,-1.0,-1.0,-1.0,-1.0,-1.0,1.0,,-1.0,-1.0,-1.0,-1.0,-1.0,1.0,,exact 2^1,,,,
P1B_secondary_freeH_N2_ref_P_gt_A-,"early(s=1) - late(s=3) of (window - normal) on same poses, w=3",A-,eff_exceed3,"release-aligned, N=2 free poses, target=ref",1,1,2,0,0,0,0.0,0.0,0.0,0.0,0.0,1.0,,0.0,0.0,0.0,0.0,0.0,1.0,,0.0,0.0,0.0,0.0,0.0,1.0,,exact 2^1,,,,
P1B_secondary_freeH_N2_ref_P_gt_A-,"early(s=1) - late(s=3) of (window - normal) on same poses, w=3",A-,eff_exceed4,"release-aligned, N=2 free poses, target=ref",1,1,2,0,0,0,0.0,0.0,0.0,0.0,0.0,1.0,,0.0,0.0,0.0,0.0,0.0,1.0,,0.0,0.0,0.0,0.0,0.0,1.0,,exact 2^1,,,,
P1B_secondary_freeH_N2_ref_P_self_A-,"early(s=1) - late(s=3) of (window - normal) on same poses, w=1",A-,eff,"release-aligned, N=2 free poses, target=ref",1,1,2,1,0,0,0.4024956241654397,0.4024956241654397,0.4024956241654397,0.4024956241654397,0.4024956241654397,1.0,,0.4024956241654397,0.4024956241654397,0.4024956241654397,0.4024956241654397,0.4024956241654397,1.0,,0.4024956241654397,0.4024956241654397,0.4024956241654397,0.4024956241654397,0.4024956241654397,1.0,,exact 2^1,,,,
P1B_secondary_freeH_N2_ref_P_self_A-,"early(s=1) - late(s=3) of (window - normal) on same poses, w=1",A-,eff_exceed2,"release-aligned, N=2 free poses, target=ref",1,1,2,1,0,0,0.5,0.5,0.5,0.5,0.5,1.0,,0.5,0.5,0.5,0.5,0.5,1.0,,0.5,0.5,0.5,0.5,0.5,1.0,,exact 2^1,,,,
P1B_secondary_freeH_N2_ref_P_self_A-,"early(s=1) - late(s=3) of (window - normal) on same poses, w=1",A-,eff_exceed3,"release-aligned, N=2 free poses, target=ref",1,1,2,0,0,0,0.0,0.0,0.0,0.0,0.0,1.0,,0.0,0.0,0.0,0.0,0.0,1.0,,0.0,0.0,0.0,0.0,0.0,1.0,,exact 2^1,,,,
P1B_secondary_freeH_N2_ref_P_self_A-,"early(s=1) - late(s=3) of (window - normal) on same poses, w=1",A-,eff_exceed4,"release-aligned, N=2 free poses, target=ref",1,1,2,0,0,0,0.0,0.0,0.0,0.0,0.0,1.0,,0.0,0.0,0.0,0.0,0.0,1.0,,0.0,0.0,0.0,0.0,0.0,1.0,,exact 2^1,,,,
P1B_secondary_freeH_N2_ref_P_self_A-,"early(s=1) - late(s=3) of (window - normal) on same poses, w=2",A-,eff,"release-aligned, N=2 free poses, target=ref",1,1,2,1,0,0,-0.1329871419291413,-0.1329871419291413,-0.1329871419291413,-0.1329871419291413,-0.1329871419291413,1.0,,-0.1329871419291413,-0.1329871419291413,-0.1329871419291413,-0.1329871419291413,-0.1329871419291413,1.0,,-0.1329871419291413,-0.1329871419291413,-0.1329871419291413,-0.1329871419291413,-0.1329871419291413,1.0,,exact 2^1,,,,
P1B_secondary_freeH_N2_ref_P_self_A-,"early(s=1) - late(s=3) of (window - normal) on same poses, w=2",A-,eff_exceed2,"release-aligned, N=2 free poses, target=ref",1,1,2,1,0,0,0.5,0.5,0.5,0.5,0.5,1.0,,0.5,0.5,0.5,0.5,0.5,1.0,,0.5,0.5,0.5,0.5,0.5,1.0,,exact 2^1,,,,
P1B_secondary_freeH_N2_ref_P_self_A-,"early(s=1) - late(s=3) of (window - normal) on same poses, w=2",A-,eff_exceed3,"release-aligned, N=2 free poses, target=ref",1,1,2,0,0,0,0.0,0.0,0.0,0.0,0.0,1.0,,0.0,0.0,0.0,0.0,0.0,1.0,,0.0,0.0,0.0,0.0,0.0,1.0,,exact 2^1,,,,
P1B_secondary_freeH_N2_ref_P_self_A-,"early(s=1) - late(s=3) of (window - normal) on same poses, w=2",A-,eff_exceed4,"release-aligned, N=2 free poses, target=ref",1,1,2,0,0,0,0.0,0.0,0.0,0.0,0.0,1.0,,0.0,0.0,0.0,0.0,0.0,1.0,,0.0,0.0,0.0,0.0,0.0,1.0,,exact 2^1,,,,
P1B_secondary_freeH_N2_ref_P_self_A-,"early(s=1) - late(s=3) of (window - normal) on same poses, w=3",A-,eff,"release-aligned, N=2 free poses, target=ref",1,1,2,1,0,0,0.18304475905684475,0.18304475905684475,0.18304475905684475,0.18304475905684475,0.18304475905684475,1.0,,0.18304475905684475,0.18304475905684475,0.18304475905684475,0.18304475905684475,0.18304475905684475,1.0,,0.18304475905684475,0.18304475905684475,0.18304475905684475,0.18304475905684475,0.18304475905684475,1.0,,exact 2^1,,,,
P1B_secondary_freeH_N2_ref_P_self_A-,"early(s=1) - late(s=3) of (window - normal) on same poses, w=3",A-,eff_exceed2,"release-aligned, N=2 free poses, target=ref",1,1,2,0,0,0,0.0,0.0,0.0,0.0,0.0,1.0,,0.0,0.0,0.0,0.0,0.0,1.0,,0.0,0.0,0.0,0.0,0.0,1.0,,exact 2^1,,,,
P1B_secondary_freeH_N2_ref_P_self_A-,"early(s=1) - late(s=3) of (window - normal) on same poses, w=3",A-,eff_exceed3,"release-aligned, N=2 free poses, target=ref",1,1,2,0,0,0,0.0,0.0,0.0,0.0,0.0,1.0,,0.0,0.0,0.0,0.0,0.0,1.0,,0.0,0.0,0.0,0.0,0.0,1.0,,exact 2^1,,,,
P1B_secondary_freeH_N2_ref_P_self_A-,"early(s=1) - late(s=3) of (window - normal) on same poses, w=3",A-,eff_exceed4,"release-aligned, N=2 free poses, target=ref",1,1,2,0,0,0,0.0,0.0,0.0,0.0,0.0,1.0,,0.0,0.0,0.0,0.0,0.0,1.0,,0.0,0.0,0.0,0.0,0.0,1.0,,exact 2^1,,,,
P1B_secondary_freeH_N2_ref_T_gt_A-,"early(s=1) - late(s=3) of (window - normal) on same poses, w=1",A-,eff,"release-aligned, N=2 free poses, target=ref",1,1,2,1,0,0,0.15775942221631278,0.15775942221631278,0.15775942221631278,0.15775942221631278,0.15775942221631278,1.0,,0.15775942221631278,0.15775942221631278,0.15775942221631278,0.15775942221631278,0.15775942221631278,1.0,,0.15775942221631278,0.15775942221631278,0.15775942221631278,0.15775942221631278,0.15775942221631278,1.0,,exact 2^1,,,,
P1B_secondary_freeH_N2_ref_T_gt_A-,"early(s=1) - late(s=3) of (window - normal) on same poses, w=1",A-,eff_exceed2,"release-aligned, N=2 free poses, target=ref",1,1,2,0,0,0,0.0,0.0,0.0,0.0,0.0,1.0,,0.0,0.0,0.0,0.0,0.0,1.0,,0.0,0.0,0.0,0.0,0.0,1.0,,exact 2^1,,,,
P1B_secondary_freeH_N2_ref_T_gt_A-,"early(s=1) - late(s=3) of (window - normal) on same poses, w=1",A-,eff_exceed3,"release-aligned, N=2 free poses, target=ref",1,1,2,0,0,0,0.0,0.0,0.0,0.0,0.0,1.0,,0.0,0.0,0.0,0.0,0.0,1.0,,0.0,0.0,0.0,0.0,0.0,1.0,,exact 2^1,,,,
P1B_secondary_freeH_N2_ref_T_gt_A-,"early(s=1) - late(s=3) of (window - normal) on same poses, w=1",A-,eff_exceed4,"release-aligned, N=2 free poses, target=ref",1,1,2,0,0,0,0.0,0.0,0.0,0.0,0.0,1.0,,0.0,0.0,0.0,0.0,0.0,1.0,,0.0,0.0,0.0,0.0,0.0,1.0,,exact 2^1,,,,
P1B_secondary_freeH_N2_ref_T_gt_A-,"early(s=1) - late(s=3) of (window - normal) on same poses, w=2",A-,eff,"release-aligned, N=2 free poses, target=ref",1,1,2,1,0,0,0.02403590478978862,0.02403590478978862,0.02403590478978862,0.02403590478978862,0.02403590478978862,1.0,,0.02403590478978862,0.02403590478978862,0.02403590478978862,0.02403590478978862,0.02403590478978862,1.0,,0.02403590478978862,0.02403590478978862,0.02403590478978862,0.02403590478978862,0.02403590478978862,1.0,,exact 2^1,,,,
P1B_secondary_freeH_N2_ref_T_gt_A-,"early(s=1) - late(s=3) of (window - normal) on same poses, w=2",A-,eff_exceed2,"release-aligned, N=2 free poses, target=ref",1,1,2,0,0,0,0.0,0.0,0.0,0.0,0.0,1.0,,0.0,0.0,0.0,0.0,0.0,1.0,,0.0,0.0,0.0,0.0,0.0,1.0,,exact 2^1,,,,
P1B_secondary_freeH_N2_ref_T_gt_A-,"early(s=1) - late(s=3) of (window - normal) on same poses, w=2",A-,eff_exceed3,"release-aligned, N=2 free poses, target=ref",1,1,2,0,0,0,0.0,0.0,0.0,0.0,0.0,1.0,,0.0,0.0,0.0,0.0,0.0,1.0,,0.0,0.0,0.0,0.0,0.0,1.0,,exact 2^1,,,,
P1B_secondary_freeH_N2_ref_T_gt_A-,"early(s=1) - late(s=3) of (window - normal) on same poses, w=2",A-,eff_exceed4,"release-aligned, N=2 free poses, target=ref",1,1,2,0,0,0,0.0,0.0,0.0,0.0,0.0,1.0,,0.0,0.0,0.0,0.0,0.0,1.0,,0.0,0.0,0.0,0.0,0.0,1.0,,exact 2^1,,,,
P1B_secondary_freeH_N2_ref_T_gt_A-,"early(s=1) - late(s=3) of (window - normal) on same poses, w=3",A-,eff,"release-aligned, N=2 free poses, target=ref",1,1,2,1,0,0,-0.5063943896446368,-0.5063943896446368,-0.5063943896446368,-0.5063943896446368,-0.5063943896446368,1.0,,-0.5063943896446368,-0.5063943896446368,-0.5063943896446368,-0.5063943896446368,-0.5063943896446368,1.0,,-0.5063943896446368,-0.5063943896446368,-0.5063943896446368,-0.5063943896446368,-0.5063943896446368,1.0,,exact 2^1,,,,
P1B_secondary_freeH_N2_ref_T_gt_A-,"early(s=1) - late(s=3) of (window - normal) on same poses, w=3",A-,eff_exceed2,"release-aligned, N=2 free poses, target=ref",1,1,2,1,0,0,-0.5,-0.5,-0.5,-0.5,-0.5,1.0,,-0.5,-0.5,-0.5,-0.5,-0.5,1.0,,-0.5,-0.5,-0.5,-0.5,-0.5,1.0,,exact 2^1,,,,
P1B_secondary_freeH_N2_ref_T_gt_A-,"early(s=1) - late(s=3) of (window - normal) on same poses, w=3",A-,eff_exceed3,"release-aligned, N=2 free poses, target=ref",1,1,2,0,0,0,0.0,0.0,0.0,0.0,0.0,1.0,,0.0,0.0,0.0,0.0,0.0,1.0,,0.0,0.0,0.0,0.0,0.0,1.0,,exact 2^1,,,,
P1B_secondary_freeH_N2_ref_T_gt_A-,"early(s=1) - late(s=3) of (window - normal) on same poses, w=3",A-,eff_exceed4,"release-aligned, N=2 free poses, target=ref",1,1,2,0,0,0,0.0,0.0,0.0,0.0,0.0,1.0,,0.0,0.0,0.0,0.0,0.0,1.0,,0.0,0.0,0.0,0.0,0.0,1.0,,exact 2^1,,,,
P1B_secondary_freeH_N2_ref_T_self_A-,"early(s=1) - late(s=3) of (window - normal) on same poses, w=1",A-,eff,"release-aligned, N=2 free poses, target=ref",1,1,2,1,0,0,0.33596672306958497,0.33596672306958497,0.33596672306958497,0.33596672306958497,0.33596672306958497,1.0,,0.33596672306958497,0.33596672306958497,0.33596672306958497,0.33596672306958497,0.33596672306958497,1.0,,0.33596672306958497,0.33596672306958497,0.33596672306958497,0.33596672306958497,0.33596672306958497,1.0,,exact 2^1,,,,
P1B_secondary_freeH_N2_ref_T_self_A-,"early(s=1) - late(s=3) of (window - normal) on same poses, w=1",A-,eff_exceed2,"release-aligned, N=2 free poses, target=ref",1,1,2,1,0,0,0.5,0.5,0.5,0.5,0.5,1.0,,0.5,0.5,0.5,0.5,0.5,1.0,,0.5,0.5,0.5,0.5,0.5,1.0,,exact 2^1,,,,
P1B_secondary_freeH_N2_ref_T_self_A-,"early(s=1) - late(s=3) of (window - normal) on same poses, w=1",A-,eff_exceed3,"release-aligned, N=2 free poses, target=ref",1,1,2,0,0,0,0.0,0.0,0.0,0.0,0.0,1.0,,0.0,0.0,0.0,0.0,0.0,1.0,,0.0,0.0,0.0,0.0,0.0,1.0,,exact 2^1,,,,
P1B_secondary_freeH_N2_ref_T_self_A-,"early(s=1) - late(s=3) of (window - normal) on same poses, w=1",A-,eff_exceed4,"release-aligned, N=2 free poses, target=ref",1,1,2,0,0,0,0.0,0.0,0.0,0.0,0.0,1.0,,0.0,0.0,0.0,0.0,0.0,1.0,,0.0,0.0,0.0,0.0,0.0,1.0,,exact 2^1,,,,
P1B_secondary_freeH_N2_ref_T_self_A-,"early(s=1) - late(s=3) of (window - normal) on same poses, w=2",A-,eff,"release-aligned, N=2 free poses, target=ref",1,1,2,1,0,0,0.30194576969741266,0.30194576969741266,0.30194576969741266,0.30194576969741266,0.30194576969741266,1.0,,0.30194576969741266,0.30194576969741266,0.30194576969741266,0.30194576969741266,0.30194576969741266,1.0,,0.30194576969741266,0.30194576969741266,0.30194576969741266,0.30194576969741266,0.30194576969741266,1.0,,exact 2^1,,,,
P1B_secondary_freeH_N2_ref_T_self_A-,"early(s=1) - late(s=3) of (window - normal) on same poses, w=2",A-,eff_exceed2,"release-aligned, N=2 free poses, target=ref",1,1,2,0,0,0,0.0,0.0,0.0,0.0,0.0,1.0,,0.0,0.0,0.0,0.0,0.0,1.0,,0.0,0.0,0.0,0.0,0.0,1.0,,exact 2^1,,,,
P1B_secondary_freeH_N2_ref_T_self_A-,"early(s=1) - late(s=3) of (window - normal) on same poses, w=2",A-,eff_exceed3,"release-aligned, N=2 free poses, target=ref",1,1,2,0,0,0,0.0,0.0,0.0,0.0,0.0,1.0,,0.0,0.0,0.0,0.0,0.0,1.0,,0.0,0.0,0.0,0.0,0.0,1.0,,exact 2^1,,,,
P1B_secondary_freeH_N2_ref_T_self_A-,"early(s=1) - late(s=3) of (window - normal) on same poses, w=2",A-,eff_exceed4,"release-aligned, N=2 free poses, target=ref",1,1,2,0,0,0,0.0,0.0,0.0,0.0,0.0,1.0,,0.0,0.0,0.0,0.0,0.0,1.0,,0.0,0.0,0.0,0.0,0.0,1.0,,exact 2^1,,,,
P1B_secondary_freeH_N2_ref_T_self_A-,"early(s=1) - late(s=3) of (window - normal) on same poses, w=3",A-,eff,"release-aligned, N=2 free poses, target=ref",1,1,2,1,0,0,0.5269798355051923,0.5269798355051923,0.5269798355051923,0.5269798355051923,0.5269798355051923,1.0,,0.5269798355051923,0.5269798355051923,0.5269798355051923,0.5269798355051923,0.5269798355051923,1.0,,0.5269798355051923,0.5269798355051923,0.5269798355051923,0.5269798355051923,0.5269798355051923,1.0,,exact 2^1,,,,
P1B_secondary_freeH_N2_ref_T_self_A-,"early(s=1) - late(s=3) of (window - normal) on same poses, w=3",A-,eff_exceed2,"release-aligned, N=2 free poses, target=ref",1,1,2,1,0,0,0.5,0.5,0.5,0.5,0.5,1.0,,0.5,0.5,0.5,0.5,0.5,1.0,,0.5,0.5,0.5,0.5,0.5,1.0,,exact 2^1,,,,
P1B_secondary_freeH_N2_ref_T_self_A-,"early(s=1) - late(s=3) of (window - normal) on same poses, w=3",A-,eff_exceed3,"release-aligned, N=2 free poses, target=ref",1,1,2,0,0,0,0.0,0.0,0.0,0.0,0.0,1.0,,0.0,0.0,0.0,0.0,0.0,1.0,,0.0,0.0,0.0,0.0,0.0,1.0,,exact 2^1,,,,
P1B_secondary_freeH_N2_ref_T_self_A-,"early(s=1) - late(s=3) of (window - normal) on same poses, w=3",A-,eff_exceed4,"release-aligned, N=2 free poses, target=ref",1,1,2,0,0,0,0.0,0.0,0.0,0.0,0.0,1.0,,0.0,0.0,0.0,0.0,0.0,1.0,,0.0,0.0,0.0,0.0,0.0,1.0,,exact 2^1,,,,
