group,subset,condition,metric,scene_mean,ci95_lo,ci95_hi,n_units,n_scenes,n_logs,n_truncated_window
A-,common_tstar_le2,P_gt_s1_w1,amplification,0.26746894409937894,0.19173280423280423,0.33814856150793643,326,46,15,0
A-,common_tstar_le2,P_gt_s1_w1,amp2,0.31280193236714976,0.24125123313603156,0.3890698305184142,326,46,15,0
A-,common_tstar_le2,P_gt_s1_w1,amp4,0.21665804002760525,0.13177910052910055,0.294101324023199,326,46,15,0
A-,common_tstar_le2,P_gt_s1_w1,fde5,3.9561937049694524,2.869699118429574,5.012247085992103,326,46,15,0
A-,common_tstar_le2,P_gt_s1_w1,dev9_ref,7.104161190284442,5.937482014500265,8.336128765866048,326,46,15,0
A-,common_tstar_le2,P_gt_s1_w1,severe_ref3,0.7178657694962042,0.592162098374296,0.8051308023209284,326,46,15,0
A-,common_tstar_le2,P_gt_s1_w2,amplification,0.13884575569358176,0.09045163263913264,0.18610697751322747,326,46,15,0
A-,common_tstar_le2,P_gt_s1_w2,amp2,0.1856021394064872,0.1457712514951035,0.23881094104308387,326,46,15,0
A-,common_tstar_le2,P_gt_s1_w2,amp4,0.11136991028295377,0.061195728291316524,0.16159784226190468,326,46,15,0
A-,common_tstar_le2,P_gt_s1_w2,fde5,2.731793731639636,1.9705081628995103,3.7393617540399084,326,46,15,0
A-,common_tstar_le2,P_gt_s1_w2,dev9_ref,7.712435624313321,6.2640124543540185,8.811265931608018,326,46,15,0
A-,common_tstar_le2,P_gt_s1_w2,severe_ref3,0.742063492063492,0.5770959595959596,0.8553439026041529,326,46,15,0
A-,common_tstar_le2,P_gt_s1_w3,amplification,0.0853174603174603,0.03744006283068783,0.12683531746031745,326,46,15,0
A-,common_tstar_le2,P_gt_s1_w3,amp2,0.12133367839889579,0.06577674062049063,0.18453033625730988,326,46,15,0
A-,common_tstar_le2,P_gt_s1_w3,amp4,0.06651138716356109,0.018148921530977982,0.11583924349881797,326,46,15,0
A-,common_tstar_le2,P_gt_s1_w3,fde5,2.1771468044138387,1.5340951488663062,2.966213297284437,326,46,15,0
A-,common_tstar_le2,P_gt_s1_w3,dev9_ref,8.034422106250792,6.588525636885252,9.283785059013525,326,46,15,0
A-,common_tstar_le2,P_gt_s1_w3,severe_ref3,0.7552622498274671,0.5735115976215047,0.8958541666666666,326,46,15,0
A-,common_tstar_le2,P_gt_s2_w1,amplification,0.2020790200138026,0.15221053868701953,0.2453824792778281,326,46,15,0
A-,common_tstar_le2,P_gt_s2_w1,amp2,0.23839717046238781,0.186088400079061,0.28988409054097825,326,46,15,0
A-,common_tstar_le2,P_gt_s2_w1,amp4,0.16990165631469978,0.12285089877188456,0.21744877298745577,326,46,15,0
A-,common_tstar_le2,P_gt_s2_w1,fde5,3.8133141683720297,2.7884646523749668,4.626161551356556,326,46,15,0
A-,common_tstar_le2,P_gt_s2_w1,dev9_ref,7.196771691736826,5.913565450461507,8.312847513685911,326,46,15,0
A-,common_tstar_le2,P_gt_s2_w1,severe_ref3,0.7295979986197376,0.5806669751233826,0.8439337712436891,326,46,15,0
A-,common_tstar_le2,P_gt_s2_w2,amplification,0.12525879917184266,0.0725843253968254,0.17492066586735705,326,46,15,0
A-,common_tstar_le2,P_gt_s2_w2,amp2,0.1695134575569358,0.10509762238228625,0.24070319389329806,326,46,15,0
A-,common_tstar_le2,P_gt_s2_w2,amp4,0.09730848861283645,0.053510154061624654,0.1386786145617667,326,46,15,0
A-,common_tstar_le2,P_gt_s2_w2,fde5,2.791192815095992,2.077271750507255,3.574092490939337,326,46,15,0
A-,common_tstar_le2,P_gt_s2_w2,dev9_ref,7.729225528327903,6.367061995443073,8.878097984679167,326,46,15,0
A-,common_tstar_le2,P_gt_s2_w2,severe_ref3,0.7600500345065562,0.588202851216244,0.8901104721549635,326,46,15,0
A-,common_tstar_le2,P_gt_s2_w3,amplification,0.07013457556935818,0.027509652509652507,0.10126198599358442,326,46,15,0
A-,common_tstar_le2,P_gt_s2_w3,amp2,0.10766045548654245,0.055396825396825396,0.1597222222222222,326,46,15,0
A-,common_tstar_le2,P_gt_s2_w3,amp4,0.05020703933747411,0.020833333333333332,0.06880034758918714,326,46,15,0
A-,common_tstar_le2,P_gt_s2_w3,fde5,2.496805106777338,1.8972052131848016,3.2839682893025133,326,46,15,0
A-,common_tstar_le2,P_gt_s2_w3,dev9_ref,7.873985140775305,6.490488323497432,9.052554622975526,326,46,15,0
A-,common_tstar_le2,P_gt_s2_w3,severe_ref3,0.7657436162870945,0.5953402062777063,0.8967454206924316,326,46,15,0
A-,common_tstar_le2,P_gt_s3_w1,amplification,0.16092995169082125,0.11298201345755696,0.21958001571840846,326,46,15,0
A-,common_tstar_le2,P_gt_s3_w1,amp2,0.2009575569358178,0.1400126059195608,0.27580109126984126,326,46,15,0
A-,common_tstar_le2,P_gt_s3_w1,amp4,0.10131987577639752,0.05555104617604617,0.15891658441266632,326,46,15,0
A-,common_tstar_le2,P_gt_s3_w1,fde5,3.4879485518161584,2.643078018858562,4.242660611354622,326,46,15,0
A-,common_tstar_le2,P_gt_s3_w1,dev9_ref,7.257712671802001,6.075182781182595,8.481202059366309,326,46,15,0
A-,common_tstar_le2,P_gt_s3_w1,severe_ref3,0.7409851621808144,0.5938429858429859,0.8563403691592466,326,46,15,0
A-,common_tstar_le2,P_gt_s3_w2,amplification,0.09579882677708765,0.047750850340136056,0.15851628772076198,326,46,15,0
A-,common_tstar_le2,P_gt_s3_w2,amp2,0.1328933747412008,0.07239417989417989,0.20650665602498308,326,46,15,0
A-,common_tstar_le2,P_gt_s3_w2,amp4,0.0656055900621118,0.026604499122881473,0.12094521109684775,326,46,15,0
A-,common_tstar_le2,P_gt_s3_w2,fde5,3.0724628663195057,2.3545216496713035,3.829991263986233,326,46,15,0
A-,common_tstar_le2,P_gt_s3_w2,dev9_ref,7.488709888531,6.299476819992913,8.620781950759383,326,46,15,0
A-,common_tstar_le2,P_gt_s3_w2,severe_ref3,0.7825224292615596,0.620375129399586,0.9023674277058492,326,46,15,0
A-,common_tstar_le2,P_gt_s3_w3,amplification,0.08031400966183576,0.03948461328976034,0.13535207700101312,326,46,15,0
A-,common_tstar_le2,P_gt_s3_w3,amp2,0.1095583160800552,0.05770475088183421,0.17513142721476044,326,46,15,0
A-,common_tstar_le2,P_gt_s3_w3,amp4,0.0640096618357488,0.03102826535443723,0.1068704989711934,326,46,15,0
A-,common_tstar_le2,P_gt_s3_w3,fde5,2.9896947464350005,2.3171986361908057,3.817510924849814,326,46,15,0
A-,common_tstar_le2,P_gt_s3_w3,dev9_ref,7.5400507562727,6.247345127849496,8.739375579117768,326,46,15,0
A-,common_tstar_le2,P_gt_s3_w3,severe_ref3,0.7556504485852311,0.5887249228395062,0.8831832482993197,326,46,15,0
A-,common_tstar_le2,P_gt_s4_w1,amplification,0.14893892339544515,0.10915702160493827,0.21019097222222216,326,46,15,0
A-,common_tstar_le2,P_gt_s4_w1,amp2,0.2025534851621808,0.15889073635406545,0.2714880952380951,326,46,15,0
A-,common_tstar_le2,P_gt_s4_w1,amp4,0.1193495514147688,0.08054607259570494,0.18026924643298498,326,46,15,0
A-,common_tstar_le2,P_gt_s4_w1,fde5,4.032128537813473,3.1556896807641825,4.849279548480283,326,46,15,0
A-,common_tstar_le2,P_gt_s4_w1,dev9_ref,7.206063077971413,6.1949788372975325,8.331751046465321,326,46,15,0
A-,common_tstar_le2,P_gt_s4_w1,severe_ref3,0.7528467908902691,0.58926393728223,0.8712872023809523,326,46,15,0
A-,common_tstar_le2,P_gt_s4_w2,amplification,0.09023464458247066,0.049231162804104694,0.15389539930555554,326,46,15,0
A-,common_tstar_le2,P_gt_s4_w2,amp2,0.11969461697722568,0.06422605500533547,0.21473622587707678,326,46,15,0
A-,common_tstar_le2,P_gt_s4_w2,amp4,0.06689958592132504,0.032610544217687075,0.1151437532002048,326,46,15,0
A-,common_tstar_le2,P_gt_s4_w2,fde5,3.6395403276116522,2.827705552373282,4.439227492646153,326,46,15,0
A-,common_tstar_le2,P_gt_s4_w2,dev9_ref,7.142320822088044,6.020265879046943,8.285459824446727,326,46,15,0
A-,common_tstar_le2,P_gt_s4_w2,severe_ref3,0.7292960662525879,0.5497691197691198,0.8667866216608594,326,46,15,0
A-,common_tstar_le2,P_gt_s4_w3,amplification,0.07121290545203589,0.03253384687208217,0.12214105339105336,326,46,15,0
A-,common_tstar_le2,P_gt_s4_w3,amp2,0.08497239475500344,0.03874136130366352,0.1491314644137225,326,46,15,0
A-,common_tstar_le2,P_gt_s4_w3,amp4,0.0542184265010352,0.021907026397515527,0.09589065700204806,326,46,15,0
A-,common_tstar_le2,P_gt_s4_w3,fde5,3.6259517154433807,2.713225703401393,4.47403878893887,326,46,15,0
A-,common_tstar_le2,P_gt_s4_w3,dev9_ref,7.218270058245694,6.019076862297192,8.438050359699327,326,46,15,0
A-,common_tstar_le2,P_gt_s4_w3,severe_ref3,0.7196342305037957,0.5486912101149983,0.8565362347124641,326,46,15,0
A-,common_tstar_le2,P_self_s1_w1,amplification,0.5646566597653554,0.39562571324826223,0.693234388053467,326,46,15,0
A-,common_tstar_le2,P_self_s1_w1,amp2,0.6035628019323672,0.42435795647018976,0.7347500515357658,326,46,15,0
A-,common_tstar_le2,P_self_s1_w1,amp4,0.5210489993098689,0.3589041635172588,0.6476180049096715,326,46,15,0
A-,common_tstar_le2,P_self_s1_w1,fde5,7.2637206051810965,5.654619509835303,8.474933950859693,326,46,15,0
A-,common_tstar_le2,P_self_s1_w1,dev9_ref,3.6365788594017645,2.8751866820689225,4.586274303814396,326,46,15,0
A-,common_tstar_le2,P_self_s1_w1,severe_ref3,0.36533816425120774,0.31273258915367386,0.4449291766256052,326,46,15,0
A-,common_tstar_le2,P_self_s1_w2,amplification,0.6128364389233955,0.4521393784786642,0.7419726681322936,326,46,15,0
A-,common_tstar_le2,P_self_s1_w2,amp2,0.6714544513457558,0.5054250208855472,0.8127994516772225,326,46,15,0
A-,common_tstar_le2,P_self_s1_w2,amp4,0.5679347826086957,0.41743635345007296,0.6946759259259258,326,46,15,0
A-,common_tstar_le2,P_self_s1_w2,fde5,7.839011577051139,6.3336110218292925,9.112677832096052,326,46,15,0
A-,common_tstar_le2,P_self_s1_w2,dev9_ref,2.6722618913998506,2.144789148021688,3.1540310894507977,326,46,15,0
A-,common_tstar_le2,P_self_s1_w2,severe_ref3,0.28053830227743265,0.22567570546737215,0.35001509661835745,326,46,15,0
A-,common_tstar_le2,P_self_s1_w3,amplification,0.6383712905452036,0.4880835667600373,0.7590760522959183,326,46,15,0
A-,common_tstar_le2,P_self_s1_w3,amp2,0.7169168391994478,0.5561472415052978,0.8411384171724244,326,46,15,0
A-,common_tstar_le2,P_self_s1_w3,amp4,0.5969634230503795,0.4492329617031998,0.7130865503299187,326,46,15,0
A-,common_tstar_le2,P_self_s1_w3,fde5,7.975905938275979,6.423087760465873,9.259878977230429,326,46,15,0
A-,common_tstar_le2,P_self_s1_w3,dev9_ref,2.106253622201802,1.606103300427733,2.510149258038726,326,46,15,0
A-,common_tstar_le2,P_self_s1_w3,severe_ref3,0.2056590752242926,0.1402217741935484,0.2627142857142856,326,46,15,0
A-,common_tstar_le2,P_self_s2_w1,amplification,0.5432194616977225,0.39467787114845937,0.6505150355596784,326,46,15,0
A-,common_tstar_le2,P_self_s2_w1,amp2,0.6022688060731539,0.44143715143715145,0.7348417727305977,326,46,15,0
A-,common_tstar_le2,P_self_s2_w1,amp4,0.5089717046238785,0.3607989028944911,0.6146708515781792,326,46,15,0
A-,common_tstar_le2,P_self_s2_w1,fde5,7.217459247914506,5.454914341561628,8.439869485868751,326,46,15,0
A-,common_tstar_le2,P_self_s2_w1,dev9_ref,3.8041863639689155,2.9319343060219953,4.9748321878737425,326,46,15,0
A-,common_tstar_le2,P_self_s2_w1,severe_ref3,0.3721532091097308,0.3017374164578111,0.4635276718712176,326,46,15,0
A-,common_tstar_le2,P_self_s2_w2,amplification,0.6309955141476881,0.4818536435384262,0.7423960512284155,326,46,15,0
A-,common_tstar_le2,P_self_s2_w2,amp2,0.7120859213250518,0.5561210774632434,0.825647739243173,326,46,15,0
A-,common_tstar_le2,P_self_s2_w2,amp4,0.5936421670117322,0.4384307889822596,0.7098470623116074,326,46,15,0
A-,common_tstar_le2,P_self_s2_w2,fde5,7.664717336286332,6.034553701242735,8.953256105240536,326,46,15,0
A-,common_tstar_le2,P_self_s2_w2,dev9_ref,2.6627586291380867,2.162360386647457,3.200190073395847,326,46,15,0
A-,common_tstar_le2,P_self_s2_w2,severe_ref3,0.28644755003450656,0.22597691441441442,0.376188858695652,326,46,15,0
A-,common_tstar_le2,P_self_s2_w3,amplification,0.6403554175293306,0.4979556405895692,0.7565299823633158,326,46,15,0
A-,common_tstar_le2,P_self_s2_w3,amp2,0.7154934437543135,0.5419306156806156,0.8424956961951447,326,46,15,0
A-,common_tstar_le2,P_self_s2_w3,amp4,0.5922619047619048,0.44188645903526513,0.7096316035027275,326,46,15,0
A-,common_tstar_le2,P_self_s2_w3,fde5,7.6149048898687335,5.914628859188695,8.988802883501176,326,46,15,0
A-,common_tstar_le2,P_self_s2_w3,dev9_ref,2.3760690675365868,1.824530327911225,3.044248362894422,326,46,15,0
A-,common_tstar_le2,P_self_s2_w3,severe_ref3,0.2247239475500345,0.1655787037037037,0.3039946056547616,326,46,15,0
A-,common_tstar_le2,P_self_s3_w1,amplification,0.5876897860593512,0.43066033231474404,0.7054627496159752,326,46,15,0
A-,common_tstar_le2,P_self_s3_w1,amp2,0.645315734989648,0.4782011829889188,0.7654071796259297,326,46,15,0
A-,common_tstar_le2,P_self_s3_w1,amp4,0.5456780538302277,0.3785990378855945,0.6698140621298269,326,46,15,0
A-,common_tstar_le2,P_self_s3_w1,fde5,7.264162292613107,5.663949716388982,8.47785104718494,326,46,15,0
A-,common_tstar_le2,P_self_s3_w1,dev9_ref,3.6872300532300035,2.97813290492834,4.5977038117243785,326,46,15,0
A-,common_tstar_le2,P_self_s3_w1,severe_ref3,0.35403726708074534,0.2816830469240427,0.45265653675263207,326,46,15,0
A-,common_tstar_le2,P_self_s3_w2,amplification,0.6312543133195306,0.472422313223535,0.7634795099450754,326,46,15,0
A-,common_tstar_le2,P_self_s3_w2,amp2,0.6801242236024845,0.508868397988126,0.8194051752645503,326,46,15,0
A-,common_tstar_le2,P_self_s3_w2,amp4,0.5884661835748792,0.4312483667247387,0.7179588293650795,326,46,15,0
A-,common_tstar_le2,P_self_s3_w2,fde5,7.368779193831958,5.65716215004019,8.701568886863484,326,46,15,0
A-,common_tstar_le2,P_self_s3_w2,dev9_ref,2.7957829201327278,2.212171456046592,3.4926437904456495,326,46,15,0
A-,common_tstar_le2,P_self_s3_w2,severe_ref3,0.2978778467908903,0.23351507181449044,0.38201942936043787,326,46,15,0
A-,common_tstar_le2,P_self_s3_w3,amplification,0.6426414768806072,0.4831785491974568,0.7726609741118668,326,46,15,0
A-,common_tstar_le2,P_self_s3_w3,amp2,0.6819789510006901,0.5028604497354497,0.826446439606033,326,46,15,0
A-,common_tstar_le2,P_self_s3_w3,amp4,0.6039941338854381,0.43739124187410816,0.7340962773998488,326,46,15,0
A-,common_tstar_le2,P_self_s3_w3,fde5,7.3715966126036925,5.696556928689365,8.715023876151989,326,46,15,0
A-,common_tstar_le2,P_self_s3_w3,dev9_ref,2.6369544112192314,1.9610980441067398,3.4050103677209673,326,46,15,0
A-,common_tstar_le2,P_self_s3_w3,severe_ref3,0.2828674948240165,0.21755929309708383,0.3710379464285714,326,46,15,0
A-,common_tstar_le2,P_self_s4_w1,amplification,0.6048136645962733,0.4526242441421013,0.7230404358713183,326,46,15,0
A-,common_tstar_le2,P_self_s4_w1,amp2,0.6408298826777088,0.4773874791144529,0.7638023690659059,326,46,15,0
A-,common_tstar_le2,P_self_s4_w1,amp4,0.5426587301587302,0.39653347743794903,0.6642190904139433,326,46,15,0
A-,common_tstar_le2,P_self_s4_w1,fde5,7.080968339641677,5.544300012402333,8.342885108809359,326,46,15,0
A-,common_tstar_le2,P_self_s4_w1,dev9_ref,3.8279056300446324,3.1554646962550854,4.579473271671832,326,46,15,0
A-,common_tstar_le2,P_self_s4_w1,severe_ref3,0.4063578329882677,0.32150433725319394,0.4923544678287982,326,46,15,0
A-,common_tstar_le2,P_self_s4_w2,amplification,0.641735679779158,0.48303866685563107,0.7681432737236308,326,46,15,0
A-,common_tstar_le2,P_self_s4_w2,amp2,0.6834023464458246,0.5221929416420656,0.8128781657120395,326,46,15,0
A-,common_tstar_le2,P_self_s4_w2,amp4,0.5785024154589372,0.4100585548586221,0.7128266784429433,326,46,15,0
A-,common_tstar_le2,P_self_s4_w2,fde5,7.074995352579294,5.546244555796905,8.356594210253364,326,46,15,0
A-,common_tstar_le2,P_self_s4_w2,dev9_ref,3.266879034793072,2.5669717318211824,4.056947691149128,326,46,15,0
A-,common_tstar_le2,P_self_s4_w2,severe_ref3,0.36490683229813664,0.28449025443510734,0.46319240818932944,326,46,15,0
A-,common_tstar_le2,P_self_s4_w3,amplification,0.6394496204278812,0.47139136904761897,0.7786265325494048,326,46,15,0
A-,common_tstar_le2,P_self_s4_w3,amp2,0.6702467218771566,0.4904883407487574,0.8181226657329598,326,46,15,0
A-,common_tstar_le2,P_self_s4_w3,amp4,0.5971790890269151,0.43107942908346136,0.7344387755102038,326,46,15,0
A-,common_tstar_le2,P_self_s4_w3,fde5,7.0165492623449754,5.486131305758682,8.31710679266755,326,46,15,0
A-,common_tstar_le2,P_self_s4_w3,dev9_ref,3.152549282655195,2.3663030366343225,3.8998591232725697,326,46,15,0
A-,common_tstar_le2,P_self_s4_w3,severe_ref3,0.3352311939268461,0.24969810077301216,0.43118513431013417,326,46,15,0
A-,common_tstar_le2,T_gt_s1_w1,amplification,0.31357832988267775,0.22443282929113675,0.3961964994331064,326,46,15,0
A-,common_tstar_le2,T_gt_s1_w1,amp2,0.3811249137336094,0.2824068740399385,0.46276186403202524,326,46,15,0
A-,common_tstar_le2,T_gt_s1_w1,amp4,0.2682453416149068,0.17128367794486213,0.36011904761904756,326,46,15,0
A-,common_tstar_le2,T_gt_s1_w1,fde5,4.454954649570455,3.116834688599722,5.582944551714393,326,46,15,0
A-,common_tstar_le2,T_gt_s1_w1,dev9_ref,6.773186060605585,5.746823543435623,8.094972114272247,326,46,15,0
A-,common_tstar_le2,T_gt_s1_w1,severe_ref3,0.7003968253968254,0.594713649234926,0.8072147817460319,326,46,15,0
A-,common_tstar_le2,T_gt_s1_w2,amplification,0.23718944099378883,0.1778606859410431,0.2884025720503255,326,46,15,0
A-,common_tstar_le2,T_gt_s1_w2,amp2,0.2867494824016563,0.24283141813383746,0.3395920868347339,326,46,15,0
A-,common_tstar_le2,T_gt_s1_w2,amp4,0.20289855072463767,0.1431583049886621,0.26118626743626744,326,46,15,0
A-,common_tstar_le2,T_gt_s1_w2,fde5,3.653500611136824,2.6116012775590614,4.530720296618047,326,46,15,0
A-,common_tstar_le2,T_gt_s1_w2,dev9_ref,7.006778856834171,5.783433447461087,8.137629209617467,326,46,15,0
A-,common_tstar_le2,T_gt_s1_w2,severe_ref3,0.7129054520358867,0.5836902319324194,0.8154843221441581,326,46,15,0
A-,common_tstar_le2,T_gt_s1_w3,amplification,0.13297964113181504,0.08435287858422938,0.18376259157509156,326,46,15,0
A-,common_tstar_le2,T_gt_s1_w3,amp2,0.18426501035196688,0.12884453781512603,0.2543654214559387,326,46,15,0
A-,common_tstar_le2,T_gt_s1_w3,amp4,0.10783298826777088,0.06320578231292516,0.15011849868255234,326,46,15,0
A-,common_tstar_le2,T_gt_s1_w3,fde5,2.955873689355039,2.1381446533144803,3.9199356504044998,326,46,15,0
A-,common_tstar_le2,T_gt_s1_w3,dev9_ref,7.552650597196833,6.172171002570361,8.662096258982398,326,46,15,0
A-,common_tstar_le2,T_gt_s1_w3,severe_ref3,0.7645358868184955,0.6088621113831664,0.8710804796385018,326,46,15,0
A-,common_tstar_le2,T_gt_s2_w1,amplification,0.24719634230503798,0.18824220425782925,0.30509253952971854,326,46,15,0
A-,common_tstar_le2,T_gt_s2_w1,amp2,0.29365079365079366,0.2592583406819518,0.34170147138897133,326,46,15,0
A-,common_tstar_le2,T_gt_s2_w1,amp4,0.19707556935817808,0.13512677564987347,0.2509942411349921,326,46,15,0
A-,common_tstar_le2,T_gt_s2_w1,fde5,4.045952719226066,2.9614493890659754,4.884965425047625,326,46,15,0
A-,common_tstar_le2,T_gt_s2_w1,dev9_ref,6.994404011232736,5.9090873352144655,8.228010816647606,326,46,15,0
A-,common_tstar_le2,T_gt_s2_w1,severe_ref3,0.7279158040027606,0.6044311299081034,0.8323310327883497,326,46,15,0
A-,common_tstar_le2,T_gt_s2_w2,amplification,0.17132505175983437,0.12528679760032946,0.2295510912698411,326,46,15,0
A-,common_tstar_le2,T_gt_s2_w2,amp2,0.2164423740510697,0.1675266617063492,0.28332285565741444,326,46,15,0
A-,common_tstar_le2,T_gt_s2_w2,amp4,0.13599896480331264,0.09601979617604618,0.19626275510204078,326,46,15,0
A-,common_tstar_le2,T_gt_s2_w2,fde5,3.468655381535055,2.491103841132659,4.4265612036961155,326,46,15,0
A-,common_tstar_le2,T_gt_s2_w2,dev9_ref,7.254972882461737,5.983952862005005,8.436842834470369,326,46,15,0
A-,common_tstar_le2,T_gt_s2_w2,severe_ref3,0.765182884748102,0.6244647696476965,0.8692490033647866,326,46,15,0
A-,common_tstar_le2,T_gt_s2_w3,amplification,0.14544513457556937,0.10958379475821335,0.19232053708580205,326,46,15,0
A-,common_tstar_le2,T_gt_s2_w3,amp2,0.1932798481711525,0.15264260174217803,0.2569451530612245,326,46,15,0
A-,common_tstar_le2,T_gt_s2_w3,amp4,0.11947895100069013,0.07995763400988812,0.17198778436105597,326,46,15,0
A-,common_tstar_le2,T_gt_s2_w3,fde5,3.3696178214868997,2.397018988206367,4.32998199654697,326,46,15,0
A-,common_tstar_le2,T_gt_s2_w3,dev9_ref,7.392581474429882,6.169908623775851,8.505430626171066,326,46,15,0
A-,common_tstar_le2,T_gt_s2_w3,severe_ref3,0.7660886818495515,0.6167448464655911,0.8732119870305843,326,46,15,0
A-,common_tstar_le2,T_gt_s3_w1,amplification,0.23373878536922013,0.17916483918128653,0.2948028327492612,326,46,15,0
A-,common_tstar_le2,T_gt_s3_w1,amp2,0.289811939268461,0.2518505444813584,0.34691788607804236,326,46,15,0
A-,common_tstar_le2,T_gt_s3_w1,amp4,0.1965148378191856,0.13929337359943975,0.26200900730662624,326,46,15,0
A-,common_tstar_le2,T_gt_s3_w1,fde5,4.0923518704455155,2.903865603748929,5.121632670424484,326,46,15,0
A-,common_tstar_le2,T_gt_s3_w1,dev9_ref,7.060160942591845,6.0131240051125285,8.321039972241746,326,46,15,0
A-,common_tstar_le2,T_gt_s3_w1,severe_ref3,0.7158816425120773,0.5762411695447408,0.8300051743649304,326,46,15,0
A-,common_tstar_le2,T_gt_s3_w2,amplification,0.21777950310559005,0.17522232801231666,0.2752335810867556,326,46,15,0
A-,common_tstar_le2,T_gt_s3_w2,amp2,0.259963768115942,0.21861044973544974,0.3115079365079365,326,46,15,0
A-,common_tstar_le2,T_gt_s3_w2,amp4,0.18689613526570045,0.1366586747693428,0.25351796021438877,326,46,15,0
A-,common_tstar_le2,T_gt_s3_w2,fde5,4.035760151490541,2.8694755545855255,5.041368967176075,326,46,15,0
A-,common_tstar_le2,T_gt_s3_w2,dev9_ref,7.39820563026437,6.381803366032216,8.513383157256357,326,46,15,0
A-,common_tstar_le2,T_gt_s3_w2,severe_ref3,0.7664768806073153,0.6091798622293791,0.8803021669733467,326,46,15,0
A-,common_tstar_le2,T_gt_s3_w3,amplification,0.15402864044168393,0.10167552437641723,0.19841476521164023,326,46,15,0
A-,common_tstar_le2,T_gt_s3_w3,amp2,0.1911231884057971,0.15242902369281044,0.235760582010582,326,46,15,0
A-,common_tstar_le2,T_gt_s3_w3,amp4,0.13712042788129744,0.08260018919848641,0.18146615866174057,326,46,15,0
A-,common_tstar_le2,T_gt_s3_w3,fde5,3.584131458801254,2.572239484207273,4.423364985291039,326,46,15,0
A-,common_tstar_le2,T_gt_s3_w3,dev9_ref,7.150037580409218,6.043582866962556,8.42290195274045,326,46,15,0
A-,common_tstar_le2,T_gt_s3_w3,severe_ref3,0.7320134575569359,0.5879983359475547,0.845435641214371,326,46,15,0
A-,common_tstar_le2,T_gt_s4_w1,amplification,0.24115769496204284,0.180861568986569,0.28816030609840254,326,46,15,0
A-,common_tstar_le2,T_gt_s4_w1,amp2,0.2900707384403037,0.22670487948265727,0.33885659515542327,326,46,15,0
A-,common_tstar_le2,T_gt_s4_w1,amp4,0.209799861973775,0.1419991260393046,0.260336890132397,326,46,15,0
A-,common_tstar_le2,T_gt_s4_w1,fde5,4.551362534901348,3.3738435851250537,5.561794274389172,326,46,15,0
A-,common_tstar_le2,T_gt_s4_w1,dev9_ref,7.0261501547089935,6.048160459602781,8.129995682832014,326,46,15,0
A-,common_tstar_le2,T_gt_s4_w1,severe_ref3,0.7226966873706004,0.5905640457402473,0.8276250918485862,326,46,15,0
A-,common_tstar_le2,T_gt_s4_w2,amplification,0.20932539682539683,0.13703666125541122,0.2745236028439153,326,46,15,0
A-,common_tstar_le2,T_gt_s4_w2,amp2,0.23464458247066944,0.17459697420634923,0.2966453853046594,326,46,15,0
A-,common_tstar_le2,T_gt_s4_w2,amp4,0.19504830917874394,0.12163986598590586,0.26104947209113877,326,46,15,0
A-,common_tstar_le2,T_gt_s4_w2,fde5,4.21348251173422,2.9730360028082248,5.3139051321372905,326,46,15,0
A-,common_tstar_le2,T_gt_s4_w2,dev9_ref,6.879722795669237,5.854939166249888,8.164134240535994,326,46,15,0
A-,common_tstar_le2,T_gt_s4_w2,severe_ref3,0.6873274672187716,0.5527329332817138,0.8120144612332112,326,46,15,0
A-,common_tstar_le2,T_gt_s4_w3,amplification,0.15967908902691513,0.10953389507977104,0.20219635578416148,326,46,15,0
A-,common_tstar_le2,T_gt_s4_w3,amp2,0.17412870945479644,0.12492990106922397,0.22192253637566137,326,46,15,0
A-,common_tstar_le2,T_gt_s4_w3,amp4,0.14540200138026227,0.08506737764550266,0.18963823502885999,326,46,15,0
A-,common_tstar_le2,T_gt_s4_w3,fde5,4.00750665812973,2.8969903817958715,4.99313989025614,326,46,15,0
A-,common_tstar_le2,T_gt_s4_w3,dev9_ref,6.955547053170513,5.819272017051044,8.21894128862019,326,46,15,0
A-,common_tstar_le2,T_gt_s4_w3,severe_ref3,0.6820220841959972,0.5359816602316602,0.8031543109668107,326,46,15,0
A-,common_tstar_le2,T_self_s1_w1,amplification,0.5467563837129055,0.3982909295083774,0.648506911324708,326,46,15,0
A-,common_tstar_le2,T_self_s1_w1,amp2,0.6053743961352657,0.4542338846049783,0.7184387025012025,326,46,15,0
A-,common_tstar_le2,T_self_s1_w1,amp4,0.5150966183574879,0.36921001039304613,0.6204717064421397,326,46,15,0
A-,common_tstar_le2,T_self_s1_w1,fde5,7.154567703809678,5.469573117294337,8.282604213455553,326,46,15,0
A-,common_tstar_le2,T_self_s1_w1,dev9_ref,4.297874744085447,3.398869975435761,5.583926984070813,326,46,15,0
A-,common_tstar_le2,T_self_s1_w1,severe_ref3,0.4528122843340235,0.3982471028870485,0.5272872645434984,326,46,15,0
A-,common_tstar_le2,T_self_s1_w2,amplification,0.581996204278813,0.4252331835511983,0.6858753710237455,326,46,15,0
A-,common_tstar_le2,T_self_s1_w2,amp2,0.6347912353347136,0.4679832150251405,0.7494697774943311,326,46,15,0
A-,common_tstar_le2,T_self_s1_w2,amp4,0.5558574879227053,0.40014413895462286,0.6584295469364467,326,46,15,0
A-,common_tstar_le2,T_self_s1_w2,fde5,7.390997343586198,5.586036258390103,8.56374406894841,326,46,15,0
A-,common_tstar_le2,T_self_s1_w2,dev9_ref,3.666609906519012,2.781766840138799,4.954782308673181,326,46,15,0
A-,common_tstar_le2,T_self_s1_w2,severe_ref3,0.40027605244996545,0.3269866757638497,0.4896150898631057,326,46,15,0
A-,common_tstar_le2,T_self_s1_w3,amplification,0.635351966873706,0.47846072880371665,0.7459532613550469,326,46,15,0
A-,common_tstar_le2,T_self_s1_w3,amp2,0.6974637681159419,0.5167170071857571,0.8221461098100442,326,46,15,0
A-,common_tstar_le2,T_self_s1_w3,amp4,0.6088250517598343,0.45460111719877344,0.7213491688184313,326,46,15,0
A-,common_tstar_le2,T_self_s1_w3,fde5,7.769063108459872,6.119404455790746,9.004672019475256,326,46,15,0
A-,common_tstar_le2,T_self_s1_w3,dev9_ref,2.697433590141991,2.1570537167827224,3.2822878764500243,326,46,15,0
A-,common_tstar_le2,T_self_s1_w3,severe_ref3,0.3158212560386473,0.2417983213714921,0.4018281625781626,326,46,15,0
A-,common_tstar_le2,T_self_s2_w1,amplification,0.538604209799862,0.38382405045351475,0.6494003817413904,326,46,15,0
A-,common_tstar_le2,T_self_s2_w1,amp2,0.6002415458937198,0.42714424311391225,0.7226560574410924,326,46,15,0
A-,common_tstar_le2,T_self_s2_w1,amp4,0.5094893029675639,0.35847925786950174,0.6145779220779221,326,46,15,0
A-,common_tstar_le2,T_self_s2_w1,fde5,7.164789511642653,5.426469030370692,8.3873447841617,326,46,15,0
A-,common_tstar_le2,T_self_s2_w1,dev9_ref,4.249509983219021,3.2730033686362012,5.424936256344909,326,46,15,0
A-,common_tstar_le2,T_self_s2_w1,severe_ref3,0.4047619047619047,0.33893226209402677,0.49212053571428566,326,46,15,0
A-,common_tstar_le2,T_self_s2_w2,amplification,0.5768633540372671,0.40985373334163655,0.6975914902998237,326,46,15,0
A-,common_tstar_le2,T_self_s2_w2,amp2,0.6502760524499654,0.45985420209750566,0.7828879708934856,326,46,15,0
A-,common_tstar_le2,T_self_s2_w2,amp4,0.5543478260869564,0.3829353269085412,0.6788810726310724,326,46,15,0
A-,common_tstar_le2,T_self_s2_w2,fde5,7.481215208744186,5.813799735895091,8.736083034272882,326,46,15,0
A-,common_tstar_le2,T_self_s2_w2,dev9_ref,3.4444668040550077,2.7885382752148726,4.299034972630253,326,46,15,0
A-,common_tstar_le2,T_self_s2_w2,severe_ref3,0.33350586611456173,0.26087901625704046,0.42360337007514415,326,46,15,0
A-,common_tstar_le2,T_self_s2_w3,amplification,0.597524154589372,0.4394118480725623,0.7175369674731918,326,46,15,0
A-,common_tstar_le2,T_self_s2_w3,amp2,0.6586870255348516,0.47835730577666064,0.7872379426129426,326,46,15,0
A-,common_tstar_le2,T_self_s2_w3,amp4,0.5610766045548655,0.4032522836178497,0.6816631450560021,326,46,15,0
A-,common_tstar_le2,T_self_s2_w3,fde5,7.5399407508619545,5.846377563551536,8.858323798394357,326,46,15,0
A-,common_tstar_le2,T_self_s2_w3,dev9_ref,2.8778563475858348,2.2443911324653243,3.600424541515597,326,46,15,0
A-,common_tstar_le2,T_self_s2_w3,severe_ref3,0.2876984126984127,0.21897581568618585,0.38985629251700676,326,46,15,0
A-,common_tstar_le2,T_self_s3_w1,amplification,0.572075569358178,0.422281746031746,0.6794837600758653,326,46,15,0
A-,common_tstar_le2,T_self_s3_w1,amp2,0.6298740510697032,0.4642176158097647,0.7463897825921413,326,46,15,0
A-,common_tstar_le2,T_self_s3_w1,amp4,0.5398982056590753,0.38814666005291004,0.6489390602732319,326,46,15,0
A-,common_tstar_le2,T_self_s3_w1,fde5,7.244196699832998,5.710351139718946,8.426309927546127,326,46,15,0
A-,common_tstar_le2,T_self_s3_w1,dev9_ref,3.9287282794318927,3.1280194402878903,4.950026543961835,326,46,15,0
A-,common_tstar_le2,T_self_s3_w1,severe_ref3,0.3844030365769496,0.3067058047812621,0.48242422234004934,326,46,15,0
A-,common_tstar_le2,T_self_s3_w2,amplification,0.5706521739130435,0.42792824074074065,0.6832903439153438,326,46,15,0
A-,common_tstar_le2,T_self_s3_w2,amp2,0.6281487232574189,0.46917401106784185,0.7466100775364877,326,46,15,0
A-,common_tstar_le2,T_self_s3_w2,amp4,0.538992408557626,0.39707926450149955,0.6506423611111111,326,46,15,0
A-,common_tstar_le2,T_self_s3_w2,fde5,7.229687108525919,5.732919514994412,8.480074891480273,326,46,15,0
A-,common_tstar_le2,T_self_s3_w2,dev9_ref,3.598073502944672,2.8916033553117773,4.3459714715849955,326,46,15,0
A-,common_tstar_le2,T_self_s3_w2,severe_ref3,0.36865942028985504,0.28921647980179727,0.46262865823412685,326,46,15,0
A-,common_tstar_le2,T_self_s3_w3,amplification,0.61425983436853,0.44272013949433303,0.7459651434358466,326,46,15,0
A-,common_tstar_le2,T_self_s3_w3,amp2,0.6637767425810904,0.48941747271825403,0.7959948536706348,326,46,15,0
A-,common_tstar_le2,T_self_s3_w3,amp4,0.5872584541062802,0.4206136621315193,0.7125057959691813,326,46,15,0
A-,common_tstar_le2,T_self_s3_w3,fde5,7.318646180153049,5.7156873707849165,8.615102381872303,326,46,15,0
A-,common_tstar_le2,T_self_s3_w3,dev9_ref,3.0985034860730027,2.385369298401909,3.8874531664318797,326,46,15,0
A-,common_tstar_le2,T_self_s3_w3,severe_ref3,0.33656832298136646,0.25203125,0.43008078231292507,326,46,15,0
A-,common_tstar_le2,T_self_s4_w1,amplification,0.5895013802622497,0.45020662978996306,0.6955545378720595,326,46,15,0
A-,common_tstar_le2,T_self_s4_w1,amp2,0.634144237405107,0.4863470525271512,0.7469392479213909,326,46,15,0
A-,common_tstar_le2,T_self_s4_w1,amp4,0.5428312629399585,0.40708206232228344,0.6567970308823966,326,46,15,0
A-,common_tstar_le2,T_self_s4_w1,fde5,6.985517281401464,5.689681387513223,8.177383255778,326,46,15,0
A-,common_tstar_le2,T_self_s4_w1,dev9_ref,4.255162327930422,3.3825324238769636,5.344104181052508,326,46,15,0
A-,common_tstar_le2,T_self_s4_w1,severe_ref3,0.40303657694962036,0.3151045683118051,0.4969944985569986,326,46,15,0
A-,common_tstar_le2,T_self_s4_w2,amplification,0.5835058661145618,0.42555540524290525,0.6964098774430405,326,46,15,0
A-,common_tstar_le2,T_self_s4_w2,amp2,0.6271566597653554,0.47817310004810004,0.7339347718253968,326,46,15,0
A-,common_tstar_le2,T_self_s4_w2,amp4,0.5456780538302278,0.39195254431103493,0.6610049023920975,326,46,15,0
A-,common_tstar_le2,T_self_s4_w2,fde5,6.924052217995022,5.454564659310344,8.197868415006779,326,46,15,0
A-,common_tstar_le2,T_self_s4_w2,dev9_ref,3.8761487179450205,2.972473559322452,4.972081907881379,326,46,15,0
A-,common_tstar_le2,T_self_s4_w2,severe_ref3,0.3781055900621118,0.2910152466707022,0.4884971741221741,326,46,15,0
A-,common_tstar_le2,T_self_s4_w3,amplification,0.6252587991718427,0.4672709986772487,0.7537355492792355,326,46,15,0
A-,common_tstar_le2,T_self_s4_w3,amp2,0.668780193236715,0.5126984126984127,0.797826113451113,326,46,15,0
A-,common_tstar_le2,T_self_s4_w3,amp4,0.5916149068322981,0.4235964326206674,0.7267538718385904,326,46,15,0
A-,common_tstar_le2,T_self_s4_w3,fde5,6.858884779060042,5.384091365285804,8.11866653531236,326,46,15,0
A-,common_tstar_le2,T_self_s4_w3,dev9_ref,3.5183313958435662,2.6134400053239313,4.456553055473294,326,46,15,0
A-,common_tstar_le2,T_self_s4_w3,severe_ref3,0.357487922705314,0.26818884429037687,0.4721798414878771,326,46,15,0
A-,common_tstar_le2,full_gt,amplification,0.03601621808143547,0.011046878428790872,0.06865906084656079,326,46,15,0
A-,common_tstar_le2,full_gt,amp2,0.04326259489302968,0.011046878428790872,0.08646953405017921,326,46,15,0
A-,common_tstar_le2,full_gt,amp4,0.025146652864044165,0.004114386495338876,0.05228853169174646,326,46,15,0
A-,common_tstar_le2,full_gt,fde5,1.7992550509665324,1.261037504276444,2.6512807103259735,326,46,15,0
A-,common_tstar_le2,full_gt,dev9_ref,8.102729077441058,6.530224737940389,9.405346864658082,326,46,15,0
A-,common_tstar_le2,full_gt,severe_ref3,0.7641908212560387,0.5856455176767678,0.9013772062879205,326,46,15,0
A-,common_tstar_le2,full_self,amplification,0.6577812284334023,0.47328783524904217,0.8067386858213471,326,46,15,0
A-,common_tstar_le2,full_self,amp2,0.7088940648723259,0.5077701914098973,0.8755146188619211,326,46,15,0
A-,common_tstar_le2,full_self,amp4,0.621808143547274,0.4376381802721088,0.7614981578216872,326,46,15,0
A-,common_tstar_le2,full_self,fde5,7.946834763913017,6.262493545279437,9.387660555790806,326,46,15,0
A-,common_tstar_le2,full_self,dev9_ref,1.6119787211252206,1.0291988305936537,2.233169244469133,326,46,15,0
A-,common_tstar_le2,full_self,severe_ref3,0.1342736369910283,0.08000509933649469,0.17605667375062808,326,46,15,0
A-,common_tstar_le2,normal,amplification,0.4833937198067632,0.36966117649711405,0.5782580002509247,326,46,15,0
A-,common_tstar_le2,normal,amp2,0.5284679089026915,0.42176671449829933,0.6190020461309523,326,46,15,0
A-,common_tstar_le2,normal,amp4,0.4385783298826777,0.3367971550179212,0.5316428571428569,326,46,15,0
A-,common_tstar_le2,normal,fde5,6.61877206470423,5.297490918583719,7.662774649314773,326,46,15,0
A-,common_tstar_le2,normal,dev9_ref,6.143699449800422,4.977677105930143,7.527792423786203,326,46,15,0
A-,common_tstar_le2,normal,severe_ref3,0.5471445824706694,0.4669445124975803,0.6270891203703705,326,46,15,0
A-,common_tstar_le2,recent_gt,amplification,0.07561249137336094,0.0482253086419753,0.10109908110531035,326,46,15,0
A-,common_tstar_le2,recent_gt,amp2,0.0945048309178744,0.06014179821898401,0.13791649993330665,326,46,15,0
A-,common_tstar_le2,recent_gt,amp4,0.05853174603174604,0.025074138078170338,0.08333333333333333,326,46,15,0
A-,common_tstar_le2,recent_gt,fde5,2.407487681263746,1.5711973335116152,3.4007377097526144,326,46,15,0
A-,common_tstar_le2,recent_gt,dev9_ref,7.65574135697109,6.274685998878276,8.879777761889134,326,46,15,0
A-,common_tstar_le2,recent_gt,severe_ref3,0.7576777087646652,0.5956237901664732,0.8798413215526787,326,46,15,0
A-,common_tstar_le2,recent_self,amplification,0.6455314009661836,0.4596206427380208,0.7910594154948992,326,46,15,0
A-,common_tstar_le2,recent_self,amp2,0.6959541062801932,0.5124489379084967,0.8499316184807254,326,46,15,0
A-,common_tstar_le2,recent_self,amp4,0.612275707384403,0.4265761008704557,0.750994909575852,326,46,15,0
A-,common_tstar_le2,recent_self,fde5,7.703994065106732,6.00856978209238,9.03514059512737,326,46,15,0
A-,common_tstar_le2,recent_self,dev9_ref,1.9875334156746123,1.369098120734124,2.6615583940602057,326,46,15,0
A-,common_tstar_le2,recent_self,severe_ref3,0.19315044858523117,0.13574070150659134,0.2699284797705314,326,46,15,0
A-,all_units,P_gt_s1_w1,amplification,0.2532051282051282,0.18313521589191228,0.32498818972033244,365,52,16,0
A-,all_units,P_gt_s1_w1,amp2,0.29651251526251526,0.2290882816871337,0.37207714957327964,365,52,16,0
A-,all_units,P_gt_s1_w1,amp4,0.20001526251526253,0.12523765432098768,0.26206285704700555,365,52,16,0
A-,all_units,P_gt_s1_w1,fde5,3.6850842490538795,2.690794190493877,4.541828129508698,365,52,16,0
A-,all_units,P_gt_s1_w1,dev9_ref,6.877689816834765,5.4937339619925805,7.984735242296948,365,52,16,0
A-,all_units,P_gt_s1_w1,severe_ref3,0.6891788766788766,0.5588543049333553,0.7938423645320197,365,52,16,0
A-,all_units,P_gt_s1_w2,amplification,0.1362179487179487,0.08927685657596371,0.19906629626833103,365,52,16,8
A-,all_units,P_gt_s1_w2,amp2,0.1775793650793651,0.1369567990239574,0.2377352392977393,365,52,16,8
A-,all_units,P_gt_s1_w2,amp4,0.10367063492063491,0.059157621381886086,0.1507663255360623,365,52,16,8
A-,all_units,P_gt_s1_w2,fde5,2.5542149176846465,1.857519276937963,3.4049811164719164,365,52,16,8
A-,all_units,P_gt_s1_w2,dev9_ref,7.448903652448896,5.837070727945588,8.606615632851785,365,52,16,8
A-,all_units,P_gt_s1_w2,severe_ref3,0.7133318070818071,0.5422478800963736,0.8548624504290981,365,52,16,8
A-,all_units,P_gt_s1_w3,amplification,0.07787698412698413,0.036760886030039255,0.11450934735995706,365,52,16,8
A-,all_units,P_gt_s1_w3,amp2,0.10973748473748474,0.0636403529825909,0.16257997246517653,365,52,16,8
A-,all_units,P_gt_s1_w3,amp4,0.06124084249084249,0.01876653439153439,0.10528010762385762,365,52,16,8
A-,all_units,P_gt_s1_w3,fde5,2.0371278040545757,1.474540824364536,2.7548275452025233,365,52,16,8
A-,all_units,P_gt_s1_w3,dev9_ref,7.759556800614089,6.072520559018956,9.083377313695259,365,52,16,8
A-,all_units,P_gt_s1_w3,severe_ref3,0.7250076312576312,0.5334242724867726,0.8941463097713098,365,52,16,8
A-,all_units,P_gt_s2_w1,amplification,0.19661935286935284,0.15084206030897207,0.24786732304355852,365,52,16,8
A-,all_units,P_gt_s2_w1,amp2,0.2287469474969475,0.18431946864111495,0.2826046457882395,365,52,16,8
A-,all_units,P_gt_s2_w1,amp4,0.1626602564102564,0.12240376222952948,0.20544972923379867,365,52,16,8
A-,all_units,P_gt_s2_w1,fde5,3.5893116170070765,2.649521189473158,4.3590943837160765,365,52,16,8
A-,all_units,P_gt_s2_w1,dev9_ref,6.920833674767132,5.4746992562087335,8.031980231220723,365,52,16,8
A-,all_units,P_gt_s2_w1,severe_ref3,0.6934905372405372,0.5305157524002508,0.8374282525510202,365,52,16,8
A-,all_units,P_gt_s2_w2,amplification,0.114010989010989,0.07151268115942029,0.15656565656565655,365,52,16,8
A-,all_units,P_gt_s2_w2,amp2,0.15315934065934064,0.10159168570626903,0.20852568983019562,365,52,16,8
A-,all_units,P_gt_s2_w2,amp4,0.08928571428571427,0.05222174329501915,0.12532299741602065,365,52,16,8
A-,all_units,P_gt_s2_w2,fde5,2.6518080591517954,2.023104251977689,3.3823418598202903,365,52,16,8
A-,all_units,P_gt_s2_w2,dev9_ref,7.418457029098475,5.842476256820499,8.603020420304256,365,52,16,8
A-,all_units,P_gt_s2_w2,severe_ref3,0.7204288766788767,0.531600517975623,0.8816671245421245,365,52,16,8
A-,all_units,P_gt_s2_w3,amplification,0.06524725274725274,0.027777777777777776,0.09495481332067711,365,52,16,20
A-,all_units,P_gt_s2_w3,amp2,0.09844322344322344,0.055419840576090576,0.14504084967320258,365,52,16,20
A-,all_units,P_gt_s2_w3,amp4,0.04761904761904761,0.021241830065359475,0.06617682072829131,365,52,16,20
A-,all_units,P_gt_s2_w3,fde5,2.386417266745223,1.8520310492278995,3.0790532632207563,365,52,16,20
A-,all_units,P_gt_s2_w3,dev9_ref,7.555507311364273,5.931340515572626,8.840311277627713,365,52,16,20
A-,all_units,P_gt_s2_w3,severe_ref3,0.7254655067155068,0.5401981107660455,0.8862906750033613,365,52,16,20
A-,all_units,P_gt_s3_w1,amplification,0.1606761294261294,0.11777247536945815,0.2185815799187892,365,52,16,8
A-,all_units,P_gt_s3_w1,amp2,0.19608516483516483,0.1440671808629555,0.2662755847953216,365,52,16,8
A-,all_units,P_gt_s3_w1,amp4,0.10794413919413917,0.0646456869093685,0.16536156578343192,365,52,16,8
A-,all_units,P_gt_s3_w1,fde5,3.3265526835603727,2.5347979594962755,4.0332308445116745,365,52,16,8
A-,all_units,P_gt_s3_w1,dev9_ref,6.960301069269956,5.523957563948526,8.14237637132445,365,52,16,8
A-,all_units,P_gt_s3_w1,severe_ref3,0.6971535409035409,0.5343659812409812,0.838854580026455,365,52,16,8
A-,all_units,P_gt_s3_w2,amplification,0.09436050061050061,0.05297489648033126,0.14722670250896056,365,52,16,20
A-,all_units,P_gt_s3_w2,amp2,0.12717490842490842,0.0764595440037016,0.18832999080135193,365,52,16,20
A-,all_units,P_gt_s3_w2,amp4,0.0676510989010989,0.0332380262510648,0.11333408408408407,365,52,16,20
A-,all_units,P_gt_s3_w2,fde5,2.958915997849012,2.2615534875610503,3.67375196488815,365,52,16,20
A-,all_units,P_gt_s3_w2,dev9_ref,7.165604303565859,5.761280100944936,8.300482283528964,365,52,16,20
A-,all_units,P_gt_s3_w2,severe_ref3,0.7338980463980463,0.5549320652173914,0.8818555324527071,365,52,16,20
A-,all_units,P_gt_s3_w3,amplification,0.08066239316239317,0.04535558363970588,0.125947520260747,365,52,16,26
A-,all_units,P_gt_s3_w3,amp2,0.10653235653235653,0.06252903244631185,0.1635654885654885,365,52,16,26
A-,all_units,P_gt_s3_w3,amp4,0.06623931623931624,0.03632478632478632,0.1033375511451192,365,52,16,26
A-,all_units,P_gt_s3_w3,fde5,2.87935108958519,2.2105137134981443,3.64747922121468,365,52,16,26
A-,all_units,P_gt_s3_w3,dev9_ref,7.217533735736736,5.669070990175948,8.445402950748866,365,52,16,26
A-,all_units,P_gt_s3_w3,severe_ref3,0.7101266788766789,0.5252777777777777,0.8673472560666057,365,52,16,26
A-,all_units,P_gt_s4_w1,amplification,0.14777930402930403,0.11126527413473228,0.20877891185035835,365,52,16,20
A-,all_units,P_gt_s4_w1,amp2,0.20482295482295482,0.16122726137238522,0.27331382722007724,365,52,16,20
A-,all_units,P_gt_s4_w1,amp4,0.12160409035409034,0.08396987112504353,0.18171657986111106,365,52,16,20
A-,all_units,P_gt_s4_w1,fde5,3.879008738289284,3.0235158945758576,4.624938963408738,365,52,16,20
A-,all_units,P_gt_s4_w1,dev9_ref,6.8770180008503115,5.617385255270778,7.909899387610371,365,52,16,20
A-,all_units,P_gt_s4_w1,severe_ref3,0.7140567765567766,0.5397707063008129,0.8583556547619047,365,52,16,20
A-,all_units,P_gt_s4_w2,amplification,0.09584859584859586,0.05682477892132743,0.16124970821661996,365,52,16,26
A-,all_units,P_gt_s4_w2,amp2,0.13152472527472525,0.0747522793839758,0.22003135603835008,365,52,16,26
A-,all_units,P_gt_s4_w2,amp4,0.07520604395604395,0.040549289891395154,0.1306567030492607,365,52,16,26
A-,all_units,P_gt_s4_w2,fde5,3.5265908606362446,2.7217794228345227,4.269172266887182,365,52,16,26
A-,all_units,P_gt_s4_w2,dev9_ref,6.815399658669713,5.460714830091545,7.928666517566494,365,52,16,26
A-,all_units,P_gt_s4_w2,severe_ref3,0.690018315018315,0.49608395989974935,0.8554830057022809,365,52,16,26
A-,all_units,P_gt_s4_w3,amplification,0.07902167277167277,0.042436532084098005,0.13546001358501356,365,52,16,39
A-,all_units,P_gt_s4_w3,amp2,0.10080891330891331,0.05258928849395367,0.16888508781891134,365,52,16,39
A-,all_units,P_gt_s4_w3,amp4,0.06398809523809525,0.02907426948051948,0.11363636363636363,365,52,16,39
A-,all_units,P_gt_s4_w3,fde5,3.51457016525662,2.629514152324051,4.32853388287125,365,52,16,39
A-,all_units,P_gt_s4_w3,dev9_ref,6.882585521424558,5.431178367731434,8.068469783219456,365,52,16,39
A-,all_units,P_gt_s4_w3,severe_ref3,0.6814713064713065,0.4963344296677629,0.8399196498930541,365,52,16,39
A-,all_units,P_self_s1_w1,amplification,0.5563949938949939,0.3775660048432655,0.7109407575219141,365,52,16,0
A-,all_units,P_self_s1_w1,amp2,0.6132478632478633,0.448440188172043,0.7453691334316699,365,52,16,0
A-,all_units,P_self_s1_w1,amp4,0.5178189865689866,0.34680739871303135,0.6688622598162072,365,52,16,0
A-,all_units,P_self_s1_w1,fde5,7.098666445114391,5.301562492561373,8.502073891950992,365,52,16,0
A-,all_units,P_self_s1_w1,dev9_ref,3.3792532282055725,2.668257806998343,4.163476747092406,365,52,16,0
A-,all_units,P_self_s1_w1,severe_ref3,0.34344474969474964,0.2913460376687988,0.41333962296663906,365,52,16,0
A-,all_units,P_self_s1_w2,amplification,0.5990155677655677,0.42250563672438674,0.7479310403138526,365,52,16,8
A-,all_units,P_self_s1_w2,amp2,0.660485347985348,0.49344553016428017,0.7975181878306878,365,52,16,8
A-,all_units,P_self_s1_w2,amp4,0.5592948717948718,0.39774263812649013,0.7051319330414156,365,52,16,8
A-,all_units,P_self_s1_w2,fde5,7.587896133580072,5.94375366010252,8.950288161633742,365,52,16,8
A-,all_units,P_self_s1_w2,dev9_ref,2.523815043124085,2.022808585382813,2.940622682484339,365,52,16,8
A-,all_units,P_self_s1_w2,severe_ref3,0.2720924908424909,0.2133444697323374,0.32735057043650795,365,52,16,8
A-,all_units,P_self_s1_w3,amplification,0.6216040903540903,0.4564771622934888,0.7635586043360434,365,52,16,8
A-,all_units,P_self_s1_w3,amp2,0.7167277167277166,0.561492673992674,0.8391075668159003,365,52,16,8
A-,all_units,P_self_s1_w3,amp4,0.5849740537240538,0.4260763888888889,0.7265166591285993,365,52,16,8
A-,all_units,P_self_s1_w3,fde5,7.719298895335415,6.0138893257247075,9.12762752478156,365,52,16,8
A-,all_units,P_self_s1_w3,dev9_ref,2.014418953787358,1.5298356255583763,2.34746405110859,365,52,16,8
A-,all_units,P_self_s1_w3,severe_ref3,0.21180555555555555,0.14237528344671202,0.26733061776970674,365,52,16,8
A-,all_units,P_self_s2_w1,amplification,0.5286172161172161,0.3761384728622632,0.6517101301005004,365,52,16,8
A-,all_units,P_self_s2_w1,amp2,0.587263431013431,0.4243753561876267,0.7110915993728493,365,52,16,8
A-,all_units,P_self_s2_w1,amp4,0.49832112332112327,0.34769867154651607,0.623850842768914,365,52,16,8
A-,all_units,P_self_s2_w1,fde5,6.937833346944836,5.1494837503227915,8.292341442546682,365,52,16,8
A-,all_units,P_self_s2_w1,dev9_ref,3.6324176531002097,2.822972779161955,4.505643876229064,365,52,16,8
A-,all_units,P_self_s2_w1,severe_ref3,0.36034798534798534,0.284593602271417,0.4391096850198408,365,52,16,8
A-,all_units,P_self_s2_w2,amplification,0.6094703907203907,0.44733075247642917,0.7464992559523809,365,52,16,8
A-,all_units,P_self_s2_w2,amp2,0.6908195970695972,0.5245583717357911,0.8171005268661518,365,52,16,8
A-,all_units,P_self_s2_w2,amp4,0.5732219169719169,0.4085932524071784,0.7132514752256227,365,52,16,8
A-,all_units,P_self_s2_w2,fde5,7.346644916323367,5.62340334462112,8.754861598184503,365,52,16,8
A-,all_units,P_self_s2_w2,dev9_ref,2.6088447229506206,2.078086915924839,3.0092392348544887,365,52,16,8
A-,all_units,P_self_s2_w2,severe_ref3,0.2840735653235653,0.21541666666666667,0.3682172512132098,365,52,16,8
A-,all_units,P_self_s2_w3,amplification,0.6177503052503053,0.4577814404982773,0.7579626148705095,365,52,16,20
A-,all_units,P_self_s2_w3,amp2,0.6938339438339438,0.5174566119600075,0.8369925291545189,365,52,16,20
A-,all_units,P_self_s2_w3,amp4,0.5720009157509158,0.41602402791427184,0.7139803205561184,365,52,16,20
A-,all_units,P_self_s2_w3,fde5,7.302444964016548,5.536963948023588,8.751710376117794,365,52,16,20
A-,all_units,P_self_s2_w3,dev9_ref,2.354272888271201,1.780971049510924,2.885907124088456,365,52,16,20
A-,all_units,P_self_s2_w3,severe_ref3,0.22672466422466422,0.16386685263536307,0.28915279178637626,365,52,16,20
A-,all_units,P_self_s3_w1,amplification,0.5679563492063492,0.39974350495183836,0.7100482059020793,365,52,16,8
A-,all_units,P_self_s3_w1,amp2,0.6349587912087912,0.46134803559104803,0.7736717029807091,365,52,16,8
A-,all_units,P_self_s3_w1,amp4,0.5179716117216118,0.3597807285307285,0.6555315931197041,365,52,16,8
A-,all_units,P_self_s3_w1,fde5,6.9085790971785705,5.37444941683503,8.215683304941209,365,52,16,8
A-,all_units,P_self_s3_w1,dev9_ref,3.597697953292436,2.8866569899823196,4.286043893991952,365,52,16,8
A-,all_units,P_self_s3_w1,severe_ref3,0.3498168498168498,0.26218366620152334,0.44075489110372823,365,52,16,8
A-,all_units,P_self_s3_w2,amplification,0.6064942002442003,0.43825345065562454,0.7579662698412697,365,52,16,20
A-,all_units,P_self_s3_w2,amp2,0.6625457875457876,0.48875110229276897,0.8124658194216384,365,52,16,20
A-,all_units,P_self_s3_w2,amp4,0.5558226495726496,0.4015854978354979,0.6999924256232173,365,52,16,20
A-,all_units,P_self_s3_w2,fde5,7.00433961893374,5.335469255082312,8.371137415603096,365,52,16,20
A-,all_units,P_self_s3_w2,dev9_ref,2.80395803456219,2.210597111580406,3.3089334223758886,365,52,16,20
A-,all_units,P_self_s3_w2,severe_ref3,0.3001373626373626,0.22395194824383655,0.38323712928153714,365,52,16,20
A-,all_units,P_self_s3_w3,amplification,0.6165674603174603,0.4447475749559083,0.766924327601411,365,52,16,26
A-,all_units,P_self_s3_w3,amp2,0.6641865079365079,0.47754009589947083,0.8225908919123204,365,52,16,26
A-,all_units,P_self_s3_w3,amp4,0.5695589133089134,0.4119908380018674,0.7118555948020233,365,52,16,26
A-,all_units,P_self_s3_w3,fde5,7.008400509749468,5.37428748532249,8.354722514104045,365,52,16,26
A-,all_units,P_self_s3_w3,dev9_ref,2.6639854231459696,1.9725278360928746,3.240273662101967,365,52,16,26
A-,all_units,P_self_s3_w3,severe_ref3,0.28685897435897434,0.21151754487105576,0.37290551847843506,365,52,16,26
A-,all_units,P_self_s4_w1,amplification,0.5707417582417583,0.4263257808499744,0.6982513962375071,365,52,16,20
A-,all_units,P_self_s4_w1,amp2,0.6090125152625152,0.4598163223622783,0.7351224296536796,365,52,16,20
A-,all_units,P_self_s4_w1,amp4,0.5125534188034189,0.36750192993399516,0.6441784128905799,365,52,16,20
A-,all_units,P_self_s4_w1,fde5,6.675873116483315,5.232906993525893,7.923792138531722,365,52,16,20
A-,all_units,P_self_s4_w1,dev9_ref,3.803876799973769,3.0496204401199956,4.332328571903635,365,52,16,20
A-,all_units,P_self_s4_w1,severe_ref3,0.39610042735042733,0.2928966416813638,0.48849516369047613,365,52,16,20
A-,all_units,P_self_s4_w2,amplification,0.6061507936507936,0.4486769480519481,0.7418232612062146,365,52,16,26
A-,all_units,P_self_s4_w2,amp2,0.6494200244200244,0.49661704580822225,0.7794439008480104,365,52,16,26
A-,all_units,P_self_s4_w2,amp4,0.5442612942612942,0.38246126228269084,0.686580266955267,365,52,16,26
A-,all_units,P_self_s4_w2,fde5,6.676714077674102,5.223659386332539,7.938546240110801,365,52,16,26
A-,all_units,P_self_s4_w2,dev9_ref,3.2992827464257255,2.554849970093451,3.847633153339606,365,52,16,26
A-,all_units,P_self_s4_w2,severe_ref3,0.35943223443223443,0.2600579337426027,0.4556525711251321,365,52,16,26
A-,all_units,P_self_s4_w3,amplification,0.6041285103785103,0.4370031932043651,0.7497663175118531,365,52,16,39
A-,all_units,P_self_s4_w3,amp2,0.6377823565323566,0.46861623304292477,0.7848975593372145,365,52,16,39
A-,all_units,P_self_s4_w3,amp4,0.560782967032967,0.3953008487048665,0.7060885758757525,365,52,16,39
A-,all_units,P_self_s4_w3,fde5,6.625011767082205,5.175272474491539,7.866627365345263,365,52,16,39
A-,all_units,P_self_s4_w3,dev9_ref,3.198144888765296,2.342297827341823,3.7517573540549654,365,52,16,39
A-,all_units,P_self_s4_w3,severe_ref3,0.3331807081807082,0.23130219116632159,0.4250114739050615,365,52,16,39
A-,all_units,T_gt_s1_w1,amplification,0.2917048229548229,0.21355744949494948,0.36135625877335065,365,52,16,0
A-,all_units,T_gt_s1_w1,amp2,0.36061507936507936,0.2756120171817846,0.43479054659498206,365,52,16,0
A-,all_units,T_gt_s1_w1,amp4,0.24885531135531133,0.16407919570267132,0.32423042133520075,365,52,16,0
A-,all_units,T_gt_s1_w1,fde5,4.135516602654404,2.8951063797055974,5.101678745595688,365,52,16,0
A-,all_units,T_gt_s1_w1,dev9_ref,6.582604462799187,5.40298990189568,7.625984536653722,365,52,16,0
A-,all_units,T_gt_s1_w1,severe_ref3,0.6700625763125763,0.5519752466203873,0.782859126984127,365,52,16,0
A-,all_units,T_gt_s1_w2,amplification,0.2300824175824176,0.18332078491118672,0.2801779952463356,365,52,16,8
A-,all_units,T_gt_s1_w2,amp2,0.27667124542124544,0.2384671470825985,0.3336364638447971,365,52,16,8
A-,all_units,T_gt_s1_w2,amp4,0.19700091575091574,0.1474699605949606,0.25224247685185186,365,52,16,8
A-,all_units,T_gt_s1_w2,fde5,3.404696281185262,2.454082326143876,4.148506262883181,365,52,16,8
A-,all_units,T_gt_s1_w2,dev9_ref,6.806368874048378,5.411706566865064,7.848020166618951,365,52,16,8
A-,all_units,T_gt_s1_w2,severe_ref3,0.6811278998778998,0.5364328231292518,0.8065030492557088,365,52,16,8
A-,all_units,T_gt_s1_w3,amplification,0.12324481074481074,0.08235880154530949,0.1702310806477473,365,52,16,8
A-,all_units,T_gt_s1_w3,amp2,0.16861263736263735,0.12102746989600438,0.22698860099595392,365,52,16,8
A-,all_units,T_gt_s1_w3,amp4,0.10099969474969474,0.06419376993973769,0.13844844084205785,365,52,16,8
A-,all_units,T_gt_s1_w3,fde5,2.7504894393529193,2.0313014550299804,3.557445648556607,365,52,16,8
A-,all_units,T_gt_s1_w3,dev9_ref,7.319902754890046,5.715613921122737,8.500821161545483,365,52,16,8
A-,all_units,T_gt_s1_w3,severe_ref3,0.7332112332112332,0.5677261312485194,0.8715837984102823,365,52,16,8
A-,all_units,T_gt_s2_w1,amplification,0.23653083028083027,0.18501731803143093,0.2916429598862747,365,52,16,8
A-,all_units,T_gt_s2_w1,amp2,0.28357753357753357,0.25081382190557383,0.33324377204585526,365,52,16,8
A-,all_units,T_gt_s2_w1,amp4,0.18944597069597066,0.136033633372048,0.24437064459930302,365,52,16,8
A-,all_units,T_gt_s2_w1,fde5,3.804901017634167,2.784509863539901,4.579646801732056,365,52,16,8
A-,all_units,T_gt_s2_w1,dev9_ref,6.7259133729515534,5.3763925706476385,7.811921982492009,365,52,16,8
A-,all_units,T_gt_s2_w1,severe_ref3,0.692002442002442,0.547934896545438,0.8170291832010581,365,52,16,8
A-,all_units,T_gt_s2_w2,amplification,0.16025641025641027,0.12422439759036145,0.20823918853255588,365,52,16,8
A-,all_units,T_gt_s2_w2,amp2,0.20016788766788765,0.16107481787925335,0.24922058935216826,365,52,16,8
A-,all_units,T_gt_s2_w2,amp4,0.1262591575091575,0.09212553719132668,0.17580425776180492,365,52,16,8
A-,all_units,T_gt_s2_w2,fde5,3.2559996535798277,2.3861059973621037,4.106502636216204,365,52,16,8
A-,all_units,T_gt_s2_w2,dev9_ref,7.000142924166535,5.458087356845146,8.187885235742781,365,52,16,8
A-,all_units,T_gt_s2_w2,severe_ref3,0.724969474969475,0.5670823885109599,0.857453767233216,365,52,16,8
A-,all_units,T_gt_s2_w3,amplification,0.13186813186813187,0.0999045451513939,0.17186411149825778,365,52,16,20
A-,all_units,T_gt_s2_w3,amp2,0.17418345543345545,0.1398772585275245,0.22503792687428537,365,52,16,20
A-,all_units,T_gt_s2_w3,amp4,0.1088980463980464,0.07408229813664595,0.15360161305901668,365,52,16,20
A-,all_units,T_gt_s2_w3,fde5,3.170097758451124,2.2040074221290022,4.046143793983014,365,52,16,20
A-,all_units,T_gt_s2_w3,dev9_ref,7.120354215200947,5.618211254229816,8.276828841641796,365,52,16,20
A-,all_units,T_gt_s2_w3,severe_ref3,0.7257707570207571,0.5585542234651669,0.8628990086351441,365,52,16,20
A-,all_units,T_gt_s3_w1,amplification,0.22508394383394384,0.17703227124183007,0.28107201699046214,365,52,16,8
A-,all_units,T_gt_s3_w1,amp2,0.2746871184371184,0.23516716902304333,0.32850452681072423,365,52,16,8
A-,all_units,T_gt_s3_w1,amp4,0.19215506715506717,0.13904883428022088,0.2525977366255143,365,52,16,8
A-,all_units,T_gt_s3_w1,fde5,3.8602902321503083,2.7616316397672596,4.764539997582817,365,52,16,8
A-,all_units,T_gt_s3_w1,dev9_ref,6.78886555777533,5.462861037376381,7.924653312511723,365,52,16,8
A-,all_units,T_gt_s3_w1,severe_ref3,0.674946581196581,0.5187198067632849,0.804907056824931,365,52,16,8
A-,all_units,T_gt_s3_w2,amplification,0.2054716117216117,0.1648105353252412,0.25804127788502784,365,52,16,20
A-,all_units,T_gt_s3_w2,amp2,0.24278846153846154,0.19983834679705215,0.2923806140323996,365,52,16,20
A-,all_units,T_gt_s3_w2,amp4,0.1781517094017094,0.12943621399176952,0.23680677833148764,365,52,16,20
A-,all_units,T_gt_s3_w2,fde5,3.8144260085774255,2.7186614246956307,4.726145757446324,365,52,16,20
A-,all_units,T_gt_s3_w2,dev9_ref,7.100420296149215,5.800919306392009,8.176206341763526,365,52,16,20
A-,all_units,T_gt_s3_w2,severe_ref3,0.7229090354090354,0.5507017034456059,0.8623534837736464,365,52,16,20
A-,all_units,T_gt_s3_w3,amplification,0.14907661782661782,0.09844029367065973,0.1900019563214007,365,52,16,26
A-,all_units,T_gt_s3_w3,amp2,0.1818910256410256,0.14721441236068894,0.22166123393801962,365,52,16,26
A-,all_units,T_gt_s3_w3,amp4,0.13411935286935284,0.08189389101745423,0.17414682539682538,365,52,16,26
A-,all_units,T_gt_s3_w3,fde5,3.4065517585231,2.4427842364919434,4.1694145837965655,365,52,16,26
A-,all_units,T_gt_s3_w3,dev9_ref,6.878510871844417,5.489160609254232,8.094476161611794,365,52,16,26
A-,all_units,T_gt_s3_w3,severe_ref3,0.6892170329670328,0.5261722883597882,0.8246525330562333,365,52,16,26
A-,all_units,T_gt_s4_w1,amplification,0.23210470085470086,0.17240596531010066,0.2892705690541244,365,52,16,20
A-,all_units,T_gt_s4_w1,amp2,0.2849893162393163,0.22270602865753217,0.3338338374967473,365,52,16,20
A-,all_units,T_gt_s4_w1,amp4,0.2043650793650794,0.139250208855472,0.26158647658647655,365,52,16,20
A-,all_units,T_gt_s4_w1,fde5,4.3510869860933825,3.216520269178928,5.2850345563619445,365,52,16,20
A-,all_units,T_gt_s4_w1,dev9_ref,6.709708352157701,5.523697256506982,7.684207389550168,365,52,16,20
A-,all_units,T_gt_s4_w1,severe_ref3,0.6846382783882785,0.5396078314529371,0.8085036420228469,365,52,16,20
A-,all_units,T_gt_s4_w2,amplification,0.20119810744810745,0.12654459356857614,0.2686526537698413,365,52,16,26
A-,all_units,T_gt_s4_w2,amp2,0.23321123321123322,0.16864595431668603,0.29802338052338045,365,52,16,26
A-,all_units,T_gt_s4_w2,amp4,0.1885683760683761,0.11329300735624438,0.2571936374527838,365,52,16,26
A-,all_units,T_gt_s4_w2,fde5,4.036616489442805,2.8530180130592666,5.037136170270178,365,52,16,26
A-,all_units,T_gt_s4_w2,dev9_ref,6.582801133651609,5.314182246272616,7.7167452174388815,365,52,16,26
A-,all_units,T_gt_s4_w2,severe_ref3,0.6528922466422465,0.5028137973137973,0.7920513533555802,365,52,16,26
A-,all_units,T_gt_s4_w3,amplification,0.15728021978021978,0.10484206187331188,0.2069576142795619,365,52,16,39
A-,all_units,T_gt_s4_w3,amp2,0.17967796092796093,0.12995238095238093,0.23026648877941977,365,52,16,39
A-,all_units,T_gt_s4_w3,amp4,0.14465048840048841,0.08781817651302945,0.19501674267636296,365,52,16,39
A-,all_units,T_gt_s4_w3,fde5,3.854407080484985,2.761515992118872,4.756629000368726,365,52,16,39
A-,all_units,T_gt_s4_w3,dev9_ref,6.6498764383642746,5.270705080961283,7.824227424473787,365,52,16,39
A-,all_units,T_gt_s4_w3,severe_ref3,0.6481990231990231,0.4897366797328688,0.7867756477591036,365,52,16,39
A-,all_units,T_self_s1_w1,amplification,0.5378128815628815,0.39037344104308386,0.65672006302521,365,52,16,0
A-,all_units,T_self_s1_w1,amp2,0.6153083028083028,0.4734753451050135,0.7230997555272108,365,52,16,0
A-,all_units,T_self_s1_w1,amp4,0.509806166056166,0.3618147253731931,0.6321531435154706,365,52,16,0
A-,all_units,T_self_s1_w1,fde5,6.959876124879637,5.217253914713709,8.232760014022938,365,52,16,0
A-,all_units,T_self_s1_w1,dev9_ref,4.023135503665345,3.200777452047298,5.049314963642338,365,52,16,0
A-,all_units,T_self_s1_w1,severe_ref3,0.42357295482295476,0.3606056721465745,0.49771042188805337,365,52,16,0
A-,all_units,T_self_s1_w2,amplification,0.57493894993895,0.4156627415458937,0.7027350572354438,365,52,16,8
A-,all_units,T_self_s1_w2,amp2,0.6312576312576312,0.47041686412611255,0.7526006797816457,365,52,16,8
A-,all_units,T_self_s1_w2,amp4,0.5518162393162394,0.394125026106934,0.6776695794226281,365,52,16,8
A-,all_units,T_self_s1_w2,fde5,7.18823704224887,5.3511570069698156,8.572669360478445,365,52,16,8
A-,all_units,T_self_s1_w2,dev9_ref,3.4362158901324267,2.6549984745602817,4.464884391632399,365,52,16,8
A-,all_units,T_self_s1_w2,severe_ref3,0.3743513431013431,0.29806801994301996,0.4578082343707343,365,52,16,8
A-,all_units,T_self_s1_w3,amplification,0.6189331501831502,0.45287611228580243,0.7544494047619047,365,52,16,8
A-,all_units,T_self_s1_w3,amp2,0.6931089743589743,0.5174041701861825,0.8270041937229435,365,52,16,8
A-,all_units,T_self_s1_w3,amp4,0.595467032967033,0.4339794297442323,0.7316651198210419,365,52,16,8
A-,all_units,T_self_s1_w3,fde5,7.531598845122791,5.703818706904096,8.964593772277151,365,52,16,8
A-,all_units,T_self_s1_w3,dev9_ref,2.5608376452375854,2.028688732306768,3.037531136992699,365,52,16,8
A-,all_units,T_self_s1_w3,severe_ref3,0.3065094627594628,0.22774716553287985,0.3784254092261905,365,52,16,8
A-,all_units,T_self_s2_w1,amplification,0.5245344932844933,0.3665168165168165,0.6540939723590585,365,52,16,8
A-,all_units,T_self_s2_w1,amp2,0.5854700854700854,0.4171587407125971,0.7140741646734796,365,52,16,8
A-,all_units,T_self_s2_w1,amp4,0.4987789987789988,0.34946707396726806,0.628128389036774,365,52,16,8
A-,all_units,T_self_s2_w1,fde5,6.875246556860343,5.162191469026769,8.212550925551565,365,52,16,8
A-,all_units,T_self_s2_w1,dev9_ref,4.043365267373651,3.150147771982364,4.988105896458509,365,52,16,8
A-,all_units,T_self_s2_w1,severe_ref3,0.3891941391941392,0.31416657808956916,0.4669518849206347,365,52,16,8
A-,all_units,T_self_s2_w2,amplification,0.561584249084249,0.3863740897642115,0.7089780236807367,365,52,16,8
A-,all_units,T_self_s2_w2,amp2,0.6361416361416361,0.44504925049897065,0.7881265434255894,365,52,16,8
A-,all_units,T_self_s2_w2,amp4,0.5384615384615384,0.36283264878278354,0.6863427992724866,365,52,16,8
A-,all_units,T_self_s2_w2,fde5,7.172581092202167,5.523083544396391,8.529294134766191,365,52,16,8
A-,all_units,T_self_s2_w2,dev9_ref,3.3147980136756647,2.671928182344447,3.967654852181318,365,52,16,8
A-,all_units,T_self_s2_w2,severe_ref3,0.3261599511599511,0.24269028993605263,0.40824534161490666,365,52,16,8
A-,all_units,T_self_s2_w3,amplification,0.5798611111111112,0.41179175529929835,0.7253608872029923,365,52,16,20
A-,all_units,T_self_s2_w3,amp2,0.6467872405372405,0.46399943310657593,0.7909979414158194,365,52,16,20
A-,all_units,T_self_s2_w3,amp4,0.5444139194139195,0.3797425549167035,0.688349957099957,365,52,16,20
A-,all_units,T_self_s2_w3,fde5,7.226327400480193,5.508956498648405,8.6795693572735,365,52,16,20
A-,all_units,T_self_s2_w3,dev9_ref,2.812238728696076,2.1890644505471193,3.3944315832358947,365,52,16,20
A-,all_units,T_self_s2_w3,severe_ref3,0.2856379731379731,0.21318384679920135,0.36457209600087165,365,52,16,20
A-,all_units,T_self_s3_w1,amplification,0.5541437728937729,0.3975866977225673,0.6833372784134045,365,52,16,8
A-,all_units,T_self_s3_w1,amp2,0.6277090964590963,0.4559006084211088,0.7593697413666959,365,52,16,8
A-,all_units,T_self_s3_w1,amp4,0.5128586691086691,0.3717964170731185,0.6327538655242442,365,52,16,8
A-,all_units,T_self_s3_w1,fde5,6.89236543312872,5.412293247099633,8.12795433742652,365,52,16,8
A-,all_units,T_self_s3_w1,dev9_ref,3.8171667894519388,3.0519998161639643,4.57355991273458,365,52,16,8
A-,all_units,T_self_s3_w1,severe_ref3,0.3766788766788766,0.28775529459972393,0.46879873598623595,365,52,16,8
A-,all_units,T_self_s3_w2,amplification,0.5501373626373627,0.3988743279569893,0.6796697540366722,365,52,16,20
A-,all_units,T_self_s3_w2,amp2,0.6170253357753357,0.45395171957671954,0.7470959906951287,365,52,16,20
A-,all_units,T_self_s3_w2,amp4,0.5093101343101343,0.371120274315237,0.631538296212794,365,52,16,20
A-,all_units,T_self_s3_w2,fde5,6.865013561844695,5.386656834292289,8.154728410207994,365,52,16,20
A-,all_units,T_self_s3_w2,dev9_ref,3.541368181433133,2.7626493088437503,4.112628636141261,365,52,16,20
A-,all_units,T_self_s3_w2,severe_ref3,0.3627518315018315,0.2736944888050071,0.4474606946273132,365,52,16,20
A-,all_units,T_self_s3_w3,amplification,0.5914606227106227,0.41258420441347265,0.747064366786141,365,52,16,26
A-,all_units,T_self_s3_w3,amp2,0.6512896825396826,0.4725516013462442,0.8005725623582767,365,52,16,26
A-,all_units,T_self_s3_w3,amp4,0.5547542735042735,0.3934879385964912,0.694656133286648,365,52,16,26
A-,all_units,T_self_s3_w3,fde5,6.953319023503312,5.356436446353637,8.311208520498765,365,52,16,26
A-,all_units,T_self_s3_w3,dev9_ref,3.092601976463283,2.322958633757709,3.66994939282516,365,52,16,26
A-,all_units,T_self_s3_w3,severe_ref3,0.33436355311355304,0.24049947611714667,0.4231498620789777,365,52,16,26
A-,all_units,T_self_s4_w1,amplification,0.557196275946276,0.418219696969697,0.6737537578162578,365,52,16,20
A-,all_units,T_self_s4_w1,amp2,0.6030982905982906,0.46668700788945355,0.7165893372535928,365,52,16,20
A-,all_units,T_self_s4_w1,amp4,0.512706043956044,0.3763522770219199,0.635080357142857,365,52,16,20
A-,all_units,T_self_s4_w1,fde5,6.596548098881514,5.34089281766352,7.726531711565635,365,52,16,20
A-,all_units,T_self_s4_w1,dev9_ref,4.1854925727891015,3.231183752586417,4.974539636100092,365,52,16,20
A-,all_units,T_self_s4_w1,severe_ref3,0.3931623931623932,0.28675443906376114,0.48868771661379345,365,52,16,20
A-,all_units,T_self_s4_w2,amplification,0.5518925518925518,0.39823012013729975,0.6740772179372531,365,52,16,26
A-,all_units,T_self_s4_w2,amp2,0.5969169719169719,0.45684433172493805,0.7095222437297332,365,52,16,26
A-,all_units,T_self_s4_w2,amp4,0.515224358974359,0.3621649029982364,0.640311546092796,365,52,16,26
A-,all_units,T_self_s4_w2,fde5,6.537990593675762,5.152832873007317,7.748445223458401,365,52,16,26
A-,all_units,T_self_s4_w2,dev9_ref,3.8514153793273573,2.934587184949649,4.617379133987609,365,52,16,26
A-,all_units,T_self_s4_w2,severe_ref3,0.3711080586080586,0.2653824806343463,0.467049194677871,365,52,16,26
A-,all_units,T_self_s4_w3,amplification,0.5888278388278388,0.43310367707689135,0.7235857450324762,365,52,16,39
A-,all_units,T_self_s4_w3,amp2,0.6337377899877901,0.48536862990810364,0.7634085648148147,365,52,16,39
A-,all_units,T_self_s4_w3,amp4,0.5558608058608059,0.38988015232974904,0.6998035714285715,365,52,16,39
A-,all_units,T_self_s4_w3,fde5,6.4803424746178955,5.085333970342993,7.6798489451621945,365,52,16,39
A-,all_units,T_self_s4_w3,dev9_ref,3.534884671314532,2.587183443466659,4.202174507889352,365,52,16,39
A-,all_units,T_self_s4_w3,severe_ref3,0.35286935286935284,0.2470523730540031,0.4530665121104336,365,52,16,39
A-,all_units,full_gt,amplification,0.03426434676434676,0.012428746498599439,0.0633816964285714,365,52,16,0
A-,all_units,full_gt,amp2,0.04067460317460317,0.013032439987489248,0.0793673864894795,365,52,16,0
A-,all_units,full_gt,amp4,0.024648962148962148,0.006191464650208812,0.04911731533496092,365,52,16,0
A-,all_units,full_gt,fde5,1.7030074651222122,1.2135349883551294,2.4275796777086027,365,52,16,0
A-,all_units,full_gt,dev9_ref,7.827029992466449,6.021622684606843,9.311929514364568,365,52,16,0
A-,all_units,full_gt,severe_ref3,0.732905982905983,0.5458233286252354,0.8997496857040228,365,52,16,0
A-,all_units,full_self,amplification,0.6387744200244201,0.4414558531746032,0.8067509602665853,365,52,16,0
A-,all_units,full_self,amp2,0.7096306471306472,0.5137760770975057,0.8698733828006088,365,52,16,0
A-,all_units,full_self,amp4,0.6069520757020757,0.4142763447971781,0.7682203213453214,365,52,16,0
A-,all_units,full_self,fde5,7.691517259825389,5.871391739995328,9.183522775602478,365,52,16,0
A-,all_units,full_self,dev9_ref,1.5762709022374497,1.041658472517098,2.1355369601114975,365,52,16,0
A-,all_units,full_self,severe_ref3,0.1459096459096459,0.08914248031253846,0.184491286687631,365,52,16,0
A-,all_units,normal,amplification,0.46058455433455436,0.3480983320446506,0.5582987408578454,365,52,16,0
A-,all_units,normal,amp2,0.5100732600732601,0.40380478896103905,0.5987060516578108,365,52,16,0
A-,all_units,normal,amp4,0.4177350427350427,0.3175006808278867,0.5119098494098494,365,52,16,0
A-,all_units,normal,fde5,6.246403304867193,4.948140325315488,7.2380976777557615,365,52,16,0
A-,all_units,normal,dev9_ref,5.876058885863506,4.640685951355873,6.94072464394605,365,52,16,0
A-,all_units,normal,severe_ref3,0.5206425518925519,0.42657627865961195,0.6046261724386723,365,52,16,0
A-,all_units,recent_gt,amplification,0.0692918192918193,0.045633503401360534,0.09187543903430935,365,52,16,0
A-,all_units,recent_gt,amp2,0.08600427350427349,0.05826990884072928,0.12278003570006246,365,52,16,0
A-,all_units,recent_gt,amp4,0.05418192918192918,0.02517674694398832,0.07683552414021165,365,52,16,0
A-,all_units,recent_gt,fde5,2.260831127997203,1.5011166636669562,3.139490686067062,365,52,16,0
A-,all_units,recent_gt,dev9_ref,7.418593070333996,5.806755391604209,8.738263826819056,365,52,16,0
A-,all_units,recent_gt,severe_ref3,0.7271443833943834,0.5535980017006803,0.8796579246902522,365,52,16,0
A-,all_units,recent_self,amplification,0.6279380341880342,0.4326287964680822,0.7957053730970945,365,52,16,0
A-,all_units,recent_self,amp2,0.6917735042735043,0.5031044950856272,0.8491545690899138,365,52,16,0
A-,all_units,recent_self,amp4,0.598519536019536,0.4059332834788762,0.7615163201430807,365,52,16,0
A-,all_units,recent_self,fde5,7.474703564270651,5.660012955217007,8.926240656496562,365,52,16,0
A-,all_units,recent_self,dev9_ref,1.9296213811357317,1.3482821115293817,2.513659683790429,365,52,16,0
A-,all_units,recent_self,severe_ref3,0.1979929792429792,0.13709989258861438,0.25630553009763113,365,52,16,0
A+,common_tstar_le2,P_gt_s1_w1,amplification,0.021350931677018636,0.010762348184223185,0.03501083497915295,920,138,25,0
A+,common_tstar_le2,P_gt_s1_w1,amp2,0.02869795261099609,0.017031337181337182,0.042789127262927024,920,138,25,0
A+,common_tstar_le2,P_gt_s1_w1,amp4,0.015829882677708768,0.007917894907267834,0.0268366274377311,920,138,25,0
A+,common_tstar_le2,P_gt_s1_w1,fde5,1.5132556192122362,1.166812594431334,1.7803333644601016,920,138,25,0
A+,common_tstar_le2,P_gt_s1_w1,dev9_ref,2.2485970451634927,1.793651617749824,2.59749129986154,920,138,25,0
A+,common_tstar_le2,P_gt_s1_w1,severe_ref3,0.23007246376811594,0.16018761962924188,0.2874924266581632,920,138,25,0
A+,common_tstar_le2,P_gt_s1_w2,amplification,0.014420864964343225,0.0044775349922408746,0.029727965747702586,920,138,25,0
A+,common_tstar_le2,P_gt_s1_w2,amp2,0.020617667356797792,0.009268278018278018,0.03644282761323776,920,138,25,0
A+,common_tstar_le2,P_gt_s1_w2,amp4,0.008684149988497813,0.001443001443001443,0.01766852965595446,920,138,25,0
A+,common_tstar_le2,P_gt_s1_w2,fde5,1.2309916276012927,0.9602753072125482,1.4530836231140738,920,138,25,0
A+,common_tstar_le2,P_gt_s1_w2,dev9_ref,2.1364594531768097,1.6374899774696474,2.487824054367043,920,138,25,0
A+,common_tstar_le2,P_gt_s1_w2,severe_ref3,0.22442201518288474,0.15415634474009057,0.2799786346802213,920,138,25,0
A+,common_tstar_le2,P_gt_s1_w3,amplification,0.015628594432942258,0.004597576813390573,0.030336886139026138,920,138,25,0
A+,common_tstar_le2,P_gt_s1_w3,amp2,0.024643432252127905,0.010822009780343114,0.0423766719525648,920,138,25,0
A+,common_tstar_le2,P_gt_s1_w3,amp4,0.006038647342995168,0.0,0.017617274624073663,920,138,25,0
A+,common_tstar_le2,P_gt_s1_w3,fde5,1.151496550238543,0.9155042278232995,1.3435205148204772,920,138,25,0
A+,common_tstar_le2,P_gt_s1_w3,dev9_ref,2.1319389209530692,1.633275083590007,2.5019717508490094,920,138,25,0
A+,common_tstar_le2,P_gt_s1_w3,severe_ref3,0.23326432022084195,0.1572499803551784,0.290704330147552,920,138,25,0
A+,common_tstar_le2,P_gt_s2_w1,amplification,0.023004370830457786,0.009362285114952797,0.0342221982540945,920,138,25,0
A+,common_tstar_le2,P_gt_s2_w1,amp2,0.030538302277432712,0.016063389099696283,0.04157328271011164,920,138,25,0
A+,common_tstar_le2,P_gt_s2_w1,amp4,0.016865079365079364,0.005605249745158003,0.025402285706365043,920,138,25,0
A+,common_tstar_le2,P_gt_s2_w1,fde5,1.51118874793389,1.1535461107372313,1.7867783768611951,920,138,25,0
A+,common_tstar_le2,P_gt_s2_w1,dev9_ref,2.218867818213644,1.683525547806098,2.6109452913956916,920,138,25,0
A+,common_tstar_le2,P_gt_s2_w1,severe_ref3,0.2272256728778468,0.15102588096250405,0.2785931431407177,920,138,25,0
A+,common_tstar_le2,P_gt_s2_w2,amplification,0.016419369680239247,0.009603076602981616,0.021920339951698835,920,138,25,0
A+,common_tstar_le2,P_gt_s2_w2,amp2,0.022112951460777547,0.013834541847041849,0.03073992268925919,920,138,25,0
A+,common_tstar_le2,P_gt_s2_w2,amp4,0.00884230503795721,0.0030458089668615983,0.014592457862659333,920,138,25,0
A+,common_tstar_le2,P_gt_s2_w2,fde5,1.3019283998833824,1.0478155299020406,1.5096336339744705,920,138,25,0
A+,common_tstar_le2,P_gt_s2_w2,dev9_ref,2.160270943920215,1.6546704288223957,2.561437716979035,920,138,25,0
A+,common_tstar_le2,P_gt_s2_w2,severe_ref3,0.23566540142627096,0.14776605526313621,0.2948988119331926,920,138,25,0
A+,common_tstar_le2,P_gt_s2_w3,amplification,0.012106050149528409,0.003871941137566137,0.022210880955840624,920,138,25,0
A+,common_tstar_le2,P_gt_s2_w3,amp2,0.020445134575569356,0.010003244248035913,0.035747985736440155,920,138,25,0
A+,common_tstar_le2,P_gt_s2_w3,amp4,0.008382217621348055,0.0,0.01879322716741016,920,138,25,0
A+,common_tstar_le2,P_gt_s2_w3,fde5,1.2165412673554699,1.0060238954484575,1.4134405353231705,920,138,25,0
A+,common_tstar_le2,P_gt_s2_w3,dev9_ref,2.157217590015315,1.661758314807183,2.5467053838609086,920,138,25,0
A+,common_tstar_le2,P_gt_s2_w3,severe_ref3,0.23779330572808832,0.15113993332840384,0.30741457087529844,920,138,25,0
A+,common_tstar_le2,P_gt_s3_w1,amplification,0.025477340694732,0.013498373487325965,0.03699638339123415,920,138,25,0
A+,common_tstar_le2,P_gt_s3_w1,amp2,0.03794283413848631,0.023728670634920634,0.048814930734198424,920,138,25,0
A+,common_tstar_le2,P_gt_s3_w1,amp4,0.0187485622268231,0.005434782608695652,0.029254372756046858,920,138,25,0
A+,common_tstar_le2,P_gt_s3_w1,fde5,1.5915805614928797,1.2927443939637957,1.7914271541192097,920,138,25,0
A+,common_tstar_le2,P_gt_s3_w1,dev9_ref,2.330327211380259,1.7974331881371794,2.742275776580043,920,138,25,0
A+,common_tstar_le2,P_gt_s3_w1,severe_ref3,0.236470554405337,0.15483787580012826,0.29664848730467097,920,138,25,0
A+,common_tstar_le2,P_gt_s3_w2,amplification,0.01917989417989418,0.009408068783068784,0.02876468795778927,920,138,25,0
A+,common_tstar_le2,P_gt_s3_w2,amp2,0.030667701863354036,0.017841185082447218,0.04249701269952369,920,138,25,0
A+,common_tstar_le2,P_gt_s3_w2,amp4,0.013313779618127445,0.005613003514463367,0.0217006906623842,920,138,25,0
A+,common_tstar_le2,P_gt_s3_w2,fde5,1.4035463466102542,1.169254702823236,1.6010790891494695,920,138,25,0
A+,common_tstar_le2,P_gt_s3_w2,dev9_ref,2.219992533904351,1.7133506625758026,2.6188012719802365,920,138,25,0
A+,common_tstar_le2,P_gt_s3_w2,severe_ref3,0.23736197377501725,0.15364953542392568,0.3039507535403237,920,138,25,0
A+,common_tstar_le2,P_gt_s3_w3,amplification,0.01572923855532551,0.006008184523809524,0.02612463600548133,920,138,25,0
A+,common_tstar_le2,P_gt_s3_w3,amp2,0.021868530020703932,0.012184828405347275,0.03141466914068418,920,138,25,0
A+,common_tstar_le2,P_gt_s3_w3,amp4,0.012911203128594432,0.0033724242755206056,0.022973624794745465,920,138,25,0
A+,common_tstar_le2,P_gt_s3_w3,fde5,1.3811222841034971,1.1527306887035764,1.5645724111672283,920,138,25,0
A+,common_tstar_le2,P_gt_s3_w3,dev9_ref,2.2094377343958267,1.735696919053779,2.59606272994709,920,138,25,0
A+,common_tstar_le2,P_gt_s3_w3,severe_ref3,0.2383109040717736,0.15772982804232807,0.3083052047651212,920,138,25,0
A+,common_tstar_le2,P_gt_s4_w1,amplification,0.014047043938348285,0.004616971849834753,0.022765774566824177,920,138,25,0
A+,common_tstar_le2,P_gt_s4_w1,amp2,0.024700943179204047,0.010661194816468253,0.0352389681768024,920,138,25,0
A+,common_tstar_le2,P_gt_s4_w1,amp4,0.012034161490683228,0.0037326131991713527,0.019549257708437382,920,138,25,0
A+,common_tstar_le2,P_gt_s4_w1,fde5,1.5700485450813897,1.2593853232837473,1.7998151001036142,920,138,25,0
A+,common_tstar_le2,P_gt_s4_w1,dev9_ref,2.2127681020935426,1.7148944767763024,2.571683135889391,920,138,25,0
A+,common_tstar_le2,P_gt_s4_w1,severe_ref3,0.2220640671727628,0.14348096758649295,0.2814666070684096,920,138,25,0
A+,common_tstar_le2,P_gt_s4_w2,amplification,0.012939958592132504,0.004669575549000328,0.020193351149983798,920,138,25,0
A+,common_tstar_le2,P_gt_s4_w2,amp2,0.023335058661145616,0.012700543982355853,0.031700691344246024,920,138,25,0
A+,common_tstar_le2,P_gt_s4_w2,amp4,0.010021279043018173,0.003647586980920314,0.017260505134578222,920,138,25,0
A+,common_tstar_le2,P_gt_s4_w2,fde5,1.4903758097440387,1.2265605616782758,1.7106378424702884,920,138,25,0
A+,common_tstar_le2,P_gt_s4_w2,dev9_ref,2.19065673717657,1.6971032519111693,2.5520657147537587,920,138,25,0
A+,common_tstar_le2,P_gt_s4_w2,severe_ref3,0.22158960202438466,0.14125893840755588,0.28789876727934766,920,138,25,0
A+,common_tstar_le2,P_gt_s4_w3,amplification,0.01092707614446745,0.0036761339151045033,0.017925184938112987,920,138,25,0
A+,common_tstar_le2,P_gt_s4_w3,amp2,0.01746894409937888,0.009156349206349206,0.024916531541435343,920,138,25,0
A+,common_tstar_le2,P_gt_s4_w3,amp4,0.010021279043018173,0.003647586980920314,0.017260505134578222,920,138,25,0
A+,common_tstar_le2,P_gt_s4_w3,fde5,1.4829280769951974,1.2246251259583603,1.695455589186378,920,138,25,0
A+,common_tstar_le2,P_gt_s4_w3,dev9_ref,2.158691021664027,1.6712608203801542,2.5000293621988288,920,138,25,0
A+,common_tstar_le2,P_gt_s4_w3,severe_ref3,0.21766448125143778,0.14200763981605102,0.27776276726486615,920,138,25,0
A+,common_tstar_le2,P_self_s1_w1,amplification,0.01779963193006671,0.009090666278166277,0.028293770404142743,920,138,25,0
A+,common_tstar_le2,P_self_s1_w1,amp2,0.0237663906142167,0.014880293931731984,0.035083389210427245,920,138,25,0
A+,common_tstar_le2,P_self_s1_w1,amp4,0.015053485162180812,0.007222086056644879,0.025083047415766415,920,138,25,0
A+,common_tstar_le2,P_self_s1_w1,fde5,2.0775728897915506,1.6691535746285449,2.3876471915921407,920,138,25,0
A+,common_tstar_le2,P_self_s1_w1,dev9_ref,1.59672516532532,1.3448958598567056,1.8415777693698683,920,138,25,0
A+,common_tstar_le2,P_self_s1_w1,severe_ref3,0.13480561306648262,0.10580900075384801,0.16364392739854555,920,138,25,0
A+,common_tstar_le2,P_self_s1_w2,amplification,0.012407982516678169,0.005940682034093342,0.021400399412796454,920,138,25,0
A+,common_tstar_le2,P_self_s1_w2,amp2,0.015053485162180812,0.008729689114304499,0.024766795972775077,920,138,25,0
A+,common_tstar_le2,P_self_s1_w2,amp4,0.00787899700943179,0.001949317738791423,0.016690566846330076,920,138,25,0
A+,common_tstar_le2,P_self_s1_w2,fde5,2.05497470811738,1.5810405624709665,2.3728965179391155,920,138,25,0
A+,common_tstar_le2,P_self_s1_w2,dev9_ref,1.35961747670995,1.111663864136063,1.6013453541252127,920,138,25,0
A+,common_tstar_le2,P_self_s1_w2,severe_ref3,0.10606452726017943,0.07332707246334567,0.14168349631519275,920,138,25,0
A+,common_tstar_le2,P_self_s1_w3,amplification,0.014593397745571658,0.004747832939322301,0.03128620812154996,920,138,25,0
A+,common_tstar_le2,P_self_s1_w3,amp2,0.016203703703703703,0.0059609407922461026,0.03317932383273288,920,138,25,0
A+,common_tstar_le2,P_self_s1_w3,amp4,0.009259259259259259,0.0,0.025075209533174124,920,138,25,0
A+,common_tstar_le2,P_self_s1_w3,fde5,1.9891085083516338,1.569646877143536,2.286121342682288,920,138,25,0
A+,common_tstar_le2,P_self_s1_w3,dev9_ref,1.2304136954146037,1.003667403513502,1.448466456563758,920,138,25,0
A+,common_tstar_le2,P_self_s1_w3,severe_ref3,0.09926386013342535,0.06871328489963212,0.12830343743558026,920,138,25,0
A+,common_tstar_le2,P_self_s2_w1,amplification,0.027058891189325973,0.011376331333792934,0.05251249954022753,920,138,25,0
A+,common_tstar_le2,P_self_s2_w1,amp2,0.032522429261559696,0.01628074434561059,0.05785950020767038,920,138,25,0
A+,common_tstar_le2,P_self_s2_w1,amp4,0.01988440303657695,0.005567615244855706,0.04585862122626826,920,138,25,0
A+,common_tstar_le2,P_self_s2_w1,fde5,2.136863860909532,1.6486744183040223,2.533414640280583,920,138,25,0
A+,common_tstar_le2,P_self_s2_w1,dev9_ref,1.6674629744177385,1.3702518458231028,1.9599793101059342,920,138,25,0
A+,common_tstar_le2,P_self_s2_w1,severe_ref3,0.14637968714055669,0.10871525942322657,0.17540227154260124,920,138,25,0
A+,common_tstar_le2,P_self_s2_w2,amplification,0.01917989417989418,0.006110243055555556,0.03970579234643708,920,138,25,0
A+,common_tstar_le2,P_self_s2_w2,amp2,0.023435702783528866,0.009991378495842782,0.043467290899423305,920,138,25,0
A+,common_tstar_le2,P_self_s2_w2,amp4,0.014018288474810216,0.0024067460317460316,0.03331966110198869,920,138,25,0
A+,common_tstar_le2,P_self_s2_w2,fde5,2.0653336229845913,1.6316343429788003,2.3958159870294953,920,138,25,0
A+,common_tstar_le2,P_self_s2_w2,dev9_ref,1.4448665588631835,1.2192936861532713,1.653593549084573,920,138,25,0
A+,common_tstar_le2,P_self_s2_w2,severe_ref3,0.11929204048769265,0.08881167492463879,0.14573422237484734,920,138,25,0
A+,common_tstar_le2,P_self_s2_w3,amplification,0.020157579940188637,0.008602886566664573,0.03811140913018431,920,138,25,0
A+,common_tstar_le2,P_self_s2_w3,amp2,0.025621118012422364,0.012612815764935259,0.045722954017638144,920,138,25,0
A+,common_tstar_le2,P_self_s2_w3,amp4,0.017238900391074303,0.005215359335558122,0.035950716920431516,920,138,25,0
A+,common_tstar_le2,P_self_s2_w3,fde5,2.050397236395339,1.6346093074623276,2.387439741319411,920,138,25,0
A+,common_tstar_le2,P_self_s2_w3,dev9_ref,1.246356053525575,1.0603378092369729,1.4087798549876906,920,138,25,0
A+,common_tstar_le2,P_self_s2_w3,severe_ref3,0.10108983206809292,0.07301434676434676,0.12342240619817574,920,138,25,0
A+,common_tstar_le2,P_self_s3_w1,amplification,0.031932942259029214,0.018723945058896515,0.05160310286640073,920,138,25,0
A+,common_tstar_le2,P_self_s3_w1,amp2,0.03480848861283643,0.019454534662867996,0.057890453728661265,920,138,25,0
A+,common_tstar_le2,P_self_s3_w1,amp4,0.027044513457556936,0.015106507378721235,0.044677349970132216,920,138,25,0
A+,common_tstar_le2,P_self_s3_w1,fde5,2.231100845623021,1.7912228537672172,2.6034096134405487,920,138,25,0
A+,common_tstar_le2,P_self_s3_w1,dev9_ref,1.7603811437042156,1.397130413487493,2.0693659750325772,920,138,25,0
A+,common_tstar_le2,P_self_s3_w1,severe_ref3,0.14931274442144005,0.11341054091539526,0.18461706954904383,920,138,25,0
A+,common_tstar_le2,P_self_s3_w2,amplification,0.024629054520358868,0.012716382304108207,0.040978576615831507,920,138,25,0
A+,common_tstar_le2,P_self_s3_w2,amp2,0.0315303657694962,0.019614475741120477,0.048699418033657155,920,138,25,0
A+,common_tstar_le2,P_self_s3_w2,amp4,0.019639981596503334,0.009229463704486832,0.03483077222497795,920,138,25,0
A+,common_tstar_le2,P_self_s3_w2,fde5,2.11418848835409,1.69599433026237,2.450004004847294,920,138,25,0
A+,common_tstar_le2,P_self_s3_w2,dev9_ref,1.47272923416811,1.210269308188756,1.6667136641507951,920,138,25,0
A+,common_tstar_le2,P_self_s3_w2,severe_ref3,0.11671842650103517,0.082879640296979,0.13723818646232436,920,138,25,0
A+,common_tstar_le2,P_self_s3_w3,amplification,0.01744018863584081,0.0076548361879293396,0.028612275589641373,920,138,25,0
A+,common_tstar_le2,P_self_s3_w3,amp2,0.021465953531170923,0.01144786545691151,0.033568434758746095,920,138,25,0
A+,common_tstar_le2,P_self_s3_w3,amp4,0.014521509086726479,0.005473289982415074,0.02574399672250195,920,138,25,0
A+,common_tstar_le2,P_self_s3_w3,fde5,1.9959902715306181,1.596878698700187,2.3279884218254,920,138,25,0
A+,common_tstar_le2,P_self_s3_w3,dev9_ref,1.3560021042725539,1.108006022702157,1.5348142540265375,920,138,25,0
A+,common_tstar_le2,P_self_s3_w3,severe_ref3,0.11237635150678629,0.08110539210563897,0.13279522746598638,920,138,25,0
A+,common_tstar_le2,P_self_s4_w1,amplification,0.03736772486772487,0.02058613555778848,0.05908743564993561,920,138,25,0
A+,common_tstar_le2,P_self_s4_w1,amp2,0.04570680929376581,0.02836010309527259,0.06918796312156623,920,138,25,0
A+,common_tstar_le2,P_self_s4_w1,amp4,0.02710202438463308,0.011516064238358053,0.05068597872253532,920,138,25,0
A+,common_tstar_le2,P_self_s4_w1,fde5,2.158948020469818,1.7180519702261572,2.530734759666357,920,138,25,0
A+,common_tstar_le2,P_self_s4_w1,dev9_ref,1.6590477234157717,1.319293666942652,1.9072524366453119,920,138,25,0
A+,common_tstar_le2,P_self_s4_w1,severe_ref3,0.1374654934437543,0.08867823013043602,0.16921633851860143,920,138,25,0
A+,common_tstar_le2,P_self_s4_w2,amplification,0.024715320910973084,0.010030876614233415,0.042863300492610806,920,138,25,0
A+,common_tstar_le2,P_self_s4_w2,amp2,0.03242178513917644,0.018383295622737644,0.050524183158111725,920,138,25,0
A+,common_tstar_le2,P_self_s4_w2,amp4,0.01917989417989418,0.005526853155448289,0.039223691725565786,920,138,25,0
A+,common_tstar_le2,P_self_s4_w2,fde5,2.0782999396671817,1.658228534165654,2.4186543130033047,920,138,25,0
A+,common_tstar_le2,P_self_s4_w2,dev9_ref,1.515321706214771,1.2021154938140781,1.7309201103758258,920,138,25,0
A+,common_tstar_le2,P_self_s4_w2,severe_ref3,0.12507188865884517,0.07974731164697663,0.15118164079372484,920,138,25,0
A+,common_tstar_le2,P_self_s4_w3,amplification,0.0197837589141937,0.0073434934318555006,0.03688015461560968,920,138,25,0
A+,common_tstar_le2,P_self_s4_w3,amp2,0.025017253278122844,0.01155326681022873,0.040901386789283616,920,138,25,0
A+,common_tstar_le2,P_self_s4_w3,amp4,0.01595928226363009,0.004009163802978236,0.03431330180474015,920,138,25,0
A+,common_tstar_le2,P_self_s4_w3,fde5,2.041974620534932,1.6178464845695089,2.3807926326178808,920,138,25,0
A+,common_tstar_le2,P_self_s4_w3,dev9_ref,1.505964205083513,1.1955194533541031,1.7173472970723034,920,138,25,0
A+,common_tstar_le2,P_self_s4_w3,severe_ref3,0.12175063262019784,0.07651618083003954,0.1497708386948218,920,138,25,0
A+,common_tstar_le2,T_gt_s1_w1,amplification,0.042443064182194616,0.01892822350411636,0.06690888806548075,920,138,25,0
A+,common_tstar_le2,T_gt_s1_w1,amp2,0.048481711525189784,0.023523412456216267,0.0752263658216039,920,138,25,0
A+,common_tstar_le2,T_gt_s1_w1,amp4,0.0320479641131815,0.010993879626602738,0.05265025644801681,920,138,25,0
A+,common_tstar_le2,T_gt_s1_w1,fde5,1.7836721921984244,1.3251458119108224,2.1116080699538693,920,138,25,0
A+,common_tstar_le2,T_gt_s1_w1,dev9_ref,2.39479004787397,1.8459371719329682,2.7747393764375943,920,138,25,0
A+,common_tstar_le2,T_gt_s1_w1,severe_ref3,0.24541350356567743,0.16718600302439812,0.29824635439282093,920,138,25,0
A+,common_tstar_le2,T_gt_s1_w2,amplification,0.030753968253968252,0.011529836777478285,0.048297156531531486,920,138,25,0
A+,common_tstar_le2,T_gt_s1_w2,amp2,0.037885323211410166,0.017529225880587217,0.05781394441062409,920,138,25,0
A+,common_tstar_le2,T_gt_s1_w2,amp4,0.02317690361168622,0.008071173583221777,0.03597282778595547,920,138,25,0
A+,common_tstar_le2,T_gt_s1_w2,fde5,1.4979246432901945,1.139275495670829,1.8030644598915824,920,138,25,0
A+,common_tstar_le2,T_gt_s1_w2,dev9_ref,2.242311253617069,1.6646793502388115,2.6632299697360877,920,138,25,0
A+,common_tstar_le2,T_gt_s1_w2,severe_ref3,0.23417011732229123,0.1552967705420895,0.2883263563864364,920,138,25,0
A+,common_tstar_le2,T_gt_s1_w3,amplification,0.022529905682079597,0.010392033797646045,0.03958961044061784,920,138,25,0
A+,common_tstar_le2,T_gt_s1_w3,amp2,0.029186795491143315,0.015936442883164197,0.04624279007738402,920,138,25,0
A+,common_tstar_le2,T_gt_s1_w3,amp4,0.01288244766505636,0.0033330959164292497,0.02537990334881261,920,138,25,0
A+,common_tstar_le2,T_gt_s1_w3,fde5,1.307841357169644,1.0622896601070961,1.4855212100436146,920,138,25,0
A+,common_tstar_le2,T_gt_s1_w3,dev9_ref,2.210448026391406,1.657270087930664,2.6289694674591844,920,138,25,0
A+,common_tstar_le2,T_gt_s1_w3,severe_ref3,0.24597423510466987,0.15834435914552736,0.3046394408457827,920,138,25,0
A+,common_tstar_le2,T_gt_s2_w1,amplification,0.04297504025764895,0.023118788819875776,0.06176064661839144,920,138,25,0
A+,common_tstar_le2,T_gt_s2_w1,amp2,0.054994824016563144,0.03429339477726575,0.07448800243781718,920,138,25,0
A+,common_tstar_le2,T_gt_s2_w1,amp4,0.03073959052219922,0.014328001357868613,0.045211391731317996,920,138,25,0
A+,common_tstar_le2,T_gt_s2_w1,fde5,1.6573755031715254,1.2919861912879125,1.9271536932864308,920,138,25,0
A+,common_tstar_le2,T_gt_s2_w1,dev9_ref,2.293143822878173,1.7607981291767796,2.6773416618893933,920,138,25,0
A+,common_tstar_le2,T_gt_s2_w1,severe_ref3,0.2346302047389004,0.15788876720901124,0.289674049651307,920,138,25,0
A+,common_tstar_le2,T_gt_s2_w2,amplification,0.025204163791120313,0.015873015873015872,0.035611401936741484,920,138,25,0
A+,common_tstar_le2,T_gt_s2_w2,amp2,0.03981193926846101,0.02670563205201759,0.050107339337250034,920,138,25,0
A+,common_tstar_le2,T_gt_s2_w2,amp4,0.014751552795031054,0.006715243568691844,0.02245312102720569,920,138,25,0
A+,common_tstar_le2,T_gt_s2_w2,fde5,1.5169679325654657,1.1996702353503197,1.7346916192409003,920,138,25,0
A+,common_tstar_le2,T_gt_s2_w2,dev9_ref,2.297598621008721,1.7603471071449728,2.7129381476352425,920,138,25,0
A+,common_tstar_le2,T_gt_s2_w2,severe_ref3,0.24838969404186795,0.16755580841759196,0.3102249142410587,920,138,25,0
A+,common_tstar_le2,T_gt_s2_w3,amplification,0.028985507246376812,0.014517769724712316,0.038745434862842036,920,138,25,0
A+,common_tstar_le2,T_gt_s2_w3,amp2,0.041350356567747874,0.023809523809523808,0.05436675711951446,920,138,25,0
A+,common_tstar_le2,T_gt_s2_w3,amp4,0.017497699562916955,0.0076984338511524005,0.024325086571099514,920,138,25,0
A+,common_tstar_le2,T_gt_s2_w3,fde5,1.4060945324955423,1.1181632029949726,1.5894849384524627,920,138,25,0
A+,common_tstar_le2,T_gt_s2_w3,dev9_ref,2.238249603014179,1.705923533929763,2.6306131721421253,920,138,25,0
A+,common_tstar_le2,T_gt_s2_w3,severe_ref3,0.24023752012882443,0.16057919254658384,0.2963334125606261,920,138,25,0
A+,common_tstar_le2,T_gt_s3_w1,amplification,0.035929951690821256,0.019389480118646787,0.04975740296118446,920,138,25,0
A+,common_tstar_le2,T_gt_s3_w1,amp2,0.046152518978605936,0.030061089127095434,0.0600119470302741,920,138,25,0
A+,common_tstar_le2,T_gt_s3_w1,amp4,0.02691511387163561,0.010812383663005881,0.03974573180110007,920,138,25,0
A+,common_tstar_le2,T_gt_s3_w1,fde5,1.666524249207669,1.3027632681241657,1.903858204553173,920,138,25,0
A+,common_tstar_le2,T_gt_s3_w1,dev9_ref,2.3225224501113986,1.7730361737719336,2.714759460832957,920,138,25,0
A+,common_tstar_le2,T_gt_s3_w1,severe_ref3,0.2445508396595353,0.16266287198852986,0.30205042359361617,920,138,25,0
A+,common_tstar_le2,T_gt_s3_w2,amplification,0.023565102369450197,0.007700754352373861,0.035333134228350195,920,138,25,0
A+,common_tstar_le2,T_gt_s3_w2,amp2,0.03154474350126524,0.014544203673326763,0.044683734493126556,920,138,25,0
A+,common_tstar_le2,T_gt_s3_w2,amp4,0.017900276052449964,0.007170347521224714,0.02848196593525075,920,138,25,0
A+,common_tstar_le2,T_gt_s3_w2,fde5,1.54123181936528,1.2173849896193008,1.7437495733283193,920,138,25,0
A+,common_tstar_le2,T_gt_s3_w2,dev9_ref,2.2414482573472725,1.7615892658887116,2.5744525244787244,920,138,25,0
A+,common_tstar_le2,T_gt_s3_w2,severe_ref3,0.23619737750172531,0.16429541678482357,0.2929016190981176,920,138,25,0
A+,common_tstar_le2,T_gt_s3_w3,amplification,0.017972164711295143,0.005086791865027211,0.029983403214535284,920,138,25,0
A+,common_tstar_le2,T_gt_s3_w3,amp2,0.025951805843110187,0.01231060606060606,0.037423067888184156,920,138,25,0
A+,common_tstar_le2,T_gt_s3_w3,amp4,0.013543823326432022,0.0032042572463768116,0.025012115322319395,920,138,25,0
A+,common_tstar_le2,T_gt_s3_w3,fde5,1.4365377685796663,1.1717358988710067,1.6169624386862238,920,138,25,0
A+,common_tstar_le2,T_gt_s3_w3,dev9_ref,2.21816747868559,1.7268130097727892,2.5727876635559697,920,138,25,0
A+,common_tstar_le2,T_gt_s3_w3,severe_ref3,0.24350126524039567,0.1652034742468416,0.302579573496065,920,138,25,0
A+,common_tstar_le2,T_gt_s4_w1,amplification,0.02523291925465838,0.008443702974952975,0.03882711292296965,920,138,25,0
A+,common_tstar_le2,T_gt_s4_w1,amp2,0.039394985047158965,0.018304957852706298,0.05740852591036414,920,138,25,0
A+,common_tstar_le2,T_gt_s4_w1,amp4,0.018532896250287555,0.007753555967841682,0.030788174026672808,920,138,25,0
A+,common_tstar_le2,T_gt_s4_w1,fde5,1.6991183839830717,1.3675176223008376,1.9191654401847287,920,138,25,0
A+,common_tstar_le2,T_gt_s4_w1,dev9_ref,2.250973078418613,1.7659198751379581,2.578241486129779,920,138,25,0
A+,common_tstar_le2,T_gt_s4_w1,severe_ref3,0.2312514377731769,0.15811956355450651,0.2803709057973537,920,138,25,0
A+,common_tstar_le2,T_gt_s4_w2,amplification,0.025980561306648265,0.0066421689723320165,0.044673457812956466,920,138,25,0
A+,common_tstar_le2,T_gt_s4_w2,amp2,0.035397975615366915,0.012309100015410695,0.05835441468253968,920,138,25,0
A+,common_tstar_le2,T_gt_s4_w2,amp4,0.01870542903151599,0.006616968803163871,0.03324933427318295,920,138,25,0
A+,common_tstar_le2,T_gt_s4_w2,fde5,1.609348832140138,1.307957226390703,1.8171914179014035,920,138,25,0
A+,common_tstar_le2,T_gt_s4_w2,dev9_ref,2.1957811244604915,1.7061106703889328,2.5318941554282253,920,138,25,0
A+,common_tstar_le2,T_gt_s4_w2,severe_ref3,0.22669369680239246,0.15522179457543533,0.27652248312519456,920,138,25,0
A+,common_tstar_le2,T_gt_s4_w3,amplification,0.012939958592132504,0.005254511937680254,0.019600288627046523,920,138,25,0
A+,common_tstar_le2,T_gt_s4_w3,amp2,0.02028697952610996,0.009821706694078435,0.027757905157615472,920,138,25,0
A+,common_tstar_le2,T_gt_s4_w3,amp4,0.01132965263400046,0.00412529920574475,0.018632340874071257,920,138,25,0
A+,common_tstar_le2,T_gt_s4_w3,fde5,1.5405036957986153,1.25763309844135,1.755711233860849,920,138,25,0
A+,common_tstar_le2,T_gt_s4_w3,dev9_ref,2.1757659181565883,1.6937165757833113,2.526980495473601,920,138,25,0
A+,common_tstar_le2,T_gt_s4_w3,severe_ref3,0.21877156659765354,0.14164979316809234,0.2767836690439973,920,138,25,0
A+,common_tstar_le2,T_self_s1_w1,amplification,0.029301817345295605,0.0127037097574855,0.05049887388388223,920,138,25,0
A+,common_tstar_le2,T_self_s1_w1,amp2,0.03419024614676788,0.018094556496026298,0.05582090403211092,920,138,25,0
A+,common_tstar_le2,T_self_s1_w1,amp4,0.025477340694732,0.010463045968424723,0.045094922438672434,920,138,25,0
A+,common_tstar_le2,T_self_s1_w1,fde5,2.1711891853607925,1.724374303682871,2.553048913225349,920,138,25,0
A+,common_tstar_le2,T_self_s1_w1,dev9_ref,1.7735061285331422,1.459162171605862,2.0402445754403358,920,138,25,0
A+,common_tstar_le2,T_self_s1_w1,severe_ref3,0.1571342305037957,0.1212019306958257,0.18817721217274785,920,138,25,0
A+,common_tstar_le2,T_self_s1_w2,amplification,0.02414021164021164,0.012113830056115956,0.040570175438596486,920,138,25,0
A+,common_tstar_le2,T_self_s1_w2,amp2,0.03213423050379572,0.01858436307012256,0.051503051050029995,920,138,25,0
A+,common_tstar_le2,T_self_s1_w2,amp4,0.01777087646652864,0.007535080919912379,0.03179450111553646,920,138,25,0
A+,common_tstar_le2,T_self_s1_w2,fde5,2.142387675950379,1.674907351556751,2.5109104666056195,920,138,25,0
A+,common_tstar_le2,T_self_s1_w2,dev9_ref,1.6229663879435139,1.3491853740205448,1.8874977823147117,920,138,25,0
A+,common_tstar_le2,T_self_s1_w2,severe_ref3,0.1498015873015873,0.12007389807162534,0.18123136617585628,920,138,25,0
A+,common_tstar_le2,T_self_s1_w3,amplification,0.018906717276282493,0.010120152178576092,0.03173061598853376,920,138,25,0
A+,common_tstar_le2,T_self_s1_w3,amp2,0.022184840119622726,0.012043080884836205,0.03693319078749415,920,138,25,0
A+,common_tstar_le2,T_self_s1_w3,amp4,0.00989187945709685,0.002342006916555109,0.021890978613667688,920,138,25,0
A+,common_tstar_le2,T_self_s1_w3,fde5,2.0498400825496077,1.6392171544027607,2.379282104051881,920,138,25,0
A+,common_tstar_le2,T_self_s1_w3,dev9_ref,1.4367572052246682,1.192430722100791,1.6701660880932028,920,138,25,0
A+,common_tstar_le2,T_self_s1_w3,severe_ref3,0.1292558086036347,0.09830918402989215,0.15851787227063108,920,138,25,0
A+,common_tstar_le2,T_self_s2_w1,amplification,0.03958189556015643,0.02224851031448461,0.06326754933280089,920,138,25,0
A+,common_tstar_le2,T_self_s2_w1,amp2,0.04694329422590292,0.02852290833921313,0.07309356034080296,920,138,25,0
A+,common_tstar_le2,T_self_s2_w1,amp4,0.034592822636300896,0.018571916471506633,0.055482196071276524,920,138,25,0
A+,common_tstar_le2,T_self_s2_w1,fde5,2.3122893504652087,1.8053370583837103,2.720464095103133,920,138,25,0
A+,common_tstar_le2,T_self_s2_w1,dev9_ref,1.8777877549186848,1.5277956581756351,2.1928235555155178,920,138,25,0
A+,common_tstar_le2,T_self_s2_w1,severe_ref3,0.17655854612376354,0.12940654978973648,0.2071492097566828,920,138,25,0
A+,common_tstar_le2,T_self_s2_w2,amplification,0.034477800782148606,0.018782032893478677,0.05828156193200441,920,138,25,0
A+,common_tstar_le2,T_self_s2_w2,amp2,0.042586841499884974,0.02636451967792767,0.06687719358576762,920,138,25,0
A+,common_tstar_le2,T_self_s2_w2,amp4,0.025232919254658384,0.01117181148070209,0.04515140778533634,920,138,25,0
A+,common_tstar_le2,T_self_s2_w2,fde5,2.254227016368563,1.786218011156947,2.6626145456055665,920,138,25,0
A+,common_tstar_le2,T_self_s2_w2,dev9_ref,1.7443896467327824,1.3939057864850146,2.0872671290456655,920,138,25,0
A+,common_tstar_le2,T_self_s2_w2,severe_ref3,0.16110248447204967,0.11921704834284368,0.19720472233840403,920,138,25,0
A+,common_tstar_le2,T_self_s2_w3,amplification,0.02654129284564067,0.01533004285736526,0.04151788567129594,920,138,25,0
A+,common_tstar_le2,T_self_s2_w3,amp2,0.03890614216701173,0.026247558916986623,0.056279010341510304,920,138,25,0
A+,common_tstar_le2,T_self_s2_w3,amp4,0.017871520588911893,0.008596702569916856,0.031033416386399237,920,138,25,0
A+,common_tstar_le2,T_self_s2_w3,fde5,2.080812578801911,1.6852813303960885,2.413354543024686,920,138,25,0
A+,common_tstar_le2,T_self_s2_w3,dev9_ref,1.4277359767740025,1.2053750268929884,1.625774861833436,920,138,25,0
A+,common_tstar_le2,T_self_s2_w3,severe_ref3,0.13122555785599263,0.10079594405183864,0.1572959245832836,920,138,25,0
A+,common_tstar_le2,T_self_s3_w1,amplification,0.050782148608235565,0.030788631548589615,0.07858206639683499,920,138,25,0
A+,common_tstar_le2,T_self_s3_w1,amp2,0.05486542443064182,0.0345335492549348,0.08435072820476791,920,138,25,0
A+,common_tstar_le2,T_self_s3_w1,amp4,0.04388083735909823,0.025608588483815895,0.06741503357753356,920,138,25,0
A+,common_tstar_le2,T_self_s3_w1,fde5,2.3014414491545208,1.8341100961901724,2.7075231946219875,920,138,25,0
A+,common_tstar_le2,T_self_s3_w1,dev9_ref,1.878812644004678,1.4993261995972105,2.214459373009574,920,138,25,0
A+,common_tstar_le2,T_self_s3_w1,severe_ref3,0.17000230043708306,0.12910769809541942,0.1972559945964201,920,138,25,0
A+,common_tstar_le2,T_self_s3_w2,amplification,0.031314699792960664,0.01972172619047619,0.046643782443455684,920,138,25,0
A+,common_tstar_le2,T_self_s3_w2,amp2,0.04063146997929607,0.027199778252252317,0.0586253565579671,920,138,25,0
A+,common_tstar_le2,T_self_s3_w2,amp4,0.02642627099148838,0.014372724732431655,0.04271371041072127,920,138,25,0
A+,common_tstar_le2,T_self_s3_w2,fde5,2.117812417517686,1.6937769178025743,2.4854905264049267,920,138,25,0
A+,common_tstar_le2,T_self_s3_w2,dev9_ref,1.6042913658931706,1.3046449435520027,1.8327259515357632,920,138,25,0
A+,common_tstar_le2,T_self_s3_w2,severe_ref3,0.1388601334253508,0.10220546112314403,0.16038495518439547,920,138,25,0
A+,common_tstar_le2,T_self_s3_w3,amplification,0.023033126293995856,0.012161214661471229,0.03695878998343315,920,138,25,0
A+,common_tstar_le2,T_self_s3_w3,amp2,0.0324074074074074,0.020071247722175497,0.04855501340321073,920,138,25,0
A+,common_tstar_le2,T_self_s3_w3,amp4,0.015456061651713825,0.007039850812919218,0.026819261695906427,920,138,25,0
A+,common_tstar_le2,T_self_s3_w3,fde5,2.048602011585249,1.6501911121342143,2.3675201845589644,920,138,25,0
A+,common_tstar_le2,T_self_s3_w3,dev9_ref,1.4908259227216498,1.1929641222790326,1.7017605009458405,920,138,25,0
A+,common_tstar_le2,T_self_s3_w3,severe_ref3,0.12730043708304578,0.08790150399240154,0.15181805787617184,920,138,25,0
A+,common_tstar_le2,T_self_s4_w1,amplification,0.03669197147458017,0.019202492200816396,0.055276537698412655,920,138,25,0
A+,common_tstar_le2,T_self_s4_w1,amp2,0.04704393834828617,0.02822971697544266,0.06924944196428569,920,138,25,0
A+,common_tstar_le2,T_self_s4_w1,amp4,0.02646940418679549,0.012716443477861243,0.04633441624513052,920,138,25,0
A+,common_tstar_le2,T_self_s4_w1,fde5,2.1715172584736573,1.7080311653906584,2.4941473911900855,920,138,25,0
A+,common_tstar_le2,T_self_s4_w1,dev9_ref,1.773258228445391,1.413925860100889,2.014365679024817,920,138,25,0
A+,common_tstar_le2,T_self_s4_w1,severe_ref3,0.1568898090637221,0.10727926587301588,0.1891866723409692,920,138,25,0
A+,common_tstar_le2,T_self_s4_w2,amplification,0.04393834828617437,0.025581038505145644,0.06819355270197966,920,138,25,0
A+,common_tstar_le2,T_self_s4_w2,amp2,0.05595813204508856,0.03534748829289059,0.08294688855074192,920,138,25,0
A+,common_tstar_le2,T_self_s4_w2,amp4,0.03187543133195307,0.01590316211230255,0.05511298460445561,920,138,25,0
A+,common_tstar_le2,T_self_s4_w2,fde5,2.120665878069628,1.6902266158540624,2.4250565817345264,920,138,25,0
A+,common_tstar_le2,T_self_s4_w2,dev9_ref,1.6586278961830712,1.3509017557005507,1.8693694650173618,920,138,25,0
A+,common_tstar_le2,T_self_s4_w2,severe_ref3,0.14036979526109958,0.0986771643181082,0.16380636710264015,920,138,25,0
A+,common_tstar_le2,T_self_s4_w3,amplification,0.020818955601564295,0.010068863647779787,0.03204814012790985,920,138,25,0
A+,common_tstar_le2,T_self_s4_w3,amp2,0.033873936047849086,0.019984539415016944,0.05109296491378324,920,138,25,0
A+,common_tstar_le2,T_self_s4_w3,amp4,0.016462502875546355,0.006492806762203314,0.028592066237902808,920,138,25,0
A+,common_tstar_le2,T_self_s4_w3,fde5,2.0537209511292813,1.6430233723792709,2.3730221863186736,920,138,25,0
A+,common_tstar_le2,T_self_s4_w3,dev9_ref,1.559506438139431,1.2456991322338782,1.7657628766987779,920,138,25,0
A+,common_tstar_le2,T_self_s4_w3,severe_ref3,0.13086611456176672,0.08832505593599567,0.1551272886135271,920,138,25,0
A+,common_tstar_le2,full_gt,amplification,0.006944444444444444,0.0,0.019232536764705873,920,138,25,0
A+,common_tstar_le2,full_gt,amp2,0.014118932597193467,0.003900490024160237,0.02910572562358274,920,138,25,0
A+,common_tstar_le2,full_gt,amp4,0.004830917874396135,0.0,0.016260162601626018,920,138,25,0
A+,common_tstar_le2,full_gt,fde5,1.010169227968113,0.8167948761254952,1.2065366241372193,920,138,25,0
A+,common_tstar_le2,full_gt,dev9_ref,2.090784885280504,1.6091983311824325,2.4749590343205696,920,138,25,0
A+,common_tstar_le2,full_gt,severe_ref3,0.2281458477110651,0.15516707461800916,0.29093090385993714,920,138,25,0
A+,common_tstar_le2,full_self,amplification,0.007347020933977455,0.0007708059390751699,0.019114615579445028,920,138,25,0
A+,common_tstar_le2,full_self,amp2,0.01137278582930757,0.004133526614668857,0.02331239829594277,920,138,25,0
A+,common_tstar_le2,full_self,amp4,0.0052334943639291455,0.0,0.016579301075268803,920,138,25,0
A+,common_tstar_le2,full_self,fde5,1.9387443664908897,1.5020257978883909,2.2629230552403405,920,138,25,0
A+,common_tstar_le2,full_self,dev9_ref,0.9767895951507963,0.8050946425360014,1.1146359497647818,920,138,25,0
A+,common_tstar_le2,full_self,severe_ref3,0.07174488152749023,0.04995858542206857,0.09936261524185823,920,138,25,0
A+,common_tstar_le2,normal,amplification,0.04554865424430641,0.025818959340492952,0.06877007371208402,920,138,25,0
A+,common_tstar_le2,normal,amp2,0.05224867724867725,0.03137164286928438,0.07599553889132,920,138,25,0
A+,common_tstar_le2,normal,amp4,0.03726708074534161,0.02131291932580592,0.052627498254840824,920,138,25,0
A+,common_tstar_le2,normal,fde5,2.322595839579759,1.8783173045509087,2.6406459007516823,920,138,25,0
A+,common_tstar_le2,normal,dev9_ref,2.3744605581296168,1.9273066867878164,2.6913380948490793,920,138,25,0
A+,common_tstar_le2,normal,severe_ref3,0.2289797561536692,0.16845106436883694,0.2679187117098301,920,138,25,0
A+,common_tstar_le2,recent_gt,amplification,0.007347020933977455,0.0006988120195667365,0.0189812371044099,920,138,25,0
A+,common_tstar_le2,recent_gt,amp2,0.012738670347366001,0.0037515683464552137,0.02679423621300372,920,138,25,0
A+,common_tstar_le2,recent_gt,amp4,0.005636070853462157,0.0,0.01680849555011877,920,138,25,0
A+,common_tstar_le2,recent_gt,fde5,1.052268474823257,0.859475620529579,1.2055003830649738,920,138,25,0
A+,common_tstar_le2,recent_gt,dev9_ref,2.090341678625125,1.5909040414406246,2.48990867878955,920,138,25,0
A+,common_tstar_le2,recent_gt,severe_ref3,0.22532781228433402,0.1430083663945785,0.2861278246346385,920,138,25,0
A+,common_tstar_le2,recent_self,amplification,0.00855475040257649,0.0028886298215313757,0.016356554465960495,920,138,25,0
A+,common_tstar_le2,recent_self,amp2,0.015226017943409248,0.004221343954248366,0.0330060636481122,920,138,25,0
A+,common_tstar_le2,recent_self,amp4,0.002818035426731079,0.0,0.007936507936507936,920,138,25,0
A+,common_tstar_le2,recent_self,fde5,1.9670718987478695,1.5712922563347285,2.291680404037248,920,138,25,0
A+,common_tstar_le2,recent_self,dev9_ref,1.1276359705878323,0.9312986637645175,1.312113889076813,920,138,25,0
A+,common_tstar_le2,recent_self,severe_ref3,0.09608638141246838,0.06667469007525534,0.12757403091444908,920,138,25,0
A+,all_units,P_gt_s1_w1,amplification,0.01888736263736264,0.009522456709956708,0.03082795705633756,1043,156,26,0
A+,all_units,P_gt_s1_w1,amp2,0.02538665038665039,0.015254465922782755,0.03838536987121893,1043,156,26,0
A+,all_units,P_gt_s1_w1,amp4,0.014003357753357756,0.00669160594494564,0.023776127421960735,1043,156,26,0
A+,all_units,P_gt_s1_w1,fde5,1.429143953247199,1.0734696104215147,1.719858512443936,1043,156,26,0
A+,all_units,P_gt_s1_w1,dev9_ref,2.0904386729909086,1.627268455390901,2.4356626926922083,1043,156,26,0
A+,all_units,P_gt_s1_w1,severe_ref3,0.21049552299552302,0.1412806637806638,0.26205354980556594,1043,156,26,0
A+,all_units,P_gt_s1_w2,amplification,0.012756919006919007,0.004188443670150987,0.02637202311187015,1043,156,26,20
A+,all_units,P_gt_s1_w2,amp2,0.01823870573870574,0.008724195072471814,0.032763279754357166,1043,156,26,20
A+,all_units,P_gt_s1_w2,amp4,0.007682132682132682,0.0015220700152207,0.015731919619407793,1043,156,26,20
A+,all_units,P_gt_s1_w2,fde5,1.1729739304076843,0.8689918848933067,1.4015520473796321,1043,156,26,20
A+,all_units,P_gt_s1_w2,dev9_ref,1.9924686034490737,1.5007053664818761,2.3562641745562596,1043,156,26,20
A+,all_units,P_gt_s1_w2,severe_ref3,0.20620929995929993,0.1365026076144677,0.25896067948691764,1043,156,26,20
A+,all_units,P_gt_s1_w3,amplification,0.013825295075295075,0.004252415623987691,0.027914612775049658,1043,156,26,20
A+,all_units,P_gt_s1_w3,amp2,0.021799959299959298,0.009971905038178968,0.037398339498749315,1043,156,26,20
A+,all_units,P_gt_s1_w3,amp4,0.005341880341880341,0.0,0.016164843928001806,1043,156,26,20
A+,all_units,P_gt_s1_w3,fde5,1.101203196302505,0.8194068407916651,1.3045638237182235,1043,156,26,20
A+,all_units,P_gt_s1_w3,dev9_ref,1.9899793846506975,1.494655334246102,2.358916979448413,1043,156,26,20
A+,all_units,P_gt_s1_w3,severe_ref3,0.21403133903133906,0.14252684339239574,0.2681504343563476,1043,156,26,20
A+,all_units,P_gt_s2_w1,amplification,0.02035002035002035,0.0072210725411659986,0.03119198169359084,1043,156,26,20
A+,all_units,P_gt_s2_w1,amp2,0.027014652014652016,0.01257629133904644,0.036782912334237486,1043,156,26,20
A+,all_units,P_gt_s2_w1,amp4,0.014919108669108668,0.00410387398893146,0.023140360210106577,1043,156,26,20
A+,all_units,P_gt_s2_w1,fde5,1.4447475154593898,1.0772931724138577,1.732466020229813,1043,156,26,20
A+,all_units,P_gt_s2_w1,dev9_ref,2.0656468821974467,1.5328095514637905,2.468991139148487,1043,156,26,20
A+,all_units,P_gt_s2_w1,severe_ref3,0.20833333333333334,0.13550225970017638,0.2629192757424254,1043,156,26,20
A+,all_units,P_gt_s2_w2,amplification,0.014524827024827025,0.008332641196013287,0.01976767739471396,1043,156,26,20
A+,all_units,P_gt_s2_w2,amp2,0.01956145706145706,0.011418193213049526,0.0272492343857833,1043,156,26,20
A+,all_units,P_gt_s2_w2,amp4,0.007822039072039072,0.0025160639122918504,0.012775050009092553,1043,156,26,20
A+,all_units,P_gt_s2_w2,fde5,1.2569560566110944,0.9672241842150566,1.4807031795582786,1043,156,26,20
A+,all_units,P_gt_s2_w2,dev9_ref,2.020760253113451,1.527797876691469,2.4063421575871415,1043,156,26,20
A+,all_units,P_gt_s2_w2,severe_ref3,0.21579924704924705,0.13428012085981933,0.27758636082902394,1043,156,26,20
A+,all_units,P_gt_s2_w3,amplification,0.010709198209198209,0.0036140798501032366,0.020252308716063833,1043,156,26,61
A+,all_units,P_gt_s2_w3,amp2,0.018086080586080584,0.008451582462253195,0.03228935416435416,1043,156,26,61
A+,all_units,P_gt_s2_w3,amp4,0.007415038665038664,0.0,0.017595255653883958,1043,156,26,61
A+,all_units,P_gt_s2_w3,fde5,1.1764257742448667,0.92166602119854,1.3638730393578875,1043,156,26,61
A+,all_units,P_gt_s2_w3,dev9_ref,2.011683557661975,1.5105061859241562,2.3833479393062427,1043,156,26,61
A+,all_units,P_gt_s2_w3,severe_ref3,0.2176816239316239,0.13886698082010582,0.2840699526998971,1043,156,26,61
A+,all_units,P_gt_s3_w1,amplification,0.02253764753764754,0.011266240767387555,0.03219879421565277,1043,156,26,20
A+,all_units,P_gt_s3_w1,amp2,0.03356481481481481,0.018769265814674797,0.04350193229503574,1043,156,26,20
A+,all_units,P_gt_s3_w1,amp4,0.016585266585266586,0.004331700524902833,0.02624962692861684,1043,156,26,20
A+,all_units,P_gt_s3_w1,fde5,1.5198930363092311,1.1717137394485728,1.7512625617799529,1043,156,26,20
A+,all_units,P_gt_s3_w1,dev9_ref,2.1724397546433942,1.644646629823375,2.5742091078503493,1043,156,26,20
A+,all_units,P_gt_s3_w1,severe_ref3,0.21651149776149772,0.13823531445406445,0.2754946085902877,1043,156,26,20
A+,all_units,P_gt_s3_w2,amplification,0.016966829466829467,0.007131900657080513,0.024818068040690824,1043,156,26,61
A+,all_units,P_gt_s3_w2,amp2,0.027129120879120876,0.014106316137566136,0.03751842973656698,1043,156,26,61
A+,all_units,P_gt_s3_w2,amp4,0.011777574277574279,0.004379106929510155,0.018819348745222765,1043,156,26,61
A+,all_units,P_gt_s3_w2,fde5,1.3475269190820724,1.0588132810027224,1.5461621160847787,1043,156,26,61
A+,all_units,P_gt_s3_w2,dev9_ref,2.0677557319470816,1.5629166455975259,2.4393629999469932,1043,156,26,61
A+,all_units,P_gt_s3_w2,severe_ref3,0.21730006105006103,0.1406589294442117,0.2821042725901124,1043,156,26,61
A+,all_units,P_gt_s3_w3,amplification,0.013914326414326413,0.005562901848503114,0.023174950371620526,1043,156,26,79
A+,all_units,P_gt_s3_w3,amp2,0.019345238095238096,0.010388450834879407,0.027898724617474613,1043,156,26,79
A+,all_units,P_gt_s3_w3,amp4,0.011421448921448921,0.0026226007542496906,0.02094347387178913,1043,156,26,79
A+,all_units,P_gt_s3_w3,fde5,1.3273780227099052,1.0445750965448974,1.520088000867783,1043,156,26,79
A+,all_units,P_gt_s3_w3,dev9_ref,2.0578501850790096,1.5774321240055713,2.4150576665818573,1043,156,26,79
A+,all_units,P_gt_s3_w3,severe_ref3,0.21813949938949934,0.14411357689210952,0.28082688524761695,1043,156,26,79
A+,all_units,P_gt_s4_w1,amplification,0.012426231176231175,0.0035337262375305855,0.0198053296216956,1043,156,26,61
A+,all_units,P_gt_s4_w1,amp2,0.021850834350834354,0.00887644465626117,0.03146931466506939,1043,156,26,61
A+,all_units,P_gt_s4_w1,amp4,0.010645604395604394,0.0031001984126984125,0.017120206949058685,1043,156,26,61
A+,all_units,P_gt_s4_w1,fde5,1.5060704552186974,1.167803997199081,1.725178372568507,1043,156,26,61
A+,all_units,P_gt_s4_w1,dev9_ref,2.0631423445334875,1.568894017879687,2.4134821387574674,1043,156,26,61
A+,all_units,P_gt_s4_w1,severe_ref3,0.20456857956857957,0.13180103390562575,0.2623831569664903,1043,156,26,61
A+,all_units,P_gt_s4_w2,amplification,0.011446886446886446,0.0031668553103188076,0.01762274950501695,1043,156,26,79
A+,all_units,P_gt_s4_w2,amp2,0.020642551892551892,0.01016684561482821,0.028512768132168048,1043,156,26,79
A+,all_units,P_gt_s4_w2,amp4,0.008864977614977615,0.002474219715786012,0.014829584443074632,1043,156,26,79
A+,all_units,P_gt_s4_w2,fde5,1.4344693364992116,1.1277596719445941,1.6442381681672715,1043,156,26,79
A+,all_units,P_gt_s4_w2,dev9_ref,2.043008865553612,1.5483337446299346,2.3978382961807503,1043,156,26,79
A+,all_units,P_gt_s4_w2,severe_ref3,0.2041488603988604,0.13042119006858877,0.2665112621008913,1043,156,26,79
A+,all_units,P_gt_s4_w3,amplification,0.009666259666259665,0.002474219715786012,0.015519773249872972,1043,156,26,123
A+,all_units,P_gt_s4_w3,amp2,0.015453296703296702,0.007149252159258479,0.021939397103870766,1043,156,26,123
A+,all_units,P_gt_s4_w3,amp4,0.008864977614977615,0.002474219715786012,0.014829584443074632,1043,156,26,123
A+,all_units,P_gt_s4_w3,fde5,1.4278809575290827,1.1279672192548242,1.630140809298322,1043,156,26,123
A+,all_units,P_gt_s4_w3,dev9_ref,2.014731501830977,1.5417303135821274,2.344724470170443,1043,156,26,123
A+,all_units,P_gt_s4_w3,severe_ref3,0.2006766381766382,0.13038913331032895,0.2582876666379734,1043,156,26,123
A+,all_units,P_self_s1_w1,amplification,0.015745828245828243,0.007211061507936508,0.02522278095890634,1043,156,26,0
A+,all_units,P_self_s1_w1,amp2,0.021024114774114772,0.01217792688371454,0.03134313653925087,1043,156,26,0
A+,all_units,P_self_s1_w1,amp4,0.013316544566544564,0.005813280577088717,0.0222542576058201,1043,156,26,0
A+,all_units,P_self_s1_w1,fde5,1.9493950627914505,1.5002382337459568,2.2748806753594173,1043,156,26,0
A+,all_units,P_self_s1_w1,dev9_ref,1.498822916786837,1.244261791710829,1.7231753713350526,1043,156,26,0
A+,all_units,P_self_s1_w1,severe_ref3,0.12372812372812372,0.09138652957953207,0.1488503709454796,1043,156,26,0
A+,all_units,P_self_s1_w2,amplification,0.010976292226292225,0.005421513344355219,0.01891722870655111,1043,156,26,20
A+,all_units,P_self_s1_w2,amp2,0.013316544566544564,0.007586273248037953,0.02176193394024276,1043,156,26,20
A+,all_units,P_self_s1_w2,amp4,0.00696988196988197,0.001598435537284458,0.01457732772081545,1043,156,26,20
A+,all_units,P_self_s1_w2,fde5,1.9313304020089934,1.4437591685967042,2.2700854045386283,1043,156,26,20
A+,all_units,P_self_s1_w2,dev9_ref,1.2866606209527152,1.0486483445991328,1.498018039353107,1043,156,26,20
A+,all_units,P_self_s1_w2,severe_ref3,0.09738756613756615,0.06482638161702893,0.12865966323589426,1043,156,26,20
A+,all_units,P_self_s1_w3,amplification,0.01290954415954416,0.003921185661764706,0.027531106046731035,1043,156,26,20
A+,all_units,P_self_s1_w3,amp2,0.014334045584045585,0.005267727848674089,0.028860071463178264,1043,156,26,20
A+,all_units,P_self_s1_w3,amp4,0.00819088319088319,0.0,0.021542887127302703,1043,156,26,20
A+,all_units,P_self_s1_w3,fde5,1.8705069340060527,1.4236760664001458,2.1868597692870217,1043,156,26,20
A+,all_units,P_self_s1_w3,dev9_ref,1.1675239438620455,0.9363655508539932,1.3773258795267644,1043,156,26,20
A+,all_units,P_self_s1_w3,severe_ref3,0.09137159137159137,0.05925887350113014,0.12324649469295357,1043,156,26,20
A+,all_units,P_self_s2_w1,amplification,0.023936711436711437,0.010206226252764022,0.04392953449839851,1043,156,26,20
A+,all_units,P_self_s2_w1,amp2,0.02876984126984127,0.013996520362020776,0.04915081014726223,1043,156,26,20
A+,all_units,P_self_s2_w1,amp4,0.01759004884004884,0.00500873322658671,0.0371037407932569,1043,156,26,20
A+,all_units,P_self_s2_w1,fde5,2.004051473188058,1.5277041846299313,2.3836939806230975,1043,156,26,20
A+,all_units,P_self_s2_w1,dev9_ref,1.5686537394175228,1.2797167580151674,1.8254385996297542,1043,156,26,20
A+,all_units,P_self_s2_w1,severe_ref3,0.13518772893772896,0.10049107142857142,0.16336653716445712,1043,156,26,20
A+,all_units,P_self_s2_w2,amplification,0.016966829466829467,0.004987771250566733,0.03420661126085654,1043,156,26,20
A+,all_units,P_self_s2_w2,amp2,0.02073158323158323,0.007761339184796724,0.037783754024753105,1043,156,26,20
A+,all_units,P_self_s2_w2,amp4,0.012400793650793652,0.001651126651126651,0.027558531746031713,1043,156,26,20
A+,all_units,P_self_s2_w2,fde5,1.9381232694833226,1.4864015285512386,2.282024970058422,1043,156,26,20
A+,all_units,P_self_s2_w2,dev9_ref,1.3668541461308366,1.1327526197987505,1.5556632005350972,1043,156,26,20
A+,all_units,P_self_s2_w2,severe_ref3,0.11122557997557997,0.07924634336874606,0.1377058867095457,1043,156,26,20
A+,all_units,P_self_s2_w3,amplification,0.01783170533170533,0.006837177579365079,0.031911613861750454,1043,156,26,61
A+,all_units,P_self_s2_w3,amp2,0.022664835164835168,0.010007396187641725,0.0386759350889055,1043,156,26,61
A+,all_units,P_self_s2_w3,amp4,0.0152497964997965,0.004436416807856681,0.031080458674798292,1043,156,26,61
A+,all_units,P_self_s2_w3,fde5,1.921684582651792,1.4935823726529796,2.270013393802309,1043,156,26,61
A+,all_units,P_self_s2_w3,dev9_ref,1.1888951655529307,0.981966659123083,1.3364227891190006,1043,156,26,61
A+,all_units,P_self_s2_w3,severe_ref3,0.09405525030525029,0.06655318924017695,0.114751901919888,1043,156,26,61
A+,all_units,P_self_s3_w1,amplification,0.028248371998371997,0.016451968942217024,0.044729695175393006,1043,156,26,20
A+,all_units,P_self_s3_w1,amp2,0.03186050061050061,0.01885873153964739,0.05150802014053893,1043,156,26,20
A+,all_units,P_self_s3_w1,amp4,0.023923992673992672,0.012953076157999432,0.03958554614712972,1043,156,26,20
A+,all_units,P_self_s3_w1,fde5,2.0889910832156056,1.6242879830022692,2.464188383099922,1043,156,26,20
A+,all_units,P_self_s3_w1,dev9_ref,1.6554381011170334,1.271532288850345,1.9472412012493168,1043,156,26,20
A+,all_units,P_self_s3_w1,severe_ref3,0.13976648351648352,0.10113993448811903,0.17240481988249842,1043,156,26,20
A+,all_units,P_self_s3_w2,amplification,0.021787240537240536,0.009919165196942975,0.03538784164422569,1043,156,26,61
A+,all_units,P_self_s3_w2,amp2,0.02896062271062271,0.018326114520734772,0.04308301098821429,1043,156,26,61
A+,all_units,P_self_s3_w2,amp4,0.017373829873829873,0.0069816289185594075,0.030135828485983757,1043,156,26,61
A+,all_units,P_self_s3_w2,fde5,1.9832800018197951,1.5514210215549145,2.3304871867838695,1043,156,26,61
A+,all_units,P_self_s3_w2,dev9_ref,1.4004552695609063,1.1237761344552457,1.5868516246863937,1043,156,26,61
A+,all_units,P_self_s3_w2,severe_ref3,0.11093304843304842,0.07625067737007071,0.13405505655711247,1043,156,26,61
A+,all_units,P_self_s3_w3,amplification,0.015427859177859177,0.005497463052588637,0.02545907740446322,1043,156,26,79
A+,all_units,P_self_s3_w3,amp2,0.020057488807488807,0.011085287002227794,0.030358696347470092,1043,156,26,79
A+,all_units,P_self_s3_w3,amp4,0.012845950345950347,0.0041440864981316244,0.022497348629534453,1043,156,26,79
A+,all_units,P_self_s3_w3,fde5,1.8775390047774694,1.4770086451335176,2.1958463618521944,1043,156,26,79
A+,all_units,P_self_s3_w3,dev9_ref,1.2965460233653638,1.040161726772698,1.4699646737485275,1043,156,26,79
A+,all_units,P_self_s3_w3,severe_ref3,0.10709198209198209,0.07446353431026365,0.12947090262385616,1043,156,26,79
A+,all_units,P_self_s4_w1,amplification,0.0330560643060643,0.0171624255229223,0.05069019503455117,1043,156,26,61
A+,all_units,P_self_s4_w1,amp2,0.040432946682946676,0.023423832362681283,0.059899243876312534,1043,156,26,61
A+,all_units,P_self_s4_w1,amp4,0.023974867724867725,0.00949648962148962,0.04258821287661404,1043,156,26,61
A+,all_units,P_self_s4_w1,fde5,2.029626700212745,1.583756726126234,2.3813959340278843,1043,156,26,61
A+,all_units,P_self_s4_w1,dev9_ref,1.5709459405040544,1.2126961512932408,1.8086522478200955,1043,156,26,61
A+,all_units,P_self_s4_w1,severe_ref3,0.12901912901912901,0.07941992386034875,0.16288746041735344,1043,156,26,61
A+,all_units,P_self_s4_w2,amplification,0.021863553113553112,0.007713560334528076,0.03767696361590814,1043,156,26,79
A+,all_units,P_self_s4_w2,amp2,0.028680809930809927,0.015071265509261807,0.04365325331234421,1043,156,26,79
A+,all_units,P_self_s4_w2,amp4,0.016966829466829467,0.00433992201730419,0.03342670401493927,1043,156,26,79
A+,all_units,P_self_s4_w2,fde5,1.957656568927187,1.5244483139071072,2.295377738885649,1043,156,26,79
A+,all_units,P_self_s4_w2,dev9_ref,1.4432720853822916,1.111553345942399,1.6536052484059336,1043,156,26,79
A+,all_units,P_self_s4_w2,severe_ref3,0.11876780626780627,0.07213784935824409,0.14695037425707014,1043,156,26,79
A+,all_units,P_self_s4_w3,amplification,0.017501017501017502,0.005395199969057012,0.031608644169918654,1043,156,26,123
A+,all_units,P_self_s4_w3,amp2,0.022130647130647132,0.008725494714847591,0.0357000658184254,1043,156,26,123
A+,all_units,P_self_s4_w3,amp4,0.01411782661782662,0.002892405626780627,0.029025558310755994,1043,156,26,123
A+,all_units,P_self_s4_w3,fde5,1.925522632771735,1.4883255078282136,2.2556954355372842,1043,156,26,123
A+,all_units,P_self_s4_w3,dev9_ref,1.4349942959200244,1.112976857214925,1.641980210964128,1043,156,26,123
A+,all_units,P_self_s4_w3,severe_ref3,0.11582977207977208,0.07075370206870808,0.14356780331587776,1043,156,26,123
A+,all_units,T_gt_s1_w1,amplification,0.037545787545787544,0.015037766053391053,0.060552185664595685,1043,156,26,0
A+,all_units,T_gt_s1_w1,amp2,0.04288766788766788,0.019206361622663246,0.06892038468813542,1043,156,26,0
A+,all_units,T_gt_s1_w1,amp4,0.028350122100122093,0.008445850626183195,0.04772916869542635,1043,156,26,0
A+,all_units,T_gt_s1_w1,fde5,1.6769357472519602,1.2231208657916013,2.034516715460071,1043,156,26,0
A+,all_units,T_gt_s1_w1,dev9_ref,2.218848123910394,1.6705629867906358,2.6275908531623906,1043,156,26,0
A+,all_units,T_gt_s1_w1,severe_ref3,0.22371031746031747,0.14741129655996765,0.2782755810657596,1043,156,26,0
A+,all_units,T_gt_s1_w2,amplification,0.027205433455433452,0.008263552596179715,0.04373145378841191,1043,156,26,20
A+,all_units,T_gt_s1_w2,amp2,0.03351393976393976,0.012793787629994526,0.05243833895673395,1043,156,26,20
A+,all_units,T_gt_s1_w2,amp4,0.020502645502645505,0.005090505464480874,0.032090376914800385,1043,156,26,20
A+,all_units,T_gt_s1_w2,fde5,1.4229782108826243,1.0390203007798555,1.7251452306287656,1043,156,26,20
A+,all_units,T_gt_s1_w2,dev9_ref,2.08699131857133,1.5052738568004163,2.501280401179757,1043,156,26,20
A+,all_units,T_gt_s1_w2,severe_ref3,0.213764245014245,0.1377769115783638,0.2675713609307359,1043,156,26,20
A+,all_units,T_gt_s1_w3,amplification,0.01993030118030118,0.00867010520169354,0.03464781746031745,1043,156,26,20
A+,all_units,T_gt_s1_w3,amp2,0.025819088319088326,0.013624527106977985,0.04054472488484672,1043,156,26,20
A+,all_units,T_gt_s1_w3,amp4,0.011396011396011395,0.002525252525252525,0.022289352655327995,1043,156,26,20
A+,all_units,T_gt_s1_w3,fde5,1.2510218007438694,0.9570740310790136,1.4552930846602443,1043,156,26,20
A+,all_units,T_gt_s1_w3,dev9_ref,2.0603758844773816,1.5217944604554334,2.4690989024388763,1043,156,26,20
A+,all_units,T_gt_s1_w3,severe_ref3,0.2242063492063492,0.14274685976196133,0.2821155941468583,1043,156,26,20
A+,all_units,T_gt_s2_w1,amplification,0.038016381766381765,0.01790550595238095,0.055559275793650775,1043,156,26,20
A+,all_units,T_gt_s2_w1,amp2,0.04864926739926741,0.028583019200588033,0.06659676193766197,1043,156,26,20
A+,all_units,T_gt_s2_w1,amp4,0.027192714692714694,0.011212588045036137,0.04084247584600028,1043,156,26,20
A+,all_units,T_gt_s2_w1,fde5,1.579925327024695,1.1887323593765382,1.8680796744065693,1043,156,26,20
A+,all_units,T_gt_s2_w1,dev9_ref,2.137358897184311,1.607674807465945,2.5366489177546865,1043,156,26,20
A+,all_units,T_gt_s2_w1,severe_ref3,0.21488349613349614,0.1400230986058635,0.2718793701192598,1043,156,26,20
A+,all_units,T_gt_s2_w2,amplification,0.022295991045991045,0.013231174512711209,0.03152212040312717,1043,156,26,20
A+,all_units,T_gt_s2_w2,amp2,0.03521825396825397,0.02215765759197422,0.04480462524563277,1043,156,26,20
A+,all_units,T_gt_s2_w2,amp4,0.013049450549450548,0.005289115646258503,0.019450128141534382,1043,156,26,20
A+,all_units,T_gt_s2_w2,fde5,1.4496379806162591,1.0999631965231895,1.696141430327065,1043,156,26,20
A+,all_units,T_gt_s2_w2,dev9_ref,2.1424820305502315,1.6002860630374613,2.5706940584485567,1043,156,26,20
A+,all_units,T_gt_s2_w2,severe_ref3,0.22705535205535207,0.15243988948626042,0.28864505722924083,1043,156,26,20
A+,all_units,T_gt_s2_w3,amplification,0.02564102564102564,0.011781114668805666,0.035802023906305665,1043,156,26,61
A+,all_units,T_gt_s2_w3,amp2,0.03657916157916158,0.0189724057073195,0.04921845136264796,1043,156,26,61
A+,all_units,T_gt_s2_w3,amp4,0.015478734228734229,0.006289152191274832,0.021896553760393043,1043,156,26,61
A+,all_units,T_gt_s2_w3,fde5,1.3447722655123382,1.0350431566644107,1.562352462697118,1043,156,26,61
A+,all_units,T_gt_s2_w3,dev9_ref,2.0830783144686245,1.5498639000347239,2.4738886872639836,1043,156,26,61
A+,all_units,T_gt_s2_w3,severe_ref3,0.21913156288156285,0.14200135182278043,0.2788087813416237,1043,156,26,61
A+,all_units,T_gt_s3_w1,amplification,0.03178418803418803,0.01511517828050086,0.04425583224190058,1043,156,26,20
A+,all_units,T_gt_s3_w1,amp2,0.04082722832722833,0.02411019123080675,0.053625611486561094,1043,156,26,20
A+,all_units,T_gt_s3_w1,amp4,0.023809523809523808,0.008635399386872234,0.03550074541787249,1043,156,26,20
A+,all_units,T_gt_s3_w1,fde5,1.5861303918130585,1.1891509631840387,1.855308733887075,1043,156,26,20
A+,all_units,T_gt_s3_w1,dev9_ref,2.161275865738122,1.6157762729626517,2.5575664143972108,1043,156,26,20
A+,all_units,T_gt_s3_w1,severe_ref3,0.22365944240944238,0.1469463670481112,0.2821695241159527,1043,156,26,20
A+,all_units,T_gt_s3_w2,amplification,0.020846052096052097,0.006758819353429445,0.031040905214424944,1043,156,26,61
A+,all_units,T_gt_s3_w2,amp2,0.027904965404965402,0.012437266573295986,0.03985365235365234,1043,156,26,61
A+,all_units,T_gt_s3_w2,amp4,0.015834859584859584,0.006275243683331918,0.02510267857142856,1043,156,26,61
A+,all_units,T_gt_s3_w2,fde5,1.4711732360325835,1.1167138007934525,1.6979966921931737,1043,156,26,61
A+,all_units,T_gt_s3_w2,dev9_ref,2.0858569821516726,1.5997151356263062,2.4243204126442874,1043,156,26,61
A+,all_units,T_gt_s3_w2,severe_ref3,0.21626984126984125,0.14757031256336636,0.26861391028593634,1043,156,26,61
A+,all_units,T_gt_s3_w3,amplification,0.015898453398453395,0.0041547346315387555,0.02596814975936912,1043,156,26,79
A+,all_units,T_gt_s3_w3,amp2,0.022957366707366707,0.010500062003968256,0.032453041378209854,1043,156,26,79
A+,all_units,T_gt_s3_w3,amp4,0.011981074481074482,0.0028116765966650936,0.021155796273733367,1043,156,26,79
A+,all_units,T_gt_s3_w3,fde5,1.3776386699321579,1.0721052189721216,1.5773281465174878,1043,156,26,79
A+,all_units,T_gt_s3_w3,dev9_ref,2.0654625211504074,1.5828605607494555,2.4113295670370074,1043,156,26,79
A+,all_units,T_gt_s3_w3,severe_ref3,0.22273097273097273,0.15020339576962283,0.2824827705902725,1043,156,26,79
A+,all_units,T_gt_s4_w1,amplification,0.02232142857142857,0.007038483612906861,0.034433736574798694,1043,156,26,61
A+,all_units,T_gt_s4_w1,amp2,0.03484940984940985,0.016016803023683756,0.051397219577102894,1043,156,26,61
A+,all_units,T_gt_s4_w1,amp4,0.016394485144485143,0.006467784102674914,0.027156360229276876,1043,156,26,61
A+,all_units,T_gt_s4_w1,fde5,1.6201445494817683,1.257583068363798,1.851251327157063,1043,156,26,61
A+,all_units,T_gt_s4_w1,dev9_ref,2.096087076430924,1.6037540120767413,2.4375252762152115,1043,156,26,61
A+,all_units,T_gt_s4_w1,severe_ref3,0.21269586894586895,0.14313581911166715,0.26448351519330937,1043,156,26,61
A+,all_units,T_gt_s4_w2,amplification,0.022982804232804233,0.004666348622782446,0.03956738700890112,1043,156,26,79
A+,all_units,T_gt_s4_w2,amp2,0.03131359381359381,0.009474818443434958,0.05252998274081322,1043,156,26,79
A+,all_units,T_gt_s4_w2,amp4,0.0165471102971103,0.004650561182502198,0.029202262778651646,1043,156,26,79
A+,all_units,T_gt_s4_w2,fde5,1.5400872605587759,1.205077424274066,1.7580510600170156,1043,156,26,79
A+,all_units,T_gt_s4_w2,dev9_ref,2.0470351470576826,1.5723167881623428,2.3818967343897124,1043,156,26,79
A+,all_units,T_gt_s4_w2,severe_ref3,0.2086640211640212,0.1398290137783672,0.2603600519809913,1043,156,26,79
A+,all_units,T_gt_s4_w3,amplification,0.011446886446886446,0.003967872405372405,0.017098498894093147,1043,156,26,123
A+,all_units,T_gt_s4_w3,amp2,0.017946174196174194,0.008250717649889988,0.024633978174603152,1043,156,26,123
A+,all_units,T_gt_s4_w3,amp4,0.010022385022385023,0.002845793371993606,0.015890830346475503,1043,156,26,123
A+,all_units,T_gt_s4_w3,fde5,1.4791857937951214,1.1590809353728586,1.6876617304985282,1043,156,26,123
A+,all_units,T_gt_s4_w3,dev9_ref,2.0293293876349994,1.5418185835459466,2.3701531284718906,1043,156,26,123
A+,all_units,T_gt_s4_w3,severe_ref3,0.2016559829059829,0.1312440630929012,0.2585779524977318,1043,156,26,123
A+,all_units,T_self_s1_w1,amplification,0.02592083842083842,0.010293243501205217,0.04443289049206223,1043,156,26,0
A+,all_units,T_self_s1_w1,amp2,0.030245217745217746,0.015354691957745394,0.049004596356086276,1043,156,26,0
A+,all_units,T_self_s1_w1,amp4,0.02253764753764754,0.008195292005691166,0.039449023199023193,1043,156,26,0
A+,all_units,T_self_s1_w1,fde5,2.034240998275262,1.5638894139692934,2.406299698936264,1043,156,26,0
A+,all_units,T_self_s1_w1,dev9_ref,1.6577377677452232,1.3405949798147214,1.918221637594517,1043,156,26,0
A+,all_units,T_self_s1_w1,severe_ref3,0.14454873829873832,0.10427405986011445,0.1773079568739427,1043,156,26,0
A+,all_units,T_self_s1_w2,amplification,0.021354802604802603,0.009727345742732898,0.03560384241640645,1043,156,26,20
A+,all_units,T_self_s1_w2,amp2,0.028426434676434676,0.015224091251711352,0.04540810946255533,1043,156,26,20
A+,all_units,T_self_s1_w2,amp4,0.01572039072039072,0.006114953280582305,0.02765413958970438,1043,156,26,20
A+,all_units,T_self_s1_w2,fde5,2.007385182841447,1.5397906376061632,2.3722488748347965,1043,156,26,20
A+,all_units,T_self_s1_w2,dev9_ref,1.5225248259498922,1.2463041952287128,1.7668238743020992,1043,156,26,20
A+,all_units,T_self_s1_w2,severe_ref3,0.13806216931216933,0.10606884975607765,0.16656454326362102,1043,156,26,20
A+,all_units,T_self_s1_w3,amplification,0.016725172975172977,0.008481908247533247,0.02863852377461248,1043,156,26,20
A+,all_units,T_self_s1_w3,amp2,0.019625050875050874,0.010447484869247459,0.03257700437360645,1043,156,26,20
A+,all_units,T_self_s1_w3,amp4,0.008750508750508751,0.001994047619047619,0.01915324784642966,1043,156,26,20
A+,all_units,T_self_s1_w3,fde5,1.926102050671381,1.4948123240347133,2.2638777977662228,1043,156,26,20
A+,all_units,T_self_s1_w3,dev9_ref,1.3559726729975443,1.102532404472492,1.5714553132745162,1043,156,26,20
A+,all_units,T_self_s1_w3,severe_ref3,0.12095543345543347,0.08883570506554378,0.15057581419838703,1043,156,26,20
A+,all_units,T_self_s2_w1,amplification,0.03501475376475376,0.02017565253051575,0.05655020571623331,1043,156,26,20
A+,all_units,T_self_s2_w1,amp2,0.04152676027676028,0.024486515949558446,0.06417320125724706,1043,156,26,20
A+,all_units,T_self_s2_w1,amp4,0.0306013431013431,0.016776366574998796,0.04942641639989324,1043,156,26,20
A+,all_units,T_self_s2_w1,fde5,2.1601035581738146,1.666416906069956,2.5518937785034295,1043,156,26,20
A+,all_units,T_self_s2_w1,dev9_ref,1.759697488563901,1.409029022107919,2.0499995216553115,1043,156,26,20
A+,all_units,T_self_s2_w1,severe_ref3,0.16280016280016282,0.11500299043062201,0.19592040417507034,1043,156,26,20
A+,all_units,T_self_s2_w2,amplification,0.030499592999593,0.016751383564475517,0.0510225327067424,1043,156,26,20
A+,all_units,T_self_s2_w2,amp2,0.03767297517297517,0.023321904609828602,0.05851148034971559,1043,156,26,20
A+,all_units,T_self_s2_w2,amp4,0.022321428571428572,0.010413875531640419,0.03952718282434925,1043,156,26,20
A+,all_units,T_self_s2_w2,fde5,2.110176956156094,1.6254776052399789,2.5092303615243585,1043,156,26,20
A+,all_units,T_self_s2_w2,dev9_ref,1.6382321818812267,1.277499954615083,1.9453812103716182,1043,156,26,20
A+,all_units,T_self_s2_w2,severe_ref3,0.14948361823361822,0.10802318823152157,0.1824076472881929,1043,156,26,20
A+,all_units,T_self_s2_w3,amplification,0.02347883597883598,0.013159590521710028,0.03622147933247371,1043,156,26,61
A+,all_units,T_self_s2_w3,amp2,0.03441697191697191,0.022166948449959013,0.049358416179507814,1043,156,26,61
A+,all_units,T_self_s2_w3,amp4,0.01580942205942206,0.007761200410396715,0.026913480038480035,1043,156,26,61
A+,all_units,T_self_s2_w3,fde5,1.9550293075292866,1.5466618955084344,2.287319655716355,1043,156,26,61
A+,all_units,T_self_s2_w3,dev9_ref,1.3584506491172328,1.125688381284938,1.537058117376638,1043,156,26,61
A+,all_units,T_self_s2_w3,severe_ref3,0.1230540293040293,0.09063687744569435,0.147674724240227,1043,156,26,61
A+,all_units,T_self_s3_w1,amplification,0.04492266992266992,0.028394823780684544,0.06950544865982293,1043,156,26,20
A+,all_units,T_self_s3_w1,amp2,0.0496031746031746,0.03230670545012194,0.07492897780845267,1043,156,26,20
A+,all_units,T_self_s3_w1,amp4,0.038817663817663814,0.023711803279231315,0.057925716200411904,1043,156,26,20
A+,all_units,T_self_s3_w1,fde5,2.1556016133747713,1.6747161334559755,2.5324983019678373,1043,156,26,20
A+,all_units,T_self_s3_w1,dev9_ref,1.7644686873120117,1.367134983289518,2.0691280060251636,1043,156,26,20
A+,all_units,T_self_s3_w1,severe_ref3,0.1587810337810338,0.11597736944596304,0.18893333041563318,1043,156,26,20
A+,all_units,T_self_s3_w2,amplification,0.0277014652014652,0.017115355195816643,0.04062903864172398,1043,156,26,61
A+,all_units,T_self_s3_w2,amp2,0.03701159951159951,0.024951733989264254,0.05230821226989052,1043,156,26,61
A+,all_units,T_self_s3_w2,amp4,0.023377085877085875,0.01266956240650331,0.036485225301014744,1043,156,26,61
A+,all_units,T_self_s3_w2,fde5,1.9899404775160474,1.5662608167311025,2.344226098505967,1043,156,26,61
A+,all_units,T_self_s3_w2,dev9_ref,1.5193344373563396,1.2176660607331424,1.7305148228563298,1043,156,26,61
A+,all_units,T_self_s3_w2,severe_ref3,0.13051994301994302,0.09058643928469154,0.15656767356060614,1043,156,26,61
A+,all_units,T_self_s3_w3,amplification,0.020375457875457876,0.01055099981793907,0.03304644873018932,1043,156,26,79
A+,all_units,T_self_s3_w3,amp2,0.029736467236467234,0.019384085750004443,0.044178806742822894,1043,156,26,79
A+,all_units,T_self_s3_w3,amp4,0.013672669922669923,0.005605984607003975,0.023125439831104853,1043,156,26,79
A+,all_units,T_self_s3_w3,fde5,1.9281943210793127,1.5050172941536872,2.242397586193217,1043,156,26,79
A+,all_units,T_self_s3_w3,dev9_ref,1.4184031410093794,1.1228445997601548,1.6222845831178732,1043,156,26,79
A+,all_units,T_self_s3_w3,severe_ref3,0.12029405779405779,0.07997115033752965,0.14656611929063385,1043,156,26,79
A+,all_units,T_self_s4_w1,amplification,0.03245828245828246,0.01569352646361575,0.049528524418542615,1043,156,26,61
A+,all_units,T_self_s4_w1,amp2,0.04161579161579162,0.024101828231292515,0.06223340061695507,1043,156,26,61
A+,all_units,T_self_s4_w1,amp4,0.023415242165242163,0.010000176239642531,0.04045575236051426,1043,156,26,61
A+,all_units,T_self_s4_w1,fde5,2.040045004686215,1.5557506192408481,2.3810916333171854,1043,156,26,61
A+,all_units,T_self_s4_w1,dev9_ref,1.672618974409443,1.288247292761534,1.907777624600513,1043,156,26,61
A+,all_units,T_self_s4_w1,severe_ref3,0.14691442816442815,0.09641598782223781,0.18178384656170798,1043,156,26,61
A+,all_units,T_self_s4_w2,amplification,0.03886853886853887,0.021850943391541013,0.06022063781014022,1043,156,26,79
A+,all_units,T_self_s4_w2,amp2,0.049501424501424494,0.030787548333132988,0.07315166170634918,1043,156,26,79
A+,all_units,T_self_s4_w2,amp4,0.028197496947496948,0.013160688670478472,0.04828726028620542,1043,156,26,79
A+,all_units,T_self_s4_w2,fde5,1.994954090362266,1.5494425697267635,2.323253035988251,1043,156,26,79
A+,all_units,T_self_s4_w2,dev9_ref,1.5709468524403145,1.2266112528029034,1.7768367399532163,1043,156,26,79
A+,all_units,T_self_s4_w2,severe_ref3,0.13230056980056978,0.08851473571231636,0.1593924569112337,1043,156,26,79
A+,all_units,T_self_s4_w3,amplification,0.018416768416768415,0.007548013507647098,0.028676177283168798,1043,156,26,123
A+,all_units,T_self_s4_w3,amp2,0.029965404965404962,0.017137995915169825,0.04550461592236202,1043,156,26,123
A+,all_units,T_self_s4_w3,amp4,0.014562983312983313,0.005039314516129032,0.02491889312977099,1043,156,26,123
A+,all_units,T_self_s4_w3,fde5,1.9357335780688827,1.5121489501446324,2.25699709800383,1043,156,26,123
A+,all_units,T_self_s4_w3,dev9_ref,1.4832624857094014,1.1656580612340246,1.682886537839228,1043,156,26,123
A+,all_units,T_self_s4_w3,severe_ref3,0.12389346764346765,0.0809608929006544,0.1494413646055437,1043,156,26,123
A+,all_units,full_gt,amplification,0.006143162393162393,0.0,0.017904366923786916,1043,156,26,0
A+,all_units,full_gt,amp2,0.01248982498982499,0.0034186676082862523,0.026730985449735453,1043,156,26,0
A+,all_units,full_gt,amp4,0.004273504273504273,0.0,0.015037593984962405,1043,156,26,0
A+,all_units,full_gt,fde5,0.9758775602426301,0.7475094672755144,1.1602113952679236,1043,156,26,0
A+,all_units,full_gt,dev9_ref,1.9536416805856738,1.475180831145405,2.316388288636332,1043,156,26,0
A+,all_units,full_gt,severe_ref3,0.2095034595034595,0.14357791054590796,0.26644147807998225,1043,156,26,0
A+,all_units,full_self,amplification,0.006499287749287749,0.0008108830823841931,0.015498625916055952,1043,156,26,0
A+,all_units,full_self,amp2,0.01006054131054131,0.0035842293906810036,0.019365830750446133,1043,156,26,0
A+,all_units,full_self,amp4,0.0046296296296296285,0.0,0.01352325603212127,1043,156,26,0
A+,all_units,full_self,fde5,1.823837080874731,1.3873929399436138,2.151359591553872,1043,156,26,0
A+,all_units,full_self,dev9_ref,0.9416585587464923,0.7577855335602648,1.079310789674722,1043,156,26,0
A+,all_units,full_self,severe_ref3,0.06702787952787952,0.04561685694014448,0.08998588574532507,1043,156,26,0
A+,all_units,normal,amplification,0.04109432234432234,0.021497796432363703,0.06128093089677484,1043,156,26,0
A+,all_units,normal,amp2,0.04702126577126577,0.02712101493277296,0.06785760856495945,1043,156,26,0
A+,all_units,normal,amp4,0.033768315018315016,0.017767415503634143,0.04753878382350604,1043,156,26,0
A+,all_units,normal,fde5,2.17804136282849,1.6950459822579476,2.511965081632699,1043,156,26,0
A+,all_units,normal,dev9_ref,2.2085672422344382,1.7427021184411053,2.517846129466433,1043,156,26,0
A+,all_units,normal,severe_ref3,0.21068630443630446,0.14565453687189664,0.2513268593464376,1043,156,26,0
A+,all_units,recent_gt,amplification,0.006499287749287749,0.00072115605555096,0.01732111615690044,1043,156,26,0
A+,all_units,recent_gt,amp2,0.01126882376882377,0.0032856421356421356,0.024735503072196623,1043,156,26,0
A+,all_units,recent_gt,amp4,0.004985754985754985,0.0,0.015748194721928413,1043,156,26,0
A+,all_units,recent_gt,fde5,1.0205407988602302,0.787733381679632,1.1847153295452184,1043,156,26,0
A+,all_units,recent_gt,dev9_ref,1.9505341194327268,1.4627768659578613,2.3247324894789547,1043,156,26,0
A+,all_units,recent_gt,severe_ref3,0.20594220594220594,0.1312514880952381,0.2621504580273237,1043,156,26,0
A+,all_units,recent_self,amplification,0.007567663817663818,0.0024114128065707663,0.014635704252639737,1043,156,26,0
A+,all_units,recent_self,amp2,0.01346916971916972,0.003662912270696702,0.029230833071014282,1043,156,26,0
A+,all_units,recent_self,amp4,0.002492877492877493,0.0,0.006561679790026247,1043,156,26,0
A+,all_units,recent_self,fde5,1.8503325610018118,1.4407606447380137,2.178757640966571,1043,156,26,0
A+,all_units,recent_self,dev9_ref,1.0823050566004566,0.8842339137952444,1.2492109335384034,1043,156,26,0
A+,all_units,recent_self,severe_ref3,0.09161324786324787,0.0654325318090199,0.11804416839199444,1043,156,26,0
