family,contrast,group,metric,label,n_clusters,n_scenes,n_units,n_informative_logs,dropped_nan,missing_pairs,scene_est,scene_ci95_lo,scene_ci95_hi,scene_ci90_lo,scene_ci90_hi,scene_p_signflip,scene_p_cluster_t,unit_est,unit_ci95_lo,unit_ci95_hi,unit_ci90_lo,unit_ci90_hi,unit_p_signflip,unit_p_cluster_t,log_est,log_ci95_lo,log_ci95_hi,log_ci90_lo,log_ci90_hi,log_p_signflip,log_p_cluster_t,sf_method,equiv_margin,equivalent_TOST90,holm_p,holm_m
P1B_primary,"early(s=1) - late(s=3), persistent GT, w=1",A-,amplification,two-sided; negative = early corrections leave less amplification,15,46,326,11,0,0,0.10653899240855763,-0.0026480463980463912,0.2012202035285659,0.013982615268329553,0.18634951159951163,0.1162109375,0.05727377172535952,0.09815950920245399,-0.006212150621118011,0.19428968253968248,0.008329889807162538,0.17938931297709923,0.1484375,0.07509154485548153,0.11131346056941295,-0.0014109347442680703,0.24291782801083397,0.014054232804232807,0.22051465262030737,0.11328125,0.10517727753928012,exact 2^15,0.1,False,0.3486328125,3.0
P1B_primary,"early(s=1) - late(s=3), persistent GT, w=2",A-,amplification,two-sided; negative = early corrections leave less amplification,15,46,326,10,0,0,0.043046928916494136,-0.020674405514894127,0.09838011324424364,-0.011445149765332487,0.08865947420634919,0.28515625,0.1634130715191167,0.03987730061349693,-0.024057472981722196,0.09786523941328211,-0.01428827444956477,0.08695652173913043,0.3515625,0.1956920801534974,0.051306216931216946,-0.027481398809523806,0.1556712962962963,-0.017742228835978837,0.13611276455026453,0.3515625,0.30947211309511113,exact 2^15,0.1,True,0.5703125,3.0
P1B_primary,"early(s=1) - late(s=3), persistent GT, w=3",A-,amplification,two-sided; negative = early corrections leave less amplification,15,46,326,8,0,0,0.00500345065562457,-0.04487205801860974,0.030920847505668907,-0.03674176567178595,0.027596344627594603,0.8359375,0.7955549212149138,0.003067484662576687,-0.04888949275362319,0.029850746268656716,-0.04081632653061224,0.026608880990856995,1.0,0.877647225473593,-0.021591553287981857,-0.05051191657218442,0.004119602702191985,-0.04523809523809524,0.00039918745275888313,0.1484375,0.15615379698746204,exact 2^15,0.1,True,0.8359375,3.0
P1B_secondary_totalH_P_gt_A-,"early(s=1) - late(s=2), w=1",A-,amplification,,15,46,326,11,0,0,0.06538992408557626,0.006735564237179226,0.12632393235071804,0.01636904761904762,0.11437932437932434,0.080078125,0.035991079466845884,0.06134969325153374,0.006369426751592357,0.12432432432432433,0.014998502994011977,0.1111111111111111,0.103515625,0.04542671505655076,0.05940491937515747,-0.02367319381456286,0.1430094167296548,-0.008494268077601409,0.12869559397833208,0.203125,0.19087965937412726,exact 2^15,0.1,False,,
P1B_secondary_totalH_P_gt_A-,"early(s=1) - late(s=2), w=1",A-,amp2,,15,46,326,13,0,0,0.0744047619047619,0.014158523257787966,0.13646494708994708,0.02373559145880575,0.12422977292768957,0.044677734375,0.021881642381627715,0.0705521472392638,0.014576653352163555,0.13426098673300166,0.02281260494188251,0.12060301507537688,0.056640625,0.025271313720329244,0.06601867598891409,-0.022846336451247166,0.15131351962081124,-0.007609284454522546,0.13699483497102544,0.172119140625,0.16904449585732384,exact 2^15,0.1,False,,
P1B_secondary_totalH_P_gt_A-,"early(s=1) - late(s=2), w=1",A-,amp4,,15,46,326,13,0,0,0.04675638371290546,-0.015378361992945318,0.10230978260869565,-0.004036144027503464,0.09205493979200874,0.2373046875,0.11092283714898951,0.046012269938650305,-0.012345679012345678,0.10204081632653061,0.0,0.09090909090909091,0.25048828125,0.1035119014592062,0.02842419375157471,-0.05317265447845803,0.11582693609851347,-0.040391235197782815,0.10099438618039808,0.544921875,0.5326582230125685,exact 2^15,0.1,True,,
P1B_secondary_totalH_P_gt_A-,"early(s=1) - late(s=2), w=1",A-,fde5,,15,46,326,15,0,0,0.14287953659742253,-0.20764956152467945,0.586480945371348,-0.14676121859504787,0.49671853225775303,0.43060302734375,0.43885833967892063,0.0843702440847512,-0.24233226964498042,0.5859214639480911,-0.19359935105721585,0.48621645126288554,0.6485595703125,0.6615344884533089,0.11602752978437295,-0.5439900720975497,0.6834494902004926,-0.4242727113756386,0.6033820911352226,0.736083984375,0.7265176321924469,exact 2^15,0.5,True,,
P1B_secondary_totalH_P_gt_A-,"early(s=1) - late(s=3), w=1",A-,amp2,,15,46,326,12,0,0,0.11184437543133197,-0.003572491496598637,0.21409883528883253,0.01097301941609978,0.1978873295349886,0.126953125,0.07125320039637942,0.10122699386503067,-0.011082134508644923,0.20512820512820512,0.004098360655737705,0.18820389953734298,0.173828125,0.09707628572199792,0.11604465860418242,0.0031520455404384,0.24517376858150666,0.01857465671453767,0.22276573129251692,0.1044921875,0.09623903416110943,exact 2^15,0.1,False,,
P1B_secondary_totalH_P_gt_A-,"early(s=1) - late(s=3), w=1",A-,amp4,,15,46,326,10,0,0,0.11533816425120774,0.013391851673101675,0.19876922123015875,0.02762971093349344,0.18637905452035888,0.087890625,0.03211185620147747,0.11042944785276074,0.010927476835352817,0.19573047882656422,0.02484010823442593,0.18209978742539448,0.10546875,0.03813012926466414,0.10211404006046862,0.00375289351851852,0.2210672359221466,0.01640199829931973,0.20117335128495842,0.109375,0.10465853658051963,exact 2^15,0.1,False,,
P1B_secondary_totalH_P_gt_A-,"early(s=1) - late(s=3), w=1",A-,fde5,,15,46,326,15,0,0,0.468245153153295,-0.0021082855654716,0.9869262883426038,0.07414220583142887,0.8933711026521005,0.108642578125,0.059403961017952,0.41785895981957144,-0.03562855914461264,0.9863668515149513,0.03676220146937392,0.8749477437784392,0.1334228515625,0.09541963845502431,0.5652578814638525,-0.2922847913581413,1.5973751817674133,-0.17994975819622358,1.4248052863825984,0.322021484375,0.28688761942861396,exact 2^15,0.5,False,,
P1B_secondary_totalH_P_gt_A-,"early(s=1) - late(s=4), w=1",A-,amplification,,15,46,326,14,0,0,0.11853002070393374,0.008420014347202293,0.20616047231900883,0.026597912502167826,0.19105513733271087,0.0853271484375,0.02847429583482986,0.11042944785276074,0.0,0.20207852885680905,0.017605633802816902,0.18490695270095628,0.123291015625,0.04298044473565867,0.09837726757369616,-0.0364779974489796,0.25837153958805736,-0.018557728647014354,0.22936118197278912,0.2586669921875,0.23086746918617418,exact 2^15,0.1,False,,
P1B_secondary_totalH_P_gt_A-,"early(s=1) - late(s=4), w=1",A-,amp2,,15,46,326,14,0,0,0.11024844720496896,0.00045745149911818135,0.2046705719324767,0.019320552635770028,0.18843435979902706,0.103515625,0.04213184860552816,0.10122699386503067,-0.006214128469219275,0.19788077885747937,0.012266197815352391,0.181633644133644,0.138916015625,0.058157750712644445,0.10085900100781053,-0.038809779698916594,0.2652624834656085,-0.019664942365835204,0.23550264550264544,0.250244140625,0.23245522995041767,exact 2^15,0.1,False,,
P1B_secondary_totalH_P_gt_A-,"early(s=1) - late(s=4), w=1",A-,amp4,,15,46,326,13,0,0,0.09730848861283645,-0.017494382798393823,0.18781746031746033,-0.00030652218152217066,0.1721011131725417,0.1826171875,0.08194385980602978,0.09202453987730061,-0.022733803552769064,0.18478389655882957,-0.004386930983847282,0.16901633083990383,0.22021484375,0.09920241886946855,0.07020266439909298,-0.05711457152305366,0.23206526360544205,-0.04211545729402872,0.20292268990929685,0.43212890625,0.37924291181587955,exact 2^15,0.1,False,,
P1B_secondary_totalH_P_gt_A-,"early(s=1) - late(s=4), w=1",A-,fde5,,15,46,326,15,0,0,-0.07593483284401968,-0.6981217121884096,0.5071209419003903,-0.572454827172036,0.3928503693177221,0.7723388671875,0.7758734041880618,-0.16253270357624283,-0.7996542326976136,0.47863818199090163,-0.6781808335240632,0.35099526623776084,0.56854248046875,0.5671961496048266,-0.2546702598394913,-1.4682715582893942,1.0037789859681332,-1.2892654659248106,0.8021831195054137,0.70849609375,0.6998883114767449,exact 2^15,0.5,False,,
P1B_secondary_totalH_P_gt_A-,"early(s=1) - late(s=2), w=2",A-,amplification,,15,46,326,11,0,0,0.01358695652173913,-0.017599726159508767,0.04768836603001756,-0.012717000140780628,0.041172889610389576,0.4169921875,0.3993657490277559,0.012269938650306749,-0.019420638183485654,0.048078208556149714,-0.014708051362137773,0.04120043244912928,0.5859375,0.46679617863055334,0.03812279541446208,0.0015703538359788374,0.07447379298941796,0.007053847001763669,0.06868138227513224,0.0712890625,0.06947153622289017,exact 2^15,0.1,True,,
P1B_secondary_totalH_P_gt_A-,"early(s=1) - late(s=2), w=2",A-,amp2,,15,46,326,12,0,0,0.016088681849551412,-0.024206982438365422,0.06289930555555552,-0.017767151326933937,0.05404190716690717,0.44970703125,0.4472249284359745,0.012269938650306749,-0.02941343203948246,0.05949092809928503,-0.0233485789701231,0.05090993265993265,0.673828125,0.5786041378221604,0.03388999118165784,-0.011392609126984131,0.0794808201058201,-0.0047792658730158736,0.07235449735449735,0.17822265625,0.17702392352277072,exact 2^15,0.1,True,,
P1B_secondary_totalH_P_gt_A-,"early(s=1) - late(s=2), w=2",A-,amp4,,15,46,326,9,0,0,0.014061421670117324,-0.006432135794621889,0.03934381203614468,-0.002754697116942013,0.03413728026823265,0.23828125,0.19842262751358003,0.015337423312883436,-0.007692307692307693,0.040405500087580995,-0.003650303467821715,0.03529411764705882,0.3125,0.18098326826868544,0.02154431216931217,-0.0066141699735449725,0.053373842592592584,-0.002248677248677248,0.04762400793650787,0.21484375,0.19929584056281313,exact 2^15,0.1,True,,
P1B_secondary_totalH_P_gt_A-,"early(s=1) - late(s=2), w=2",A-,fde5,,15,46,326,15,0,0,-0.05939908345635617,-0.2352648313575981,0.2579229339412439,-0.20965249761685,0.1860484657001388,0.62493896484375,0.6005814456806058,-0.08183419712387628,-0.24980619116534764,0.2421464930059798,-0.22697461753715914,0.1684343899034382,0.5157470703125,0.47077924681902394,0.10163847974826799,-0.23685312976880343,0.521562427878893,-0.1943415355118747,0.4450822295588507,0.65692138671875,0.6219894269993591,exact 2^15,0.5,True,,
P1B_secondary_totalH_P_gt_A-,"early(s=1) - late(s=3), w=2",A-,amp2,,15,46,326,11,0,0,0.0527087646652864,-0.018239087301587298,0.11143291615230393,-0.007646493556772307,0.10071106391861108,0.2197265625,0.12503801964813976,0.046012269938650305,-0.025,0.10734463276836158,-0.013888888888888888,0.0963855421686747,0.31640625,0.18120805435960563,0.05023620559334844,-0.03664092025699169,0.15747448979591835,-0.02595427059712774,0.1380309901738473,0.390625,0.34743913071072907,exact 2^15,0.1,False,,
P1B_secondary_totalH_P_gt_A-,"early(s=1) - late(s=3), w=2",A-,amp4,,15,46,326,10,0,0,0.04576432022084196,-0.015476810515873013,0.09073176432331358,-0.004204674293960004,0.0817685786435786,0.19140625,0.08122271974178667,0.046012269938650305,-0.019766287141368254,0.09420631665299421,-0.007018779342723004,0.08429174463156018,0.240234375,0.09591224425978073,0.03761574074074073,-0.041005704365079367,0.14211516203703703,-0.031369047619047616,0.12291749338624335,0.55859375,0.4526763330996866,exact 2^15,0.1,True,,
P1B_secondary_totalH_P_gt_A-,"early(s=1) - late(s=3), w=2",A-,fde5,,15,46,326,15,0,0,-0.3406691346798696,-0.6446629054150229,0.11604199948899387,-0.5939024104550791,0.025542587047631425,0.18212890625,0.07895822092288295,-0.39373431175031526,-0.7111955162846803,0.0846998835516945,-0.6555039284393355,-0.01759536464334737,0.1395263671875,0.051345236307972955,-0.20412018196918852,-0.7962617073947075,0.49598551204263386,-0.7114115161878657,0.36857505227821563,0.56964111328125,0.5528402617867446,exact 2^15,0.5,False,,
P1B_secondary_totalH_P_gt_A-,"early(s=1) - late(s=4), w=2",A-,amplification,,15,46,326,10,0,0,0.04861111111111111,-0.03228590915532879,0.09859623015873016,-0.015349264705882349,0.09037643903715327,0.259765625,0.13730896713060575,0.049079754601226995,-0.030613222300414418,0.10064499504618232,-0.014705882352941176,0.09204032140552466,0.271484375,0.13084990277480857,0.04456018518518519,-0.0432564484126984,0.1505977182539682,-0.031598048941798934,0.13056134259259253,0.4609375,0.39710188643059663,exact 2^15,0.1,True,,
P1B_secondary_totalH_P_gt_A-,"early(s=1) - late(s=4), w=2",A-,amp2,,15,46,326,10,0,0,0.06590752242926155,-0.02314895470383276,0.12459527858762552,-0.005670705782312924,0.11590343454454949,0.185546875,0.08298977007575752,0.06441717791411043,-0.021745102723363587,0.12429557773380365,-0.005780346820809248,0.11486486486486487,0.203125,0.08378646102668576,0.05756094104308391,-0.03833882511337868,0.16883899045729395,-0.024650533824640962,0.14790190381708226,0.330078125,0.30762392914774395,exact 2^15,0.1,False,,
P1B_secondary_totalH_P_gt_A-,"early(s=1) - late(s=4), w=2",A-,amp4,,15,46,326,8,0,0,0.04447032436162872,-0.009672806938431939,0.08658440407110614,0.0006387624494242181,0.07828458193041524,0.171875,0.05739037948999021,0.046012269938650305,-0.012346954392408935,0.09195517241379308,0.0,0.08277441960383423,0.2109375,0.0681565350204963,0.03530092592592592,-0.0411553406084656,0.13935185185185184,-0.03176256613756614,0.12055472883597883,0.6015625,0.475285790243858,exact 2^15,0.1,True,,
P1B_secondary_totalH_P_gt_A-,"early(s=1) - late(s=4), w=2",A-,fde5,,15,46,326,15,0,0,-0.9077465959720162,-1.328234525389935,-0.34070503897546445,-1.2756774795158783,-0.4280838878550531,0.00927734375,0.0038913970453118584,-0.9609345418450539,-1.404399270242994,-0.3624516839304734,-1.3472325035097759,-0.46342323489056475,0.00994873046875,0.0035405338388352454,-0.7919008958660475,-1.4928443428434126,-0.04852320261035576,-1.3760006638330848,-0.17032431625407907,0.06097412109375,0.058780858393900785,exact 2^15,0.5,False,,
P1B_secondary_totalH_P_gt_A-,"early(s=1) - late(s=2), w=3",A-,amplification,,15,46,326,5,0,0,0.015182884748102138,-0.003267973856209151,0.03722399889907654,-0.00040463219185979426,0.033221593221593224,0.1875,0.1554676460954451,0.015337423312883436,-0.004831210302838894,0.040229885057471264,0.0,0.03571428571428571,0.375,0.19507537240802988,0.018088624338624338,-0.0035714285714285718,0.05119047619047619,-0.0021825396825396826,0.045535714285714284,0.3125,0.2615932883029954,exact 2^15,0.1,True,,
P1B_secondary_totalH_P_gt_A-,"early(s=1) - late(s=2), w=3",A-,amp2,,15,46,326,9,0,0,0.013673222912353346,-0.00989040798611111,0.040725220959595944,-0.005610860244480935,0.03606896462288613,0.26171875,0.29135023190385867,0.012269938650306749,-0.013668989746824225,0.04316657784883203,-0.00885086662826622,0.03738567644559944,0.4921875,0.3850683758754694,0.01255826404635928,-0.035965017951625086,0.05726828231292515,-0.027655738221214407,0.049111866969009765,0.56640625,0.6161258724208911,exact 2^15,0.1,True,,
P1B_secondary_totalH_P_gt_A-,"early(s=1) - late(s=2), w=3",A-,amp4,,15,46,326,5,0,0,0.01630434782608696,-0.015503875968992248,0.064666818457802,-0.012896825396825394,0.05617427505024402,0.75,0.47863759872692957,0.02147239263803681,-0.015267759180148001,0.07434968067867696,-0.012531328320802004,0.06538542680947744,0.75,0.4080396363521721,0.01564153439153439,-0.011772486772486771,0.0537037037037037,-0.008994708994708995,0.047222222222222214,0.5,0.39056847719331955,exact 2^15,0.1,True,,
P1B_secondary_totalH_P_gt_A-,"early(s=1) - late(s=2), w=3",A-,fde5,,15,46,326,15,0,0,-0.3196583023634987,-0.49950801247054794,-0.09156114450381082,-0.47826370762890513,-0.12512719106015507,0.01885986328125,0.012740341450124511,-0.32715967768279136,-0.5207604157957949,-0.08020353059711331,-0.49932123309032306,-0.11627819504280276,0.02459716796875,0.019020477060277617,-0.34318867091615096,-0.527755131549239,-0.1576375569885943,-0.496057134768638,-0.18697296828936386,0.004150390625,0.0033172645755072004,exact 2^15,0.5,True,,
P1B_secondary_totalH_P_gt_A-,"early(s=1) - late(s=3), w=3",A-,amp2,,15,46,326,9,0,0,0.011775362318840582,-0.052273919407540094,0.044174913423042896,-0.03920890022675736,0.04005751099753794,0.64453125,0.6154692399480921,0.009202453987730062,-0.05555555555555555,0.04225352112676056,-0.04256838905775075,0.03801225179552175,0.8125,0.699033181092022,-0.0205333522297808,-0.07425595238095237,0.028013215702947826,-0.06559051398337112,0.021561791383219942,0.4765625,0.4698802622954098,exact 2^15,0.1,True,,
P1B_secondary_totalH_P_gt_A-,"early(s=1) - late(s=3), w=3",A-,amp4,,15,46,326,7,0,0,0.002501725327812285,-0.03298611111111111,0.02107728337236534,-0.028292181069958847,0.018601190476190476,0.890625,0.8535520800154133,0.003067484662576687,-0.036458333333333336,0.02307736720554272,-0.030927835051546393,0.020566081648629483,1.0,0.8351000929645316,-0.016763510959939533,-0.03888888888888888,0.002274659863945579,-0.034722222222222224,-0.00032832577475434556,0.15625,0.14567421494946814,exact 2^15,0.1,True,,
P1B_secondary_totalH_P_gt_A-,"early(s=1) - late(s=3), w=3",A-,fde5,,15,46,326,15,0,0,-0.8125479420211614,-1.1174732842050346,-0.4334248588275401,-1.079063513883185,-0.4929628414114386,0.00030517578125,0.0006372171935420236,-0.846295534747598,-1.1573640095571303,-0.4595757642801488,-1.1209112531433383,-0.5201495503191512,0.000244140625,0.0005470699859444528,-0.8397122756655734,-1.1501168197709135,-0.5263562895696514,-1.0994201735153761,-0.5770161332930385,0.000244140625,0.00014801506187858481,exact 2^15,0.5,False,,
P1B_secondary_totalH_P_gt_A-,"early(s=1) - late(s=4), w=3",A-,amplification,,15,46,326,7,0,0,0.014104554865424428,-0.03914835164835165,0.0404498106060606,-0.03071428571428571,0.03735792538998355,0.609375,0.47941817418998145,0.012269938650306749,-0.042017788423780726,0.03932630318659053,-0.0335195530726257,0.03618421052631579,0.6875,0.5436233480725406,-0.014285714285714285,-0.042460317460317455,0.011309523809523806,-0.037698412698412696,0.007738095238095237,0.34375,0.32371703962238174,exact 2^15,0.1,True,,
P1B_secondary_totalH_P_gt_A-,"early(s=1) - late(s=4), w=3",A-,amp2,,15,46,326,10,0,0,0.036361283643892336,-0.029945286195286195,0.0861505959910846,-0.016440742963852208,0.07749200251416562,0.27734375,0.19160771996921322,0.03067484662576687,-0.03347490943809497,0.07871777507403412,-0.020833333333333332,0.0701219512195122,0.3828125,0.25278329925475235,0.005996472663139332,-0.04497519841269842,0.0632936507936508,-0.037325837742504406,0.053020282186948854,0.84765625,0.8364087294865825,exact 2^15,0.1,True,,
P1B_secondary_totalH_P_gt_A-,"early(s=1) - late(s=4), w=3",A-,amp4,,15,46,326,5,0,0,0.01229296066252588,-0.022787649542575648,0.03125112734487733,-0.017242405582922823,0.028650860909335482,0.5,0.3525204050292623,0.012269938650306749,-0.02484549303173573,0.0332596404597741,-0.018867924528301886,0.03007518796992481,0.5625,0.3818372408123646,-0.009523809523809523,-0.03253968253968254,0.00992063492063492,-0.0281845238095238,0.0071428571428571435,0.4375,0.4071612146908258,exact 2^15,0.1,True,,
P1B_secondary_totalH_P_gt_A-,"early(s=1) - late(s=4), w=3",A-,fde5,,15,46,326,15,0,0,-1.4488049110295422,-1.9164545851940646,-0.8566741736115102,-1.8538520847819675,-0.9340993126127983,0.0001220703125,0.0001718293004733864,-1.5141517325350695,-1.9808518117278406,-0.932666988489566,-1.9146956120902157,-1.0073819177838852,0.0001220703125,0.00011259051693102918,-1.4581729345412624,-1.987025185146661,-0.9426145556152822,-1.9047917058115527,-1.0224003997435795,0.0001220703125,0.00012457498111088073,exact 2^15,0.5,False,,
P1B_map_P_gt_A-,"window(s=1,w=1) - normal",A-,amplification,,15,46,326,14,0,0,-0.2159247757073844,-0.2968571428571429,-0.11559144491129804,-0.28244092712842717,-0.13564007421150281,0.00439453125,0.00019396812421442099,-0.22085889570552147,-0.3009721121458292,-0.12811300247181953,-0.2878817356443816,-0.14488586170896242,0.003662109375,0.00011122220382706403,-0.21950349584278156,-0.3545170186130007,-0.08059937169312174,-0.331474395313681,-0.10288903061224497,0.010498046875,0.008719308216206614,exact 2^15,,,,
P1B_map_P_gt_A-,"window(s=1,w=2) - normal",A-,amplification,,15,46,326,13,0,0,-0.3445479641131815,-0.44256887386989424,-0.22229277127517677,-0.4310107895617264,-0.24094515219705773,0.000732421875,3.9103971011712776e-05,-0.34662576687116564,-0.44720718090283307,-0.22806790291791657,-0.4351867232681186,-0.24600445738431417,0.000732421875,3.769722304936533e-05,-0.34364134542705976,-0.47923445767195766,-0.21243362622826908,-0.45985355253212395,-0.23265967498110357,0.00048828125,0.0002434232446684798,exact 2^15,,,,
P1B_map_P_gt_A-,"window(s=1,w=3) - normal",A-,amplification,,15,46,326,13,0,0,-0.398076259489303,-0.5129218760675002,-0.26816231021394066,-0.4964430885522933,-0.28587052786793954,0.000244140625,2.4506910793162677e-05,-0.401840490797546,-0.5208333333333334,-0.2756168040832352,-0.5030129609346478,-0.2931568010782883,0.000244140625,2.245057411126092e-05,-0.43047996976568403,-0.5747862339380198,-0.2908621504157219,-0.5539621126228269,-0.3103108465608467,0.000244140625,5.80400154283039e-05,exact 2^15,,,,
P1B_map_P_gt_A-,"window(s=2,w=1) - normal",A-,amplification,,15,46,326,13,0,0,-0.28131469979296064,-0.3723629148629148,-0.17272959183673472,-0.3578767884943287,-0.18990833075654504,0.0009765625,7.879648678589894e-05,-0.2822085889570552,-0.37748374418576697,-0.17770969665463887,-0.36190988223246284,-0.19346318104517504,0.0009765625,7.852507931640862e-05,-0.278908415217939,-0.4032189310909549,-0.15659730095742003,-0.38417469765684054,-0.1773152872260016,0.001220703125,0.0007239922646789153,exact 2^15,,,,
P1B_map_P_gt_A-,"window(s=2,w=2) - normal",A-,amplification,,15,46,326,13,0,0,-0.3581349206349206,-0.4761277680669163,-0.2238740079365079,-0.4572074403596143,-0.24216155372405374,0.000244140625,0.00011264420330109433,-0.3588957055214724,-0.4822338779923708,-0.22352536891045086,-0.4632768361581921,-0.24228732256485566,0.000244140625,0.0001442775606282093,-0.38176414084152177,-0.5306795634920635,-0.24339685295414462,-0.5062611803980851,-0.2644720017636684,0.000244140625,0.0001744281125337563,exact 2^15,,,,
P1B_map_P_gt_A-,"window(s=2,w=3) - normal",A-,amplification,,15,46,326,13,0,0,-0.41325914423740506,-0.5252373183976201,-0.28708457341269844,-0.5061331855974712,-0.30660548941798954,0.000244140625,7.509527822923577e-06,-0.4171779141104294,-0.5343521547720022,-0.29435311059907837,-0.5137298234210811,-0.3138648376541657,0.000244140625,6.744177910053372e-06,-0.44856859410430844,-0.6072089947089946,-0.2954248157596372,-0.5796454554043841,-0.3187063019652306,0.000244140625,7.916156382737227e-05,exact 2^15,,,,
P1B_map_P_gt_A-,"window(s=3,w=1) - normal",A-,amplification,,15,46,326,12,0,0,-0.322463768115942,-0.4436515567765568,-0.18163190507684557,-0.4262188477032227,-0.20009691697191698,0.00048828125,0.0004537389000009836,-0.31901840490797545,-0.4408291976840364,-0.18181818181818182,-0.4234911121219419,-0.2,0.00048828125,0.0004840464187256243,-0.3308169564121945,-0.4761937830687831,-0.19672776518014617,-0.4503990299823633,-0.2188436948853616,0.00048828125,0.0004900444105024578,exact 2^15,,,,
P1B_map_P_gt_A-,"window(s=3,w=2) - normal",A-,amplification,,15,46,326,13,0,0,-0.38759489302967565,-0.5138281552458381,-0.23480909256771332,-0.49557211608842044,-0.2549168607660456,0.000244140625,0.00017237994124949142,-0.38650306748466257,-0.5124757484221125,-0.23829710423227593,-0.49471570045621455,-0.2593441230959246,0.000244140625,0.00015060619783198318,-0.39494756235827666,-0.5392534722222222,-0.2545943759448225,-0.5155791761148905,-0.27522604875283446,0.000244140625,0.00012047603154050646,exact 2^15,,,,
P1B_map_P_gt_A-,"window(s=3,w=3) - normal",A-,amplification,,15,46,326,13,0,0,-0.4030797101449275,-0.5217474169410672,-0.2594212211399712,-0.5054343776294584,-0.279166366041366,0.000244140625,5.962770987089184e-05,-0.4049079754601227,-0.523709462233169,-0.26691102756892243,-0.5074311951949108,-0.2857142857142857,0.000244140625,4.855168499835999e-05,-0.4088884164777022,-0.5519449759070295,-0.2678571428571429,-0.5305065428949358,-0.2893112244897959,0.000244140625,9.258170621682578e-05,exact 2^15,,,,
P1B_map_P_gt_A-,"window(s=4,w=1) - normal",A-,amplification,,15,46,326,13,0,0,-0.33445479641131814,-0.4446363310750103,-0.19955423457261695,-0.42814040471260967,-0.21491799142824983,0.00048828125,0.0001639479232195464,-0.3312883435582822,-0.43880760772937816,-0.20258586040580995,-0.42365691890262286,-0.21781958195819584,0.00048828125,0.00013922705710737144,-0.31788076341647764,-0.45754653250188965,-0.1870592403628118,-0.43316869803476943,-0.20631283068783074,0.00048828125,0.0005082766525254747,exact 2^15,,,,
P1B_map_P_gt_A-,"window(s=4,w=2) - normal",A-,amplification,,15,46,326,13,0,0,-0.39315907522429255,-0.5020535996121933,-0.25743971695821183,-0.4872012648410913,-0.27224914965986396,0.000244140625,4.651587307422979e-05,-0.39570552147239263,-0.5022227204783258,-0.2683783334762477,-0.4872881355932203,-0.2826996764622564,0.000244140625,2.8090795997400444e-05,-0.3882015306122449,-0.5168383290816327,-0.2556281887755102,-0.49797052154195015,-0.2764194775132276,0.000244140625,6.909659674449731e-05,exact 2^15,,,,
P1B_map_P_gt_A-,"window(s=4,w=3) - normal",A-,amplification,,15,46,326,13,0,0,-0.41218081435472737,-0.5239494659781638,-0.2746833103602649,-0.507000248015873,-0.29304325209937454,0.000244140625,2.8413841775486806e-05,-0.41411042944785276,-0.5244980394009543,-0.28366727738593783,-0.5075544267053701,-0.3024146661665417,0.000244140625,1.8311096931810436e-05,-0.4161942554799697,-0.553093112244898,-0.2812722033257748,-0.532172619047619,-0.3012561413454271,0.000244140625,5.0907447002035964e-05,exact 2^15,,,,
P1B_secondary_totalH_P_self_A-,"early(s=1) - late(s=2), w=1",A-,dev9_ref,,15,46,326,15,0,0,-0.167607504567152,-0.7093594132181159,0.20562673006261137,-0.5895470633069697,0.14605668182365691,0.4354248046875,0.43732268654507445,-0.18979499133019578,-0.8005472657217249,0.22577817490842306,-0.6747100025170335,0.1634887762536243,0.43511962890625,0.43910024190500163,-0.4569741991240958,-1.4466959090920286,0.2690832100625587,-1.2680540111977614,0.18884062815044242,0.432373046875,0.3453750844592004,exact 2^15,0.5,False,,
P1B_secondary_totalH_P_self_A-,"early(s=1) - late(s=2), w=1",A-,severe_ref2,,15,46,326,14,0,0,-0.02795031055900621,-0.08487885206635205,0.05826603634339914,-0.07710346215780998,0.04607798855766332,0.6131591796875,0.47279429992526634,-0.02147239263803681,-0.07894736842105263,0.06392876712328764,-0.07191262162991051,0.051644058694108055,0.74951171875,0.5824118601765645,-0.0006739732930209148,-0.07565326593600404,0.08053453325774751,-0.06521526203073824,0.067771164021164,0.9866943359375,0.9872478322767899,exact 2^15,0.1,True,,
P1B_secondary_totalH_P_self_A-,"early(s=1) - late(s=2), w=1",A-,severe_ref3,,15,46,326,13,0,0,-0.006815044858523119,-0.05610387277951933,0.04043281201369436,-0.046361222551698736,0.031351010101010074,0.766357421875,0.7552090170780547,-0.006134969325153374,-0.057382016890213605,0.04,-0.046875,0.03069447176864051,0.88671875,0.7757599151125525,-0.02280092592592592,-0.09649636243386243,0.046083829365079335,-0.08398561507936508,0.03538442460317459,0.57080078125,0.5520175676949094,exact 2^15,0.1,True,,
P1B_secondary_totalH_P_self_A-,"early(s=1) - late(s=2), w=1",A-,severe_ref4,,15,46,326,12,0,0,0.007677708764665286,-0.06255382635510345,0.0513671875,-0.0472981222981223,0.04411607656288506,0.78076171875,0.7725650135087083,0.009202453987730062,-0.06550397308325578,0.056429364457381656,-0.04958835404706328,0.04861216649780478,0.8349609375,0.7480547157245185,-0.0150407848324515,-0.1255793926366843,0.08275476741622574,-0.10672508818342152,0.06741098985890653,0.80908203125,0.7932079945523627,exact 2^15,0.1,True,,
P1B_secondary_totalH_P_self_A-,"early(s=1) - late(s=2), w=1",A-,amplification,,15,46,326,12,0,0,0.021437198067632852,-0.03761052604802604,0.06609643683862433,-0.02756256110536002,0.05947997416020669,0.52880859375,0.4366426066431546,0.018404907975460124,-0.04,0.06214762448406076,-0.030104751688016657,0.055931991051454084,0.63671875,0.49587958410063393,0.03170115268329554,-0.020548941798941796,0.08492169784580496,-0.012528344671201808,0.07654466647770217,0.27978515625,0.2752163826485789,exact 2^15,0.1,True,,
P1B_secondary_totalH_P_self_A-,"early(s=1) - late(s=3), w=1",A-,dev9_ref,,15,46,326,15,0,0,-0.05065119382824008,-0.7668722389300848,0.5564644766516251,-0.6096188917618878,0.4533508680686907,0.87652587890625,0.8701298397579252,-0.034922325022314446,-0.8456939444034351,0.639099189010152,-0.662443918209438,0.5252536860625142,0.92474365234375,0.9196193750316926,-0.2547227364849626,-1.0471980039484423,0.5374816796575816,-0.9270546600827109,0.4182927049326635,0.57318115234375,0.5532344222592571,exact 2^15,0.5,False,,
P1B_secondary_totalH_P_self_A-,"early(s=1) - late(s=3), w=1",A-,severe_ref2,,15,46,326,13,0,0,-4.827056628805028e-18,-0.08023465203900708,0.10555770055770052,-0.06803679789555496,0.0905664682539681,1.0,1.0,0.0,-0.08222937581841991,0.10309393925384862,-0.06950732596340616,0.088168325181312,1.0,1.0,0.03719686948853615,-0.06181285824514991,0.1431382275132274,-0.04689263668430335,0.12349151234567898,0.510498046875,0.5022600257203951,exact 2^15,0.1,True,,
P1B_secondary_totalH_P_self_A-,"early(s=1) - late(s=3), w=1",A-,severe_ref3,,15,46,326,15,0,0,0.011300897170462385,-0.05801587301587302,0.09034989249764946,-0.045786523774328645,0.07490079365079365,0.74615478515625,0.7443448309997357,0.006134969325153374,-0.0641025641025641,0.08411662548787904,-0.0507264768630913,0.06870632901167247,0.929931640625,0.8605062620340995,0.04022345049130764,-0.08983749055177627,0.19258408919123204,-0.07114429799697657,0.16449735449735445,0.63983154296875,0.5963233494809708,exact 2^15,0.1,True,,
P1B_secondary_totalH_P_self_A-,"early(s=1) - late(s=3), w=1",A-,severe_ref4,,15,46,326,14,0,0,-0.005909247757073843,-0.09059572526927438,0.0658151497928353,-0.0739344503233392,0.05167781913208742,0.8829345703125,0.8691847449555428,-0.009202453987730062,-0.09398725472217127,0.058823529411764705,-0.0763067537324872,0.0457327036505659,0.87353515625,0.7945156037900055,0.007735733182161756,-0.13386597694633406,0.16382086167800453,-0.1132307020030234,0.13564696712018137,0.9185791015625,0.9234756656963721,exact 2^15,0.1,True,,
P1B_secondary_totalH_P_self_A-,"early(s=1) - late(s=3), w=1",A-,amplification,,15,46,326,13,0,0,-0.02303312629399586,-0.062349375725900116,0.01954424945265462,-0.05535943223443223,0.011164041327913233,0.261474609375,0.23730786516213115,-0.024539877300613498,-0.06713780918727916,0.017647578466015373,-0.059343923403329335,0.009036144578313253,0.30029296875,0.22178553300875067,-0.02176240866717057,-0.07835333207357016,0.03665666729654824,-0.06974237843285462,0.027179390274628377,0.481689453125,0.4886112614505139,exact 2^15,0.1,True,,
P1B_secondary_totalH_P_self_A-,"early(s=1) - late(s=4), w=1",A-,dev9_ref,,15,46,326,15,0,0,-0.19132677064286885,-0.8028759371445456,0.3902574079232989,-0.6801605927575658,0.3033659912433714,0.54510498046875,0.5028909294913928,-0.19781507067425422,-0.8657827485524417,0.4407524017414067,-0.7287121849124795,0.34634473915514735,0.5601806640625,0.5322094230085618,-0.13996545228919016,-0.8118886600664421,0.4338862925717916,-0.6910763097579327,0.35075839361897065,0.68316650390625,0.6741693010637329,exact 2^15,0.5,False,,
P1B_secondary_totalH_P_self_A-,"early(s=1) - late(s=4), w=1",A-,severe_ref2,,15,46,326,14,0,0,-0.002027260179434089,-0.07169425843253965,0.0981441172483486,-0.061130682431702825,0.08224675712578937,0.9638671875,0.962622172839293,-0.009202453987730062,-0.07925948223961468,0.08791735084838526,-0.06909381044487427,0.07369003690036892,0.890869140625,0.8318931163576336,0.049878747795414465,-0.05093777557319224,0.1560973324514991,-0.03519069664902998,0.13759038800705461,0.383544921875,0.3791641390747641,exact 2^15,0.1,True,,
P1B_secondary_totalH_P_self_A-,"early(s=1) - late(s=4), w=1",A-,severe_ref3,,15,46,326,15,0,0,-0.04101966873706005,-0.11203703703703702,0.05555686090225562,-0.10011796652421652,0.0365894383394383,0.412353515625,0.31416909258473097,-0.05214723926380368,-0.125,0.04266129735702022,-0.11286089238845144,0.02344055972584852,0.34716796875,0.20514674672107155,-0.0047855253212396075,-0.1290042753212396,0.12177201436130002,-0.11078160430839004,0.1009930083144368,0.945068359375,0.9433464860248939,exact 2^15,0.1,False,,
P1B_secondary_totalH_P_self_A-,"early(s=1) - late(s=4), w=1",A-,severe_ref4,,15,46,326,15,0,0,-0.0336007591442374,-0.13085317460317458,0.03954754013347763,-0.10989916921934466,0.027848498484274307,0.42132568359375,0.4010540371304575,-0.03987730061349693,-0.14018777804600474,0.033473303837760995,-0.11872801107867353,0.021461534911624867,0.3829345703125,0.3337642801533902,-0.03652919501133787,-0.17287332294028723,0.09337773998488283,-0.14998393801965232,0.07369460978835979,0.61444091796875,0.608034895104866,exact 2^15,0.1,False,,
P1B_secondary_totalH_P_self_A-,"early(s=1) - late(s=4), w=1",A-,amplification,,15,46,326,13,0,0,-0.040157004830917865,-0.0940862061325771,-0.010459006519274377,-0.08435416141765348,-0.014426670144425419,0.017822265625,0.05936776170988269,-0.04294478527607362,-0.10050391622919065,-0.009173891857378103,-0.0912863070539419,-0.013720952090039727,0.0361328125,0.0749918503094922,-0.08618276014109345,-0.14716311177248675,-0.027430417768959436,-0.13697089947089944,-0.03657297178130513,0.0146484375,0.015545152715911965,exact 2^15,0.1,True,,
P1B_secondary_totalH_P_self_A-,"early(s=1) - late(s=2), w=2",A-,dev9_ref,,15,46,326,15,0,0,0.00950326226176389,-0.31920996146544206,0.3364576828737549,-0.2586498434323055,0.27468790268900284,0.95458984375,0.9511750273494934,0.0034997432352705435,-0.36554149901337785,0.40113890921416967,-0.3058352610966242,0.3261088132006279,0.987060546875,0.9847798929115585,-0.0756615818024171,-0.4129124939426544,0.28401366499912833,-0.36126723965074425,0.2198173176384489,0.69110107421875,0.6903277533216168,exact 2^15,0.5,True,,
P1B_secondary_totalH_P_self_A-,"early(s=1) - late(s=2), w=2",A-,severe_ref2,,15,46,326,12,0,0,0.007548309178743964,-0.06871321784527763,0.07864169973544968,-0.056796762265512266,0.0654540254540254,0.85400390625,0.8353480227907524,0.009202453987730062,-0.07207207207207207,0.07537738294647842,-0.057826709631220906,0.06407105691911488,0.87353515625,0.7979105239069422,0.012825963718820868,-0.06373441043083901,0.08644250755857896,-0.05132275132275132,0.07519605064247911,0.74609375,0.7532276850360775,exact 2^15,0.1,True,,
P1B_secondary_totalH_P_self_A-,"early(s=1) - late(s=2), w=2",A-,severe_ref3,,15,46,326,14,0,0,-0.005909247757073842,-0.061226444600828836,0.031526707905384366,-0.04931316022343897,0.025040948886057554,0.7752685546875,0.7781658040229624,-0.009202453987730062,-0.07246376811594203,0.028340341833966356,-0.0602026836442761,0.022599579820003966,0.77734375,0.6929596663017478,-0.04296658478206098,-0.1259197648966994,0.03390510833963211,-0.11247850529100528,0.02263412540942298,0.330322265625,0.3262382175053281,exact 2^15,0.1,True,,
P1B_secondary_totalH_P_self_A-,"early(s=1) - late(s=2), w=2",A-,severe_ref4,,15,46,326,11,0,0,0.0022860593512767403,-0.06403932005494506,0.03983051728727828,-0.051528397817460325,0.03450476952076312,0.9326171875,0.928696363867323,-0.003067484662576687,-0.07425813295615276,0.037037037037037035,-0.06072874493927125,0.03140096618357488,1.0,0.9111138304994406,-0.042584719072814324,-0.13185633975812544,0.03519498771730912,-0.11652407722348197,0.02437728332073569,0.390625,0.3597230038045992,exact 2^15,0.1,True,,
P1B_secondary_totalH_P_self_A-,"early(s=1) - late(s=2), w=2",A-,amplification,,15,46,326,6,0,0,-0.018159075224292616,-0.0538478094781974,0.03188818027210884,-0.04771662763466042,0.023809523809523808,0.59375,0.38998656172063684,-0.02147239263803681,-0.05720699684101816,0.029557378960561972,-0.05120868087735557,0.02127659574468085,0.59375,0.32284585548562106,0.0064247921390778555,-0.03596962396069539,0.05291950113378685,-0.029620181405895694,0.04610733182161754,0.8125,0.7881068455595811,exact 2^15,0.1,True,,
P1B_secondary_totalH_P_self_A-,"early(s=1) - late(s=3), w=2",A-,dev9_ref,,15,46,326,15,0,0,-0.12352102873287799,-0.6829567669679287,0.2674144314158022,-0.5788978845204761,0.20559230238278464,0.589111328125,0.6012362520470537,-0.17320526634845074,-0.7825618529287158,0.270983796743285,-0.6687715637011339,0.20318616559133054,0.490478515625,0.5128987221046952,-0.29453641098636446,-0.8569050372494363,0.28802671701948096,-0.7630858301681859,0.18747432031481798,0.334228515625,0.3381469829207694,exact 2^15,0.5,False,,
P1B_secondary_totalH_P_self_A-,"early(s=1) - late(s=3), w=2",A-,severe_ref2,,15,46,326,14,0,0,0.045419254658385096,-0.06245129870129868,0.14693877551020407,-0.04032851043643263,0.1296010702260702,0.3724365234375,0.3602929625748146,0.03374233128834356,-0.07929553395108614,0.13260127003048983,-0.055922202797202794,0.11574414488017425,0.5516357421875,0.5013872236661316,0.07909344293272863,-0.04543703939909297,0.19482071995464847,-0.025220261715797436,0.17815854119425548,0.2291259765625,0.22975447416199274,exact 2^15,0.1,False,,
P1B_secondary_totalH_P_self_A-,"early(s=1) - late(s=3), w=2",A-,severe_ref3,,15,46,326,14,0,0,-0.01733954451345756,-0.08130954326174915,0.04227082887127865,-0.06749535984449777,0.030901775160418775,0.53564453125,0.5357472525102416,-0.03067484662576687,-0.097301687969558,0.025320486978956645,-0.08306886267290893,0.01454810882548105,0.33203125,0.28124281981884575,-0.021365583270345177,-0.13483733308138068,0.09526242441421007,-0.11620748299319726,0.07431799571680515,0.733154296875,0.7295783136803256,exact 2^15,0.1,True,,
P1B_secondary_totalH_P_self_A-,"early(s=1) - late(s=3), w=2",A-,severe_ref4,,15,46,326,12,0,0,-0.036663216011042096,-0.12645301006581494,0.017857142857142856,-0.10819299264421214,0.009838096304830174,0.23193359375,0.2931466032696459,-0.046012269938650305,-0.14433127515298527,0.010169491525423728,-0.12380952380952381,0.002841313778813773,0.18359375,0.2294378837645641,-0.07654084782060973,-0.20463397974930714,0.05340470679012342,-0.18563023589065256,0.031057689279415397,0.28271484375,0.27719755260511075,exact 2^15,0.1,False,,
P1B_secondary_totalH_P_self_A-,"early(s=1) - late(s=3), w=2",A-,amplification,,15,46,326,9,0,0,-0.018417874396135268,-0.06630035595990878,0.040552041997354474,-0.05717128421135897,0.03088881540270425,0.51953125,0.4764229572620511,-0.02147239263803681,-0.06185726596661453,0.03333333333333333,-0.0547715281475386,0.023809523809523808,0.48828125,0.35416580663866537,-0.038784958427815576,-0.14117087112622828,0.032115221088435356,-0.12448979591836733,0.02510393046107332,0.6328125,0.43469355231062634,exact 2^15,0.1,True,,
P1B_secondary_totalH_P_self_A-,"early(s=1) - late(s=4), w=2",A-,dev9_ref,,15,46,326,15,0,0,-0.5946171433932219,-1.251546159110612,-0.1691112175611112,-1.1130789537554366,-0.2272753735759643,0.0263671875,0.03512052377165014,-0.6977575364855101,-1.389541247557046,-0.24088484989272466,-1.247671519412768,-0.30177161528460966,0.01910400390625,0.023187524977847616,-0.8420670012286819,-1.5143075733826128,-0.20064358360218548,-1.401569632084661,-0.29398256539767487,0.03021240234375,0.02974295719321374,exact 2^15,0.5,False,,
P1B_secondary_totalH_P_self_A-,"early(s=1) - late(s=4), w=2",A-,severe_ref2,,15,46,326,14,0,0,0.024154589371980673,-0.060706730105001376,0.1282652756443079,-0.04477698071448071,0.1106369290393205,0.576904296875,0.5933856001770097,0.006134969325153374,-0.08108396858396859,0.10656010928961744,-0.06360754886780216,0.08803204690699255,0.9423828125,0.8884447763427519,0.0610048185941043,-0.05935988284202568,0.1762126795162509,-0.0391422193877551,0.15928795823885109,0.3436279296875,0.34526297255700267,exact 2^15,0.1,False,,
P1B_secondary_totalH_P_self_A-,"early(s=1) - late(s=4), w=2",A-,severe_ref3,,15,46,326,14,0,0,-0.08436853002070394,-0.1686056874672946,0.006316513347763297,-0.15175757701454565,-0.011108706108706146,0.1092529296875,0.054891604861681764,-0.10122699386503067,-0.1928290457084415,-0.012655579683279525,-0.17427576230537895,-0.02903225806451613,0.0751953125,0.028563675187396144,-0.09193200428319477,-0.22193454349332323,0.033373468600403085,-0.1999035887503149,0.01415265180146132,0.19482421875,0.19343858076297243,exact 2^15,0.1,False,,
P1B_secondary_totalH_P_self_A-,"early(s=1) - late(s=4), w=2",A-,severe_ref4,,15,46,326,13,0,0,-0.07988267770876466,-0.18411598613804495,-0.017042690732206867,-0.16194766194766191,-0.026148996338086074,0.0400390625,0.0569368875865529,-0.09202453987730061,-0.20175536936511682,-0.03157518796992487,-0.17877400807405294,-0.039839237896190434,0.02197265625,0.037258066047057205,-0.11527147896195514,-0.24510802469135803,0.007171595490047867,-0.22428256487780296,-0.013431594860166346,0.106689453125,0.10435852555149625,exact 2^15,0.1,False,,
P1B_secondary_totalH_P_self_A-,"early(s=1) - late(s=4), w=2",A-,amplification,,15,46,326,8,0,0,-0.028899240855762592,-0.06757440476190477,0.037622354497354495,-0.06293757631257632,0.02660305059523805,0.40625,0.2900909626131662,-0.03374233128834356,-0.07226621329066266,0.032611235270215325,-0.06718397320015117,0.021584678203383213,0.40625,0.2096909101356576,-0.01830357142857143,-0.06822296626984127,0.025793650793650792,-0.05967675264550264,0.020058697089947054,0.515625,0.4756825305992425,exact 2^15,0.1,True,,
P1B_secondary_totalH_P_self_A-,"early(s=1) - late(s=2), w=3",A-,dev9_ref,,15,46,326,15,0,0,-0.2698154453347854,-0.6356014009015984,0.004125954276579828,-0.5837141616036712,-0.028067194583233614,0.10308837890625,0.15131831967825998,-0.3158649745732865,-0.7124762908014692,-0.002306546581862107,-0.6624376974064518,-0.03897046550214439,0.0888671875,0.14276270254082504,-0.3830875887745433,-0.6756468416466106,-0.09702313572594136,-0.6264791155906615,-0.14298922201124423,0.0255126953125,0.024798875228627615,exact 2^15,0.5,False,,
P1B_secondary_totalH_P_self_A-,"early(s=1) - late(s=2), w=3",A-,severe_ref2,,15,46,326,13,0,0,-0.025966183574879235,-0.10262388074888076,0.03518311941501337,-0.08802778625695293,0.023809523809523808,0.42431640625,0.4304229290306947,-0.027607361963190184,-0.10476190476190476,0.02834008097165992,-0.09003291629204066,0.019230769230769232,0.429931640625,0.39493921787915864,-0.03273100907029479,-0.11574363425925924,0.0505512448034769,-0.10250070861678004,0.036111819727891147,0.475341796875,0.47165870010710853,exact 2^15,0.1,True,,
P1B_secondary_totalH_P_self_A-,"early(s=1) - late(s=2), w=3",A-,severe_ref3,,15,46,326,11,0,0,-0.019064872325741892,-0.08901655307905307,0.026515515174789357,-0.0763902295152295,0.019765811510214486,0.4658203125,0.5074125361487332,-0.024539877300613498,-0.09958621059239638,0.022884983306448562,-0.08612852664576803,0.01598173515981735,0.4287109375,0.4251486295937822,-0.060164714033761654,-0.14741043871252202,0.021718395691609885,-0.13482733371126226,0.009057697152935251,0.2080078125,0.20398742016362897,exact 2^15,0.1,True,,
P1B_secondary_totalH_P_self_A-,"early(s=1) - late(s=2), w=3",A-,severe_ref4,,15,46,326,11,0,0,-0.02600931677018633,-0.08888888888888888,0.010222342472342457,-0.07683256172839505,0.005738486050986013,0.2109375,0.2964849218486624,-0.03067484662576687,-0.0967741935483871,0.008492719366305189,-0.08530805687203792,0.003311808321049034,0.21875,0.25880957170927466,-0.0733174288233812,-0.14919597584404132,-0.005685665469891668,-0.13637487402368353,-0.016424162257495625,0.0703125,0.06958160642683126,exact 2^15,0.1,True,,
P1B_secondary_totalH_P_self_A-,"early(s=1) - late(s=2), w=3",A-,amplification,,15,46,326,6,0,0,-0.001984126984126985,-0.0328755807878707,0.051062091503267966,-0.02885493690229715,0.03990299823633157,0.90625,0.9223327612852741,-0.003067484662576687,-0.03021186085977155,0.04583333333333333,-0.02696652524593221,0.03627047467825504,1.0,0.869347188469921,-0.0012566137566137558,-0.060119047619047614,0.049543650793650695,-0.049206349206349205,0.04206349206349205,1.0,0.9660539472324987,exact 2^15,0.1,True,,
P1B_secondary_totalH_P_self_A-,"early(s=1) - late(s=3), w=3",A-,dev9_ref,,15,46,326,15,0,0,-0.5307007890174298,-1.1188372416652343,-0.14252174679472346,-1.013522024518476,-0.1991187402990574,0.01397705078125,0.04902148244283651,-0.61310423663081,-1.2190973119980888,-0.20328622709199626,-1.1167360935511552,-0.26368262378300916,0.00634765625,0.034020884838144735,-0.8002158672894107,-1.3179289502684797,-0.3310152615423664,-1.2327068512510666,-0.3966283874630053,0.0040283203125,0.008352590060254763,exact 2^15,0.5,False,,
P1B_secondary_totalH_P_self_A-,"early(s=1) - late(s=3), w=3",A-,severe_ref2,,15,46,326,13,0,0,-0.04563492063492064,-0.1253619066119066,0.057491951182988874,-0.1101994851994852,0.03643191072725385,0.35546875,0.29148710201662803,-0.05214723926380368,-0.13013769387524057,0.04324441324441323,-0.11508079250885006,0.02210558624923257,0.30078125,0.19926736703912526,-0.03507416855631141,-0.12795209750566894,0.05583664021164022,-0.11388888888888889,0.04167221749811027,0.490234375,0.480085061286347,exact 2^15,0.1,False,,
P1B_secondary_totalH_P_self_A-,"early(s=1) - late(s=3), w=3",A-,severe_ref3,,15,46,326,11,0,0,-0.07720841959972394,-0.1562257458161533,-0.03439153439153439,-0.13955153642653642,-0.04032873376623382,0.0048828125,0.017639531404953508,-0.08588957055214724,-0.168141592920354,-0.04273428232502967,-0.15141378574477166,-0.048057938961489736,0.0048828125,0.011181401848615689,-0.12188995968757872,-0.21290694286974046,-0.04165355725623583,-0.1972218285462333,-0.05241378495842782,0.0087890625,0.017290031783966126,exact 2^15,0.1,False,,
P1B_secondary_totalH_P_self_A-,"early(s=1) - late(s=3), w=3",A-,severe_ref4,,15,46,326,11,0,0,-0.07608695652173914,-0.16898347701149427,-0.025053138069557567,-0.15059875832053252,-0.03168292245673198,0.013671875,0.04127572613243961,-0.08588957055214724,-0.18440908278204896,-0.03194856293802172,-0.16506224553711243,-0.039285174794993535,0.0126953125,0.03125862468723849,-0.1393384668682288,-0.2550792076089695,-0.039028092718568934,-0.23371362433862433,-0.05267601253464353,0.0205078125,0.02834955896059452,exact 2^15,0.1,False,,
P1B_secondary_totalH_P_self_A-,"early(s=1) - late(s=3), w=3",A-,amplification,,15,46,326,7,0,0,-0.0042701863354037235,-0.046198079457008025,0.06568504594820385,-0.04121023496023496,0.053497942386831275,0.921875,0.8827139699324527,-0.006134969325153374,-0.04571559333115397,0.06113759914446124,-0.04061993807076103,0.05,0.921875,0.8239235317525557,0.010856009070294785,-0.05462018140589569,0.07012471655328797,-0.04285714285714285,0.06018565759637187,0.765625,0.7445932599823287,exact 2^15,0.1,True,,
P1B_secondary_totalH_P_self_A-,"early(s=1) - late(s=4), w=3",A-,dev9_ref,,15,46,326,15,0,0,-1.0462956604533935,-1.6485750060125022,-0.5900467390763864,-1.534639639552001,-0.6602926918955125,0.00189208984375,0.0008709427188472997,-1.1711023988331228,-1.785770514516979,-0.7018760695812758,-1.6709117039426227,-0.7761351056474141,0.0010986328125,0.00046466524846272783,-1.2420384232511765,-1.8670538682855518,-0.6656192244632473,-1.7647578469743008,-0.7431381620628724,0.00054931640625,0.0014643955234958648,exact 2^15,0.5,False,,
P1B_secondary_totalH_P_self_A-,"early(s=1) - late(s=4), w=3",A-,severe_ref2,,15,46,326,14,0,0,-0.0882936507936508,-0.17539682539682538,0.029367559523809487,-0.1597222222222222,0.004216269841269833,0.15869140625,0.07908948931981276,-0.09815950920245399,-0.1830620949294701,0.012091119316698274,-0.16847925625099539,-0.011489882435208315,0.123779296875,0.04157815544182027,-0.0891132842025699,-0.2027261078042328,0.03238372779667406,-0.18546721466364322,0.01121031746031746,0.169921875,0.17061448766153833,exact 2^15,0.1,False,,
P1B_secondary_totalH_P_self_A-,"early(s=1) - late(s=4), w=3",A-,severe_ref3,,15,46,326,12,0,0,-0.1295721187025535,-0.21943979414682538,-0.056998046502763494,-0.20131847009637188,-0.07070629833129848,0.0126953125,0.0034983201157626235,-0.1441717791411043,-0.24175824175824176,-0.07042150262277479,-0.22127719172775492,-0.08333333333333333,0.01171875,0.0023884098960498075,-0.1542595742000504,-0.2781002771478962,-0.04491142290249435,-0.2571180555555555,-0.05964891975308651,0.01708984375,0.027436624427343816,exact 2^15,0.1,False,,
P1B_secondary_totalH_P_self_A-,"early(s=1) - late(s=4), w=3",A-,severe_ref4,,15,46,326,11,0,0,-0.12927018633540371,-0.22384614876992928,-0.06696428571428571,-0.20456031192964988,-0.07719999534515665,0.001953125,0.0027498104987979536,-0.1411042944785276,-0.24103146853146853,-0.07894551519644183,-0.2195201919232307,-0.0887442193756187,0.001953125,0.001741874152963189,-0.16367000503905263,-0.27038737717309136,-0.06863607016880834,-0.2526262912572437,-0.0825531462585034,0.001953125,0.008589682030195823,exact 2^15,0.1,False,,
P1B_secondary_totalH_P_self_A-,"early(s=1) - late(s=4), w=3",A-,amplification,,15,46,326,6,0,0,-0.0010783298826777103,-0.04027926075928653,0.05244530244530243,-0.03507890529949353,0.04545755170755166,0.96875,0.9675247305707273,-0.003067484662576687,-0.041068465022080954,0.047619047619047616,-0.03591242928507626,0.041666666666666664,1.0,0.9041187460599773,0.010211167800453513,-0.015424520502645495,0.03718584656084656,-0.01111111111111111,0.03306878306878307,0.5,0.4735333133496732,exact 2^15,0.1,True,,
P1B_map_P_self_A-,"window(s=1,w=1) - normal",A-,dev9_ref,,15,46,326,15,0,0,-2.507120590398658,-3.5125262015270704,-1.635779095803831,-3.3180421402327585,-1.7981921147163988,0.0003662109375,4.373668961787249e-05,-2.6888904214629883,-3.7389667080611733,-1.8148251107760036,-3.5295025008490253,-1.9734394958757402,0.00030517578125,2.8237491539073944e-05,-2.3536444499138613,-3.4161991993425396,-1.3719171288689918,-3.247200183041096,-1.528988356145129,0.00054931640625,0.0006287990264154575,exact 2^15,,,,
P1B_map_P_self_A-,"window(s=1,w=2) - normal",A-,dev9_ref,,15,46,326,15,0,0,-3.4714375584005728,-4.62928673593074,-2.6105360519946403,-4.388609652221652,-2.771096699611796,6.103515625e-05,2.2825479303446575e-06,-3.7631876778876405,-4.998056406475533,-2.8700436561525007,-4.755002171851356,-3.021413801977274,6.103515625e-05,2.2140806786112348e-06,-3.660777440573382,-5.0571999195507065,-2.348586507853972,-4.849119587470248,-2.541805922738774,6.103515625e-05,0.00017575966903245153,exact 2^15,,,,
P1B_map_P_self_A-,"window(s=1,w=3) - normal",A-,dev9_ref,,15,46,326,15,0,0,-4.037445827598621,-5.3360433994990055,-3.1409277341014774,-5.0542186437380945,-3.283137991494135,6.103515625e-05,1.4398919450616124e-06,-4.347628886264945,-5.786523703642447,-3.3740600293478695,-5.503689481532262,-3.5203512300881536,6.103515625e-05,2.2201476722913512e-06,-4.3008002927990345,-5.7330270967957615,-2.9791243398239597,-5.47389083249936,-3.186277614512678,6.103515625e-05,3.9906692735833046e-05,exact 2^15,,,,
P1B_map_P_self_A-,"window(s=2,w=1) - normal",A-,dev9_ref,,15,46,326,15,0,0,-2.339513085831506,-3.1221245913156594,-1.5352797275333252,-2.9568624922858873,-1.7008126520951634,0.00164794921875,9.058026906978417e-06,-2.4990954301327926,-3.302506696830649,-1.6835534662034115,-3.133681286405103,-1.854946042670376,0.00177001953125,5.308124403709654e-06,-1.8966702507897655,-2.9808627746577487,-0.8325201074157339,-2.7840272416171308,-1.0001996702045666,0.00518798828125,0.004579637732697681,exact 2^15,,,,
P1B_map_P_self_A-,"window(s=2,w=2) - normal",A-,dev9_ref,,15,46,326,15,0,0,-3.480940820662336,-4.566831141500688,-2.637690549752271,-4.366198380031935,-2.7856758491938782,6.103515625e-05,1.6420476156809695e-06,-3.7666874211229118,-5.007251477912918,-2.8638924681090043,-4.763852474110694,-3.0197444202006514,6.103515625e-05,2.5426689773714153e-06,-3.5851158587709646,-4.8857426220103,-2.396678589168551,-4.681158176533126,-2.5677397620051563,6.103515625e-05,9.41256521030025e-05,exact 2^15,,,,
P1B_map_P_self_A-,"window(s=2,w=3) - normal",A-,dev9_ref,,15,46,326,15,0,0,-3.7676303822638353,-4.846330183550428,-2.913772008447202,-4.644804898642443,-3.057884674778208,6.103515625e-05,7.126328884573615e-07,-4.031763911691659,-5.240610156347881,-3.1148240258210658,-5.00499767860525,-3.2675243940372267,6.103515625e-05,1.0111619111981351e-06,-3.9177127040244915,-5.167004731808648,-2.757745435500835,-4.9466719603391125,-2.926454156745195,6.103515625e-05,2.445445120892154e-05,exact 2^15,,,,
P1B_map_P_self_A-,"window(s=3,w=1) - normal",A-,dev9_ref,,15,46,326,15,0,0,-2.4564693965704176,-3.22319819306837,-1.7524256304623742,-3.0523366434957495,-1.8804767829516869,6.103515625e-05,2.728520924732644e-06,-2.653968096440674,-3.550702410856451,-1.87691008203894,-3.3524723635078644,-2.0150786199453803,6.103515625e-05,5.5041681692276145e-06,-2.098921713428899,-2.9106666698713584,-1.401525069490136,-2.7661586979790354,-1.4941436226695317,6.103515625e-05,0.00012137058919320826,exact 2^15,,,,
P1B_map_P_self_A-,"window(s=3,w=2) - normal",A-,dev9_ref,,15,46,326,15,0,0,-3.347916529667694,-4.272645941770113,-2.5982714506881956,-4.085691714813864,-2.728413233544053,6.103515625e-05,4.42721699403109e-07,-3.5899824115391903,-4.653626378387956,-2.78621422390192,-4.4311378605360865,-2.9226157085025317,6.103515625e-05,7.184411041023883e-07,-3.3662410295870173,-4.420979277871738,-2.4092448180985953,-4.258072980443316,-2.5555532238993837,6.103515625e-05,2.038419700840979e-05,exact 2^15,,,,
P1B_map_P_self_A-,"window(s=3,w=3) - normal",A-,dev9_ref,,15,46,326,15,0,0,-3.506745038581191,-4.381981831343779,-2.7858245559247083,-4.207657120335946,-2.910357077998497,6.103515625e-05,1.5878647723852428e-07,-3.7345246496341353,-4.752540171924388,-2.9584821434903246,-4.544919254786681,-3.0869397033024515,6.103515625e-05,3.4658613863821365e-07,-3.5005844255096235,-4.54080517066486,-2.5688635495525616,-4.3530597701139655,-2.691165177208658,6.103515625e-05,1.1167454501968886e-05,exact 2^15,,,,
P1B_map_P_self_A-,"window(s=4,w=1) - normal",A-,dev9_ref,,15,46,326,15,0,0,-2.3157938197557892,-3.053565793863322,-1.710146631989068,-2.905568165961467,-1.8217750992685182,0.0003662109375,2.5727150932309456e-06,-2.4910753507887335,-3.359202644767082,-1.828117665546018,-3.1766375750323292,-1.9426170136483867,0.00042724609375,6.037754686211995e-06,-2.213678997624671,-3.1535286857892757,-1.274490825592433,-2.9934453128096954,-1.4234487101832018,0.00067138671875,0.0005346622751989929,exact 2^15,,,,
P1B_map_P_self_A-,"window(s=4,w=2) - normal",A-,dev9_ref,,15,46,326,15,0,0,-2.87682041500735,-3.6318983722603915,-2.262885720514074,-3.480383147967861,-2.3704789664360253,6.103515625e-05,3.01678896550138e-07,-3.0654301414021305,-3.9546971179792254,-2.398318639322457,-3.776446687794009,-2.5061715510209175,6.103515625e-05,7.190455498995988e-07,-2.8187104393447004,-3.7478346265082116,-1.9511582006904211,-3.6061067545488856,-2.0930246518324687,6.103515625e-05,4.173038637838015e-05,exact 2^15,,,,
P1B_map_P_self_A-,"window(s=4,w=3) - normal",A-,dev9_ref,,15,46,326,15,0,0,-2.9911501671452263,-3.830334571657495,-2.4211567997451935,-3.6582964853456756,-2.5132976905080473,6.103515625e-05,2.679658405174316e-07,-3.176526487431822,-4.144937761736625,-2.5428965358318734,-3.9515242951842717,-2.6417708001707534,6.103515625e-05,6.986881111988917e-07,-3.058761869547858,-3.993081984564042,-2.212413047604236,-3.8445166298038425,-2.33400634768721,6.103515625e-05,1.4663991785569734e-05,exact 2^15,,,,
P1B_secondary_totalH_T_gt_A-,"early(s=1) - late(s=2), w=1",A-,amplification,,15,46,326,11,0,0,0.06638198757763976,0.004179014690982776,0.12219915309873951,0.014075618052098896,0.11124191587266645,0.095703125,0.03285197946236833,0.06441717791411043,0.0,0.12381096245144582,0.010033444816053512,0.11230246950669948,0.125,0.04631671113977738,0.055442176870748296,-0.022222222222222216,0.14064625850340134,-0.009920634920634911,0.12726757369614514,0.228515625,0.21717433548136514,exact 2^15,0.1,False,,
P1B_secondary_totalH_T_gt_A-,"early(s=1) - late(s=2), w=1",A-,amp2,,15,46,326,13,0,0,0.08747412008281572,-0.0015019930644930633,0.150595238095238,0.01121370649709159,0.14208620848658438,0.1025390625,0.049076152700509856,0.08282208588957055,-0.005684281397792957,0.1490296485372079,0.007116175765376947,0.13898370525489168,0.14892578125,0.0643522137447689,0.05170697908793146,-0.04309019904258,0.14349584278155705,-0.027469765684051402,0.12864701436130008,0.314208984375,0.31512981220134795,exact 2^15,0.1,False,,
P1B_secondary_totalH_T_gt_A-,"early(s=1) - late(s=2), w=1",A-,amp4,,15,46,326,12,0,0,0.07116977225672878,0.007191574546485262,0.12405855429292927,0.01800107638522273,0.11403595499046176,0.06640625,0.022277198443619264,0.0736196319018405,0.009477555217741216,0.13059785531800455,0.020158972932888396,0.11922187909414185,0.0732421875,0.021587989396405997,0.07339380196523054,-0.009119425547996973,0.1597694633408919,0.003730631141345427,0.14303902116402115,0.1142578125,0.11356557616574264,exact 2^15,0.1,False,,
P1B_secondary_totalH_T_gt_A-,"early(s=1) - late(s=2), w=1",A-,fde5,,15,46,326,15,0,0,0.4090019303443892,-0.019176503655571164,0.8113925330302739,0.07201768608412878,0.7288435756802814,0.0970458984375,0.04114378622600112,0.40356817582216387,-0.044126389384171134,0.8206739070929041,0.05550907620501346,0.7399537090888879,0.1029052734375,0.049975671982455463,0.42608891535347715,-0.1739616383113406,1.0421544297321945,-0.08748909207566927,0.9444332613771373,0.20989990234375,0.20561603444662316,exact 2^15,0.5,False,,
P1B_secondary_totalH_T_gt_A-,"early(s=1) - late(s=3), w=1",A-,amplification,,15,46,326,13,0,0,0.07983954451345757,-0.0035209041257428363,0.1481151871980676,0.00816226597476598,0.1377379738510161,0.11767578125,0.060675033282385084,0.0736196319018405,-0.011500151683688942,0.1479307692307692,0.0,0.13654814379469093,0.18310546875,0.09640001952391872,0.07674792139077853,-0.01985544217687074,0.18600977891156456,-0.005596655328798184,0.16740032123960685,0.186279296875,0.18252719855870114,exact 2^15,0.1,False,,
P1B_secondary_totalH_T_gt_A-,"early(s=1) - late(s=3), w=1",A-,amp2,,15,46,326,14,0,0,0.09131297446514836,-0.006836970899470896,0.16386338784436608,0.008114950525664813,0.15331187895212278,0.12939453125,0.06094443061204882,0.08282208588957055,-0.012106904395039988,0.1584908379098472,0.0,0.14731176382883548,0.18359375,0.08711683477223495,0.06060720584530107,-0.04704640652557318,0.1716539115646258,-0.030149754346182916,0.15331065759637186,0.3128662109375,0.3125477180565945,exact 2^15,0.1,False,,
P1B_secondary_totalH_T_gt_A-,"early(s=1) - late(s=3), w=1",A-,amp4,,15,46,326,11,0,0,0.07173050379572118,-0.0016844035594035527,0.12679721556686965,0.008852052602052605,0.1186257707727337,0.111328125,0.04287941835646368,0.0705521472392638,-0.003788601665510062,0.1288148698235191,0.008193389310942293,0.11966025108169744,0.140625,0.04878585667149199,0.06495653817082389,-0.023734174225245652,0.17070271164021159,-0.012303949357520785,0.15073790627362055,0.2548828125,0.2293003340567273,exact 2^15,0.1,False,,
P1B_secondary_totalH_T_gt_A-,"early(s=1) - late(s=3), w=1",A-,fde5,,15,46,326,15,0,0,0.3626027791249386,-0.0630630763193574,0.7467783567331615,0.0150288450920706,0.6619819594034004,0.13531494140625,0.05917696243650146,0.3432984577458738,-0.09760733311652946,0.766760372851886,-0.017054897542393376,0.6739968833113149,0.15887451171875,0.08541519362985744,0.30678032103907615,-0.4670913709667059,1.232994722113323,-0.36481770490153914,1.0716919084967096,0.57305908203125,0.5077158076417605,exact 2^15,0.5,False,,
P1B_secondary_totalH_T_gt_A-,"early(s=1) - late(s=4), w=1",A-,amplification,,15,46,326,11,0,0,0.07242063492063493,0.0037153055666711093,0.14856150793650794,0.01598023889690556,0.13382022411493955,0.080078125,0.047722652425714586,0.06748466257668712,0.002231121281464583,0.14634401469537703,0.012658227848101266,0.1314125135427952,0.099609375,0.06334207305066422,0.0824829931972789,-0.022885015117157972,0.19379417044595615,-0.007332294028722594,0.17698459939531366,0.189453125,0.18277946983050292,exact 2^15,0.1,False,,
P1B_secondary_totalH_T_gt_A-,"early(s=1) - late(s=4), w=1",A-,amp2,,15,46,326,13,0,0,0.09105417529330573,0.009060719373219376,0.17132252326217834,0.023351199454140634,0.15559315677450264,0.069091796875,0.03175099818727384,0.08282208588957055,0.004784119389382548,0.1654941473163304,0.01886496717336015,0.1486895417507662,0.091064453125,0.0446457105515383,0.09094860166288739,-0.029937641723355994,0.2178639928193499,-0.01065145502645502,0.19471891534391533,0.185302734375,0.18189632051629542,exact 2^15,0.1,False,,
P1B_secondary_totalH_T_gt_A-,"early(s=1) - late(s=4), w=1",A-,amp4,,15,46,326,11,0,0,0.05844547964113181,-0.0024817088293650745,0.12475653108465604,0.007385017085537924,0.11035959150750436,0.115234375,0.06584945617208302,0.05521472392638037,-0.0039373969064143656,0.12727487135506,0.006024096385542169,0.1106877271062787,0.13671875,0.08453768995098172,0.0667233560090703,-0.03056665721844293,0.17804870559334834,-0.016667139077853364,0.1596404950869236,0.2744140625,0.25157300211073974,exact 2^15,0.1,False,,
P1B_secondary_totalH_T_gt_A-,"early(s=1) - late(s=4), w=1",A-,fde5,,15,46,326,15,0,0,-0.09640788533089274,-0.6044399093297178,0.3660819061904483,-0.49271541173643335,0.280362501195549,0.65789794921875,0.6612243809814375,-0.15302483011618942,-0.6753426575469905,0.3679795957706658,-0.568534879302241,0.26619461734253486,0.53021240234375,0.5288065645812496,-0.19576187966375086,-1.1652207822478962,0.7525023515966333,-0.9890086798550994,0.5957143166762647,0.7015380859375,0.7071870676964329,exact 2^15,0.5,True,,
P1B_secondary_totalH_T_gt_A-,"early(s=1) - late(s=2), w=2",A-,amplification,,15,46,326,13,0,0,0.06586438923395445,0.0011260814385814376,0.11727140536994364,0.010360549943883274,0.10923450845325845,0.092529296875,0.0431525051777415,0.05828220858895705,-0.009619299674267098,0.1125872030184526,0.0,0.10376012981807868,0.209228515625,0.07763283019412101,0.06776738473167045,-0.02032868008314437,0.17425772392290234,-0.00786139455782313,0.15613732993197277,0.227783203125,0.20915111545561002,exact 2^15,0.1,False,,
P1B_secondary_totalH_T_gt_A-,"early(s=1) - late(s=2), w=2",A-,amp2,,15,46,326,12,0,0,0.07030710835058661,0.006392828999211976,0.12560799068445344,0.016534391534391533,0.11631280788177335,0.0673828125,0.036561767454634644,0.06134969325153374,-0.004699416008244585,0.11965811965811966,0.005073591306787748,0.11052631578947368,0.173828125,0.07254525251268203,0.0817003653313177,-0.003395376669186196,0.18536048910304861,0.00857229465860418,0.1677043965734442,0.1240234375,0.12746067736700006,exact 2^15,0.1,False,,
P1B_secondary_totalH_T_gt_A-,"early(s=1) - late(s=2), w=2",A-,amp4,,15,46,326,12,0,0,0.06689958592132504,0.0030772441160372204,0.11879340277777778,0.013437883280343897,0.10927803184281837,0.10205078125,0.03352662883679244,0.06134969325153374,-0.004291845493562232,0.11549317179673788,0.007323343323343326,0.10576923076923077,0.1630859375,0.05267096709536311,0.0717994142101285,-0.009814519557823129,0.17446458097127734,-0.000428595049130761,0.15688397581254715,0.1875,0.17445735522240902,exact 2^15,0.1,False,,
P1B_secondary_totalH_T_gt_A-,"early(s=1) - late(s=2), w=2",A-,fde5,,15,46,326,15,0,0,0.18484522960176947,-0.16965138800613772,0.5004555031271553,-0.11483170959231684,0.435108178796442,0.38140869140625,0.27020216103047157,0.17088234237273006,-0.20096466216089934,0.5042427867415225,-0.14210451034833385,0.4316322612435126,0.4180908203125,0.3225189112205521,0.2300578648070956,-0.28979836653608215,0.9170135254161041,-0.23021476574864144,0.7877877978692301,0.59918212890625,0.487998522877505,exact 2^15,0.5,True,,
P1B_secondary_totalH_T_gt_A-,"early(s=1) - late(s=3), w=2",A-,amplification,,15,46,326,14,0,0,0.019409937888198756,-0.04670374597834647,0.06786747685185185,-0.033362589634237334,0.05848740379990379,0.4964599609375,0.46101679084733094,0.012269938650306749,-0.06358512874408828,0.06451612903225806,-0.048390649424470654,0.0551195576655859,0.7662353515625,0.676411168341999,0.006365740740740739,-0.09537326388888887,0.1098065476190476,-0.07847304894179892,0.09251405423280416,0.9056396484375,0.9073162509841848,exact 2^15,0.1,True,,
P1B_secondary_totalH_T_gt_A-,"early(s=1) - late(s=3), w=2",A-,amp2,,15,46,326,13,0,0,0.026785714285714288,-0.0273068428760393,0.08609729308390021,-0.01633486594424094,0.07513029611243895,0.333984375,0.31462957709386935,0.02147239263803681,-0.03930192335999215,0.08154544486043891,-0.02647156213478769,0.0700046728971962,0.517333984375,0.4382955110954341,0.029315476190476187,-0.0640707671957672,0.11613921957671955,-0.04722470238095238,0.10385251322751322,0.55615234375,0.5534412446208625,exact 2^15,0.1,True,,
P1B_secondary_totalH_T_gt_A-,"early(s=1) - late(s=3), w=2",A-,amp4,,15,46,326,13,0,0,0.016002415458937196,-0.04910962301587301,0.06705197070153147,-0.03531902673350042,0.058134470606118704,0.56787109375,0.5445359247669619,0.009202453987730062,-0.06563706563706563,0.06349206349206349,-0.04912280701754386,0.05398111179361174,0.8369140625,0.7524331304996734,0.007705026455026457,-0.09447916666666667,0.11180720899470897,-0.07659226190476189,0.09358630952380947,0.890380859375,0.8880758056586361,exact 2^15,0.1,True,,
P1B_secondary_totalH_T_gt_A-,"early(s=1) - late(s=3), w=2",A-,fde5,,15,46,326,15,0,0,-0.3822595403537162,-0.7574082049065077,0.08081593812835859,-0.6986667097027652,0.0006879744339075231,0.15740966796875,0.08709734811339359,-0.41979258600967406,-0.8548973292078411,0.07880805013162206,-0.7813659353329445,-0.0036516541429886143,0.14501953125,0.0859141956847933,-0.3797241956156486,-1.0921119693498502,0.44556626911522956,-0.9871428545114651,0.29722847484610015,0.394287109375,0.37222859257034135,exact 2^15,0.5,False,,
P1B_secondary_totalH_T_gt_A-,"early(s=1) - late(s=4), w=2",A-,amplification,,15,46,326,12,0,0,0.027864044168391992,-0.03649162331227549,0.10675285218253958,-0.024368002409297054,0.09052413087017601,0.4111328125,0.41224351917035273,0.024539877300613498,-0.04166956824512534,0.1042508167508167,-0.029411764705882353,0.08746537900874632,0.52587890625,0.47523451644811554,0.046690759637188224,-0.048811885865457295,0.16035838293650784,-0.03505928760393046,0.13809075018896444,0.44970703125,0.4048275335972219,exact 2^15,0.1,True,,
P1B_secondary_totalH_T_gt_A-,"early(s=1) - late(s=4), w=2",A-,amp2,,15,46,326,13,0,0,0.05210489993098687,-0.01704073295985062,0.1418721655328797,-0.004722316704459567,0.12316880341880342,0.16796875,0.1693868921738141,0.049079754601226995,-0.021804066787501946,0.1371703106021169,-0.007142857142857143,0.11872288812785385,0.21630859375,0.18902112733245754,0.07677390400604686,-0.02799585459183673,0.1864802414021164,-0.011643046107331823,0.16986866969009823,0.205322265625,0.19934552721175883,exact 2^15,0.1,False,,
P1B_secondary_totalH_T_gt_A-,"early(s=1) - late(s=4), w=2",A-,amp4,,15,46,326,10,0,0,0.007850241545893713,-0.047093901846452874,0.07883101851851852,-0.037323204901329905,0.06489448051948045,0.798828125,0.7931607899204027,0.006134969325153374,-0.050003481894150416,0.07829697691083762,-0.040541911079436437,0.06425321652276948,0.91796875,0.840049466510462,0.03478363567649281,-0.05748381991685564,0.14156604308390014,-0.04332057823129252,0.12209278155706724,0.5859375,0.5243236488538228,exact 2^15,0.1,True,,
P1B_secondary_totalH_T_gt_A-,"early(s=1) - late(s=4), w=2",A-,fde5,,15,46,326,15,0,0,-0.559981900597396,-0.9657916395348762,-0.04105552793156561,-0.903321449527568,-0.13126066748318094,0.07073974609375,0.02635897786911113,-0.6140123112505856,-1.0539150735269305,-0.0555221618362567,-0.9878085892914599,-0.16092154862165378,0.06439208984375,0.02366714636917172,-0.48294122780647786,-1.195845494494013,0.34342555224891386,-1.0879121912424703,0.19975200948612556,0.25726318359375,0.2528147745511185,exact 2^15,0.5,False,,
P1B_secondary_totalH_T_gt_A-,"early(s=1) - late(s=2), w=3",A-,amplification,,15,46,326,9,0,0,-0.012465493443754312,-0.06369191628264208,0.027685657596371847,-0.053251987106153774,0.021062797355900796,0.55078125,0.5641564281462084,-0.012269938650306749,-0.06435696681256109,0.027865940426513823,-0.05365853658536585,0.021074009408797695,0.66796875,0.5763411483940962,-0.02792186318972033,-0.0734126984126984,0.01232756991685563,-0.0651360544217687,0.006597222222222222,0.2421875,0.2324293509889607,exact 2^15,0.1,True,,
P1B_secondary_totalH_T_gt_A-,"early(s=1) - late(s=2), w=3",A-,amp2,,15,46,326,11,0,0,-0.009014837819185644,-0.06454356985017362,0.044624770543137855,-0.0548423772609819,0.03670895989974934,0.7333984375,0.7392914022969337,-0.009202453987730062,-0.0671153460883502,0.04504596809924677,-0.056606446095462074,0.03682858753680281,0.82421875,0.7432949694019588,-0.01883582136558327,-0.0741434200995213,0.034059153754094205,-0.0646261652809272,0.02529458774250437,0.521484375,0.5171195398650366,exact 2^15,0.1,True,,
P1B_secondary_totalH_T_gt_A-,"early(s=1) - late(s=2), w=3",A-,amp4,,15,46,326,8,0,0,-0.011645962732919254,-0.06840933402346447,0.03051476779925055,-0.05687991998967609,0.02348675425764142,0.6015625,0.6222230265447755,-0.012269938650306749,-0.07009345794392523,0.02924047924689772,-0.0583671788463177,0.022222222222222223,0.6875,0.6070774744340793,-0.03369472789115646,-0.07848987859032502,0.007842734315948589,-0.07107898715041573,0.002317176870748298,0.171875,0.1669270950705361,exact 2^15,0.1,True,,
P1B_secondary_totalH_T_gt_A-,"early(s=1) - late(s=2), w=3",A-,fde5,,15,46,326,15,0,0,-0.41374413213186007,-0.7011629670140254,-0.01239024995613172,-0.664969232953277,-0.06778106757636107,0.0802001953125,0.046271355311184786,-0.44907225655775823,-0.7241396712962895,-0.06838312820901248,-0.6902887105759101,-0.12247471119126717,0.04193115234375,0.02547407367266557,-0.3483925358944846,-0.556882068693916,-0.11601238745048598,-0.5283899437184427,-0.15737369516881797,0.01373291015625,0.01072214478750084,exact 2^15,0.5,False,,
P1B_secondary_totalH_T_gt_A-,"early(s=1) - late(s=3), w=3",A-,amplification,,15,46,326,9,0,0,-0.021048999309868876,-0.05828409488795519,0.023707897793263644,-0.052857843137254897,0.017022357723577224,0.48828125,0.35172644530301955,-0.02147239263803681,-0.06036925672752444,0.019012312149194265,-0.05383102404841535,0.012578616352201259,0.4296875,0.2997822413717238,-0.031779100529100525,-0.08733713624338625,0.012566964285714273,-0.07662037037037035,0.0071097883597883585,0.26953125,0.2496719375727051,exact 2^15,0.1,True,,
P1B_secondary_totalH_T_gt_A-,"early(s=1) - late(s=3), w=3",A-,amp2,,15,46,326,13,0,0,-0.006858178053830229,-0.05448747680890538,0.05070025998905305,-0.04741599631305514,0.04308496315192741,0.8310546875,0.8106466868242139,-0.006134969325153374,-0.05555555555555555,0.04932873830482199,-0.047961630695443645,0.0409380692167577,0.912109375,0.8228627034996079,-0.013594419249181151,-0.07045260928445451,0.04100804673721336,-0.06101505416981608,0.032760534769463334,0.64990234375,0.653708607047542,exact 2^15,0.1,True,,
P1B_secondary_totalH_T_gt_A-,"early(s=1) - late(s=3), w=3",A-,amp4,,15,46,326,10,0,0,-0.029287439613526572,-0.06507952771272443,0.011032807308970083,-0.059201699463327366,0.004960317460317458,0.25,0.15929424338436207,-0.03067484662576687,-0.07017543859649122,0.005208673302872058,-0.06129032258064516,0.0,0.212890625,0.11447934982083804,-0.040924981103552534,-0.09585848922902493,0.0015358087679516188,-0.08495370370370368,-0.0042642195767196005,0.123046875,0.13555751831524954,exact 2^15,0.1,True,,
P1B_secondary_totalH_T_gt_A-,"early(s=1) - late(s=3), w=3",A-,fde5,,15,46,326,15,0,0,-0.6282577694462143,-1.045138274939474,-0.08782220762552653,-0.9863646234666277,-0.1508072065076847,0.0423583984375,0.03374966908647445,-0.6769484587149774,-1.0678207128054258,-0.1683028719267901,-1.0148325972955599,-0.2317032868001772,0.0234375,0.015479020501002999,-0.569852867103317,-1.0479016430909756,-0.15384944138759465,-0.9650564188899667,-0.20851021908854248,0.02301025390625,0.02994902582936948,exact 2^15,0.5,False,,
P1B_secondary_totalH_T_gt_A-,"early(s=1) - late(s=4), w=3",A-,amplification,,15,46,326,11,0,0,-0.02669944789510007,-0.08387457160894661,0.04449453286749481,-0.07554268292682928,0.03378561191061188,0.517578125,0.4520185084991629,-0.024539877300613498,-0.08313687401440988,0.04573454643930389,-0.0750042662116041,0.03524488209380665,0.572265625,0.49170943741910533,-0.03401596749811035,-0.08912704317838246,0.023101615646258455,-0.07944349962207105,0.013657053099017318,0.251953125,0.26566472508631256,exact 2^15,0.1,True,,
P1B_secondary_totalH_T_gt_A-,"early(s=1) - late(s=4), w=3",A-,amp2,,15,46,326,12,0,0,0.010136300897170466,-0.06095298327664399,0.10526310350529094,-0.051715056146572104,0.09050609238991289,0.828125,0.8229837681523993,0.012269938650306749,-0.05866713615023474,0.10309393925384862,-0.04955141091504728,0.08888888888888889,0.841796875,0.7798590949616595,0.010844198790627353,-0.055462313397581245,0.08191716269841261,-0.04550276360544217,0.07002019557823128,0.77587890625,0.7688047043999935,exact 2^15,0.1,True,,
P1B_secondary_totalH_T_gt_A-,"early(s=1) - late(s=4), w=3",A-,amp4,,15,46,326,10,0,0,-0.03756901311249137,-0.08776610644257703,0.023851098265160766,-0.08134920634920634,0.015716947348044904,0.3671875,0.2409640364704483,-0.03680981595092025,-0.08778625954198473,0.023880851714125614,-0.08108108108108109,0.014925373134328358,0.384765625,0.24441188318534365,-0.0417068216175359,-0.09272610780423281,0.007259247448979583,-0.08344671201814058,-0.00047099395313690036,0.14453125,0.13676996629279245,exact 2^15,0.1,True,,
P1B_secondary_totalH_T_gt_A-,"early(s=1) - late(s=4), w=3",A-,fde5,,15,46,326,15,0,0,-1.0516329687746897,-1.5964676025353401,-0.36120615524027705,-1.5230175181482226,-0.44627486208911027,0.0059814453125,0.008584464807719476,-1.1356845798870803,-1.688654398911058,-0.4393231584549975,-1.6155124604447197,-0.5293343240213102,0.00469970703125,0.005379376657257936,-1.052511946097044,-1.713551445161923,-0.4488265628817346,-1.6086762142930593,-0.5346724104152322,0.0047607421875,0.007008205195356242,exact 2^15,0.5,False,,
P1B_map_T_gt_A-,"window(s=1,w=1) - normal",A-,amplification,,15,46,326,13,0,0,-0.16981538992408557,-0.23034340997380862,-0.09086588541666674,-0.21929493268778982,-0.10614831349206352,0.0068359375,8.980300649635481e-05,-0.17484662576687116,-0.2349807135969142,-0.1,-0.22336952548073408,-0.11413043478260869,0.006103515625,4.331477276786701e-05,-0.16656509826152682,-0.26798829601284957,-0.061819727891156466,-0.2520788454270597,-0.07817294973544975,0.009765625,0.007820610670579271,exact 2^15,,,,
P1B_map_T_gt_A-,"window(s=1,w=2) - normal",A-,amplification,,15,46,326,13,0,0,-0.2462042788129745,-0.32762960967432947,-0.14292550401386608,-0.31500032408607725,-0.15912402904424183,0.00146484375,0.00011732569375447831,-0.25153374233128833,-0.33695802306029304,-0.14828750126181905,-0.323724611457106,-0.16499915824915826,0.00146484375,0.00012294725071673685,-0.2466718631897203,-0.3568962585034013,-0.1365736607142857,-0.3390228174603175,-0.153171060090703,0.0009765625,0.0009099899375054296,exact 2^15,,,,
P1B_map_T_gt_A-,"window(s=1,w=3) - normal",A-,amplification,,15,46,326,13,0,0,-0.3504140786749483,-0.46296353311439525,-0.2138646620264267,-0.44813157850204755,-0.23322813944699328,0.000244140625,0.00014291953061722654,-0.3496932515337423,-0.4638807924524167,-0.21612650331572444,-0.4487197244122452,-0.23509875682583944,0.000244140625,0.00014501597760308902,-0.37665343915343913,-0.5105886243386243,-0.24609623015873017,-0.48955687830687833,-0.26573743386243387,0.000244140625,8.967544910114188e-05,exact 2^15,,,,
P1B_map_T_gt_A-,"window(s=2,w=1) - normal",A-,amplification,,15,46,326,13,0,0,-0.23619737750172534,-0.30217549013576145,-0.14991167153996104,-0.291407867494824,-0.16521078682369006,0.001708984375,2.0425535227274253e-05,-0.2392638036809816,-0.30526315789473685,-0.1556599185081859,-0.2949852507374631,-0.16964172694394217,0.00146484375,1.813240387085589e-05,-0.22200727513227514,-0.3155452215608466,-0.1241881613756614,-0.30117724867724865,-0.14073412698412707,0.001220703125,0.0005353261736443438,exact 2^15,,,,
P1B_map_T_gt_A-,"window(s=2,w=2) - normal",A-,amplification,,15,46,326,12,0,0,-0.31206866804692895,-0.4178955853174603,-0.1786669449283779,-0.40457889332889335,-0.19739677352422452,0.0009765625,0.00029653431713050273,-0.3098159509202454,-0.4163572080593737,-0.17813206328705206,-0.4028268551236749,-0.19762727509408062,0.0009765625,0.0003043032439634641,-0.31443924792139083,-0.4402356741307634,-0.18539280990173848,-0.42093785430839,-0.20555590986394562,0.0009765625,0.00036355165360042627,exact 2^15,,,,
P1B_map_T_gt_A-,"window(s=2,w=3) - normal",A-,amplification,,15,46,326,13,0,0,-0.3379485852311939,-0.4292983496889747,-0.2208614417989418,-0.417917863460959,-0.2365878801734066,0.000244140625,3.501500461872316e-05,-0.3374233128834356,-0.43071570962564076,-0.2255315992171223,-0.41852282515073214,-0.24043620646979305,0.000244140625,2.8966767081637115e-05,-0.34873157596371873,-0.46855790580120943,-0.22459791902872267,-0.4508420729402872,-0.2460469812925171,0.000244140625,9.006724861521799e-05,exact 2^15,,,,
P1B_map_T_gt_A-,"window(s=3,w=1) - normal",A-,amplification,,15,46,326,13,0,0,-0.24965493443754316,-0.3259524976657329,-0.1523936751464289,-0.315216840053742,-0.16628292342578058,0.0009765625,0.00010103155021028081,-0.24846625766871167,-0.327958064516129,-0.15012404580152677,-0.3170757489815913,-0.1643835616438356,0.0009765625,0.0001495697723884438,-0.24331301965230534,-0.3503499385865458,-0.13422518660241875,-0.3325544453892668,-0.15251806972789123,0.00146484375,0.0007483813898263515,exact 2^15,,,,
P1B_map_T_gt_A-,"window(s=3,w=2) - normal",A-,amplification,,15,46,326,13,0,0,-0.26561421670117324,-0.3484380802262833,-0.14887240783410144,-0.3364097823472823,-0.16881145713382556,0.002197265625,0.00014767810306604712,-0.26380368098159507,-0.34685104881000406,-0.15293996110841032,-0.3360667027954658,-0.171050185873606,0.001953125,0.00014956639322155114,-0.25303760393046104,-0.36918060279667425,-0.1319733796296297,-0.3509599395313681,-0.15082175925925925,0.002197265625,0.0013496565161090024,exact 2^15,,,,
P1B_map_T_gt_A-,"window(s=3,w=3) - normal",A-,amplification,,15,46,326,13,0,0,-0.3293650793650793,-0.4284661789243999,-0.21304515796703294,-0.41250711276752944,-0.23079838564213573,0.000244140625,3.5375381683496365e-05,-0.3282208588957055,-0.43,-0.21163966278074162,-0.4137099597409417,-0.22955903373356204,0.000244140625,4.777198284597779e-05,-0.3448743386243386,-0.4715649801587301,-0.21818617724867728,-0.45046626984126975,-0.2383912037037037,0.000244140625,0.00014470850898040937,exact 2^15,,,,
P1B_map_T_gt_A-,"window(s=4,w=1) - normal",A-,amplification,,15,46,326,13,0,0,-0.24223602484472048,-0.3042041292041292,-0.17346865470326062,-0.2931640625,-0.1847435078756918,0.000732421875,2.2917886936374115e-06,-0.24233128834355827,-0.30864197530864196,-0.1752123142250531,-0.29605263157894735,-0.18604651162790697,0.000732421875,2.7541370298991936e-06,-0.24904809145880574,-0.350322479686319,-0.1477151242441421,-0.33452168367346935,-0.16240528155706727,0.000732421875,0.00041831504639296835,exact 2^15,,,,
P1B_map_T_gt_A-,"window(s=4,w=2) - normal",A-,amplification,,15,46,326,13,0,0,-0.2740683229813664,-0.33980327964519136,-0.19953168767507,-0.3283936669906058,-0.2114165427743014,0.000244140625,1.5753820148561171e-06,-0.27607361963190186,-0.3461572438162544,-0.2037037037037037,-0.3333333333333333,-0.21518795550441125,0.000244140625,1.6755194144055348e-06,-0.2933626228269085,-0.39574345710506426,-0.19282324735449735,-0.37850954270597126,-0.2079348544973545,0.000244140625,8.076071002017825e-05,exact 2^15,,,,
P1B_map_T_gt_A-,"window(s=4,w=3) - normal",A-,amplification,,15,46,326,13,0,0,-0.32371463077984813,-0.3994213219708173,-0.23182283666154635,-0.3875133556486015,-0.24655820105820106,0.000244140625,2.47126445815405e-06,-0.32515337423312884,-0.40221506256415945,-0.2382510386705018,-0.39047900817131587,-0.2518466718466719,0.000244140625,1.9021185147064433e-06,-0.34263747165532876,-0.46151029856386994,-0.22553465136054424,-0.44285714285714284,-0.2437495275888133,0.000244140625,7.935322566770258e-05,exact 2^15,,,,
P1B_secondary_totalH_T_self_A-,"early(s=1) - late(s=2), w=1",A-,dev9_ref,,15,46,326,15,0,0,0.048364760866426625,-0.49519424697452663,0.5589240078708402,-0.4007898947836383,0.4727379135126452,0.85455322265625,0.8534518907653819,0.02697079830883013,-0.6137045798953553,0.6552964151709364,-0.5070513378841343,0.5477194461564275,0.93585205078125,0.9326280504558048,0.1345827880382797,-0.4873427259630367,0.7623401353562672,-0.387956168637082,0.6534912219945299,0.69525146484375,0.6917966800841164,exact 2^15,0.5,True,,
P1B_secondary_totalH_T_self_A-,"early(s=1) - late(s=2), w=1",A-,severe_ref2,,15,46,326,12,0,0,0.014751552795031053,-0.02540742923185534,0.06515442617838366,-0.016865079365079364,0.054539326414326385,0.45849609375,0.47071711866976096,0.012269938650306749,-0.025479062203550618,0.06372549019607843,-0.017910982720804578,0.05294312426957535,0.6298828125,0.5443809304989882,0.01633440413202318,-0.049439444759385234,0.07984374999999994,-0.03826215671453768,0.07021880511463838,0.6416015625,0.6417605708197741,exact 2^15,0.1,True,,
P1B_secondary_totalH_T_self_A-,"early(s=1) - late(s=2), w=1",A-,severe_ref3,,15,46,326,12,0,0,0.0480503795721187,0.014982472874207156,0.07416367735516671,0.021825396825396824,0.06916765360321561,0.037109375,0.0030450319610276473,0.049079754601226995,0.016574585635359115,0.07749149003117937,0.0231191640729213,0.07200110803324097,0.046875,0.0033113918159191516,0.034508849836230794,-0.011729083994708995,0.08149421689972283,-0.004135605631141345,0.07372212773998484,0.1884765625,0.1854455848718252,exact 2^15,0.1,True,,
P1B_secondary_totalH_T_self_A-,"early(s=1) - late(s=2), w=1",A-,severe_ref4,,15,46,326,10,0,0,0.013069358178053827,-0.02429056491556492,0.04084360827664393,-0.016555298000610504,0.03586691086691086,0.41796875,0.38771667067247273,0.012269938650306749,-0.028305240096575156,0.042453600937230225,-0.020004016064257026,0.03715285370653836,0.59765625,0.4574154173267102,0.0061358339632149135,-0.047215785619803476,0.054875873960695376,-0.037663847946586046,0.047056878306878235,0.82421875,0.822593298058689,exact 2^15,0.1,True,,
P1B_secondary_totalH_T_self_A-,"early(s=1) - late(s=2), w=1",A-,amplification,,15,46,326,9,0,0,0.008152173913043473,-0.03331839106277948,0.05226370851370851,-0.025901870715700503,0.04514061923218897,0.7265625,0.7061615247639219,0.009202453987730062,-0.03268050210738501,0.051793904296421216,-0.025423728813559324,0.04481841012266975,0.80078125,0.6656342782026679,-0.001401486520534138,-0.06371307319223986,0.05577286470143614,-0.0516101347946586,0.04730442176870739,0.96484375,0.9648667401015669,exact 2^15,0.1,True,,
P1B_secondary_totalH_T_self_A-,"early(s=1) - late(s=3), w=1",A-,dev9_ref,,15,46,326,15,0,0,0.3691464646535536,-0.39232426620102695,1.2438712085543122,-0.24747623489205295,1.0590220452318264,0.39984130859375,0.32934627447061804,0.40013839665550877,-0.4584844378748506,1.4971730011775037,-0.306782883197256,1.252346204265768,0.47509765625,0.3784857602060677,0.3775686593964026,-0.3298609833614736,1.1712489090054519,-0.2200948100589249,1.0212916180018348,0.4068603515625,0.3495459379775099,exact 2^15,0.5,False,,
P1B_secondary_totalH_T_self_A-,"early(s=1) - late(s=3), w=1",A-,severe_ref2,,15,46,326,12,0,0,0.024111456176673568,-0.0486142908017908,0.07891425414862915,-0.03337838793347268,0.06972928060112932,0.474609375,0.4303786158430378,0.018404907975460124,-0.05217770475227502,0.07186493439114539,-0.037138979705138485,0.06271841289841469,0.6474609375,0.5322896735351519,0.04213041698160746,-0.0456740126606198,0.1351658753779289,-0.03201105442176872,0.11956164178634412,0.41552734375,0.3920757055822768,exact 2^15,0.1,True,,
P1B_secondary_totalH_T_self_A-,"early(s=1) - late(s=3), w=1",A-,severe_ref3,,15,46,326,13,0,0,0.06840924775707384,0.003260228333757746,0.1346195949644225,0.01586700336700337,0.12124261083743834,0.071533203125,0.034658081939648505,0.06134969325153374,0.002991625444762651,0.127194976076555,0.014034267912772586,0.11406971699798402,0.08544921875,0.044171162980022216,0.10019526329050138,-0.003972584404132024,0.21819373582766433,0.010879472159234068,0.20035194633408915,0.119140625,0.1154653396400618,exact 2^15,0.1,False,,
P1B_secondary_totalH_T_self_A-,"early(s=1) - late(s=3), w=1",A-,severe_ref4,,15,46,326,11,0,0,0.03316942719116632,-0.03797418272864702,0.08631060213940647,-0.023103269085411944,0.0758348506069094,0.3193359375,0.25063914961781936,0.027607361963190184,-0.040698332105650846,0.07619187264348554,-0.026062889868216556,0.0670752168931085,0.4208984375,0.30912680551842464,0.03833065633660871,-0.05393896447467876,0.15082860922146626,-0.04109268707482994,0.12943090199042573,0.5771484375,0.4898846166827042,exact 2^15,0.1,True,,
P1B_secondary_totalH_T_self_A-,"early(s=1) - late(s=3), w=1",A-,amplification,,15,46,326,11,0,0,-0.0253191856452726,-0.07400045922048473,0.021937904426111966,-0.06536325933882324,0.014194308777642103,0.2998046875,0.2901258186589703,-0.024539877300613498,-0.07664265367888298,0.019455252918287938,-0.06666666666666667,0.012308071239105716,0.3505859375,0.300532102113016,-0.04326026706979088,-0.08770801839254219,0.004057775888133016,-0.08093175233056187,-0.004806783824641,0.0966796875,0.09557056797233845,exact 2^15,0.1,True,,
P1B_secondary_totalH_T_self_A-,"early(s=1) - late(s=4), w=1",A-,dev9_ref,,15,46,326,15,0,0,0.042712416155025246,-0.5935375523247202,0.6619831362925196,-0.46656148154329813,0.5427125590668462,0.8865966796875,0.8819088179836824,-0.02038383918929097,-0.7029961538681884,0.6654936757856674,-0.5678227913657052,0.5326448330156363,0.95208740234375,0.9485067682426256,0.2098303745843,-0.6028121498224412,0.9690072760078046,-0.4725385143578908,0.836959704239929,0.6290283203125,0.6221350304692417,exact 2^15,0.5,False,,
P1B_secondary_totalH_T_self_A-,"early(s=1) - late(s=4), w=1",A-,severe_ref2,,15,46,326,12,0,0,0.055900621118012424,-0.02281806523422377,0.13460260244534436,-0.005810901946985686,0.11887985402494328,0.15380859375,0.12445681597366533,0.04294478527607362,-0.03167600373482726,0.12091541267669859,-0.016262371862849064,0.10506022454088079,0.2685546875,0.21783903008227948,0.09257684555303602,-0.028823696145124724,0.23883125472411182,-0.012186476442428842,0.2156368102796674,0.2333984375,0.21291774961069695,exact 2^15,0.1,False,,
P1B_secondary_totalH_T_self_A-,"early(s=1) - late(s=4), w=1",A-,severe_ref3,,15,46,326,14,0,0,0.04977570738440303,-0.0171343537414966,0.1394683875152625,-0.00570087823489184,0.12358391554820124,0.169677734375,0.19524370121295562,0.03680981595092025,-0.029412904696762426,0.12346025801081975,-0.018472100068406137,0.10752902369018547,0.3397216796875,0.3264944003496626,0.09090293524817333,-0.035341356449987406,0.23383113662131516,-0.018557964852607696,0.21113622763920373,0.253173828125,0.23346589150834451,exact 2^15,0.1,False,,
P1B_secondary_totalH_T_self_A-,"early(s=1) - late(s=4), w=1",A-,severe_ref4,,15,46,326,12,0,0,0.017770876466528637,-0.0777918279380718,0.09623068642350557,-0.05860836522108843,0.08262928827444957,0.68310546875,0.6598848589121533,0.009202453987730062,-0.08548644338118021,0.08375201621692302,-0.06701947760889938,0.07089684555943683,0.890625,0.8159294474636667,0.029583963214915597,-0.0921801382590073,0.1771830120937264,-0.07460530045351473,0.14867779982363316,0.73388671875,0.6845137906542502,exact 2^15,0.1,True,,
P1B_secondary_totalH_T_self_A-,"early(s=1) - late(s=4), w=1",A-,amplification,,15,46,326,12,0,0,-0.042744996549344376,-0.0973946523053666,-0.01190387613378686,-0.0857532692390416,-0.01631217933301269,0.021484375,0.04255396990041995,-0.04294478527607362,-0.09852390203288698,-0.01261770057767643,-0.08648908523908524,-0.0175,0.025390625,0.04092294048250425,-0.09362559838750316,-0.1733214443184681,-0.02847907218442934,-0.158459624590577,-0.03732347568657092,0.01513671875,0.028096260526019396,exact 2^15,0.1,True,,
P1B_secondary_totalH_T_self_A-,"early(s=1) - late(s=2), w=2",A-,dev9_ref,,15,46,326,15,0,0,0.22214310246400476,-0.3418818231296699,1.02512295486593,-0.25497950984542284,0.8657551295199534,0.5050048828125,0.5069134868619626,0.25114947570039214,-0.4214006764238897,1.1786446392103382,-0.3179351424527282,0.9886051935814301,0.5428466796875,0.5210604674295052,0.4068138063591017,-0.5628761120954215,1.417001941998765,-0.41319903135120667,1.2499564969904218,0.46875,0.45582029733493945,exact 2^15,0.5,False,,
P1B_secondary_totalH_T_self_A-,"early(s=1) - late(s=2), w=2",A-,severe_ref2,,15,46,326,12,0,0,0.012983091787439604,-0.056549272486772495,0.07473809523809519,-0.04418067226890757,0.06398858154372859,0.68017578125,0.6696805513656082,0.003067484662576687,-0.059013269339356286,0.05670755578755047,-0.047619047619047616,0.047619047619047616,1.0,0.9083486431373802,0.01934051398337112,-0.08076341647770219,0.14077050264550262,-0.06598828420256993,0.11856339758125449,0.77734375,0.7451146246791929,exact 2^15,0.1,True,,
P1B_secondary_totalH_T_self_A-,"early(s=1) - late(s=2), w=2",A-,severe_ref3,,15,46,326,12,0,0,0.06677018633540373,0.007888291186039632,0.14164882692843214,0.01741198490890609,0.12586595831276678,0.07666015625,0.045446378092650196,0.06134969325153374,0.004273049645390071,0.12903523390072605,0.01374523243079944,0.11510791366906475,0.09814453125,0.05127355177617298,0.09762928319475937,0.003983528596623836,0.22545481386999228,0.01371645880574452,0.19820306594860163,0.080078125,0.12425421786071142,exact 2^15,0.1,False,,
P1B_secondary_totalH_T_self_A-,"early(s=1) - late(s=2), w=2",A-,severe_ref4,,15,46,326,10,0,0,-0.0065562456866804664,-0.05283451961031326,0.061224489795918366,-0.04525406435128657,0.04516936404191304,0.814453125,0.8026145674207548,-0.012269938650306749,-0.05914058026340905,0.04571521942110176,-0.05107964491122781,0.033962264150943396,0.72265625,0.6180188263040829,0.018380731922398596,-0.07840167548500883,0.15722663139329807,-0.06847470238095238,0.1310838293650793,0.912109375,0.7766818944357017,exact 2^15,0.1,True,,
P1B_secondary_totalH_T_self_A-,"early(s=1) - late(s=2), w=2",A-,amplification,,15,46,326,10,0,0,0.005132850241545891,-0.040626726384998445,0.04599677533351002,-0.032198043358757644,0.03943237796686069,0.8359375,0.8098903511733397,0.0,-0.045162201567340986,0.035295156932030745,-0.03589897128819284,0.02966164562691746,1.0,1.0,-0.021611237087427567,-0.06744496409674981,0.020724206349206332,-0.05942176870748299,0.01404462711010319,0.375,0.36133873469445665,exact 2^15,0.1,True,,
P1B_secondary_totalH_T_self_A-,"early(s=1) - late(s=3), w=2",A-,dev9_ref,,15,46,326,15,0,0,0.06853640357434015,-0.4955705844412266,1.0278992972703516,-0.40891417265800223,0.8083050256872731,0.823486328125,0.8524476745661945,0.06642944252347864,-0.5911899102512024,1.1612825721834723,-0.49384650772545774,0.9256081806460276,0.865234375,0.8769639666578931,0.4820614791049557,-0.5230914159876328,1.786042522145238,-0.39445212952123615,1.5327989046570278,0.504638671875,0.44285019758222643,exact 2^15,0.5,False,,
P1B_secondary_totalH_T_self_A-,"early(s=1) - late(s=3), w=2",A-,severe_ref2,,15,46,326,12,0,0,-0.005132850241545896,-0.0743025744780671,0.056781196674071915,-0.06024578373015873,0.04389133753925041,0.8720703125,0.8626785097932819,-0.018404907975460124,-0.08223884788189988,0.043478260869565216,-0.07051282051282051,0.029853225566519526,0.60693359375,0.5169903167141354,0.02484410430839002,-0.07131212207105064,0.13457128684807249,-0.05660761526832955,0.11643731103552529,0.65966796875,0.6516791920781859,exact 2^15,0.1,True,,
P1B_secondary_totalH_T_self_A-,"early(s=1) - late(s=3), w=2",A-,severe_ref3,,15,46,326,12,0,0,0.03161663216011042,-0.02858553605057843,0.10944115823412692,-0.018616057534124764,0.09316350605413089,0.33837890625,0.3443101183305082,0.018404907975460124,-0.039216969510317216,0.09140048492515282,-0.02933365933170334,0.07662905165422154,0.6123046875,0.5547258697702505,0.06947357646762407,-0.02935352497480473,0.18802006566515495,-0.017046957671957668,0.16729737496850583,0.283203125,0.25803270411368157,exact 2^15,0.1,True,,
P1B_secondary_totalH_T_self_A-,"early(s=1) - late(s=3), w=2",A-,severe_ref4,,15,46,326,12,0,0,-0.009230503795721186,-0.0781643675988914,0.05477257039957616,-0.06459991578995938,0.04203607606385381,0.75634765625,0.7589380959247962,-0.018404907975460124,-0.08695652173913043,0.04000286532951285,-0.0735930735930736,0.028890725436179952,0.59375,0.5294807864241335,-0.0008141219450743235,-0.10593017762660621,0.12784509637188207,-0.09108402620307382,0.10272738725119676,0.99267578125,0.989558461511219,exact 2^15,0.1,True,,
P1B_secondary_totalH_T_self_A-,"early(s=1) - late(s=3), w=2",A-,amplification,,15,46,326,11,0,0,0.011344030365769494,-0.0657719723691946,0.04735130334155175,-0.048899317791632785,0.04269615829173268,0.7060546875,0.6630671299191164,0.009202453987730062,-0.07100672551492224,0.04389336250232731,-0.053581029185867886,0.040169133192389,0.83984375,0.7336278825051543,-0.057108213655832706,-0.1310282816830436,0.008786848072562359,-0.11926965230536658,0.0002116402116402033,0.1513671875,0.14417373655998716,exact 2^15,0.1,True,,
P1B_secondary_totalH_T_self_A-,"early(s=1) - late(s=4), w=2",A-,dev9_ref,,15,46,326,15,0,0,-0.20953881142600905,-0.7898670919253011,0.571617970428031,-0.6765421642300757,0.39869993452422625,0.52545166015625,0.489382637533181,-0.30504912791149874,-0.9326048628945633,0.5547221686779882,-0.8127288799259839,0.3650270059905523,0.41424560546875,0.36573685150011204,0.2417868504824131,-0.9095192454798604,1.568688343520441,-0.7500740272714995,1.3250987645673307,0.74835205078125,0.7211524170188456,exact 2^15,0.5,False,,
P1B_secondary_totalH_T_self_A-,"early(s=1) - late(s=4), w=2",A-,severe_ref2,,15,46,326,12,0,0,0.0449447895100069,-0.03775278190631618,0.13202950117012613,-0.022203719450743255,0.11411081937150956,0.2685546875,0.25299157392205346,0.024539877300613498,-0.05439401702103436,0.11029795873573305,-0.0392156862745098,0.09266409266409266,0.56884765625,0.5124227496634433,0.09330829554043842,-0.029412615740740743,0.23646973025321236,-0.014254417044595622,0.2106198034769463,0.21923828125,0.20710654729372502,exact 2^15,0.1,False,,
P1B_secondary_totalH_T_self_A-,"early(s=1) - late(s=4), w=2",A-,severe_ref3,,15,46,326,12,0,0,0.022170462387853692,-0.06297488060880918,0.13298385891824427,-0.04753883823032759,0.10738756613756613,0.60205078125,0.6111874978583369,0.006134969325153374,-0.07937139824082498,0.10959017885586854,-0.06319923005715797,0.08711624960405437,0.94091796875,0.8850176710988554,0.07378669060216679,-0.06130033147518266,0.22446623441043084,-0.04003830467372133,0.20167686287477954,0.3701171875,0.3460224620703336,exact 2^15,0.1,False,,
P1B_secondary_totalH_T_self_A-,"early(s=1) - late(s=4), w=2",A-,severe_ref4,,15,46,326,10,0,0,-0.019496204278812972,-0.10523910321704438,0.05901364178149893,-0.086944177221955,0.04365399385560671,0.623046875,0.6102951999263442,-0.027607361963190184,-0.11282258064516129,0.044973773823254785,-0.09545454545454546,0.0314592282456997,0.556640625,0.4592023259085466,0.009106512975560588,-0.10247657627865961,0.1548855583900227,-0.08775266124968506,0.12796587616528093,0.919921875,0.8969403758369793,exact 2^15,0.1,True,,
P1B_secondary_totalH_T_self_A-,"early(s=1) - late(s=4), w=2",A-,amplification,,15,46,326,11,0,0,-0.0015096618357487892,-0.04460498609165888,0.04955920815295815,-0.036981618888690226,0.03955203897277066,0.9501953125,0.9461361253474593,-0.006134969325153374,-0.053004202805439556,0.04530012670256567,-0.04433497536945813,0.035296196217002675,0.89453125,0.7898931496316749,-0.026608560090702938,-0.10044944019274375,0.041365032123960685,-0.08697137188208617,0.03154844576719576,0.50390625,0.48212565731965384,exact 2^15,0.1,True,,
P1B_secondary_totalH_T_self_A-,"early(s=1) - late(s=2), w=3",A-,dev9_ref,,15,46,326,15,0,0,-0.18042275744384362,-0.44954575838257066,0.019250869337535982,-0.39905296277452373,-0.01131566972558675,0.12744140625,0.13294402029653585,-0.2276036747095754,-0.5240096874467718,-0.003835106006948529,-0.47024480774772903,-0.037781372213438004,0.0997314453125,0.09902901321931354,-0.2684702925243965,-0.6675904502538716,0.08981903498655615,-0.5977335201256588,0.03405074878362101,0.20806884765625,0.19854826866960318,exact 2^15,0.5,True,,
P1B_secondary_totalH_T_self_A-,"early(s=1) - late(s=2), w=3",A-,severe_ref2,,15,46,326,12,0,0,-0.0009057971014492787,-0.03871282612661924,0.04459194862155386,-0.031960223915869085,0.03538359788359788,0.96728515625,0.9626345055782404,-0.006134969325153374,-0.0405417871746285,0.036589099054255794,-0.03403438838648262,0.02752609933565323,0.86474609375,0.7293964143047003,0.017276077097505664,-0.03790296674225246,0.07536446523053658,-0.029946853741496606,0.06618102796674225,0.583984375,0.5729511130534416,exact 2^15,0.1,True,,
P1B_secondary_totalH_T_self_A-,"early(s=1) - late(s=2), w=3",A-,severe_ref3,,15,46,326,9,0,0,0.028122843340234648,-0.0212921626984127,0.06225237989699425,-0.010853794642857139,0.05566224917640009,0.26171875,0.15352750002275892,0.02147239263803681,-0.03030494821634062,0.05538504155124653,-0.019419364587661966,0.04928203719235329,0.4296875,0.2792835482226024,0.011433138070042833,-0.056783982111363054,0.07646225040942302,-0.04462081128747795,0.06649029982363316,0.80859375,0.7455840965146409,exact 2^15,0.1,True,,
P1B_secondary_totalH_T_self_A-,"early(s=1) - late(s=2), w=3",A-,severe_ref4,,15,46,326,11,0,0,0.005779848171152519,-0.04027889784946236,0.03571428571428571,-0.03255429776077097,0.03134281678773203,0.8095703125,0.7685768128423242,0.0,-0.0502288841467612,0.03196380216629499,-0.041666666666666664,0.02749208406754028,1.0,1.0,-0.01660918997228521,-0.06900157864071554,0.0324390589569161,-0.060433201058201054,0.024569633408919118,0.55078125,0.5456161614928561,exact 2^15,0.1,True,,
P1B_secondary_totalH_T_self_A-,"early(s=1) - late(s=2), w=3",A-,amplification,,15,46,326,8,0,0,0.03782781228433403,-0.00046758286647992624,0.07280477113325946,0.005952380952380953,0.06709159703345749,0.1328125,0.05334170673756982,0.03374233128834356,-0.0045662100456621,0.06185650962087376,0.0036900369003690036,0.05714567483798249,0.171875,0.0447912452961607,0.011205593348450494,-0.044444444444444446,0.060846560846560836,-0.03565759637188208,0.053774565381708175,0.703125,0.6941875399605784,exact 2^15,0.1,True,,
P1B_secondary_totalH_T_self_A-,"early(s=1) - late(s=3), w=3",A-,dev9_ref,,15,46,326,15,0,0,-0.4010698959310112,-0.741296191542009,-0.1042429104984777,-0.6744300802499201,-0.15679176052693333,0.04345703125,0.016735623389912434,-0.4891600071957324,-0.8434734951435678,-0.17318364254462365,-0.7760488192130806,-0.23064173030394572,0.0291748046875,0.007457986087370512,-0.3974955812723236,-0.8076291559105228,0.007301911860011056,-0.7466451311514736,-0.055529104643275276,0.092529296875,0.09271557902142696,exact 2^15,0.5,False,,
P1B_secondary_totalH_T_self_A-,"early(s=1) - late(s=3), w=3",A-,severe_ref2,,15,46,326,13,0,0,0.012077294685990336,-0.05357762896825396,0.08165257874309595,-0.03931915944033291,0.06888109410430834,0.716796875,0.6983457461750275,0.0,-0.06489888501964793,0.06949858567505626,-0.050229457791239294,0.05530136063095387,1.0,1.0,0.030203609221466355,-0.04735449735449736,0.10008267195767195,-0.03360036375661376,0.0898170587679516,0.4443359375,0.4427519637648437,exact 2^15,0.1,True,,
P1B_secondary_totalH_T_self_A-,"early(s=1) - late(s=3), w=3",A-,severe_ref3,,15,46,326,10,0,0,-0.02074706694271912,-0.06506179166372142,0.02811908909905424,-0.05754204459561603,0.020100356567747866,0.423828125,0.37912058578235,-0.03067484662576687,-0.0748512886122029,0.018051766666122137,-0.06779911004449778,0.010526315789473684,0.326171875,0.20445332302348704,-0.017310720584530107,-0.0852621882086168,0.042059319098009564,-0.07269014550264549,0.03300957420005038,0.625,0.6104214452316494,exact 2^15,0.1,True,,
P1B_secondary_totalH_T_self_A-,"early(s=1) - late(s=3), w=3",A-,severe_ref4,,15,46,326,10,0,0,-0.03528295376121463,-0.07738546176046177,0.00019853988603988484,-0.06944444444444445,-0.005952380952380951,0.099609375,0.06559605365834902,-0.04294478527607362,-0.08750548245614034,-0.006801571980143425,-0.0782312925170068,-0.013377479298195417,0.07421875,0.03225364434052,-0.0379109977324263,-0.1008114843159486,0.017097387566137552,-0.08948034769463341,0.009027777777777779,0.26171875,0.2444080307247952,exact 2^15,0.1,True,,
P1B_secondary_totalH_T_self_A-,"early(s=1) - late(s=3), w=3",A-,amplification,,15,46,326,9,0,0,0.021092132505175987,-0.010340733039791257,0.06773634994121104,-0.00623582766439909,0.06086622148859544,0.29296875,0.324900479926828,0.018404907975460124,-0.008333333333333333,0.06179826353421858,-0.004673994120486156,0.054550422255340215,0.34375,0.3136120483316904,0.019520030234315946,-0.01890589569160998,0.05794619236583522,-0.01247260015117158,0.052062547241118626,0.35546875,0.3574279211894502,exact 2^15,0.1,True,,
P1B_secondary_totalH_T_self_A-,"early(s=1) - late(s=4), w=3",A-,dev9_ref,,15,46,326,15,0,0,-0.8208978057015762,-1.3191882087115472,-0.3208150695017642,-1.2336638740739312,-0.41396311148974796,0.0301513671875,0.0034087891207547627,-0.9852827467104716,-1.5126235754713817,-0.4557078298065934,-1.4215980263752779,-0.5549010108388196,0.02099609375,0.0014264196183848372,-0.7430045560143459,-1.421895756610566,-0.10995903072675284,-1.3110120873436295,-0.19958017320999305,0.05047607421875,0.050666312742769594,exact 2^15,0.5,False,,
P1B_secondary_totalH_T_self_A-,"early(s=1) - late(s=4), w=3",A-,severe_ref2,,15,46,326,13,0,0,0.0052622498274672155,-0.06438930860805861,0.11535538172271884,-0.05305555555555555,0.09122434443863008,0.902587890625,0.8993336058428796,-0.012269938650306749,-0.08115428664921466,0.09434164709693091,-0.06896551724137931,0.07144458680333096,0.8251953125,0.760314443854027,0.05425642479213908,-0.05299981103552531,0.15801091269841258,-0.03503094293272865,0.14152494331065757,0.3388671875,0.34840574623110154,exact 2^15,0.1,True,,
P1B_secondary_totalH_T_self_A-,"early(s=1) - late(s=4), w=3",A-,severe_ref3,,15,46,326,9,0,0,-0.041666666666666664,-0.1106009433688005,0.028275092364532,-0.09681836749851454,0.015379739858906486,0.28125,0.22164389677347457,-0.05828220858895705,-0.12987196419399807,0.011905650319829411,-0.11677359864862771,0.0,0.171875,0.10676216930569506,-0.03628039178634416,-0.1356498606386999,0.05247195058578986,-0.1213718820861678,0.03975812547241112,0.52734375,0.48915187674530825,exact 2^15,0.1,True,,
P1B_secondary_totalH_T_self_A-,"early(s=1) - late(s=4), w=3",A-,severe_ref4,,15,46,326,9,0,0,-0.0707384403036577,-0.14180113906027528,-0.011755856990231994,-0.12729151939678254,-0.020502044252044258,0.0625,0.03127031115164596,-0.07975460122699386,-0.15183411756909007,-0.02229277185387577,-0.1373258783470051,-0.03071597509131191,0.0625,0.018261452416592164,-0.059811980347694624,-0.1413704648526077,0.012542517006802723,-0.1273625283446712,0.001564862055933467,0.171875,0.15896573824099225,exact 2^15,0.1,False,,
P1B_secondary_totalH_T_self_A-,"early(s=1) - late(s=4), w=3",A-,amplification,,15,46,326,10,0,0,0.01009316770186336,-0.033788531037414964,0.05587270509145506,-0.025132275132275127,0.04902141891239251,0.65234375,0.6539847934108256,0.006134969325153374,-0.03428735005452563,0.048672566371681415,-0.026129042274075108,0.042105263157894736,0.875,0.7604156467359107,-0.01999165406903502,-0.09813472379692617,0.04724393345301081,-0.08558449074074073,0.038133818342151675,0.619140625,0.6183503749447083,exact 2^15,0.1,True,,
P1B_map_T_self_A-,"window(s=1,w=1) - normal",A-,dev9_ref,,15,46,326,15,0,0,-1.8458247057149755,-2.782269818772293,-1.0267905054957982,-2.5920199962304555,-1.163828157171951,0.00164794921875,0.0003741751239419838,-1.9901464379020106,-2.9418103897710752,-1.1454313417930797,-2.743307797381173,-1.2976469277934444,0.001220703125,0.00021406836096016265,-1.4368007980942654,-2.4615513840769454,-0.6415018468411502,-2.28687782750511,-0.7451092761205754,0.00201416015625,0.009876440642805285,exact 2^15,,,,
P1B_map_T_self_A-,"window(s=1,w=2) - normal",A-,dev9_ref,,15,46,326,15,0,0,-2.47708954328141,-3.333927470134116,-1.4988608843987332,-3.1655986254975947,-1.6940395360521567,0.00384521484375,3.1285142545691304e-05,-2.6737207143277333,-3.552160811258283,-1.6605036594870288,-3.3772525026792133,-1.874188269660849,0.0040283203125,1.7083493179954986e-05,-1.8778402576962716,-3.169114789429962,-0.5557004966750598,-2.9538050114363616,-0.778944308217322,0.01654052734375,0.01657474615348511,exact 2^15,,,,
P1B_map_T_self_A-,"window(s=1,w=3) - normal",A-,dev9_ref,,15,46,326,15,0,0,-3.4462658596584315,-4.525071225576039,-2.592795305256475,-4.289945504511228,-2.739170255084741,6.103515625e-05,1.7599236534627424e-06,-3.7415034354123815,-4.949587248075419,-2.8152063274718166,-4.69313885455828,-2.9669062963675357,6.103515625e-05,2.4195292616829864e-06,-3.414218335391524,-4.681529126852787,-2.3088914391924855,-4.44653488714803,-2.4604781795246096,6.103515625e-05,8.247244618162372e-05,exact 2^15,,,,
P1B_map_T_self_A-,"window(s=2,w=1) - normal",A-,dev9_ref,,15,46,326,15,0,0,-1.894189466581402,-2.6588006725979723,-1.1295025146764262,-2.5206531440479916,-1.2576145375083134,0.00274658203125,0.00011134424386630083,-2.017117236210841,-2.816453416035278,-1.2135971491059656,-2.672710029621343,-1.3556318170598594,0.00299072265625,9.618739472874888e-05,-1.571383586132545,-2.5487252898345396,-0.6246556210108856,-2.3956810459240985,-0.7678367351200902,0.00665283203125,0.007657630314818851,exact 2^15,,,,
P1B_map_T_self_A-,"window(s=2,w=2) - normal",A-,dev9_ref,,15,46,326,15,0,0,-2.6992326457454148,-3.5190965074633134,-1.9156598767306763,-3.3613798264768726,-2.0643144067638417,6.103515625e-05,2.762488949070356e-06,-2.924870190028125,-3.846876824328683,-2.0704480376836303,-3.66712971662895,-2.2331837824853085,6.103515625e-05,4.2427903173326465e-06,-2.284654064055373,-3.2113059116223654,-1.45973479530504,-3.0536057204756144,-1.5881793813492449,6.103515625e-05,0.00019195975857509142,exact 2^15,,,,
P1B_map_T_self_A-,"window(s=2,w=3) - normal",A-,dev9_ref,,15,46,326,15,0,0,-3.2658431022145877,-4.1880966526832415,-2.4879464161776057,-3.989400002943665,-2.6286323102559903,6.103515625e-05,7.022555395825075e-07,-3.513899760702807,-4.559306951937515,-2.679052223932133,-4.348646261449105,-2.8252884303947057,6.103515625e-05,1.1459901552449531e-06,-3.145748042867127,-4.155052680013176,-2.2108757985208953,-3.979177814900118,-2.3503431356581026,6.103515625e-05,3.074103051465175e-05,exact 2^15,,,,
P1B_map_T_self_A-,"window(s=3,w=1) - normal",A-,dev9_ref,,15,46,326,15,0,0,-2.214971170368529,-2.9797785015593394,-1.5279849646816832,-2.8263277062603915,-1.6456792571515468,6.103515625e-05,9.0316872481199e-06,-2.39028483455752,-3.293118762275293,-1.6344278361096873,-3.114928084538267,-1.760952264998162,6.103515625e-05,1.906736289153246e-05,-1.8143694574906675,-2.6459307617484247,-1.127415869772717,-2.499830903468349,-1.2193508115757963,6.103515625e-05,0.0004951729714013274,exact 2^15,,,,
P1B_map_T_self_A-,"window(s=3,w=2) - normal",A-,dev9_ref,,15,46,326,15,0,0,-2.54562594685575,-3.41040357929543,-1.9197614749977312,-3.216059490193207,-2.0229435436806713,0.00030517578125,2.956713086253454e-06,-2.740150156851212,-3.741794381214312,-2.0265484625434054,-3.5291794674914456,-2.141800454416839,0.0003662109375,7.255607235601623e-06,-2.359901736801227,-3.245838005870261,-1.4632705423827013,-3.113418620688369,-1.6144288944431957,0.0003662109375,0.00020463505608693977,exact 2^15,,,,
P1B_map_T_self_A-,"window(s=3,w=3) - normal",A-,dev9_ref,,15,46,326,15,0,0,-3.04519596372742,-3.907296729417431,-2.3821856514174025,-3.720743177373923,-2.4978919069726158,6.103515625e-05,4.6454562267250156e-07,-3.2523434282166495,-4.2786949403282275,-2.520746317114623,-4.053983078209443,-2.6418762675919822,6.103515625e-05,1.3232646447060608e-06,-3.016722754119201,-3.9814796989954298,-2.1588267950309743,-3.8109141739676367,-2.277204463002833,6.103515625e-05,2.2195863718709737e-05,exact 2^15,,,,
P1B_map_T_self_A-,"window(s=4,w=1) - normal",A-,dev9_ref,,15,46,326,15,0,0,-1.8885371218700002,-2.389963389452726,-1.3637522239808657,-2.292624241567932,-1.4739823161010603,0.00030517578125,1.019933885921419e-06,-1.9697625987127194,-2.5024000277109244,-1.4087222986224974,-2.399279792326175,-1.5219121984555757,0.00042724609375,1.5156451889828735e-06,-1.6466311726785654,-2.25538693548306,-0.9824932183943531,-2.160259372341658,-1.0917628820817482,0.00048828125,0.00024213507699579265,exact 2^15,,,,
P1B_map_T_self_A-,"window(s=4,w=2) - normal",A-,dev9_ref,,15,46,326,15,0,0,-2.2675507318554007,-2.771914440842465,-1.7883336549848532,-2.6695366252882358,-1.876123473296053,6.103515625e-05,8.39532520781183e-08,-2.368671586416234,-2.9137928624597396,-1.8809814873625286,-2.8070149129790423,-1.9710473283779928,6.103515625e-05,9.304645394883002e-08,-2.119627108178685,-2.6825289135891075,-1.5931849057357956,-2.5914774843070822,-1.6703329387433026,6.103515625e-05,4.095778087994499e-06,exact 2^15,,,,
P1B_map_T_self_A-,"window(s=4,w=3) - normal",A-,dev9_ref,,15,46,326,15,0,0,-2.6253680539568554,-3.303968427027851,-2.1328267849361877,-3.174516813501686,-2.2067537603215124,6.103515625e-05,1.710135750738207e-07,-2.7562206887019096,-3.545140424457262,-2.2272886358020205,-3.3931531635886594,-2.3054380486127277,6.103515625e-05,4.279711841731375e-07,-2.6712137793771786,-3.3445171309568043,-2.02858545951715,-3.23599256858125,-2.1178684764840674,6.103515625e-05,2.3655743760556938e-06,exact 2^15,,,,
P1B_secondary_totalH_P_gt_A+,"early(s=1) - late(s=2), w=1",A+,amplification,,25,138,920,8,0,0,-0.001653439153439154,-0.018062419586434363,0.019063487968286726,-0.015852417302798984,0.016522366522366525,0.9456552717236414,0.8746097983294925,-0.003260869565217391,-0.022020123210560735,0.020528009779185508,-0.019425991293984566,0.017543859649122806,0.9456052719736401,0.7866118604364374,0.004561808561808562,-0.0029726430976430985,0.012715331890331886,-0.0018163540163540167,0.011358152958152954,0.2657436712816436,0.27081003851853913,MC 200000,0.1,True,,
P1B_secondary_totalH_P_gt_A+,"early(s=1) - late(s=2), w=1",A+,amp2,,25,138,920,10,0,0,-0.0018403496664366225,-0.01710772156084656,0.019636746891901532,-0.015236391528541886,0.016800752515038226,0.9005704971475142,0.8542006825688913,-0.003260869565217391,-0.020424121701126237,0.020634920634920634,-0.01818257011805399,0.01750599311488661,0.9133904330478347,0.7731913715203788,0.008006734006734007,-0.0022994708994708993,0.01937799422799422,-0.0007524290524290525,0.017509475709475704,0.1739041304793476,0.17160482760120893,MC 200000,0.1,True,,
P1B_secondary_totalH_P_gt_A+,"early(s=1) - late(s=2), w=1",A+,amp4,,25,138,920,9,0,0,-0.0010351966873706003,-0.012929603465317747,0.016615214501201615,-0.011372287915912077,0.013827067285247428,0.9142354288228559,0.8960845293386441,-0.002173913043478261,-0.015638412461678682,0.017241379310344827,-0.013854930725346373,0.014625350071959234,0.9372903135484323,0.808639004322038,0.006098124098124098,-0.001801232563732564,0.015558760221260215,-0.0007320466570466569,0.013768037518037509,0.2066239668801656,0.19386974660864323,MC 200000,0.1,True,,
P1B_secondary_totalH_P_gt_A+,"early(s=1) - late(s=2), w=1",A+,fde5,,25,138,920,25,0,0,0.0020668712783462107,-0.1170696110950889,0.16505147056664432,-0.09757875457165274,0.13666664212490634,0.9764351178244108,0.9764252772773052,0.0008656571860084332,-0.12388831925193766,0.19323308637597453,-0.10758463650974068,0.16022910380787078,0.9916550417247914,0.9913735851546687,-0.025710814627776298,-0.20765380626026106,0.14985585995691655,-0.1748441889080742,0.12231923779425943,0.7914560427197864,0.7859733385172829,MC 200000,0.5,True,,
P1B_secondary_totalH_P_gt_A+,"early(s=1) - late(s=3), w=1",A+,amplification,,25,138,920,9,0,0,-0.004126409017713366,-0.015235918135598055,0.010836640211640205,-0.013558201058201057,0.00852903939085932,0.5964370178149109,0.5451576059711662,-0.004347826086956522,-0.01606425702811245,0.012330836796517022,-0.014419783983140146,0.0096687588100503,0.7002214988925055,0.559112834842127,0.0008670835337502003,-0.006691931216931216,0.00849213564213564,-0.005463363796697129,0.007301354818021483,0.8405707971460142,0.8303617676447705,MC 200000,0.1,True,,
P1B_secondary_totalH_P_gt_A+,"early(s=1) - late(s=3), w=1",A+,amp2,,25,138,920,10,0,0,-0.009244881527490223,-0.02164415288535913,0.009136282537445327,-0.020038695670240175,0.006455182072829129,0.43099284503577484,0.2642130875085125,-0.010869565217391304,-0.024390740042469588,0.008785279519692065,-0.022641734319832685,0.00635980679067977,0.5006924965375174,0.2360580286351597,0.0025082571749238418,-0.0070958553791887116,0.012972142055475382,-0.0055332451499118165,0.01108786275452942,0.6642516787416063,0.6407664372757735,MC 200000,0.1,True,,
P1B_secondary_totalH_P_gt_A+,"early(s=1) - late(s=3), w=1",A+,amp4,,25,138,920,9,0,0,-0.0029186795491143317,-0.013906183246245356,0.011974547747574059,-0.012261892349474458,0.00963137135251537,0.7020964895175524,0.6617503229976243,-0.003260869565217391,-0.014966241091399119,0.013139166346523236,-0.013279119818777349,0.010702661519383585,0.7949410252948735,0.6574054933775311,0.0017831489498156166,-0.0055628346961680295,0.009258521725188387,-0.004243534551867884,0.007945707070707062,0.6536967315163424,0.6456763132678112,MC 200000,0.1,True,,
P1B_secondary_totalH_P_gt_A+,"early(s=1) - late(s=3), w=1",A+,fde5,,25,138,920,25,0,0,-0.07832494228064357,-0.24046326827728184,0.1042595984569254,-0.2138541350985329,0.06937689315412271,0.39377303113484435,0.35124715386481553,-0.06393860762495636,-0.2289624504654955,0.13733195250663688,-0.20192255099256431,0.0989750733897528,0.5001374993125034,0.4706840089542268,-0.06995696191240554,-0.23497582128966885,0.09979968791149914,-0.20934966243046804,0.0740237905690219,0.43967780161099196,0.43416958477524736,MC 200000,0.5,True,,
P1B_secondary_totalH_P_gt_A+,"early(s=1) - late(s=4), w=1",A+,amplification,,25,138,920,9,0,0,0.007303887738670347,-0.005311407048695185,0.024018472520587177,-0.003379791338492797,0.021399004046062844,0.33062334688326556,0.3385580364442272,0.006521739130434782,-0.006888831703551209,0.024643760165429615,-0.004645850707704819,0.02155951112439854,0.4789326053369733,0.41675334536257747,0.008243065576398909,-1.4510181176847738e-05,0.01723492865159532,0.0011703703703703702,0.01568767035433702,0.09008454957725211,0.08034306311398585,MC 200000,0.1,True,,
P1B_secondary_totalH_P_gt_A+,"early(s=1) - late(s=4), w=1",A+,amp2,,25,138,920,10,0,0,0.003997009431792041,-0.01125152121691006,0.023687996031746025,-0.009058913003815552,0.021210228219223713,0.7088814555927221,0.6801398867504762,0.002173913043478261,-0.014185084391665291,0.023872995826927295,-0.011875984490488305,0.02127659574468085,0.9301503492482538,0.8360851405160286,0.010758457591790924,0.0011464145422478756,0.021153360990860987,0.002507603815937149,0.019551222542889206,0.053429732851335746,0.0528167929841058,MC 200000,0.1,True,,
P1B_secondary_totalH_P_gt_A+,"early(s=1) - late(s=4), w=1",A+,amp4,,25,138,920,8,0,0,0.003795721187025536,-0.0057722634508348795,0.016428854875283446,-0.004320328054505269,0.014127262600946808,0.5154624226878866,0.49963545501951945,0.003260869565217391,-0.007055193670759708,0.016096741479472647,-0.005334046345811051,0.01386984755253657,0.7020064899675501,0.5733486645080574,0.004720458553791888,-0.001808056758056758,0.012100885842552507,-0.0008433541766875097,0.010840949174282506,0.21975390123049385,0.2079945663674809,MC 200000,0.1,True,,
P1B_secondary_totalH_P_gt_A+,"early(s=1) - late(s=4), w=1",A+,fde5,,25,138,920,25,0,0,-0.0567929258691537,-0.24569636385480056,0.14477404419372408,-0.2135640570699395,0.10740999329619892,0.562722186389068,0.5502180499509636,-0.04404620984844843,-0.24738209051367013,0.17608628441033952,-0.21399764520554534,0.13462645165822973,0.6780966095169524,0.6668248807168127,-0.060930123549220644,-0.2547570499458396,0.13362116655267267,-0.22332225256961696,0.1018150076590964,0.5560022199889001,0.551118150072925,MC 200000,0.5,True,,
P1B_secondary_totalH_P_gt_A+,"early(s=1) - late(s=2), w=2",A+,amplification,,25,138,920,7,0,0,-0.0019985047158960203,-0.011151868875826145,0.013673120686646837,-0.01029055690072639,0.01058201058201058,0.7797411012944935,0.7577429827569152,-0.004347826086956522,-0.01361593984838429,0.011312217194570135,-0.012688558275570267,0.008253663305557758,0.6403317983410083,0.504006871754869,-0.003762225428892096,-0.018524130190796857,0.00808882475549142,-0.015511664261664258,0.006298701298701297,0.6410567947160264,0.5922280345105728,MC 200000,0.1,True,,
P1B_secondary_totalH_P_gt_A+,"early(s=1) - late(s=2), w=2",A+,amp2,,25,138,920,10,0,0,-0.0014952841039797562,-0.013008416901859526,0.01525752925691349,-0.011403165207625252,0.012355933577441174,0.8425357873210634,0.8346850665836075,-0.004347826086956522,-0.01534193092564046,0.012346634560256836,-0.013927576601671309,0.00940512689281161,0.6720666396668017,0.5393384816168608,-0.004044572711239378,-0.019509018759018754,0.008932339265672596,-0.016629501362834694,0.0071029341029341005,0.6269368653156734,0.5792234565938453,MC 200000,0.1,True,,
P1B_secondary_totalH_P_gt_A+,"early(s=1) - late(s=2), w=2",A+,amp4,,25,138,920,6,0,0,-0.00015815504945939713,-0.008062614393783224,0.010624708897032063,-0.006879725934089482,0.008423941798941799,1.0,0.972980205223353,-0.0010869565217391304,-0.00916042194617621,0.009308820508825108,-0.007891770011273957,0.007264173951961055,1.0,0.8119906484765553,-0.004237373737373737,-0.01848203463203463,0.005905483405483405,-0.015567279942279941,0.004548629148629145,0.6267218663906681,0.5159906180662994,MC 200000,0.1,True,,
P1B_secondary_totalH_P_gt_A+,"early(s=1) - late(s=2), w=2",A+,fde5,,25,138,920,25,0,0,-0.07093677228208957,-0.17019657210517738,0.017883237200304766,-0.14955117872720908,0.001997949970740677,0.138319308403458,0.1186417181315847,-0.06502349766390701,-0.1677443281049463,0.023915168505905655,-0.14707846933796526,0.007419780563819221,0.17757411212943935,0.1592550158294683,-0.22718488838277426,-0.5508963202239769,-0.018379604864674225,-0.4867071966099321,-0.03589676626450748,0.049939750301248496,0.12789357871017137,MC 200000,0.5,True,,
P1B_secondary_totalH_P_gt_A+,"early(s=1) - late(s=3), w=2",A+,amplification,,25,138,920,9,0,0,-0.0047590292155509535,-0.015272113997113996,0.009475043247273062,-0.013576626638309644,0.006710234210234207,0.4959575202123989,0.43463129708990544,-0.006521739130434782,-0.01685416942986528,0.007114292300198315,-0.015129892677297172,0.004614411123926684,0.4260978695106524,0.2672286930341808,0.0004499759499759501,-0.007264676527176526,0.0087069745069745,-0.006161868686868686,0.007342676767676764,0.9226053869730652,0.9158676845358451,MC 200000,0.1,True,,
P1B_secondary_totalH_P_gt_A+,"early(s=1) - late(s=3), w=2",A+,amp2,,25,138,920,10,0,0,-0.010050034506556246,-0.02440850554058101,0.007570662768031182,-0.02201712356645643,0.005115440115440103,0.3346233268833656,0.2239986002346403,-0.011956521739130435,-0.02569848615396018,0.005594462849928306,-0.023486307703746385,0.0029970778846341055,0.29580852095739524,0.1405051430854014,-0.007838864838864838,-0.02274795574795575,0.0038320346320346275,-0.020169167869167864,0.0023128908128908104,0.32953835230823847,0.27541790625816864,MC 200000,0.1,True,,
P1B_secondary_totalH_P_gt_A+,"early(s=1) - late(s=3), w=2",A+,amp4,,25,138,920,7,0,0,-0.004629629629629629,-0.012017109538295979,0.0030331481298020786,-0.010820280074771092,0.0016671703126552616,0.3136684316578417,0.22316476085683368,-0.005434782608695652,-0.014049049609394437,0.0017157117758798475,-0.012443438914027148,0.000955155492977294,0.3451132744336278,0.17611426953010068,-0.0037106782106782104,-0.01047240860990861,0.001789574314574311,-0.009268975468975468,0.0010259740259740257,0.29678851605741974,0.26128098835524305,MC 200000,0.1,True,,
P1B_secondary_totalH_P_gt_A+,"early(s=1) - late(s=3), w=2",A+,fde5,,25,138,920,25,0,0,-0.1725547190089614,-0.281064208545423,-0.07979982079848962,-0.2620095075063217,-0.09492621521087367,0.0024899875500622496,0.0015528595680941734,-0.1638564997406292,-0.2778879804462112,-0.06887539197587098,-0.2564149111064002,-0.08387191352296819,0.004529977350113249,0.003012252028785993,-0.21946516971483454,-0.3412971051531332,-0.10456434717947388,-0.32072246500492935,-0.12377249037133614,0.00039499802500987495,0.0014481325382341883,MC 200000,0.5,True,,
P1B_secondary_totalH_P_gt_A+,"early(s=1) - late(s=4), w=2",A+,amplification,,25,138,920,9,0,0,0.0014809063722107212,-0.010426413473190694,0.018964120370370367,-0.008641470956989738,0.015955011498742788,0.8398658006709967,0.8424328689449673,-0.0010869565217391304,-0.013089731668788731,0.015937602603117645,-0.011146792792366158,0.012838801711840228,1.0,0.8804317456373321,0.0048635561968895305,-0.0030562770562770564,0.014095971620971617,-0.0018601811768478437,0.01257480359147026,0.3095484522577387,0.29223661961216607,MC 200000,0.1,True,,
P1B_secondary_totalH_P_gt_A+,"early(s=1) - late(s=4), w=2",A+,amp2,,25,138,920,9,0,0,-0.002717391304347825,-0.016811748693571188,0.016196898243999686,-0.014849434594657525,0.013117587732089039,0.7696611516942415,0.749263299202551,-0.005434782608695652,-0.019508274449710077,0.014106935183359419,-0.017509817282002547,0.010853555780249397,0.6491317543412283,0.5268161682512125,-0.003440676607343274,-0.018006465448132114,0.008732587782587783,-0.015647306397306396,0.007133573833573832,0.7032964835175824,0.6372802095468615,MC 200000,0.1,True,,
P1B_secondary_totalH_P_gt_A+,"early(s=1) - late(s=4), w=2",A+,amp4,,25,138,920,8,0,0,-0.001337129054520359,-0.012475414078674947,0.010575946978562066,-0.010460577571484435,0.008585164835164834,0.8349258253708731,0.8177999202781141,-0.003260869565217391,-0.015404551696095878,0.008120885443193174,-0.013106476469061231,0.00641025641025641,0.7500762496187519,0.5793730688173351,-0.0015169151835818506,-0.009627491181657847,0.0060393137726471036,-0.00830784431617765,0.004946608946608946,0.7032064839675801,0.7165827607029727,MC 200000,0.1,True,,
P1B_secondary_totalH_P_gt_A+,"early(s=1) - late(s=4), w=2",A+,fde5,,25,138,920,25,0,0,-0.2593841821427457,-0.3801996488658116,-0.14986079948113862,-0.35769123328713354,-0.16885580936886935,0.0007499962500187499,8.298738291337295e-05,-0.2545673115549875,-0.3872763413013807,-0.14006787201719959,-0.36183385662039685,-0.1596382760874979,0.0008849955750221249,0.000226642468963749,-0.3547583937984909,-0.6028616547976324,-0.16089135310751967,-0.5590436608544146,-0.18365405607510116,0.00022999885000574998,0.00613887339649831,MC 200000,0.5,True,,
P1B_secondary_totalH_P_gt_A+,"early(s=1) - late(s=2), w=3",A+,amplification,,25,138,920,7,0,0,0.0035225442834138482,-0.004319938682223945,0.015473153754403739,-0.00334060674103047,0.013264528571761585,0.5178074109629451,0.48372844801924986,0.002173913043478261,-0.005813953488372093,0.013831389128108768,-0.004702378757145491,0.01164294954721863,0.8292158539207304,0.6575917127937485,0.004835898669232002,-0.0013812730479397144,0.012503395061728394,-0.0005829725829725831,0.01113524931858264,0.23507382463087684,0.2001090959402982,MC 200000,0.1,True,,
P1B_secondary_totalH_P_gt_A+,"early(s=1) - late(s=2), w=3",A+,amp2,,25,138,920,9,0,0,0.0041982976765585454,-0.007421270829792132,0.017015417492112408,-0.005473453749315818,0.014713843558646926,0.5166424167879161,0.48916861200559425,0.003260869565217391,-0.008555540467137425,0.015471784879868876,-0.0065863498843532365,0.013319274879763214,0.723481382593087,0.5834450261236697,0.0025750360750360747,-0.0042870550745550745,0.010405868205868194,-0.003278018278018278,0.009093819143819142,0.5430522847385763,0.5138558422202981,MC 200000,0.1,True,,
P1B_secondary_totalH_P_gt_A+,"early(s=1) - late(s=2), w=3",A+,amp4,,25,138,920,3,0,0,-0.002343570278352887,-0.006683375104427736,0.003205128205128205,-0.005930469522949198,0.0021111111111111113,0.5013774931125344,0.3589808293172846,-0.003260869565217391,-0.008130081300813009,0.002865638721114794,-0.007291714144636889,0.0017152658662092624,0.5013774931125344,0.2537371201982083,-0.0003763828763828764,-0.0029509379509379506,0.002213804713804714,-0.0024194324194324194,0.0016666666666666666,0.7501962490187549,0.7747452231283439,MC 200000,0.1,True,,
P1B_secondary_totalH_P_gt_A+,"early(s=1) - late(s=2), w=3",A+,fde5,,25,138,920,25,0,0,-0.06504471711692686,-0.14685583391460497,-0.010537045860367732,-0.13317033607048234,-0.017944506924739652,0.032854835725821374,0.06994927496800672,-0.06746639329984319,-0.15010618625188546,-0.012936598789727095,-0.13594094121966005,-0.020279373981688994,0.028309858450707746,0.05695557536397557,-0.15987781490209013,-0.3264000433070434,-0.04153458662938513,-0.2950298665944862,-0.05430915786606002,0.0036049819750901247,0.04545634179168228,MC 200000,0.5,True,,
P1B_secondary_totalH_P_gt_A+,"early(s=1) - late(s=3), w=3",A+,amplification,,25,138,920,8,0,0,-0.00010064412238325247,-0.008685690578074548,0.011686793580481287,-0.0073849708842613285,0.009353890679078648,1.0,0.9843012953813222,-0.002173913043478261,-0.011252040965270493,0.009091138891442224,-0.00970916669525541,0.007043082021540999,0.8427357863210684,0.6657379020992991,0.0025631713965047296,-0.0041961640211640215,0.009942310004809999,-0.003149959916626582,0.00875014830848164,0.4995775021124894,0.49898583206580205,MC 200000,0.1,True,,
P1B_secondary_totalH_P_gt_A+,"early(s=1) - late(s=3), w=3",A+,amp2,,25,138,920,9,0,0,0.002774902231423971,-0.008480371315192744,0.01795809968518987,-0.00676050322680054,0.015339300850664482,0.6918265408672957,0.684158404299731,0.0010869565217391304,-0.01008827238335435,0.015061378444290742,-0.008293838862559242,0.012540079586607678,1.0,0.8635812556523539,0.0031887125220458556,-0.003785762385762385,0.011209876543209875,-0.0027690396023729354,0.00967264710598044,0.46757766211168944,0.42424219427216636,MC 200000,0.1,True,,
P1B_secondary_totalH_P_gt_A+,"early(s=1) - late(s=3), w=3",A+,amp4,,25,138,920,4,0,0,-0.006872555785599263,-0.012855182055987378,0.0004789272030651341,-0.011944980694980695,-0.000144675925925926,0.24682876585617072,0.05788333170948895,-0.008695652173913044,-0.015594541910331383,0.0,-0.014477963338966377,-0.0013513513513513514,0.24682876585617072,0.03616213464039378,-0.0041726791726791725,-0.0105002405002405,0.0002777777777777778,-0.009172679172679173,-6.734006734006731e-05,0.24682876585617072,0.1557242611973914,MC 200000,0.1,True,,
P1B_secondary_totalH_P_gt_A+,"early(s=1) - late(s=3), w=3",A+,fde5,,25,138,920,25,0,0,-0.229625733864954,-0.3058678683362029,-0.16748327386600342,-0.2929065366319942,-0.17732106557271451,4.9999750001249995e-06,7.5989210710666e-07,-0.23420578884457702,-0.3117884449784446,-0.16774453766170652,-0.2994431214706665,-0.1781445680480201,4.9999750001249995e-06,9.540587491143334e-07,-0.2694985257495103,-0.408078013688349,-0.16177300829508873,-0.3829872003454355,-0.17436421967901192,4.9999750001249995e-06,0.00045427715432571063,MC 200000,0.5,True,,
P1B_secondary_totalH_P_gt_A+,"early(s=1) - late(s=4), w=3",A+,amplification,,25,138,920,9,0,0,0.00470151828847481,-0.00915890913413652,0.024305555555555556,-0.007072601945926189,0.020706644737998554,0.5746971265143674,0.5813230345250364,0.002173913043478261,-0.011513382313044588,0.020833333333333332,-0.00926794798411043,0.017367394450386944,0.8957105214473927,0.788275035637165,0.006479717813051146,-0.002543855218855219,0.016861271444604777,-0.0012871893538560194,0.01499832451499118,0.21905890470547648,0.21912791542190865,MC 200000,0.1,True,,
P1B_secondary_totalH_P_gt_A+,"early(s=1) - late(s=4), w=3",A+,amp2,,25,138,920,8,0,0,0.007174488152749022,-0.008718375292036005,0.02797444766194766,-0.00631420020308909,0.02455100869279972,0.4531827340863296,0.44350948796795564,0.005434782608695652,-0.01033302479848818,0.02558893672533709,-0.007905361648913601,0.022113308143575892,0.6331018344908276,0.5448062378653067,0.006227032227032227,-0.0030563973063973066,0.017143470418470416,-0.001805916305916306,0.015144781144781145,0.2720636396818016,0.2500533672872206,MC 200000,0.1,True,,
P1B_secondary_totalH_P_gt_A+,"early(s=1) - late(s=4), w=3",A+,amp4,,25,138,920,7,0,0,-0.0039826317000230035,-0.014897160971668362,0.011827984734925464,-0.013299471073861318,0.008759417312048882,0.6248318758406208,0.5577904655452947,-0.006521739130434782,-0.018079315026496737,0.009132569119067202,-0.016129032258064516,0.0059420718191221895,0.4363078184609077,0.3354093342400539,-0.0025428892095558766,-0.010782457511624176,0.006172839506172839,-0.009628427128427128,0.00474214365881032,0.5920570397148014,0.5723911712685874,MC 200000,0.1,True,,
P1B_secondary_totalH_P_gt_A+,"early(s=1) - late(s=4), w=3",A+,fde5,,25,138,920,25,0,0,-0.33143152675665427,-0.4570209215168819,-0.21178862039315147,-0.4343244421441431,-0.23262304868059083,9.999950000249999e-06,7.572814887963618e-06,-0.3401387784844143,-0.4705915323447748,-0.21569279738270475,-0.44739794488945495,-0.2382109833822488,9.999950000249999e-06,8.010690813662269e-06,-0.40232838499330675,-0.6784864673307355,-0.20723101022788953,-0.6247413305321757,-0.22758757685859654,4.9999750001249995e-06,0.0036759543510234294,MC 200000,0.5,True,,
P1B_map_P_gt_A+,"window(s=1,w=1) - normal",A+,amplification,,25,138,920,11,0,0,-0.024197722567287784,-0.03920172161980415,-0.006513850732600744,-0.03651472111416863,-0.009731518055250774,0.03385983070084649,0.004414278116988176,-0.025,-0.041176602243404074,-0.005994429108800446,-0.03827805077805078,-0.009358149799326271,0.04904975475122624,0.005554793194435983,-0.012822430655763987,-0.02639051226551226,-0.0004520843354176709,-0.02414560285393618,-0.0022271123937790613,0.06901965490172549,0.06858221666918218,MC 200000,,,,
P1B_map_P_gt_A+,"window(s=1,w=2) - normal",A+,amplification,,25,138,920,10,0,0,-0.031127789279963194,-0.04902157201264345,-0.011800163375729046,-0.04590304712800144,-0.015027260247413922,0.023524882375588124,0.0021141457106408305,-0.03369565217391304,-0.052,-0.013718990143668567,-0.048894230286281294,-0.017296363317961604,0.023524882375588124,0.0012515907612392922,-0.017074555074555072,-0.031094119769119764,-0.004947943722943725,-0.028762385762385764,-0.006592352092352095,0.017514912425437873,0.019507174838746383,MC 200000,,,,
P1B_map_P_gt_A+,"window(s=1,w=3) - normal",A+,amplification,,25,138,920,10,0,0,-0.02992005981136416,-0.050036829608801014,-0.0065070582877960045,-0.04650717522993551,-0.010582010582010583,0.04849475752621237,0.010003018591856372,-0.03260869565217391,-0.053012303721780014,-0.009209620956059887,-0.04969791666666667,-0.013267313559923392,0.040909795451022746,0.0054637365672893295,-0.016426406926406924,-0.03172501202501202,-0.0025153258778258854,-0.029220189995189997,-0.004397787397787397,0.042439787801060995,0.0420630119313362,MC 200000,,,,
P1B_map_P_gt_A+,"window(s=2,w=1) - normal",A+,amplification,,25,138,920,8,0,0,-0.02254428341384863,-0.04950769524385677,-0.004389963097370767,-0.04420474119134834,-0.006460130436236282,0.031069844650776748,0.06546626851559274,-0.021739130434782608,-0.051227321237993596,-0.001464855898818168,-0.045906054534996486,-0.0037735849056603774,0.09330453347733261,0.11041945188851827,-0.017384239217572553,-0.03299362874779541,-0.004987654320987654,-0.030252701619368282,-0.006584175084175102,0.015379923100384498,0.025249501859317038,MC 200000,,,,
P1B_map_P_gt_A+,"window(s=2,w=2) - normal",A+,amplification,,25,138,920,10,0,0,-0.029129284564067173,-0.05380544304052555,-0.009138939226148527,-0.04898241622052116,-0.011933852488363777,0.023959880200599,0.014442899602051633,-0.029347826086956522,-0.05449222749544986,-0.009478299221074356,-0.05,-0.012304152266820792,0.025879870600646997,0.015804592583564037,-0.013312329645662977,-0.03335026855860188,0.0065844316177649485,-0.02994227994227994,0.00314159050825715,0.23118884405577972,0.21331802628475102,MC 200000,,,,
P1B_map_P_gt_A+,"window(s=2,w=3) - normal",A+,amplification,,25,138,920,10,0,0,-0.033442604094778006,-0.05884083223706402,-0.009528865990220757,-0.054280188660923843,-0.013652740420412068,0.029379853100734498,0.010926892173579825,-0.034782608695652174,-0.06010948992836883,-0.011299290014965373,-0.05555555555555555,-0.015341701534170154,0.029379853100734498,0.007595695553930225,-0.021262305595638926,-0.03976730800064133,-0.005866682700016061,-0.0363553872053872,-0.00795893057559726,0.019444902775486123,0.024925369632296412,MC 200000,,,,
P1B_map_P_gt_A+,"window(s=3,w=1) - normal",A+,amplification,,25,138,920,9,0,0,-0.020071313549574418,-0.038322926741385516,-0.0047368146853906355,-0.035211985238700144,-0.007200939283759481,0.03862480687596562,0.023877509963711255,-0.020652173913043477,-0.03973560564635357,-0.005266397797543769,-0.03647830032228793,-0.007584856146803056,0.03851480742596287,0.02550937264887731,-0.013689514189514189,-0.026113648388648384,-0.0027531986531986537,-0.0241465848965849,-0.004420695045695047,0.03455982720086399,0.03441361288152728,MC 200000,,,,
P1B_map_P_gt_A+,"window(s=3,w=2) - normal",A+,amplification,,25,138,920,11,0,0,-0.026368760064412234,-0.046226386506431794,-0.008509832314400279,-0.04242905643738977,-0.011377520681008625,0.020554897225513874,0.0077891797635900786,-0.02717391304347826,-0.04754385077172191,-0.009035872732808493,-0.04362068460767165,-0.012141196608681962,0.029574852125739372,0.007153937666402791,-0.017524531024531022,-0.0326016835016835,-0.00443132515632516,-0.029868109668109665,-0.00617929292929293,0.019364903175484123,0.02565444188386052,MC 200000,,,,
P1B_map_P_gt_A+,"window(s=3,w=3) - normal",A+,amplification,,25,138,920,11,0,0,-0.029819415688980902,-0.05546201814058956,-0.006671591254324337,-0.050661820283669015,-0.010193644226293984,0.04073479632601837,0.019172988037240848,-0.030434782608695653,-0.05576970013947002,-0.0075375701482932565,-0.05087283273537639,-0.011055735976871634,0.04782476087619562,0.014998082831009266,-0.018989578322911656,-0.03712115199615199,-0.0036382996632996654,-0.03368840788840789,-0.005625228475228488,0.035139824300878496,0.03896333993456369,MC 200000,,,,
P1B_map_P_gt_A+,"window(s=4,w=1) - normal",A+,amplification,,25,138,920,9,0,0,-0.031501610305958126,-0.053444156168365106,-0.01394885144885145,-0.04937202073811979,-0.016432444659279653,0.003974980125099375,0.003822307513489605,-0.03152173913043478,-0.053837798163594075,-0.014059274146009782,-0.0494709933597708,-0.016483516483516484,0.003974980125099375,0.003891392708432785,-0.021065496232162896,-0.03646895542728876,-0.00828042328042328,-0.03380116642616642,-0.010080479397146073,0.003974980125099375,0.008701131222631647,MC 200000,,,,
P1B_map_P_gt_A+,"window(s=4,w=2) - normal",A+,amplification,,25,138,920,9,0,0,-0.03260869565217391,-0.055799983113812894,-0.014888012686826558,-0.05123531839843896,-0.017268885949441506,0.0038449807750961244,0.003717464119870403,-0.03260869565217391,-0.05571073760100727,-0.015220299607466159,-0.050982946924698215,-0.017467248908296942,0.0038449807750961244,0.0034414044271111176,-0.021938111271444606,-0.0382061087061087,-0.008744588744588744,-0.03534926246592913,-0.01034407567740901,0.0038449807750961244,0.00933413932278319,MC 200000,,,,
P1B_map_P_gt_A+,"window(s=4,w=3) - normal",A+,amplification,,25,138,920,9,0,0,-0.03462157809983897,-0.0598623907674772,-0.015348879331606856,-0.05530222772869832,-0.018025202426514623,0.0038149809250953744,0.004086956713744768,-0.034782608695652174,-0.05916536562800413,-0.015706806282722512,-0.054878048780487805,-0.018534823052895354,0.0038149809250953744,0.0032209199067130285,-0.022906124739458075,-0.04086151996151996,-0.00890157527657528,-0.03762152477152478,-0.010445951579284914,0.0038149809250953744,0.011485909970743665,MC 200000,,,,
P1B_secondary_totalH_P_self_A+,"early(s=1) - late(s=2), w=1",A+,dev9_ref,,25,138,920,25,0,0,-0.0707378090924183,-0.20037062767920827,0.053323839222544855,-0.17337098935370904,0.031947305630329374,0.2903485482572587,0.25040315478208225,-0.08199750441237977,-0.2386587407866799,0.0563835328323431,-0.2065669858720673,0.03355759746376067,0.2999485002574987,0.2458693287946283,-0.07458084240193713,-0.3244573799601437,0.12257600702293998,-0.27805212742877233,0.09689204643491835,0.5664471677641612,0.5287684408364168,MC 200000,0.5,True,,
P1B_secondary_totalH_P_self_A+,"early(s=1) - late(s=2), w=1",A+,severe_ref2,,25,138,920,17,0,0,0.016174948240165632,-0.013032141869093315,0.05570021645021644,-0.00865822862774082,0.048478710378466204,0.3581132094339528,0.3633868778093563,0.016304347826086956,-0.011940298507462687,0.05581423571912395,-0.007801430701295848,0.048443668734661514,0.37881810590947046,0.3493861984698252,0.007645983645983643,-0.04942572150072149,0.05819422799422798,-0.03966832611832611,0.05030620490620489,0.7978460107699461,0.7887126528090583,MC 200000,0.1,True,,
P1B_secondary_totalH_P_self_A+,"early(s=1) - late(s=2), w=1",A+,severe_ref3,,25,138,920,18,0,0,-0.011574074074074073,-0.031063527600094766,0.010880197555646422,-0.02779695079113171,0.007531575343347052,0.3553282233588832,0.28126549962543523,-0.011956521739130435,-0.03379437917829558,0.013698965558879953,-0.029933813083367632,0.00949404672419495,0.43221783891080545,0.3201260757375021,-0.017490299823633162,-0.07129271885521886,0.023975254529421182,-0.06069023168189834,0.018896240179573504,0.572762136189319,0.48312081099607185,MC 200000,0.1,True,,
P1B_secondary_totalH_P_self_A+,"early(s=1) - late(s=2), w=1",A+,severe_ref4,,25,138,920,17,0,0,-0.014593397745571658,-0.03320842957065868,0.007919831007115482,-0.029973451161394424,0.004290767630096163,0.23781381093094534,0.16680743744217646,-0.015217391304347827,-0.03435820237007762,0.008403655992551294,-0.03100804512777211,0.00444510483737823,0.283678581607092,0.16421929962494472,-0.016277216610549948,-0.06592408810325476,0.020014305755972416,-0.05749942680776014,0.01564999198332531,0.6315018424907876,0.48255796635825166,MC 200000,0.1,True,,
P1B_secondary_totalH_P_self_A+,"early(s=1) - late(s=2), w=1",A+,amplification,,25,138,920,8,0,0,-0.009259259259259259,-0.027778671528671528,0.003294608792382139,-0.024507367049383857,0.001710095195759131,0.29801350993245035,0.2533075895507628,-0.010869565217391304,-0.031100616276762288,0.0025021895857241087,-0.027264317960520493,0.000964366694839211,0.3287233563832181,0.20818345432558025,-0.008031746031746032,-0.02242748917748918,0.002280062530062528,-0.019360269360269362,0.0011736892736892727,0.2899335503322483,0.22915457839165565,MC 200000,0.1,True,,
P1B_secondary_totalH_P_self_A+,"early(s=1) - late(s=3), w=1",A+,dev9_ref,,25,138,920,25,0,0,-0.16365597837889562,-0.34540926814842854,0.09529274096503751,-0.31973093101563793,0.05117959096411088,0.25169374153129237,0.15749688246928994,-0.17538477960611767,-0.34099881806245214,0.07605260428934019,-0.3181776499175748,0.03226962020099859,0.22641886790566046,0.11281087378621658,-0.03238495893806081,-0.19423193194679172,0.13863454678609807,-0.17028042524797457,0.1103737046963358,0.7146864265678672,0.7151025471208575,MC 200000,0.5,True,,
P1B_secondary_totalH_P_self_A+,"early(s=1) - late(s=3), w=1",A+,severe_ref2,,25,138,920,15,0,0,-0.0017253278122843336,-0.03192106009070294,0.032488001513736806,-0.026491258805343414,0.0257484708819344,0.9133354333228334,0.9122440102901546,-0.002173913043478261,-0.03057208079690094,0.030832522488018446,-0.025527240859139298,0.024331169390435586,0.9433752831235844,0.8838705783760479,0.0007326438993105666,-0.03330171957671957,0.03718610509860508,-0.027839369889369886,0.030734435626102268,0.9677501612491938,0.9686961166531729,MC 200000,0.1,True,,
P1B_secondary_totalH_P_self_A+,"early(s=1) - late(s=3), w=1",A+,severe_ref3,,25,138,920,15,0,0,-0.014507131354957441,-0.029304221688675473,0.00432706729375258,-0.02694891541132895,0.0010706989639573828,0.18128909355453224,0.1001784112983973,-0.014130434782608696,-0.028286582111575045,0.005555748725081129,-0.026255110152168977,0.0022814191535930877,0.26433867830660845,0.11661496698411376,0.0018672438672438685,-0.01901394901394901,0.025751473063973056,-0.015952008177008176,0.021750901875901875,0.8780606096969515,0.8750731444630588,MC 200000,0.1,True,,
P1B_secondary_totalH_P_self_A+,"early(s=1) - late(s=3), w=1",A+,severe_ref4,,25,138,920,15,0,0,-0.012264205198987806,-0.035627014814546505,0.020139986664064514,-0.03223255940776031,0.015196317130840915,0.5132424337878311,0.4120887462860252,-0.013043478260869565,-0.036585625324338344,0.02011508707416915,-0.033363406162009314,0.01540845241361842,0.5799971000144999,0.3968890720731004,0.008415263748597081,-0.015445885441718774,0.0392821248196248,-0.012502405002405001,0.033872410614077274,0.6424717876410618,0.5636386494693368,MC 200000,0.1,True,,
P1B_secondary_totalH_P_self_A+,"early(s=1) - late(s=3), w=1",A+,amplification,,25,138,920,9,0,0,-0.014133310328962503,-0.02879188937583098,-0.004100480824933381,-0.02626301777464568,-0.005529231803511387,0.015484922575387123,0.0357593795726876,-0.014130434782608696,-0.02837837837837838,-0.004651162790697674,-0.025806889901823282,-0.005912786400591279,0.030799846000769997,0.026544813154475128,-0.013465367965367967,-0.024391354016354016,-0.004194227994227995,-0.022505772005772005,-0.005525372775372776,0.015484922575387123,0.016403728450538717,MC 200000,0.1,True,,
P1B_secondary_totalH_P_self_A+,"early(s=1) - late(s=4), w=1",A+,dev9_ref,,25,138,920,25,0,0,-0.06232255809045152,-0.2652277904249109,0.22430920617411318,-0.23689705567267552,0.1783985318815213,0.6574967125164374,0.6236465541269709,-0.07276974261969796,-0.27338453460992973,0.2185206978746675,-0.2445961937007043,0.1688177741248723,0.6172769136154319,0.5666440490021227,-0.01100613026352388,-0.21955431894939198,0.19041148556643067,-0.18416348550187456,0.15839647452768446,0.919000404997975,0.9176485232726086,MC 200000,0.5,True,,
P1B_secondary_totalH_P_self_A+,"early(s=1) - late(s=4), w=1",A+,severe_ref2,,25,138,920,15,0,0,-0.0038963653094087882,-0.050882654062139814,0.06041609449162685,-0.044638492411279436,0.05194099977954143,0.926240368798156,0.8986867383648672,-0.0010869565217391304,-0.050562081871699485,0.06688043436131313,-0.043875685557586835,0.05825242718446602,1.0,0.9733615426296942,0.012438832772166104,-0.022854990379990375,0.04961449414782747,-0.017371312329645658,0.04375852974186306,0.5279473602631987,0.5250454141466054,MC 200000,0.1,True,,
P1B_secondary_totalH_P_self_A+,"early(s=1) - late(s=4), w=1",A+,severe_ref3,,25,138,920,18,0,0,-0.002659880377271682,-0.036407155454774506,0.03204300337870672,-0.03161956002748373,0.0296257098385331,0.9918600406997965,0.9000394247619556,0.0,-0.03660035016053299,0.03881008292287048,-0.031349191714303275,0.03583617747440273,1.0,1.0,0.008804393137726473,-0.025859467692801022,0.03887598003848002,-0.019673340548340548,0.03426802549302549,0.6300818495907521,0.6054571028778135,MC 200000,0.1,True,,
P1B_secondary_totalH_P_self_A+,"early(s=1) - late(s=4), w=1",A+,severe_ref4,,25,138,920,15,0,0,-0.005319760754543364,-0.02717339476440983,0.02244036844424012,-0.023773207425727725,0.018785763540890357,0.8308258458707707,0.7004231678662189,-0.005434782608695652,-0.0284143868067318,0.02391857226158563,-0.02486853101597182,0.020061728395061727,0.878600606996965,0.7104710605022866,0.0029012345679012346,-0.03162776575276575,0.03771216129549461,-0.026113957030623695,0.03186938832772165,0.8682106589467052,0.8759968100970672,MC 200000,0.1,True,,
P1B_secondary_totalH_P_self_A+,"early(s=1) - late(s=4), w=1",A+,amplification,,25,138,920,11,0,0,-0.019568092937658155,-0.035353616603616606,-0.006641317380877923,-0.03235700931013431,-0.008628075741079023,0.019274903625481874,0.0104445071943518,-0.021739130434782608,-0.03807986439608956,-0.008323383265084661,-0.03488534493958685,-0.010484790534989602,0.021419892900535496,0.006209493498891137,-0.013942841109507775,-0.02906169632836299,-0.0012412758537758562,-0.02613173801507135,-0.0030163019079685756,0.05608471957640212,0.06737628220022443,MC 200000,0.1,True,,
P1B_secondary_totalH_P_self_A+,"early(s=1) - late(s=2), w=2",A+,dev9_ref,,25,138,920,25,0,0,-0.0852490821532335,-0.1464846755661431,-0.008823417736062746,-0.13768029700993245,-0.02149037039415105,0.05249473752631237,0.024308589510517554,-0.08320358775624177,-0.1469330440151404,-0.003806605365938605,-0.1377457648112001,-0.016408673105915143,0.0698196509017455,0.03451392514647432,-0.09802721145321401,-0.16669703132278332,-0.03217206931778201,-0.1553633267479278,-0.04251928146258242,0.00790996045019775,0.010180874715160047,MC 200000,0.5,True,,
P1B_secondary_totalH_P_self_A+,"early(s=1) - late(s=2), w=2",A+,severe_ref2,,25,138,920,15,0,0,-0.008238440303657694,-0.04088228550067825,0.02968676937472752,-0.035729585394763966,0.022496533062043716,0.6516917415412923,0.6332727957624115,-0.005434782608695652,-0.03699097694633409,0.03138540271387805,-0.03194496658312448,0.023670041223814445,0.8057559712201439,0.7404695968960743,-0.00964301747635081,-0.04101769079685746,0.026033413500080163,-0.03667958152958153,0.019370386403719738,0.5959970200149,0.5886098107538288,MC 200000,0.1,True,,
P1B_secondary_totalH_P_self_A+,"early(s=1) - late(s=2), w=2",A+,severe_ref3,,25,138,920,11,0,0,-0.013227513227513225,-0.030574199665252967,0.00772005772005772,-0.02830873730561176,0.004676279357748919,0.32122339388303056,0.2089709349335787,-0.011956521739130435,-0.030303030303030304,0.010321185488890692,-0.02758693901456915,0.007163397101823311,0.4450877745611272,0.274933321426878,-0.020409010742344073,-0.04869703383036717,0.0008632315215648496,-0.04359958714125381,-0.0014794572711239386,0.12251938740306298,0.13509833613983002,MC 200000,0.1,True,,
P1B_secondary_totalH_P_self_A+,"early(s=1) - late(s=2), w=2",A+,severe_ref4,,25,138,920,13,0,0,-0.018461007591442372,-0.034023619086683075,0.002025024295432451,-0.03179408420410511,-0.001203682369004951,0.11501442492787536,0.059342238363559,-0.01956521739130435,-0.035326086956521736,0.0016980101635791528,-0.033165912481145365,-0.0013623051400396683,0.1453442732786336,0.05639863065459422,-0.022085618085618083,-0.0417362012987013,-0.004953763828763844,-0.038297138047138045,-0.007309992784992785,0.028289858550707245,0.03127441642166137,MC 200000,0.1,True,,
P1B_secondary_totalH_P_self_A+,"early(s=1) - late(s=2), w=2",A+,amplification,,25,138,920,4,0,0,-0.00677191166321601,-0.02423162703050831,0.007142857142857142,-0.020952380952380948,0.00481004599155284,0.37621811890940543,0.37627440466566875,-0.007608695652173913,-0.02564102564102564,0.006593406593406593,-0.022223988694576927,0.004367050850693198,0.37621811890940543,0.332755407060888,-0.007012987012987012,-0.022207792207792204,0.003658008658008658,-0.019870129870129868,0.0019047619047619048,0.37621811890940543,0.33353015207286396,MC 200000,0.1,True,,
P1B_secondary_totalH_P_self_A+,"early(s=1) - late(s=3), w=2",A+,dev9_ref,,25,138,920,25,0,0,-0.11311175745815999,-0.25061247981916557,0.08129876810874326,-0.23100144265712896,0.048137177108630455,0.34007829960850194,0.2069675205981279,-0.12312196720934433,-0.2637728614964286,0.07894680001586878,-0.24421009164801993,0.04581892204725224,0.32757836210818947,0.18649572575723056,-0.09770138107625263,-0.21769905534318282,0.02378288291364363,-0.2007123312768218,0.004590077121033632,0.134839325803371,0.13416384143805932,MC 200000,0.5,True,,
P1B_secondary_totalH_P_self_A+,"early(s=1) - late(s=3), w=2",A+,severe_ref2,,25,138,920,17,0,0,-0.014003910743041179,-0.043064605653393144,0.02832396685425773,-0.03919181610981231,0.02099360174781521,0.5279823600881995,0.45136300786747263,-0.009782608695652175,-0.03888025300171526,0.03301954565170244,-0.03516330215825891,0.026163980131694117,0.6968165159174204,0.6025857598505615,-0.009880551547218215,-0.042269089706589706,0.026351541205707832,-0.03769504569504569,0.019960317460317435,0.6044069779651102,0.5872240094257969,MC 200000,0.1,True,,
P1B_secondary_totalH_P_self_A+,"early(s=1) - late(s=3), w=2",A+,severe_ref3,,25,138,920,14,0,0,-0.010653899240855764,-0.03612602398965459,0.019766927981941573,-0.032439633837715046,0.01619611273405379,0.7101414492927536,0.5027134815623742,-0.009782608695652175,-0.0372195778235894,0.023551182110964713,-0.03333333333333333,0.019355284879311107,0.809835950820246,0.5708699721419672,-0.007050665383998717,-0.03957249078082411,0.01982810245310245,-0.0333171797338464,0.01580549543049542,0.6913765431172844,0.6470320589754062,MC 200000,0.1,True,,
P1B_secondary_totalH_P_self_A+,"early(s=1) - late(s=3), w=2",A+,severe_ref4,,25,138,920,14,0,0,-0.013673222912353346,-0.033151832108995034,0.008886419284025665,-0.030336896663427277,0.006488875238875235,0.47428262858685705,0.2611951199085819,-0.016304347826086956,-0.037370283928910356,0.00797485330564032,-0.034327397637352625,0.005692707680470967,0.4996425017874911,0.22135697325176568,-0.007188071188071187,-0.026679262866762865,0.01261888528138528,-0.023747174122174124,0.008850108225108202,0.49526252368738155,0.482506114836742,MC 200000,0.1,True,,
P1B_secondary_totalH_P_self_A+,"early(s=1) - late(s=3), w=2",A+,amplification,,25,138,920,8,0,0,-0.0122210720036807,-0.024013826990333706,-0.0024465549998131456,-0.021707795312626992,-0.0039030616216408584,0.046849765751171245,0.030632056913494604,-0.014130434782608696,-0.026144265845873232,-0.004098360655737705,-0.02392995069111919,-0.005662140569112031,0.046849765751171245,0.015723133572086358,-0.007392095558762226,-0.01941304112554112,0.0023982683982683977,-0.01731924001924002,0.0010592191758858416,0.23405882970585148,0.21487207819021514,MC 200000,0.1,True,,
P1B_secondary_totalH_P_self_A+,"early(s=1) - late(s=4), w=2",A+,dev9_ref,,25,138,920,25,0,0,-0.1557042295048211,-0.34579739041844565,0.12867585947291227,-0.32105245604468485,0.07591763476621381,0.3488582557087215,0.21954344269037906,-0.16766426075339952,-0.35489601826522454,0.1147489808592907,-0.3305397032797328,0.06437216967548269,0.3189234053829731,0.18364302815914013,-0.1133361550620679,-0.30114882512626384,0.06633621325585157,-0.2714473053630105,0.037612262883502126,0.2599887000564997,0.2537149249435069,MC 200000,0.5,True,,
P1B_secondary_totalH_P_self_A+,"early(s=1) - late(s=4), w=2",A+,severe_ref2,,25,138,920,19,0,0,-0.03073959052219922,-0.07591390212861872,0.03518954058588198,-0.06993041099256948,0.024402628434886473,0.48007259963700183,0.30802167805312664,-0.02717391304347826,-0.07464702876564491,0.04161213646532436,-0.06841615724203132,0.030642377428781353,0.6178119109404453,0.3917859391161519,-0.015608625941959277,-0.060137660333493666,0.03616110710277376,-0.053622009780343115,0.026672426647426643,0.5580922095389523,0.537415061404146,MC 200000,0.1,True,,
P1B_secondary_totalH_P_self_A+,"early(s=1) - late(s=4), w=2",A+,severe_ref3,,25,138,920,13,0,0,-0.019007361398665747,-0.04873028273809524,0.019346664735215596,-0.04429534998973472,0.01430863050348344,0.5593372033139834,0.3264521696647694,-0.017391304347826087,-0.049684556383873486,0.02488696064077168,-0.04508215199042115,0.019011923458422873,0.697916510417448,0.41204425073010664,-0.007402597402597402,-0.03936375661375661,0.021004419191919192,-0.034258838383838384,0.01718494468494468,0.6798916005419973,0.6460171842216647,MC 200000,0.1,True,,
P1B_secondary_totalH_P_self_A+,"early(s=1) - late(s=4), w=2",A+,severe_ref4,,25,138,920,13,0,0,-0.02557798481711525,-0.04448347904142408,0.00021109265913061485,-0.04171667404542712,-0.004256190430847665,0.10533447332763336,0.03727358783754858,-0.02608695652173913,-0.04548974921478347,0.0,-0.042625897374163196,-0.004014729129283109,0.13620931895340524,0.04019259171358301,-0.018776895943562612,-0.04930764991181658,0.007137239458072788,-0.04381051787718454,0.003358076799743464,0.2381238093809531,0.21946725278880297,MC 200000,0.1,True,,
P1B_secondary_totalH_P_self_A+,"early(s=1) - late(s=4), w=2",A+,amplification,,25,138,920,9,0,0,-0.012307338394294914,-0.030043537856037854,0.005817266581155467,-0.026914208476708477,0.002472271543711593,0.22247388763056183,0.1675409770528913,-0.016304347826086956,-0.037296096041055715,0.0033447621826670514,-0.033624672005971495,0.0,0.18733906330468347,0.11004003808677451,-0.004280102613435948,-0.015869929453262786,0.0067039041205707835,-0.013916185666185665,0.005053230719897381,0.4892975535122324,0.4734582325662998,MC 200000,0.1,True,,
P1B_secondary_totalH_P_self_A+,"early(s=1) - late(s=2), w=3",A+,dev9_ref,,25,138,920,25,0,0,-0.015942358110971493,-0.15181265206968708,0.18393208071957373,-0.1354922368696046,0.14594767992874136,0.8711456442717787,0.8531257883100465,-0.022855344821029983,-0.15546890626682908,0.17181511867394547,-0.1393375767700697,0.13390111764359633,0.8035809820950895,0.7834598455102434,-0.049286650644823876,-0.16524222295808638,0.08010725399792228,-0.14924290174320565,0.05764279280227299,0.45514772426137867,0.4468980710419306,MC 200000,0.5,True,,
P1B_secondary_totalH_P_self_A+,"early(s=1) - late(s=2), w=3",A+,severe_ref2,,25,138,920,15,0,0,-0.004255808603634688,-0.027280082193604203,0.021031087838557186,-0.02316100200280991,0.01635154423526514,0.7275863620681896,0.7178807986623421,-0.0010869565217391304,-0.024110299565999787,0.0245917426557882,-0.019952618453865333,0.020001112347052263,1.0,0.9265300503120233,-0.012533509700176367,-0.037396398508898504,0.011842604617604604,-0.0336317139650473,0.008009551867885191,0.35313823430882846,0.34683952758054204,MC 200000,0.1,True,,
P1B_secondary_totalH_P_self_A+,"early(s=1) - late(s=2), w=3",A+,severe_ref3,,25,138,920,13,0,0,-0.0018259719346675868,-0.02158595487518447,0.02843403879222871,-0.01924625468164794,0.0222986492922892,0.8903805480972595,0.8852390842518938,-0.002173913043478261,-0.022862223451148907,0.028968771668655795,-0.020128124663905723,0.022556390977443608,0.9368053159734201,0.8668827669664941,-0.009101410934744269,-0.03991764870931537,0.015546635000801655,-0.03416473865640532,0.012298336540003195,0.6060169699151504,0.5394145310260687,MC 200000,0.1,True,,
P1B_secondary_totalH_P_self_A+,"early(s=1) - late(s=2), w=3",A+,severe_ref4,,25,138,920,11,0,0,-0.0050609615827007124,-0.02336600340846447,0.021846013939763927,-0.021348142398466198,0.017141359580269334,0.727001364993175,0.671554025288346,-0.007608695652173913,-0.025641848523748394,0.019037633354746418,-0.023480919080236837,0.014361722110562183,0.6275218623906881,0.5179731932866567,-0.012342953342953343,-0.034413480038480035,0.007515873015873011,-0.030340848965848967,0.004180399230399216,0.2784986075069625,0.26143804542344634,MC 200000,0.1,True,,
P1B_secondary_totalH_P_self_A+,"early(s=1) - late(s=2), w=3",A+,amplification,,25,138,920,5,0,0,-0.005564182194616977,-0.010892538007939252,0.0016006883522639817,-0.009958071278825996,2.776959358311135e-19,0.2517437412812936,0.06749304391991484,-0.006521739130434782,-0.013295490169734426,0.0012563209127397991,-0.012064858167820765,0.0,0.2517437412812936,0.06727363435031265,-0.0006556036556036555,-0.005402116402116401,0.005354497354497354,-0.00473063973063973,0.00409090909090909,0.8754156229218854,0.8152152128094577,MC 200000,0.1,True,,
P1B_secondary_totalH_P_self_A+,"early(s=1) - late(s=3), w=3",A+,dev9_ref,,25,138,920,25,0,0,-0.12558840885795014,-0.2874746441586012,0.12324838924148218,-0.2700405215437816,0.07755755613266241,0.3272883635581822,0.242543400879983,-0.1384183460048221,-0.2959318500878848,0.10823547478109491,-0.277350747551959,0.06175213982838553,0.2893785531072345,0.18919315930606237,-0.06832901995938816,-0.2319139516398627,0.09670106681929665,-0.20551758890597674,0.06951825787138506,0.4337728311358443,0.4346746208060286,MC 200000,0.5,True,,
P1B_secondary_totalH_P_self_A+,"early(s=1) - late(s=3), w=3",A+,severe_ref2,,25,138,920,16,0,0,-0.012781803542673106,-0.045003726171489324,0.03918886251758082,-0.040932769948727396,0.029153724282590183,0.5864970675146625,0.5418605928328201,-0.009782608695652175,-0.04265500120623507,0.043815253211624536,-0.038262799949348926,0.0339400708936936,0.71400142999285,0.6495821405578203,-0.006280984447651113,-0.039045582812249485,0.027953042328042303,-0.033739313772647106,0.022296035754369087,0.7163864180679097,0.7170827886841452,MC 200000,0.1,True,,
P1B_secondary_totalH_P_self_A+,"early(s=1) - late(s=3), w=3",A+,severe_ref3,,25,138,920,15,0,0,-0.013112491373360935,-0.036310047569752535,0.020712448559670762,-0.03313929853527962,0.014568547737839069,0.4737526312368438,0.37835421068976494,-0.013043478260869565,-0.0371900826446281,0.022474521390095013,-0.03380801149291173,0.01649079830142427,0.545797271013645,0.4054162323018924,-0.005774891774891774,-0.03860872414622414,0.021148112073112048,-0.03261488696488696,0.017513804713804707,0.7473562632186839,0.7143462342496323,MC 200000,0.1,True,,
P1B_secondary_totalH_P_self_A+,"early(s=1) - late(s=3), w=3",A+,severe_ref4,,25,138,920,14,0,0,-0.017454566367609847,-0.04021327143343586,0.014385085978835975,-0.037022845256790206,0.00969317183840749,0.404717976410118,0.24024323052951457,-0.01956521739130435,-0.0425531914893617,0.013136829141820058,-0.039426805965424055,0.008287521874971364,0.4069129654351728,0.19910080578616063,-0.0008970658970658946,-0.027110419672919675,0.03022378547378547,-0.023497113997113996,0.02487902837902837,0.9594552027239864,0.9529837534526449,MC 200000,0.1,True,,
P1B_secondary_totalH_P_self_A+,"early(s=1) - late(s=3), w=3",A+,amplification,,25,138,920,7,0,0,-0.002846790890269151,-0.011664281840456337,0.013859126984126972,-0.010785843612946416,0.01027690563404849,0.7038264808675957,0.656355854305275,-0.005434782608695652,-0.014579809227682787,0.010667379679144374,-0.013474789578969219,0.007084243931439283,0.5474122629386853,0.3821199903292236,0.005109026775693442,-0.005561968895302229,0.021285072951739616,-0.004636042969376303,0.018377745711079037,0.7022714886425568,0.4916820610440351,MC 200000,0.1,True,,
P1B_secondary_totalH_P_self_A+,"early(s=1) - late(s=4), w=3",A+,dev9_ref,,25,138,920,25,0,0,-0.2755505096689095,-0.47796275397066385,0.03149055668350373,-0.45220274875347366,-0.024873890829830367,0.11933440332798335,0.04312946427302782,-0.2912631274152177,-0.4886829236814162,0.012554290228923105,-0.46390463117883296,-0.042292999012952595,0.10165949170254149,0.030154044846117625,-0.16223794519075174,-0.3818780918246133,0.05864868789212021,-0.346148537333791,0.02000355030903741,0.16628916855415724,0.16487916464638946,MC 200000,0.5,True,,
P1B_secondary_totalH_P_self_A+,"early(s=1) - late(s=4), w=3",A+,severe_ref2,,25,138,920,18,0,0,-0.05168794570968484,-0.09277516708437762,0.009571708683473372,-0.08756851226050044,-0.0009681038181038205,0.14431927840360798,0.06666351658288863,-0.05,-0.09407682402998341,0.014644383739326063,-0.08807172986137035,0.004047014306448212,0.21339393303033485,0.09655043904131824,-0.03769055635722302,-0.07353331529581528,-0.0004813712522045903,-0.06797846721180055,-0.006353122494789174,0.05800470997645012,0.058059911649002816,MC 200000,0.1,True,,
P1B_secondary_totalH_P_self_A+,"early(s=1) - late(s=4), w=3",A+,severe_ref3,,25,138,920,15,0,0,-0.022486772486772486,-0.050998294104492574,0.02292250934829057,-0.047507978078523604,0.01489988821329321,0.3814680926595367,0.24602076286809363,-0.021739130434782608,-0.05211433694554246,0.026258564996963843,-0.04835965775124104,0.018334659322725398,0.47113764431177846,0.29327602950035564,-0.0016539201539201524,-0.04080667989417989,0.037436423761423754,-0.03412358104858105,0.03085721500721499,0.9323703381483093,0.9353293486706329,MC 200000,0.1,True,,
P1B_secondary_totalH_P_self_A+,"early(s=1) - late(s=4), w=3",A+,severe_ref4,,25,138,920,14,0,0,-0.027260179434092476,-0.0474813346739138,0.0021542835884353732,-0.04466969987228608,-0.0026557453344647707,0.12981935090324548,0.04202869680096243,-0.02826086956521739,-0.048373981005676775,0.0015831745934209857,-0.04566912529001899,-0.0032048717948717984,0.14727426362868185,0.038321386658758706,-0.011546256212922879,-0.0464169392336059,0.024264752685586016,-0.04041861071027738,0.01796133156966489,0.5385223073884631,0.5349710816969728,MC 200000,0.1,True,,
P1B_secondary_totalH_P_self_A+,"early(s=1) - late(s=4), w=3",A+,amplification,,25,138,920,8,0,0,-0.0051903611686220374,-0.01714971833868473,0.013134074799076223,-0.015437556926918627,0.009111412829594644,0.553637231813841,0.4842413194649925,-0.008695652173913044,-0.02220035878461711,0.00960038461538461,-0.020080321285140562,0.005624376066915684,0.4205528972355138,0.26354396615157716,0.0031725990059323396,-0.009041205707872374,0.020209636042969374,-0.007673080006413338,0.01675665383998717,0.8029709851450743,0.687078541931823,MC 200000,0.1,True,,
P1B_map_P_self_A+,"window(s=1,w=1) - normal",A+,dev9_ref,,25,138,920,25,0,0,-0.7777353928042967,-0.978028071930075,-0.4805583021037996,-0.9508266479235424,-0.5318301946330191,0.0002599987000065,2.114609394657118e-06,-0.8016971090331315,-1.003144394691259,-0.4945642387618115,-0.9741591299894274,-0.5465953050989965,0.000284998575007125,1.9758052136509333e-06,-0.57291456847767,-0.847625021773935,-0.3119161184640278,-0.8010407825163659,-0.35024689987564317,0.00021499892500537497,0.0003525201760343969,MC 200000,,,,
P1B_map_P_self_A+,"window(s=1,w=2) - normal",A+,dev9_ref,,25,138,920,25,0,0,-1.014843081419667,-1.2253454410252678,-0.6837253203081083,-1.1966032635461086,-0.743576594121891,4.9999750001249995e-06,1.0528245852579296e-07,-1.03566746253753,-1.2466385959930943,-0.6959698784970513,-1.2171738692378404,-0.7593927391667499,9.999950000249999e-06,9.873597565837385e-08,-0.7877296671565732,-1.0625484371553113,-0.5247366870141901,-1.0173639447029923,-0.5614144685149398,4.9999750001249995e-06,8.84597202458515e-06,MC 200000,,,,
P1B_map_P_self_A+,"window(s=1,w=3) - normal",A+,dev9_ref,,25,138,920,25,0,0,-1.1440468627150133,-1.3975224229349863,-0.7612648103227712,-1.3598259081241266,-0.8336492815631432,2.4999875000624998e-05,1.2547163734372839e-07,-1.1664538646867688,-1.4060990028426583,-0.7830121666621378,-1.375152435384619,-0.8544350011263723,2.4999875000624998e-05,7.330433922756978e-08,-0.8501499006739682,-1.143346417482918,-0.5582169371075092,-1.0990691101802763,-0.6024501398572433,9.999950000249999e-06,1.0058849445789688e-05,MC 200000,,,,
P1B_map_P_self_A+,"window(s=2,w=1) - normal",A+,dev9_ref,,25,138,920,25,0,0,-0.7069975837118784,-0.8793314285173123,-0.4308468278980263,-0.8572875650856001,-0.4834850573935556,0.0007899960500197499,1.6078620004346447e-06,-0.7196996046207518,-0.9096745768576513,-0.40513780022051576,-0.8882391345802464,-0.46335373743873876,0.0018199909000454998,7.665369617985541e-06,-0.4983337260757328,-0.8080468321000938,-0.15794101505675393,-0.7613415485362207,-0.21353098200448248,0.007299963500182499,0.007491850273346829,MC 200000,,,,
P1B_map_P_self_A+,"window(s=2,w=2) - normal",A+,dev9_ref,,25,138,920,25,0,0,-0.9295939992664335,-1.126173381119455,-0.6195808311815324,-1.0959950995874972,-0.6742566910856329,4.4999775001124996e-05,9.946960607737256e-08,-0.9524638747812884,-1.1421382789954833,-0.6416179465091559,-1.1151986866324028,-0.6922366366568361,3.4999825000875e-05,5.336833632761941e-08,-0.6897024557033591,-0.9464261203048973,-0.4442274431367209,-0.9031579648869086,-0.479407960439291,9.999950000249999e-06,2.4386196386221572e-05,MC 200000,,,,
P1B_map_P_self_A+,"window(s=2,w=3) - normal",A+,dev9_ref,,25,138,920,25,0,0,-1.1281045046040417,-1.3686288435265321,-0.8003261423488249,-1.3316090674359744,-0.8605418932027661,9.999950000249999e-06,2.338713052486082e-08,-1.1435985198657386,-1.3673619287208565,-0.8160047703548513,-1.3355565545629506,-0.8763881278410889,9.999950000249999e-06,1.064263511228938e-08,-0.8008632500291444,-1.085271480731951,-0.5304945509883715,-1.0398195293658654,-0.5746755870989836,9.999950000249999e-06,1.0529293595273136e-05,MC 200000,,,,
P1B_map_P_self_A+,"window(s=3,w=1) - normal",A+,dev9_ref,,25,138,920,25,0,0,-0.614079414425401,-0.8097070541863961,-0.39154828935703107,-0.7717263634420585,-0.4346929831515435,0.00010999945000274999,2.2150494996500805e-06,-0.626312329427014,-0.8186045077024089,-0.40214958902890513,-0.7822118968507419,-0.4458797528136415,0.00017499912500437497,1.4862090980174781e-06,-0.540529609539609,-0.7988918651126405,-0.2986058261404164,-0.7526443803304882,-0.33611148243842487,0.00010999945000274999,0.00034355845355046676,MC 200000,,,,
P1B_map_P_self_A+,"window(s=3,w=2) - normal",A+,dev9_ref,,25,138,920,25,0,0,-0.9017313239615068,-1.0812878413266502,-0.6659981793097975,-1.054918606576626,-0.710755400282057,4.9999750001249995e-06,4.630527596814202e-09,-0.9125454953281857,-1.0839378782077422,-0.6806669112009633,-1.057975069380938,-0.7245751942188008,4.9999750001249995e-06,1.9782204130929e-09,-0.6900282860803206,-0.9083499877501954,-0.4732015600753987,-0.8753594741785878,-0.5066409093229881,4.9999750001249995e-06,3.2609361148058527e-06,MC 200000,,,,
P1B_map_P_self_A+,"window(s=3,w=3) - normal",A+,dev9_ref,,25,138,920,25,0,0,-1.0184584538570631,-1.2270350365783462,-0.7494762145670788,-1.1923455219751153,-0.8033536139927997,4.9999750001249995e-06,3.8339783266538135e-09,-1.0280355186819465,-1.2266655710824665,-0.7646086625026464,-1.1950000400976035,-0.8172907013225775,4.9999750001249995e-06,1.7700701559462053e-09,-0.7818208807145801,-1.021366148844222,-0.5413061867181075,-0.9829691157737218,-0.5801246845938579,4.9999750001249995e-06,1.6619054230951447e-06,MC 200000,,,,
P1B_map_P_self_A+,"window(s=4,w=1) - normal",A+,dev9_ref,,25,138,920,24,0,0,-0.7154128347138452,-0.8932304596120442,-0.5191583245123137,-0.8637036380377748,-0.5540035324181269,9.999950000249999e-06,3.5063585479774475e-08,-0.7289273664134336,-0.9049133270451947,-0.5337629103274014,-0.8742462138684538,-0.5680439648810152,4.9999750001249995e-06,1.843743564488648e-08,-0.5619084382141459,-0.7614501204568357,-0.3731581166250095,-0.7281501776315079,-0.4015821729819549,9.999950000249999e-06,9.006412983358228e-06,MC 200000,,,,
P1B_map_P_self_A+,"window(s=4,w=2) - normal",A+,dev9_ref,,25,138,920,25,0,0,-0.8591388519148457,-1.065793475618157,-0.6365551019466674,-1.0271157394540116,-0.6779381395260139,4.9999750001249995e-06,1.6110146986463756e-08,-0.8680032017841306,-1.06349311327196,-0.6470805694663592,-1.0302748931573056,-0.6890366007973414,4.9999750001249995e-06,6.527981280787711e-09,-0.6743935120945053,-0.8859184937876468,-0.46677772223838226,-0.8536934069790024,-0.49607590566423726,4.9999750001249995e-06,2.9565866666467278e-06,MC 200000,,,,
P1B_map_P_self_A+,"window(s=4,w=3) - normal",A+,dev9_ref,,25,138,920,25,0,0,-0.8684963530461038,-1.0616921310992635,-0.6503968042041219,-1.0278580755945999,-0.6902998942059121,4.9999750001249995e-06,6.478912831743132e-09,-0.875190737271551,-1.0568063201328968,-0.6606645169569115,-1.0272661402565768,-0.697936372107481,4.9999750001249995e-06,2.928434921183523e-09,-0.6879119554832164,-0.8948065568052148,-0.48719228307613804,-0.8619866666469662,-0.5166972045318952,4.9999750001249995e-06,1.6753025490334054e-06,MC 200000,,,,
P1B_secondary_totalH_T_gt_A+,"early(s=1) - late(s=2), w=1",A+,amplification,,25,138,920,10,0,0,-0.000531976075454336,-0.00919623552210875,0.01082269871332371,-0.007720570000867956,0.008833913670870188,0.9171154144229279,0.9133796094378216,0.0010869565217391304,-0.008275862068965517,0.013205338739269292,-0.006666984429615507,0.011173630570974702,1.0,0.8347207765387511,0.0065545935545935526,-0.003313395863395863,0.020942989417989416,-0.002117893217893217,0.018100336700336696,0.39777301113494434,0.3155549435488022,MC 200000,0.1,True,,
P1B_secondary_totalH_T_gt_A+,"early(s=1) - late(s=2), w=1",A+,amp2,,25,138,920,11,0,0,-0.00651311249137336,-0.01763706440430578,0.006672562675124383,-0.015692841109507777,0.00398312649332017,0.3211083944580277,0.2693054399084485,-0.005434782608695652,-0.017268762343647135,0.007968525101192033,-0.015213051882650328,0.005257900271182685,0.5038924805375973,0.37310523605830215,0.0003229918229918226,-0.018344522607022608,0.018879779942279934,-0.015267496392496393,0.0156404882154882,0.9756651216743917,0.9735870058970828,MC 200000,0.1,True,,
P1B_secondary_totalH_T_gt_A+,"early(s=1) - late(s=2), w=1",A+,amp4,,25,138,920,10,0,0,0.0013083735909822868,-0.007584399031767453,0.01187380952380951,-0.006008582621773201,0.010062602627257796,0.7989310053449733,0.7833122873856753,0.003260869565217391,-0.007714996172543717,0.015244160810252167,-0.00573929319414898,0.013136288998357963,0.6972765136174319,0.5589749619695716,0.007665063331729997,-0.0027003367003366995,0.02230580006413339,-0.0015101090267756931,0.019617925284591945,0.2926185369073155,0.25576808585437427,MC 200000,0.1,True,,
P1B_secondary_totalH_T_gt_A+,"early(s=1) - late(s=2), w=1",A+,fde5,,25,138,920,25,0,0,0.1262966890268991,-0.042301311955788505,0.2790751682922367,-0.013582683223183364,0.250197731919919,0.17319913400432999,0.11921214652778264,0.15667355246789025,-0.03051787427023667,0.3197130710927044,0.0020438004207859986,0.2911152654991396,0.14019429902850486,0.07702368767053919,0.06951683738825203,-0.09882828728628718,0.24450404637052608,-0.07421446334914178,0.21349486191752695,0.45471272643636784,0.44808489192577405,MC 200000,0.5,True,,
P1B_secondary_totalH_T_gt_A+,"early(s=1) - late(s=3), w=1",A+,amplification,,25,138,920,9,0,0,0.00651311249137336,-0.00814192416006932,0.023159166191953073,-0.00567790758324739,0.019774072378239034,0.4061979690101549,0.381791692009824,0.007608695652173913,-0.008557500810926757,0.025788107745485966,-0.005894025466137821,0.02230507664237137,0.4297428512857436,0.35114141380283814,0.018815135481802147,-0.005379509379509378,0.05784008738175403,-0.00343706910373577,0.05217187750521082,0.37155814220928896,0.29898943889035895,MC 200000,0.1,True,,
P1B_secondary_totalH_T_gt_A+,"early(s=1) - late(s=3), w=1",A+,amp2,,25,138,920,9,0,0,0.0023291925465838506,-0.011770362680686612,0.0205762255564567,-0.009544691181999389,0.017127110397088627,0.8103909480452598,0.7686981062358318,0.003260869565217391,-0.012035703821798955,0.023170786052780314,-0.009630888897009835,0.019335656797930416,0.8141359293203534,0.7041944884670314,0.018046897546897547,-0.006065897065897065,0.05589970538720538,-0.004232804232804232,0.05084747474747474,0.42593787031064845,0.3212686611751726,MC 200000,0.1,True,,
P1B_secondary_totalH_T_gt_A+,"early(s=1) - late(s=3), w=1",A+,amp4,,25,138,920,10,0,0,0.005132850241545893,-0.008915724509936333,0.022346917302274442,-0.006418537659329932,0.018905969186868047,0.48773256133719334,0.4855264256533378,0.006521739130434782,-0.009370018862667903,0.02510929492931347,-0.006635175942624669,0.021505376344086023,0.515482422587887,0.4257995678423555,0.023136283469616808,-0.006769955507455507,0.07465174162257494,-0.0048134078884078885,0.06900945967612633,0.47722261388693055,0.3309021744170503,MC 200000,0.1,True,,
P1B_secondary_totalH_T_gt_A+,"early(s=1) - late(s=3), w=1",A+,fde5,,25,138,920,25,0,0,0.11714794299075552,-0.046340024438570326,0.3112030855302236,-0.018139545959243053,0.2737642630548184,0.19876900615496923,0.18786577017385706,0.1546942888136299,-0.021521952542080013,0.3568651721970396,0.0071730896308084815,0.3161342737016119,0.12815935920320398,0.10206179678958203,0.10045788836164046,-0.09107303555218993,0.31010214513215983,-0.06197179447808759,0.2724508938862895,0.3588232058839706,0.3496801128895738,MC 200000,0.5,True,,
P1B_secondary_totalH_T_gt_A+,"early(s=1) - late(s=4), w=1",A+,amplification,,25,138,920,9,0,0,0.017210144927536235,0.0011265202454438577,0.037854422344477355,0.003584020681671454,0.033962954055546654,0.06539967300163499,0.06280382400652651,0.01847826086956522,0.0009860964183164578,0.03924951318076174,0.003698681869679363,0.03540829537220484,0.08494957525212374,0.054260657207043754,0.03263748597081931,0.0028000440917107586,0.0836848244348244,0.004653679653679655,0.07707812249478915,0.03848980755096224,0.16946111116592008,MC 200000,0.1,True,,
P1B_secondary_totalH_T_gt_A+,"early(s=1) - late(s=4), w=1",A+,amp2,,25,138,920,10,0,0,0.009086726478030827,-0.00419449654747241,0.027108462670022808,-0.002273561507936507,0.02397647829063758,0.260758696206519,0.26977791347545566,0.009782608695652175,-0.004360504742461515,0.028400597907324365,-0.0024279253648185678,0.02503498817040708,0.29801850990745044,0.24982517048669908,0.010855379188712521,-0.008844797178130512,0.030354417187750518,-0.005637325637325636,0.02715115440115438,0.3209283953580232,0.29748942284483987,MC 200000,0.1,True,,
P1B_secondary_totalH_T_gt_A+,"early(s=1) - late(s=4), w=1",A+,amp4,,25,138,920,10,0,0,0.01351506786289395,-0.005745287698412697,0.03080647687767806,-0.002486401888341543,0.027670628349501857,0.20442897785511072,0.14779193480941463,0.015217391304347827,-0.007949336448322249,0.03394767275358578,-0.0038527113426474057,0.030967509636972056,0.28344858275708623,0.16344787698357774,0.0254987974987975,-0.0049397126022126025,0.07606640812890812,-0.00294035594035594,0.06974247234247233,0.32004339978300106,0.2857606945906006,MC 200000,0.1,True,,
P1B_secondary_totalH_T_gt_A+,"early(s=1) - late(s=4), w=1",A+,fde5,,25,138,920,25,0,0,0.084553808215353,-0.1533700980758906,0.3103135407646537,-0.1155463611099747,0.2701055093863053,0.48273258633706834,0.46156940554910975,0.12306170379403207,-0.1468144754828684,0.36070424044923916,-0.10389919826376867,0.3222254337442566,0.37893810530947347,0.3343226744809963,0.009700398050982082,-0.2155206609109948,0.24556858159528913,-0.18108871914116026,0.2084770915018914,0.9373003134984325,0.9371736038573553,MC 200000,0.5,True,,
P1B_secondary_totalH_T_gt_A+,"early(s=1) - late(s=2), w=2",A+,amplification,,25,138,920,7,0,0,0.005549804462847941,-0.01035923141186299,0.018259768203045958,-0.007490042865318803,0.01621842140154412,0.515482422587887,0.44464482166568264,0.004347826086956522,-0.011968284176328194,0.016484083316958137,-0.008872177349802387,0.01467326630933794,0.6865065674671627,0.548678589879648,0.0012740901074234407,-0.0061612313612313604,0.009487734487734488,-0.005025637325637326,0.008064357864357864,0.796201018994905,0.7566728208972787,MC 200000,0.1,True,,
P1B_secondary_totalH_T_gt_A+,"early(s=1) - late(s=2), w=2",A+,amp2,,25,138,920,9,0,0,-0.0019266160570508384,-0.015333719641972067,0.012821795384820575,-0.013112047487047486,0.009973877266198125,0.8020959895200525,0.7774078162880131,-0.004347826086956522,-0.018108747815779327,0.009852216748768473,-0.015727391874180863,0.007183994080803908,0.6427717861410693,0.5197432745551844,-0.0025679012345679016,-0.011176887926887927,0.007489265672599004,-0.009886451819785152,0.005628635561968891,0.6451717741411293,0.5987899424647611,MC 200000,0.1,True,,
P1B_secondary_totalH_T_gt_A+,"early(s=1) - late(s=2), w=2",A+,amp4,,25,138,920,6,0,0,0.008425350816655165,-0.0032986642730054652,0.017865000280622264,-0.0012166534053862897,0.01630547693047693,0.21921890390548046,0.11624454434748438,0.007608695652173913,-0.005000156445556946,0.016509494810833966,-0.002869784351782946,0.015151515151515152,0.34443327783361083,0.16698396732686716,0.0034316177649510986,-0.0016618566618566619,0.009401695526695526,-0.0009235209235209235,0.00829004329004329,0.2816235918820406,0.24180917549449163,MC 200000,0.1,True,,
P1B_secondary_totalH_T_gt_A+,"early(s=1) - late(s=2), w=2",A+,fde5,,25,138,920,25,0,0,-0.019043289275271415,-0.1128297568272122,0.10260130105771025,-0.09855192492559199,0.08187897874939172,0.7603911980440098,0.7234199646901796,-0.007218157191141773,-0.10752573220041631,0.11518072896440329,-0.09189939415832941,0.09395712606091472,0.9170454147729261,0.8954431471287447,-0.062076456679401065,-0.18998604031920532,0.04997706112879546,-0.16896218292878934,0.03372896799028172,0.3509882450587747,0.3281430758592686,MC 200000,0.5,True,,
P1B_secondary_totalH_T_gt_A+,"early(s=1) - late(s=3), w=2",A+,amplification,,25,138,920,9,0,0,0.007188865884518058,-0.010885062358276642,0.02582566286748617,-0.007631900263479209,0.02286372254731342,0.4611776941115294,0.43274244630454106,0.005434782608695652,-0.013333704115684094,0.023337275243061156,-0.00977214617542452,0.02043491129043289,0.6490367548162259,0.5482457623261551,0.004208193041526376,-0.006788866843033509,0.015620911495911494,-0.0050201699535032855,0.013861604136604132,0.49542752286238567,0.47696624786144537,MC 200000,0.1,True,,
P1B_secondary_totalH_T_gt_A+,"early(s=1) - late(s=3), w=2",A+,amp2,,25,138,920,8,0,0,0.006340579710144928,-0.012446531642960211,0.025885475922962278,-0.009375083900500717,0.022457637828602953,0.5616821915890421,0.5120078042222411,0.004347826086956522,-0.015007333810450354,0.02340843315690098,-0.01166755923401493,0.020215881163786264,0.733321333393333,0.6514224392280965,0.0025469777136443816,-0.008432301186467853,0.013877168510501837,-0.006674025974025973,0.01178296055796056,0.6859165704171479,0.6606232429440544,MC 200000,0.1,True,,
P1B_secondary_totalH_T_gt_A+,"early(s=1) - late(s=3), w=2",A+,amp4,,25,138,920,9,0,0,0.005276627559236254,-0.013148452489970344,0.019703645347027694,-0.009957802740649453,0.017385850809238875,0.5512272438637806,0.5263667182126459,0.004347826086956522,-0.015820070276973956,0.018584860726630285,-0.012024048096192385,0.016376830911119546,0.741441292793536,0.6210012876492426,-0.0014579926246592915,-0.012280114638447972,0.008925675404842064,-0.010593927368927369,0.00713517316017315,0.7814760926195369,0.791369022641212,MC 200000,0.1,True,,
P1B_secondary_totalH_T_gt_A+,"early(s=1) - late(s=3), w=2",A+,fde5,,25,138,920,25,0,0,-0.04330717607508578,-0.20661493598351938,0.1542921155514638,-0.18081233296650323,0.11977628401734518,0.6662916685416573,0.6427881112971919,-0.04002780907265318,-0.20671408236525352,0.16146870408900546,-0.17985912350764666,0.1259374989756086,0.6895565522172389,0.6722151335228657,-0.08207135994385877,-0.22846906658304858,0.058470985003448606,-0.20553297809976234,0.036428394983801245,0.29743851280743594,0.2901831754976226,MC 200000,0.5,True,,
P1B_secondary_totalH_T_gt_A+,"early(s=1) - late(s=4), w=2",A+,amplification,,25,138,920,8,0,0,0.00477340694731999,-0.008597986295967662,0.019654522711587928,-0.006232362121446628,0.017100009087604506,0.5399523002384988,0.5024839648019062,0.003260869565217391,-0.01130005019783854,0.017242055973583057,-0.008679090720058277,0.014814814814814815,0.7583962080189599,0.6456274033509464,0.003947089947089946,-0.0037831890331890333,0.012542676767676769,-0.0027149110149110142,0.011004497354497354,0.3837680811595942,0.36010834746973586,MC 200000,0.1,True,,
P1B_secondary_totalH_T_gt_A+,"early(s=1) - late(s=4), w=2",A+,amp2,,25,138,920,7,0,0,0.0024873475960432473,-0.012188329747853556,0.02045932742974239,-0.009819935243664056,0.017507854723397862,0.7968710156449218,0.7624274437922016,0.0010869565217391304,-0.014067850447652408,0.01820947100262288,-0.01164973881548956,0.015297155353165448,1.0,0.8923306163093496,0.0017732082732082727,-0.006107623857623857,0.010543049543049543,-0.00491967291967292,0.008963564213564205,0.7182914085429573,0.684219305581858,MC 200000,0.1,True,,
P1B_secondary_totalH_T_gt_A+,"early(s=1) - late(s=4), w=2",A+,amp4,,25,138,920,8,0,0,0.004471474580170233,-0.010472812211942645,0.016005291005291005,-0.00774966647608157,0.014336917562724014,0.5636721816390918,0.5052418805616776,0.003260869565217391,-0.014035423808563555,0.014881053063986079,-0.010854898661642985,0.01328916642206458,0.7891660541697292,0.6619096978960175,-0.0008184223184223185,-0.009138528138528139,0.007064381914381908,-0.007833441558441559,0.00586708754208754,0.8598557007214964,0.8476238241254757,MC 200000,0.1,True,,
P1B_secondary_totalH_T_gt_A+,"early(s=1) - late(s=4), w=2",A+,fde5,,25,138,920,25,0,0,-0.1114241888499433,-0.26296780226575117,0.035005294435050675,-0.23528808868114456,0.009993009322264563,0.15947920260398699,0.14337009180508237,-0.10313756709107383,-0.27506266171115795,0.053053928098082195,-0.2458082612024555,0.025898988238898895,0.2246838765806171,0.2186633754461992,-0.17119771527855385,-0.31607095990547623,-0.02927997380111091,-0.29274052893054514,-0.053413922669755254,0.03111484442577787,0.033190882634989115,MC 200000,0.5,True,,
P1B_secondary_totalH_T_gt_A+,"early(s=1) - late(s=2), w=3",A+,amplification,,25,138,920,9,0,0,-0.006455601564297216,-0.019300196431699317,0.012412102645245988,-0.01766772780573205,0.0093990345279005,0.5903870480647597,0.4503292113463563,-0.008695652173913044,-0.021616807531186357,0.010385756676557863,-0.02,0.007408508062297051,0.5786321068394658,0.31822054402582434,-0.0029842071508738174,-0.018132976591309927,0.009513678451178446,-0.015515031265031265,0.007656725990059323,0.7430112849435753,0.6808724408466853,MC 200000,0.1,True,,
P1B_secondary_totalH_T_gt_A+,"early(s=1) - late(s=2), w=3",A+,amp2,,25,138,920,9,0,0,-0.012163561076604554,-0.02585769005699881,0.005910883434765317,-0.024020676049661554,0.0036800545133878412,0.3437482812585937,0.17372790050825707,-0.014130434782608696,-0.028333333333333332,0.0049833887043189366,-0.026473151296730762,0.0026954177897574125,0.3437482812585937,0.13512986155245058,-0.007699374699374699,-0.022599398749398748,0.0035273809523809485,-0.019695406445406446,0.00205257335257335,0.2998885005574972,0.26724314063298815,MC 200000,0.1,True,,
P1B_secondary_totalH_T_gt_A+,"early(s=1) - late(s=2), w=3",A+,amp4,,25,138,920,5,0,0,-0.004615251897860593,-0.013595989526495256,0.007653061224489796,-0.012439698101462806,0.0058855002675227384,0.6261368693156534,0.427132305892826,-0.005434782608695652,-0.014127183901582055,0.006649009883474075,-0.013026819923371647,0.004956731901645722,0.6261368693156534,0.3389483586224501,-0.005127465127465127,-0.018989898989898987,0.004076479076479077,-0.01658020683020683,0.003152958152958153,0.562522187389063,0.41439512483909147,MC 200000,0.1,True,,
P1B_secondary_totalH_T_gt_A+,"early(s=1) - late(s=2), w=3",A+,fde5,,25,138,920,25,0,0,-0.09825317532589836,-0.1884804838755746,0.004018845693369249,-0.1738858818479857,-0.012100090228552594,0.11553942230288848,0.053114579028707386,-0.10170410573877794,-0.19422658545614022,0.0035620572642602144,-0.17938199516050146,-0.013203093428873668,0.11297443512782436,0.04945598689175069,-0.17831134545625477,-0.5136290675933476,0.03067948539995786,-0.46235786946788515,0.012762649074026345,0.23152884235578822,0.2455054059613051,MC 200000,0.5,True,,
P1B_secondary_totalH_T_gt_A+,"early(s=1) - late(s=3), w=3",A+,amplification,,25,138,920,9,0,0,0.004557740970784448,-0.010072355576424559,0.02109884085213031,-0.007284953045830388,0.018601544784580492,0.5795721021394893,0.5649633353522183,0.003260869565217391,-0.012022819013098278,0.020073400026068815,-0.008978721454911931,0.017595459706259146,0.7988660056699717,0.6865127783782344,0.005978194644861311,-0.002831569664902997,0.01493373817540484,-0.0013434664101330763,0.013478595478595479,0.21965890170549146,0.20372413305534742,MC 200000,0.1,True,,
P1B_secondary_totalH_T_gt_A+,"early(s=1) - late(s=3), w=3",A+,amp2,,25,138,920,10,0,0,0.0032349896480331234,-0.012566137566137564,0.02334361672596965,-0.010210909970404435,0.02013431013431012,0.7420612896935516,0.7332524030211398,0.002173913043478261,-0.014125168741562921,0.02253053487688395,-0.011472432059680907,0.019507803491376378,0.9153704231478843,0.8207347099302457,0.004505371172037839,-0.004699414782748115,0.014158369408369405,-0.0032869969536636194,0.01263668430335097,0.3843080784596077,0.3752428497846997,MC 200000,0.1,True,,
P1B_secondary_totalH_T_gt_A+,"early(s=1) - late(s=3), w=3",A+,amp4,,25,138,920,8,0,0,-0.0006613756613756614,-0.014715704595791804,0.01358756038647342,-0.012163848504003368,0.011048301896516177,0.9453002734986325,0.9248197362962515,-0.0010869565217391304,-0.016478870219113064,0.013363177828329144,-0.013392857142857142,0.010972648041613546,1.0,0.881828593878077,-0.0011893538560205227,-0.010633786275452941,0.007105156725990048,-0.00883584656084656,0.0057690796857463485,0.8127959360203199,0.7950304125128989,MC 200000,0.1,True,,
P1B_secondary_totalH_T_gt_A+,"early(s=1) - late(s=3), w=3",A+,fde5,,25,138,920,25,0,0,-0.1286964114100225,-0.22834576126337783,-0.028572637835852104,-0.20933145461222474,-0.0467386587277429,0.03431482842585787,0.013985210404639717,-0.1296051723079202,-0.22892830496547442,-0.031872163984955425,-0.20969855212353183,-0.049815983966578534,0.030689846550767248,0.011653609254316253,-0.19946114614642518,-0.39867664185923996,-0.04881240276704848,-0.35786777619554117,-0.0654718792908132,0.012369938150309248,0.043010139081453604,MC 200000,0.5,True,,
P1B_secondary_totalH_T_gt_A+,"early(s=1) - late(s=4), w=3",A+,amplification,,25,138,920,9,0,0,0.00958994708994709,-0.005463126159554729,0.03078359984770606,-0.003190662164550587,0.02708357959022852,0.31564342178289106,0.30057907540065587,0.007608695652173913,-0.007117564457422108,0.02734857547643744,-0.004755303738052641,0.023809523809523808,0.4282128589357053,0.37822243915829645,0.009025332691999358,-0.0008961038961038964,0.021067083533750197,0.00047458714125380775,0.01904644861311526,0.1250043749781251,0.12970707144301113,MC 200000,0.1,True,,
P1B_secondary_totalH_T_gt_A+,"early(s=1) - late(s=4), w=3",A+,amp2,,25,138,920,11,0,0,0.008899815965033354,-0.007313499049854683,0.031177212022868845,-0.004901168113887411,0.027332875775863446,0.3540332298338508,0.37320711096311965,0.007608695652173913,-0.00861264642798218,0.029040650922634158,-0.006172839506172839,0.025821596244131457,0.48260258698706504,0.43592229112145164,0.008170194003527337,-0.0021468855218855225,0.019506383277216606,-0.0005639931056597722,0.017429453262786596,0.1704641476792616,0.1610572079578106,MC 200000,0.1,True,,
P1B_secondary_totalH_T_gt_A+,"early(s=1) - late(s=4), w=3",A+,amp4,,25,138,920,8,0,0,0.0015527950310559007,-0.011514680042685506,0.017806645931645923,-0.009417022792022793,0.015116516909989343,0.8601856990715047,0.8377108642704516,0.0,-0.013496996222183998,0.015965166908563134,-0.01120460253066744,0.013205519988708822,1.0,1.0,0.0007550905884239217,-0.008447512826679493,0.010246913580246915,-0.007075176366843033,0.008764670514670515,0.8679906600466998,0.8809108673418844,MC 200000,0.1,True,,
P1B_secondary_totalH_T_gt_A+,"early(s=1) - late(s=4), w=3",A+,fde5,,25,138,920,25,0,0,-0.23266233862897137,-0.3621737906094753,-0.10992088502086861,-0.34009828811177767,-0.1303221406046077,0.005184974075129624,0.0007963609229350818,-0.2406297548894982,-0.37733270859145196,-0.11787124971769002,-0.35372320063190443,-0.13769144752245716,0.0042199789001055,0.0007379104380720184,-0.30021371502380034,-0.5601458244008239,-0.09733854274642628,-0.5109476635045951,-0.12511828767673108,0.004449977750111249,0.02077210838023548,MC 200000,0.5,True,,
P1B_map_T_gt_A+,"window(s=1,w=1) - normal",A+,amplification,,25,138,920,11,0,0,-0.003105590062111801,-0.017996493346893804,0.01233384827134827,-0.015493821169772257,0.009483502167817612,0.6786216068919655,0.6748813931957409,-0.0010869565217391304,-0.018931056522713197,0.016073478760045924,-0.016304347826086956,0.012963229800405589,1.0,0.901898784484381,0.01639746673080006,-0.01431852252685586,0.06711453823953821,-0.012135802469135802,0.061903326919993555,0.8916205418972906,0.4950558311829161,MC 200000,,,,
P1B_map_T_gt_A+,"window(s=1,w=2) - normal",A+,amplification,,25,138,920,9,0,0,-0.014794685990338164,-0.027726537156073528,-0.004341851793541008,-0.025630786060980865,-0.005975723622782446,0.02378488107559462,0.023356013733254116,-0.016304347826086956,-0.03244049241045249,-0.0033207687263228283,-0.030264893483843192,-0.005154449527017291,0.04749476252618737,0.048987471248086806,-0.011600929934263267,-0.020968614718614723,-0.00346079846079846,-0.019353655603655606,-0.004536355619688957,0.019884900575497123,0.019552483535451876,MC 200000,,,,
P1B_map_T_gt_A+,"window(s=1,w=3) - normal",A+,amplification,,25,138,920,10,0,0,-0.023018748562226823,-0.037827983180625455,-0.005830766115970198,-0.03538157108721625,-0.008779198995232312,0.04224978875105624,0.006710058951244903,-0.025,-0.04031235580351525,-0.00781224601755527,-0.03781115431247126,-0.010728673456168444,0.04012479937600312,0.004045478949938135,-0.013079445246111914,-0.02520431096681097,-0.0023257675966009313,-0.023089598364598365,-0.003903968253968265,0.03804480977595112,0.0373844325560102,MC 200000,,,,
P1B_map_T_gt_A+,"window(s=2,w=1) - normal",A+,amplification,,25,138,920,10,0,0,-0.002573613986657465,-0.01866986832611833,0.010895883777239709,-0.015987847905461542,0.008670856653515607,0.7369063154684227,0.7331214629535621,-0.002173913043478261,-0.020915325771564228,0.013366806052564566,-0.01818181818181818,0.01090517115191791,0.9058204708976455,0.8098489184312492,0.009842873176206506,-0.014442881192881195,0.050099927849927825,-0.01246031746031746,0.04475505050505049,0.9346753266233668,0.5899866326832004,MC 200000,,,,
P1B_map_T_gt_A+,"window(s=2,w=2) - normal",A+,amplification,,25,138,920,10,0,0,-0.020344490453186103,-0.038552601708851705,-0.004206136035681492,-0.03511147265757921,-0.006632030508331799,0.050869745651271746,0.02389910758313451,-0.020652173913043477,-0.0399002493765586,-0.004705882352941176,-0.03638474863061036,-0.007288402204943226,0.050869745651271746,0.025584897896725196,-0.012875020041686707,-0.02582779180695847,-0.0016077801827801832,-0.023505303030303033,-0.003262425845759182,0.06294468527657361,0.05628367426012105,MC 200000,,,,
P1B_map_T_gt_A+,"window(s=2,w=3) - normal",A+,amplification,,25,138,920,11,0,0,-0.016563146997929604,-0.03895202382546697,-0.0016974187123169758,-0.03464774157580761,-0.0036339082734543095,0.062719686401568,0.0946874615062426,-0.016304347826086956,-0.04056178068623759,0.0,-0.03597200756297906,-0.0022760035867016165,0.12410937945310273,0.1314149077080248,-0.010095238095238093,-0.027860449735449735,0.008258898508898499,-0.025135377585377584,0.004915608465608462,0.2980835095824521,0.2782385550327567,MC 200000,,,,
P1B_map_T_gt_A+,"window(s=3,w=1) - normal",A+,amplification,,25,138,920,11,0,0,-0.009618702553485159,-0.025496915344598317,0.002695172682214073,-0.022766435344937754,0.0010300741620409063,0.19127404362978184,0.19837119807789017,-0.008695652173913044,-0.027431506966465864,0.005519025349696072,-0.024510623647452292,0.0036720605573876924,0.37625811870940645,0.3285848666574449,-0.002417668751002084,-0.015096877505210837,0.013097198172198168,-0.013337991021324352,0.01014718614718614,0.7906360468197658,0.746177054332495,MC 200000,,,,
P1B_map_T_gt_A+,"window(s=3,w=2) - normal",A+,amplification,,25,138,920,9,0,0,-0.021983551874856223,-0.04572668092738005,-0.005417418447177899,-0.04163361154838427,-0.007287215099715109,0.023789881050594746,0.045640885075139345,-0.021739130434782608,-0.047337278106508875,-0.004294678420806011,-0.042908456565575154,-0.0062303910156206715,0.039639801800991,0.06394411949624178,-0.015809122975789642,-0.029751839826839824,-0.0043928050344717,-0.027312678371011704,-0.00576763267596601,0.016124919375403123,0.026787634523493174,MC 200000,,,,
P1B_map_T_gt_A+,"window(s=3,w=3) - normal",A+,amplification,,25,138,920,10,0,0,-0.027576489533011273,-0.04937787869212725,-0.010146860206070732,-0.04504939504939505,-0.01287560738581148,0.011624941875290623,0.007979738987710941,-0.02826086956521739,-0.05098082692056867,-0.01044850444096135,-0.04664740468983219,-0.013085912733635975,0.011624941875290623,0.008991352630946569,-0.01905763989097322,-0.03355859187109187,-0.0066648929773929794,-0.030916827000160338,-0.008393358185024853,0.005899970500147499,0.010596532817912485,MC 200000,,,,
P1B_map_T_gt_A+,"window(s=4,w=1) - normal",A+,amplification,,25,138,920,9,0,0,-0.020315734989648036,-0.040382888719792384,-0.006894123329156234,-0.03685263334796045,-0.008451315199703787,0.003999980000099999,0.028634857337999475,-0.01956521739130435,-0.04050288169153525,-0.005675070437021776,-0.03674307685842754,-0.007352941176470588,0.007999960000199998,0.04143351623919943,-0.01624001924001924,-0.028580182780182782,-0.005924639249639254,-0.026361351611351613,-0.007303703703703708,0.003999980000099999,0.010511791412695697,MC 200000,,,,
P1B_map_T_gt_A+,"window(s=4,w=2) - normal",A+,amplification,,25,138,920,10,0,0,-0.019568092937658155,-0.03897525238988654,-0.006285838544663607,-0.03550204948127783,-0.007867444079080908,0.005859970700146499,0.03106112180823581,-0.01956521739130435,-0.039927842190257634,-0.005385755101252875,-0.036512082395546784,-0.0071423476665987435,0.019119904400477998,0.0401850803158765,-0.015548019881353214,-0.027377240660573995,-0.005410582010582015,-0.0253151114317781,-0.006843033509700176,0.005859970700146499,0.011255221974727291,MC 200000,,,,
P1B_map_T_gt_A+,"window(s=4,w=3) - normal",A+,amplification,,25,138,920,9,0,0,-0.03260869565217391,-0.05838639369889369,-0.013330838125096316,-0.0535536407487627,-0.015724255147213834,0.0036899815500922497,0.007409202065498157,-0.03260869565217391,-0.05788971443204784,-0.013612156135549067,-0.053106342218114985,-0.016146705361461487,0.0036899815500922497,0.006381083222316578,-0.022104777938111272,-0.04035005812089145,-0.00785393618726952,-0.03714007134840468,-0.009810405643738983,0.0036899815500922497,0.01436424367246115,MC 200000,,,,
P1B_secondary_totalH_T_self_A+,"early(s=1) - late(s=2), w=1",A+,dev9_ref,,25,138,920,25,0,0,-0.10428162638554288,-0.2619620091418673,0.051463384955395174,-0.23244578274383118,0.024299784557401942,0.2233888830555847,0.17966285488114142,-0.09985145226644093,-0.2972200057937957,0.07595828472132392,-0.25598726772021846,0.044655507696457784,0.30479847600761995,0.26605075956728996,-0.07736504149609347,-0.26714875014791434,0.09807787582675895,-0.23168118969974558,0.0698035866170624,0.43967780161099196,0.42125162062514165,MC 200000,0.5,True,,
P1B_secondary_totalH_T_self_A+,"early(s=1) - late(s=2), w=1",A+,severe_ref2,,25,138,920,20,0,0,-0.006398090637221072,-0.03533064757949297,0.033113237559440095,-0.03141396280317891,0.026338734192716484,0.7286863565682171,0.7121947614324222,-0.006521739130434782,-0.0356780127913383,0.03241754621760152,-0.031128588209382572,0.025297619047619048,0.7558862205688972,0.6963465342446635,0.011023088023088025,-0.045979136604136606,0.09484310966810965,-0.04044878547378547,0.079749555074555,0.9230903845480772,0.7711646076652942,MC 200000,0.1,True,,
P1B_secondary_totalH_T_self_A+,"early(s=1) - late(s=2), w=1",A+,severe_ref3,,25,138,920,15,0,0,-0.019424315619967797,-0.04207157602284721,0.012635497501469715,-0.03879039820737582,0.0072773368606701624,0.28982855085724574,0.17870667942075485,-0.017391304347826087,-0.04063221798857899,0.015701878577517942,-0.037123585271437096,0.009683813730087077,0.3612881935590322,0.231351707833262,-0.0020402437069103755,-0.027222773368606703,0.025522226230559553,-0.0232473745390412,0.020473424723424716,0.8831055844720777,0.8814387447515665,MC 200000,0.1,True,,
P1B_secondary_totalH_T_self_A+,"early(s=1) - late(s=2), w=1",A+,severe_ref4,,25,138,920,13,0,0,-0.019496204278812972,-0.035604094187142124,0.0007047863085851963,-0.03319504108422821,-0.0030663780663780687,0.09478952605236973,0.0400418362282239,-0.017391304347826087,-0.03526555946363099,0.003212163751826559,-0.03222984613556704,0.0,0.150079249603752,0.07495689845640753,-0.013238977072310405,-0.029619117764951103,0.001658050745550743,-0.027070558762225427,-0.0004295695045695084,0.11962440187799062,0.11691517154864417,MC 200000,0.1,True,,
P1B_secondary_totalH_T_self_A+,"early(s=1) - late(s=2), w=1",A+,amplification,,25,138,920,12,0,0,-0.010280078214860822,-0.026344004268374015,0.0009799435583808054,-0.0236025292857591,-0.0007022692827769965,0.10793446032769836,0.1435909887316707,-0.008695652173913044,-0.027377521613832854,0.0042850205185109265,-0.023739263875731074,0.0022888555722138854,0.29131854340728297,0.2685023572644839,-0.012812249478916144,-0.024462301587301585,-0.002190796857463527,-0.022374539041205708,-0.0037830687830687835,0.033249833750831244,0.036294595808050535,MC 200000,0.1,True,,
P1B_secondary_totalH_T_self_A+,"early(s=1) - late(s=3), w=1",A+,dev9_ref,,25,138,920,25,0,0,-0.10530651547153592,-0.27839551272537627,0.10580952859510705,-0.249222835966566,0.07174969133196099,0.35535822320888394,0.2764245473244213,-0.0998717326180205,-0.2658795339265225,0.10790907892325584,-0.23803808045690403,0.07271123503721902,0.3627481862590687,0.2824773005524639,0.07798139593610896,-0.13221423888379763,0.3067680753770575,-0.09857449807482452,0.2698307988296619,0.5129774351128245,0.5009651004218059,MC 200000,0.5,True,,
P1B_secondary_totalH_T_self_A+,"early(s=1) - late(s=3), w=1",A+,severe_ref2,,25,138,920,18,0,0,-0.002875546353807223,-0.03131399178878926,0.036052710392333,-0.02677193562610229,0.02862039429135014,0.8657806710966445,0.8620294017847616,-0.003260869565217391,-0.03020159573389566,0.033426183844011144,-0.026143999266373216,0.026243093922651933,0.8918955405222974,0.8336389799027928,0.04457960557960558,-0.013273677248677248,0.11687636483886481,-0.005753571428571427,0.10290714285714281,0.22293888530557346,0.20556762051529642,MC 200000,0.1,True,,
P1B_secondary_totalH_T_self_A+,"early(s=1) - late(s=3), w=1",A+,severe_ref3,,25,138,920,18,0,0,-0.012868069933287327,-0.030379574430101485,0.01368745349702381,-0.027841626375507227,0.008687486697807733,0.3324433377833111,0.24476100873706835,-0.009782608695652175,-0.026573542736333434,0.016794213868753606,-0.02442667379731645,0.012134082191556506,0.49665251673741634,0.372786764965068,0.02213035113035113,-0.017640903078403075,0.07415352934102933,-0.01283207070707071,0.06464023569023568,0.4415877920610397,0.3718908225880171,MC 200000,0.1,True,,
P1B_secondary_totalH_T_self_A+,"early(s=1) - late(s=3), w=1",A+,severe_ref4,,25,138,920,16,0,0,-0.008698527720266852,-0.027131509886362728,0.013204648564463696,-0.024040481381506093,0.008998700054734531,0.4383478082609587,0.383401411049334,-0.007608695652173913,-0.026018406277912468,0.014125111794603308,-0.02294221479004088,0.010135135135135136,0.5524472377638112,0.44137122349475655,0.01512914862914863,-0.01840509860509861,0.06401234367484367,-0.01510846560846561,0.05450869408369408,0.6877315613421933,0.5040873721981105,MC 200000,0.1,True,,
P1B_secondary_totalH_T_self_A+,"early(s=1) - late(s=3), w=1",A+,amplification,,25,138,920,12,0,0,-0.021480331262939956,-0.04195085929108485,-0.007957474952155817,-0.038562776789644364,-0.00987986002817517,0.0031149844250778747,0.0188103743476021,-0.021739130434782608,-0.043554985063909896,-0.0074778045704751266,-0.03994350862108273,-0.00957775893474029,0.0099399503002485,0.023474886770363773,-0.022461199294532625,-0.03936682299182299,-0.008665506253006255,-0.03626446208112874,-0.010463203463203468,0.002599987000065,0.009797405091574986,MC 200000,0.1,True,,
P1B_secondary_totalH_T_self_A+,"early(s=1) - late(s=4), w=1",A+,dev9_ref,,25,138,920,25,0,0,0.00024790008775134217,-0.21148452529142345,0.30447084108086026,-0.1814937101270608,0.2497666313107609,0.9985700071499642,0.9984821971689364,0.0026733601759911583,-0.2155161877172177,0.3187780660081439,-0.18487468332401882,0.2612094455047511,0.983880080599597,0.9840147346773482,0.12089773165945744,-0.1263171106402479,0.3806707315012415,-0.08722106769772281,0.337080280693888,0.37651811740941293,0.36805137760200113,MC 200000,0.5,True,,
P1B_secondary_totalH_T_self_A+,"early(s=1) - late(s=4), w=1",A+,severe_ref2,,25,138,920,18,0,0,0.0038963653094087882,-0.04793884305671586,0.0783815159278981,-0.040963600821331804,0.06770916005291004,0.9188304058479707,0.9078433031212828,0.003260869565217391,-0.0494646103694467,0.0801236692204034,-0.042269442800635375,0.06906228026117527,0.956320218398908,0.9245600754888947,0.06455916305916305,0.0023744047619047616,0.1411380772005771,0.010004689754689752,0.1271165464165464,0.08678456607716961,0.0913225396408124,MC 200000,0.1,True,,
P1B_secondary_totalH_T_self_A+,"early(s=1) - late(s=4), w=1",A+,severe_ref3,,25,138,920,20,0,0,0.0002444214400736131,-0.03322305441174177,0.04595922326067423,-0.027930541484656988,0.03879626209458141,0.9921850390748046,0.990752487366397,0.005434782608695652,-0.029414596390545947,0.05385914507371096,-0.024179078153498422,0.04602069575396673,0.8477807610961945,0.8063265619880412,0.02904152637485971,-0.02179659892576559,0.08516870891454222,-0.014475308641975302,0.07478261984928651,0.3360083199584002,0.31253714441364383,MC 200000,0.1,True,,
P1B_secondary_totalH_T_self_A+,"early(s=1) - late(s=4), w=1",A+,severe_ref4,,25,138,920,17,0,0,-0.0004744651483781926,-0.02474795833084191,0.035648000013942006,-0.021341274466274464,0.029045488941322275,0.9767551162244189,0.9755846404575843,0.0010869565217391304,-0.02391734398355755,0.03865546218487395,-0.020602410795754696,0.031524964024801844,1.0,0.9455606144787618,0.008006253006253006,-0.038095418470418474,0.060787848725348675,-0.031092291967291963,0.052164682539682504,0.7903110484447577,0.7629341545935908,MC 200000,0.1,True,,
P1B_secondary_totalH_T_self_A+,"early(s=1) - late(s=4), w=1",A+,amplification,,25,138,920,10,0,0,-0.007390154129284563,-0.016788917010373702,0.004201098702680974,-0.015371027985671953,0.002069121223350076,0.22877885610571946,0.16311025684368324,-0.006521739130434782,-0.01639344262295082,0.005953048259662599,-0.014839853729808266,0.003774060767565246,0.3941830290848546,0.2416005976852314,-0.0038382235048901713,-0.013443314093314096,0.005030018438351771,-0.011879870129870131,0.0036397306397306394,0.4686176569117154,0.4299304276712931,MC 200000,0.1,True,,
P1B_secondary_totalH_T_self_A+,"early(s=1) - late(s=2), w=2",A+,dev9_ref,,25,138,920,25,0,0,-0.12142325878926813,-0.25257120519703846,0.023832690985838213,-0.2274870604117562,0.004142556699526719,0.17605411972940135,0.08069977818579072,-0.11976224366205404,-0.2420420924020302,0.032807290426264776,-0.22002871328569662,0.009306447950888202,0.1924640376798116,0.08015676723508118,-0.014661017973733662,-0.13612883443803725,0.1226417575692357,-0.11744016645792929,0.09928369808030686,0.8367508162459187,0.8282052871194006,MC 200000,0.5,True,,
P1B_secondary_totalH_T_self_A+,"early(s=1) - late(s=2), w=2",A+,severe_ref2,,25,138,920,17,0,0,-0.010912698412698412,-0.0443320899774118,0.014429398942029884,-0.038914062330975094,0.010713499179756824,0.4613276933615332,0.4644249420399881,-0.010869565217391304,-0.044929396662387676,0.014446269341562764,-0.039402508567145,0.011198379338735534,0.5111974440127799,0.4711300265567069,-0.006470498637165304,-0.03452610429693762,0.02070613275613276,-0.02980734728234728,0.01601372454705788,0.6521667391663042,0.6519873542635573,MC 200000,0.1,True,,
P1B_secondary_totalH_T_self_A+,"early(s=1) - late(s=2), w=2",A+,severe_ref3,,25,138,920,15,0,0,-0.011300897170462386,-0.029980361803558113,0.015410455097955092,-0.027044042420924883,0.010488007139792851,0.3884230578847106,0.31142163269505224,-0.010869565217391304,-0.029580293825376035,0.01666773778920307,-0.026947918129109995,0.011858489680561482,0.4812875935620322,0.34825575802323505,0.01460886644219978,-0.019789323793490462,0.06459088904922235,-0.016447290363957028,0.05558545374378706,0.6888165559172205,0.5240229521300293,MC 200000,0.1,True,,
P1B_secondary_totalH_T_self_A+,"early(s=1) - late(s=2), w=2",A+,severe_ref4,,25,138,920,12,0,0,0.0006182424660685555,-0.018350472905211464,0.018569106119723008,-0.014964324687548946,0.015330729750205399,0.949040254798726,0.9456847106349282,0.0010869565217391304,-0.017819804830849467,0.019006892230576423,-0.014428641715390688,0.01570192520128038,1.0,0.9041936227892734,0.01534447651114318,-0.014735846560846559,0.06212831289081289,-0.012015921115921114,0.054627910052910046,0.7520362398188009,0.47550108480277764,MC 200000,0.1,True,,
P1B_secondary_totalH_T_self_A+,"early(s=1) - late(s=2), w=2",A+,amplification,,25,138,920,11,0,0,-0.010337589141936967,-0.02721136029038481,0.001017607198642689,-0.023926440141273903,-0.0006184291898577614,0.1325393373033135,0.15073272343497804,-0.010869565217391304,-0.027972027972027972,0.0011001100110011,-0.024502672431913043,-0.0008928173187205307,0.1641241793791031,0.13530526912024013,-0.010551306717973385,-0.02732567941317941,0.002754623617123607,-0.024260056918390248,0.0010559443642776931,0.2303838480807596,0.1945839647672069,MC 200000,0.1,True,,
P1B_secondary_totalH_T_self_A+,"early(s=1) - late(s=3), w=2",A+,dev9_ref,,25,138,920,25,0,0,0.018675022050343416,-0.12249758595936053,0.22167888144942255,-0.10212139132194037,0.1859784835521456,0.8254358728206359,0.8271972090722839,0.023168335865077615,-0.13253152896039427,0.2589423458894811,-0.11157739522378747,0.21076456227566065,0.8125359373203134,0.8103425619847582,0.11575967877183359,-0.08842035785660551,0.3531916884365375,-0.06226040395362305,0.3106537578280723,0.35203823980880095,0.3262729458747876,MC 200000,0.5,True,,
P1B_secondary_totalH_T_self_A+,"early(s=1) - late(s=3), w=2",A+,severe_ref2,,25,138,920,20,0,0,0.006412468368990107,-0.019952985622239607,0.04737538940809968,-0.016459766802754607,0.04083171592143648,0.7062364688176559,0.7137218247810222,0.009782608695652175,-0.017959305878039837,0.0527241572136124,-0.013978870591773818,0.0460530303030303,0.6151369243153785,0.5930587854413119,0.02824707391374058,-0.014943528539361872,0.08077806036556034,-0.008381557639890973,0.07145127465127463,0.30284848575757123,0.2726172259129085,MC 200000,0.1,True,,
P1B_secondary_totalH_T_self_A+,"early(s=1) - late(s=3), w=2",A+,severe_ref3,,25,138,920,18,0,0,0.010941453876236485,-0.010451833291507204,0.04176895505677015,-0.007223714960929305,0.03698671497584541,0.38633806830965844,0.4311662470794897,0.014130434782608696,-0.009268342720728113,0.04787279531284116,-0.0056026337603765205,0.042713965396603264,0.33382833085834573,0.35441012926720605,0.02993033509700176,-0.016886746432579758,0.08333471620971619,-0.009866281866281862,0.0733194604777938,0.29300353498232506,0.26194079403675713,MC 200000,0.1,True,,
P1B_secondary_totalH_T_self_A+,"early(s=1) - late(s=3), w=2",A+,severe_ref4,,25,138,920,16,0,0,0.023047504025764894,0.006530965089203726,0.04225689198515285,0.009552254643266242,0.03849206349206349,0.023019884900575497,0.010630980751274523,0.02282608695652174,0.006134969325153374,0.042700012277753475,0.008967495475577032,0.03861145940262774,0.03499982500087499,0.012283291950045652,0.03445606862273529,-0.006108265191598523,0.08720709074875739,-0.0008422118005451329,0.07699194324194324,0.1905440472797636,0.1719857169500286,MC 200000,0.1,True,,
P1B_secondary_totalH_T_self_A+,"early(s=1) - late(s=3), w=2",A+,amplification,,25,138,920,13,0,0,-0.007174488152749021,-0.023363225918259352,0.008439568943877688,-0.02043697296626984,0.005473163274392854,0.37181814090929544,0.35473880333070407,-0.009782608695652175,-0.027154914078050364,0.008319814198557953,-0.024250298316119346,0.004511958629605679,0.32897335513322434,0.2516634562258931,-0.0042759339426006095,-0.0211516354016354,0.012485513868847203,-0.018406782106782104,0.009681978515311848,0.6387718061409693,0.6280836970914038,MC 200000,0.1,True,,
P1B_secondary_totalH_T_self_A+,"early(s=1) - late(s=4), w=2",A+,dev9_ref,,25,138,920,25,0,0,-0.03566150823955745,-0.2267951754866978,0.2528197983368443,-0.19935272850595767,0.1994229865829125,0.7771411142944286,0.7664080225642238,-0.03788622635221085,-0.2450781905185105,0.27906020272378024,-0.21539212468492205,0.22019322490122883,0.7857010714946425,0.7724767332277764,0.0724586702396027,-0.1730142286367586,0.3461092312010505,-0.13735212552993553,0.2983460790919749,0.6109119454402728,0.599383882679308,MC 200000,0.5,True,,
P1B_secondary_totalH_T_self_A+,"early(s=1) - late(s=4), w=2",A+,severe_ref2,,25,138,920,19,0,0,0.008813549574419141,-0.027397047028031068,0.06053245656370652,-0.021888532673986532,0.051756821864668824,0.6940965295173525,0.6984094135044157,0.010869565217391304,-0.028965772841342132,0.06891748592935174,-0.02288416860272154,0.05873294420357567,0.6968715156424218,0.670245018393524,0.029682379349046016,-0.02133194444444444,0.08675953984287317,-0.013788780663780663,0.07695052509219176,0.32729336353318234,0.3064986360793457,MC 200000,0.1,True,,
P1B_secondary_totalH_T_self_A+,"early(s=1) - late(s=4), w=2",A+,severe_ref3,,25,138,920,17,0,0,0.009431792040487694,-0.015270580454403982,0.044947224921714705,-0.012161890895446906,0.03953630217519106,0.5524322378388108,0.5602344461389509,0.013043478260869565,-0.014693800433945244,0.05181386642234297,-0.01079136690647482,0.04638266740623146,0.48144259278703605,0.47058629358108794,0.03126479076479076,-0.016149891774891775,0.08492145262145259,-0.008697763347763348,0.07580728715728716,0.27380363098184507,0.24497497660541107,MC 200000,0.1,True,,
P1B_secondary_totalH_T_self_A+,"early(s=1) - late(s=4), w=2",A+,severe_ref4,,25,138,920,16,0,0,0.005535426731078904,-0.011922725961729719,0.030131949810575567,-0.009310816780328973,0.025259485519353916,0.6120969395153024,0.5960443877588266,0.006521739130434782,-0.011852211434735705,0.03157930884904569,-0.009074210373374452,0.026611315452698642,0.6170469147654262,0.5448441269151295,0.015771284271284273,-0.029374206349206344,0.0689909391534391,-0.022370983645983646,0.059646139971139975,0.5962070189649051,0.5446848019924464,MC 200000,0.1,True,,
P1B_secondary_totalH_T_self_A+,"early(s=1) - late(s=4), w=2",A+,amplification,,25,138,920,10,0,0,-0.01979813664596273,-0.037196554073436604,-0.006859601333843094,-0.033797663634742285,-0.00872998314369996,0.019554902225488873,0.013253466540597086,-0.021739130434782608,-0.039702768956487826,-0.007618685497012499,-0.03608805510129216,-0.009708065513810083,0.03136984315078425,0.010129898717005533,-0.014646304312970981,-0.03339284511784512,-0.0006705106621773336,-0.02976909571909572,-0.0024294933461600147,0.06281468592657037,0.1065795029585855,MC 200000,0.1,True,,
P1B_secondary_totalH_T_self_A+,"early(s=1) - late(s=2), w=3",A+,dev9_ref,,25,138,920,25,0,0,0.009021228450665535,-0.08456874283135336,0.1426585855023128,-0.07312206009810938,0.11574688796998456,0.8791256043719782,0.8762869177492187,0.005824992873152866,-0.08955988500537243,0.14544012680512985,-0.07718666742945769,0.11750213282769548,0.9235453822730887,0.9222579822732544,-0.033169108409544734,-0.13283740729578378,0.07090931414856579,-0.11640964011343374,0.0540558504789304,0.5379123104384478,0.538698032373127,MC 200000,0.5,True,,
P1B_secondary_totalH_T_self_A+,"early(s=1) - late(s=2), w=3",A+,severe_ref2,,25,138,920,16,0,0,-0.005736714975845409,-0.027196344735077125,0.019921045429666114,-0.023796060090702946,0.015290368672721603,0.6499067504662477,0.6286063511709418,-0.004347826086956522,-0.02561375826180184,0.022197351963062197,-0.02219516340420969,0.017350473607291316,0.7980260098699506,0.7168706003160689,-0.02460189193522527,-0.062369809203142536,0.008749298540965192,-0.056040243706910374,0.003957495590828902,0.21131894340528298,0.2005045636742259,MC 200000,0.1,True,,
P1B_secondary_totalH_T_self_A+,"early(s=1) - late(s=2), w=3",A+,severe_ref3,,25,138,920,14,0,0,-0.0019697492523579473,-0.019106714187732708,0.020526268580432133,-0.01632399037414235,0.0164458805083805,0.8469957650211749,0.8400179821158332,-0.0010869565217391304,-0.01912091631825958,0.023810233270900722,-0.016464891244474898,0.01935483870967742,1.0,0.9190646846131838,-0.0013954625621292285,-0.027700270562770565,0.023863516113516108,-0.023279260862594194,0.01963443963443961,0.9200253998730006,0.9171230134868146,MC 200000,0.1,True,,
P1B_secondary_totalH_T_self_A+,"early(s=1) - late(s=2), w=3",A+,severe_ref4,,25,138,920,11,0,0,0.009877501725327809,-0.009614290406973333,0.03315219316893424,-0.00614523540032878,0.02913791949615118,0.35595822020889895,0.35891081735699293,0.009782608695652175,-0.010416938216892596,0.03367875647668394,-0.006993356643356643,0.02973739664864411,0.4348628256858716,0.3768885928817942,-0.0021447009780343113,-0.02604268678852012,0.019367598605098603,-0.021841277857944524,0.0163970378387045,0.8573507132464337,0.8587399022871547,MC 200000,0.1,True,,
P1B_secondary_totalH_T_self_A+,"early(s=1) - late(s=2), w=3",A+,amplification,,25,138,920,9,0,0,-0.007634575569358178,-0.017924791271323806,0.0050644053917863405,-0.016278043573961943,0.002689539353347238,0.2583087084564577,0.17901873729691228,-0.007608695652173913,-0.018697861156067842,0.006814950931840577,-0.016973125884016973,0.004021988238346442,0.37637811810940947,0.2267167463224589,-0.003115199615199615,-0.011782377344877346,0.005606210918710914,-0.010330495430495431,0.004206890331890324,0.5074224628876856,0.49629515203010577,MC 200000,0.1,True,,
P1B_secondary_totalH_T_self_A+,"early(s=1) - late(s=3), w=3",A+,dev9_ref,,25,138,920,25,0,0,-0.05406871749698159,-0.1789690561270615,0.13307029013268812,-0.162656655077188,0.10134126879259056,0.5660071699641501,0.5043057533280638,-0.06166236725833217,-0.188442293161565,0.13207184477165834,-0.1718040227711226,0.09777066692284299,0.5396523017384913,0.45892841045559296,-0.010167344223389838,-0.1556122787997889,0.1338046416159637,-0.13157864430944338,0.1094618728321959,0.8953305233473833,0.8941946611866194,MC 200000,0.5,True,,
P1B_secondary_totalH_T_self_A+,"early(s=1) - late(s=3), w=3",A+,severe_ref2,,25,138,920,17,0,0,0.005175983436853004,-0.021265071540918352,0.04455492424242421,-0.01798516548463357,0.03773946845819072,0.7663861680691596,0.7650147168948424,0.007608695652173913,-0.019342855443398265,0.04821506892230575,-0.016067534703246254,0.04151501675463335,0.7056514717426413,0.6700283007388891,-0.0004080487413820752,-0.03146705146705146,0.02975543129709795,-0.02630122655122655,0.025119528619528615,0.9801150994245029,0.9798157271431187,MC 200000,0.1,True,,
P1B_secondary_totalH_T_self_A+,"early(s=1) - late(s=3), w=3",A+,severe_ref3,,25,138,920,16,0,0,0.0019553715205889114,-0.021304199209263464,0.03812589561287478,-0.018271225719779963,0.03141850418328249,0.8885655571722142,0.9002703173680906,0.002173913043478261,-0.022247050241979163,0.039438442644970616,-0.019029704680615128,0.03284102213752352,0.9393653031734841,0.8939545531475959,0.008553952220618888,-0.029179216770883434,0.04336383076799741,-0.0225915544332211,0.03773012666345999,0.6650116749416253,0.6539271325209284,MC 200000,0.1,True,,
P1B_secondary_totalH_T_self_A+,"early(s=1) - late(s=3), w=3",A+,severe_ref4,,25,138,920,14,0,0,0.002530480791350356,-0.013107911386272915,0.027384819572319564,-0.011194843742726807,0.022501254583217292,0.8023159884200579,0.8056176406685868,0.002173913043478261,-0.013905116940473994,0.02743507753989934,-0.01184438438590495,0.022831324639971895,0.9141554292228539,0.8361251115836448,0.0025759980759980736,-0.01941233164983165,0.025355297017797013,-0.01608259980759981,0.021617893217893213,0.8316858415707922,0.8290182727419054,MC 200000,0.1,True,,
P1B_secondary_totalH_T_self_A+,"early(s=1) - late(s=3), w=3",A+,amplification,,25,138,920,11,0,0,-0.004126409017713366,-0.01423261345136345,0.006368110513618313,-0.01248101010540146,0.0045159671828192355,0.45277773611131944,0.41919968200955693,-0.005434782608695652,-0.01681351807903722,0.006316373342230369,-0.014772727272727272,0.004266272289893629,0.4774476127619362,0.34138660197964754,-0.0010369568702902033,-0.008758317299983966,0.007224557078723741,-0.007653138528138529,0.005942821067821067,0.8163409182954086,0.8077976080264099,MC 200000,0.1,True,,
P1B_secondary_totalH_T_self_A+,"early(s=1) - late(s=4), w=3",A+,dev9_ref,,25,138,920,25,0,0,-0.12274923291476292,-0.3026408650253444,0.14669522742241137,-0.279736687610239,0.1006784656104997,0.3920330398348008,0.2968426397398261,-0.1402555171485115,-0.3233578573358572,0.13422806179726054,-0.3001009676720811,0.08799055596892323,0.3584282078589607,0.2455076835327746,-0.04710617693309647,-0.26084243728910705,0.16585809753723724,-0.22714920337714795,0.13028802512888574,0.6753116234418828,0.6729364878570273,MC 200000,0.5,True,,
P1B_secondary_totalH_T_self_A+,"early(s=1) - late(s=4), w=3",A+,severe_ref2,,25,138,920,17,0,0,-0.013486312399355875,-0.05471918528454361,0.042318923843868435,-0.04871985126578812,0.0340600861729775,0.7232363838180809,0.6075952433033363,-0.013043478260869565,-0.056743199569081595,0.046742002521429245,-0.05064546434533473,0.038037143238196854,0.7901760491197544,0.6431311659994652,-0.006508577841911174,-0.049438101250601246,0.03149415584415584,-0.04144385121051787,0.02580553551386882,0.7676411617941911,0.758071515750615,MC 200000,0.1,True,,
P1B_secondary_totalH_T_self_A+,"early(s=1) - late(s=4), w=3",A+,severe_ref3,,25,138,920,16,0,0,-0.0016103059581320442,-0.029001279239766076,0.043938226332199536,-0.025718908563736147,0.035430788426922405,0.9341503292483537,0.9316620601216913,0.0,-0.029664426924318782,0.047771523560295584,-0.02611455240209943,0.038991145127903706,1.0,1.0,0.006916626583293251,-0.03299667909251242,0.04530394420394419,-0.025740147506814172,0.039421949655282985,0.7437462812685937,0.7356905604928796,MC 200000,0.1,True,,
P1B_secondary_totalH_T_self_A+,"early(s=1) - late(s=4), w=3",A+,severe_ref4,,25,138,920,15,0,0,-0.009244881527490222,-0.030593777915206483,0.02473753800762728,-0.027778316942719115,0.01826135499291234,0.5682321588392059,0.5158954873391334,-0.009782608695652175,-0.03236802197910409,0.024881296793781482,-0.029293519931468014,0.018641810918774968,0.6223968880155599,0.510069165138471,-0.0030009620009619977,-0.04076920995670995,0.03497922679172679,-0.03429836459836459,0.0286097643097643,0.8830055849720752,0.8794380355431906,MC 200000,0.1,True,,
P1B_secondary_totalH_T_self_A+,"early(s=1) - late(s=4), w=3",A+,amplification,,25,138,920,9,0,0,-0.001912238325281804,-0.0122556327705004,0.01363492063492063,-0.010748682170223229,0.010555749224453969,0.7584212078939605,0.7625827196539817,-0.003260869565217391,-0.014373913505702433,0.013216787856270885,-0.0127855049107195,0.010057742355237471,0.7473112634436828,0.6286697139625156,0.0004184704184704191,-0.01630405242905243,0.015859187109187097,-0.013307599807599805,0.013555315055315046,0.957040214798926,0.9603076381988904,MC 200000,0.1,True,,
P1B_map_T_self_A+,"window(s=1,w=1) - normal",A+,dev9_ref,,25,138,920,25,0,0,-0.6009544295964747,-0.794997114135138,-0.32137496054587694,-0.7675514717301906,-0.372960660509668,0.0020099899500502496,2.302586031162838e-05,-0.6065461032418702,-0.8111556014737183,-0.30827124907939385,-0.780677668130655,-0.36653531303023373,0.0029549852250738747,3.5768007142551694e-05,-0.3905972441389587,-0.7164639979713268,-0.04723951016015022,-0.6680958709654192,-0.11191599389630882,0.03244983775081125,0.03299733877535596,MC 200000,,,,
P1B_map_T_self_A+,"window(s=1,w=2) - normal",A+,dev9_ref,,25,138,920,25,0,0,-0.7514941701861029,-0.9701980750957327,-0.42636096118446914,-0.9354785142027725,-0.48194257086608217,0.0018999905000474998,7.316020734612023e-06,-0.7633719182869196,-0.9909058782227055,-0.4046382037341559,-0.9586294018972833,-0.47020352765280027,0.0032049839750801245,1.7509896011460084e-05,-0.5053901101282989,-0.8388244115813782,-0.13768498656005412,-0.7933737893413235,-0.20161030639868951,0.011084944575277124,0.0109740992228599,MC 200000,,,,
P1B_map_T_self_A+,"window(s=1,w=3) - normal",A+,dev9_ref,,25,138,920,25,0,0,-0.9377033529049489,-1.158952959994622,-0.5981174442123557,-1.129390814337332,-0.6622771822964743,0.00022999885000574998,6.019558365253801e-07,-0.9604783618196917,-1.1796393397891132,-0.6129776248043773,-1.1513725116779707,-0.6816011820043133,0.00022999885000574998,4.662956038529689e-07,-0.7004329563586235,-0.9888468964436689,-0.41163845515435116,-0.9396332260167494,-0.4583330576759046,0.00012499937500312498,0.00010669321365776404,MC 200000,,,,
P1B_map_T_self_A+,"window(s=2,w=1) - normal",A+,dev9_ref,,25,138,920,25,0,0,-0.4966728032109319,-0.6744455819239431,-0.22773523448164992,-0.6481042908817433,-0.2805152217743647,0.007109964450177749,0.00010263482674536987,-0.5066946509754292,-0.7073219568131487,-0.17524639597992678,-0.6807032055776189,-0.2456541694496415,0.014474927625361874,0.0005348140019675793,-0.3132322026428653,-0.6387993604717181,0.05324443483352571,-0.5926376353094612,-0.006769492833562305,0.09726951365243174,0.09732926600287821,MC 200000,,,,
P1B_map_T_self_A+,"window(s=2,w=2) - normal",A+,dev9_ref,,25,138,920,25,0,0,-0.6300709113968347,-0.8396115700060177,-0.3611330126166411,-0.8066062255198154,-0.4098271582400509,0.0011899940500297499,1.2589905573881527e-05,-0.6436096746248657,-0.8535579575216797,-0.3634117183381645,-0.8210944760962832,-0.41291780520563903,0.0015899920500397498,1.280497589918727e-05,-0.49072909215456517,-0.7897121116704986,-0.19968619399657264,-0.7410587706112998,-0.24587679306589674,0.0036349818250908743,0.0036216802731163862,MC 200000,,,,
P1B_map_T_self_A+,"window(s=2,w=3) - normal",A+,dev9_ref,,25,138,920,25,0,0,-0.9467245813556143,-1.1527466070585801,-0.6478984662402917,-1.1236897351919546,-0.7030177677830425,5.4999725001374995e-05,6.963852643345046e-08,-0.9663033546928448,-1.162747886732277,-0.6675732814088232,-1.136522899730061,-0.723411146465684,4.4999775001124996e-05,3.625843511531212e-08,-0.6672638479490787,-0.9437949230601306,-0.3927161629629326,-0.9010779413634928,-0.4346591878958062,0.00014999925000374999,0.00010967534547075368,MC 200000,,,,
P1B_map_T_self_A+,"window(s=3,w=1) - normal",A+,dev9_ref,,25,138,920,25,0,0,-0.4956479141249388,-0.6757285855759693,-0.2953317847842118,-0.6455409603251632,-0.3301234494235467,0.00022999885000574998,1.4305670943578041e-05,-0.5066743706238498,-0.6881786706279162,-0.29710795707535603,-0.6583694391219957,-0.33645540881524344,0.0004999975000124999,1.3591910510321296e-05,-0.4685786400750678,-0.7127448756593567,-0.24614264900896704,-0.6735098016612904,-0.2794671607927842,0.00038999805000974994,0.0008044429417744527,MC 200000,,,,
P1B_map_T_self_A+,"window(s=3,w=2) - normal",A+,dev9_ref,,25,138,920,25,0,0,-0.7701691922364463,-0.9250617999254019,-0.5580090579677397,-0.9020691894354469,-0.5978819853359364,4.9999750001249995e-06,8.727151240333262e-09,-0.7865402541519971,-0.9359696817454537,-0.5754272313061712,-0.915188617376519,-0.614157852882245,4.9999750001249995e-06,4.45811187327641e-09,-0.6211497889001325,-0.8313135147015955,-0.4196833103719675,-0.7978597602268296,-0.45285599889557554,4.9999750001249995e-06,5.531199555381795e-06,MC 200000,,,,
P1B_map_T_self_A+,"window(s=3,w=3) - normal",A+,dev9_ref,,25,138,920,25,0,0,-0.8836346354079672,-1.062594123166676,-0.6496652778479053,-1.0350880861285787,-0.6938173713656262,9.999950000249999e-06,5.644084326092232e-09,-0.8988159945613596,-1.0689166563273276,-0.6662308273252254,-1.042676110207755,-0.709884430138621,9.999950000249999e-06,2.3886032735959345e-09,-0.6902656121352336,-0.9119249612670015,-0.47608765896885896,-0.8741347108389844,-0.5091422916073478,9.999950000249999e-06,2.7847992837194724e-06,MC 200000,,,,
P1B_map_T_self_A+,"window(s=4,w=1) - normal",A+,dev9_ref,,25,138,920,23,0,0,-0.6012023296842259,-0.7716612503609281,-0.4365262001222355,-0.7417771545476948,-0.4651851311859465,4.9999750001249995e-06,1.5549663611326923e-07,-0.6092194634178614,-0.7751277724427399,-0.44534200565656545,-0.7447727783843231,-0.4769431617920294,4.9999750001249995e-06,6.874287019197087e-08,-0.5114949757984162,-0.6852792926261598,-0.3462623749346111,-0.6556630441499606,-0.3702701732989157,4.9999750001249995e-06,5.949764468939087e-06,MC 200000,,,,
P1B_map_T_self_A+,"window(s=4,w=2) - normal",A+,dev9_ref,,25,138,920,23,0,0,-0.7158326619465454,-0.8919486647394796,-0.5275707158102353,-0.8593194913255349,-0.5627667216066894,4.9999750001249995e-06,2.0375083966834983e-08,-0.7254856919347088,-0.8927564645637217,-0.5419652667188058,-0.8615883995981324,-0.5753861262763207,4.9999750001249995e-06,7.987726620095073e-09,-0.5778487803679017,-0.7656065137200578,-0.39611369613259445,-0.7351411415628147,-0.4251863350863582,4.9999750001249995e-06,3.151356883538945e-06,MC 200000,,,,
P1B_map_T_self_A+,"window(s=4,w=3) - normal",A+,dev9_ref,,25,138,920,23,0,0,-0.8149541199901859,-0.9984452759489877,-0.6012457333668133,-0.969892341633731,-0.6405375846676393,4.9999750001249995e-06,1.4020803813332465e-08,-0.8202228446711803,-0.9941424999163798,-0.6086590092691864,-0.9676433192857978,-0.6501768656512659,4.9999750001249995e-06,6.3700109442662895e-09,-0.653326779425527,-0.8475430108265832,-0.4581201968392413,-0.8165494821079583,-0.48943698776472644,4.9999750001249995e-06,1.732586226527135e-06,MC 200000,,,,
P1B_secondary_totalH_P_gt_all,"early(s=1) - late(s=2), w=1",all,amplification,,25,184,1246,14,0,0,0.015107401656314702,0.0017869158532978417,0.03632666691223934,0.003684251886337071,0.03232256700494402,0.04547477262613687,0.08149504441536112,0.013643659711075442,0.0,0.03643369289132234,0.0019210913689797443,0.03233712967806362,0.09661451692741536,0.13862249871982948,0.023767797722165022,0.0020924156721819098,0.05251287805062302,0.004746542234154216,0.04706962977091756,0.05295973520132399,0.08722690171180049,MC 200000,0.1,True,,
P1B_secondary_totalH_P_gt_all,"early(s=1) - late(s=2), w=1",all,amp2,,25,184,1246,16,0,0,0.017220928226363008,0.002430993456753279,0.03888628848003848,0.004717740769653338,0.03470542538002854,0.040529797351013246,0.05596660089634703,0.016051364365971106,0.0012803279680404498,0.04004497404393667,0.0033412698412698416,0.035147491920025184,0.06961465192674036,0.09232024001804764,0.025527988342378044,0.001838520953456564,0.056131370017834185,0.004938787138787139,0.050068879731379703,0.061614691926540364,0.08328254197958745,MC 200000,0.1,True,,
P1B_secondary_totalH_P_gt_all,"early(s=1) - late(s=2), w=1",all,amp4,,25,184,1246,15,0,0,0.010912698412698412,-0.00011391233448111668,0.027351747150473085,0.0016509470192505905,0.024084376658464798,0.08519457402712986,0.09783631019067933,0.01043338683788122,0.0,0.028314305684995336,0.0014714006115416074,0.024975197068220323,0.11718441407792961,0.1265635009712674,0.019417850181008077,-0.002418591617933723,0.04867499303815092,0.00022724867724867767,0.043391659704817606,0.1593042034789826,0.16370361974485428,MC 200000,0.1,True,,
P1B_secondary_totalH_P_gt_all,"early(s=1) - late(s=2), w=1",all,fde5,,25,184,1246,25,0,0,0.03727003760811529,-0.09530470187132951,0.21151128645209963,-0.07323134200588008,0.1791949524481126,0.6065619671901641,0.6149945997398958,0.02271356675983678,-0.11358543812108418,0.2254900981527507,-0.09288702524617211,0.18840272407018577,0.7799511002444988,0.7846043746520952,0.050626369978982455,-0.1550041055496511,0.259155725876849,-0.12299546131014354,0.22724063716743795,0.6491967540162299,0.6419383420272828,MC 200000,0.5,True,,
P1B_secondary_totalH_P_gt_all,"early(s=1) - late(s=3), w=1",all,amplification,,25,184,1246,15,0,0,0.023539941338854384,-0.00017267267267267225,0.04708951254049483,0.002987672692533804,0.04234630358086646,0.10412447937760311,0.05383819438332944,0.02247191011235955,-1.6801075268801924e-05,0.0465368272476672,0.0029147469985507336,0.04152138497544855,0.125279373603132,0.05804168877546094,0.035129480707588215,0.0005358590631197015,0.08067297621269486,0.0045942925770053435,0.07169055133514819,0.10483447582762086,0.10807036757928591,MC 200000,0.1,True,,
P1B_secondary_totalH_P_gt_all,"early(s=1) - late(s=3), w=1",all,amp2,,25,184,1246,15,0,0,0.021027432712215324,-0.0034969834968662777,0.047067437629291484,0.00020755385487528566,0.0422774179389143,0.15817920910395447,0.10473812853984414,0.018459069020866775,-0.004878646580583452,0.045165925553772544,-0.0013932460043677502,0.04026328167989064,0.20346898265508673,0.14032593820945374,0.03777136353340161,0.0029790528558165737,0.08341173044221759,0.007039232150206399,0.07446156552273572,0.07316463417682911,0.08682409852978211,MC 200000,0.1,True,,
P1B_secondary_totalH_P_gt_all,"early(s=1) - late(s=3), w=1",all,amp4,,25,184,1246,14,0,0,0.026645531400966184,0.002274089769994096,0.049569137651830755,0.0056564544015331435,0.04509600379187422,0.071319643401783,0.03124605759403081,0.026484751203852328,0.0026199135083215153,0.0496693883427255,0.006023191866565362,0.04516585158131782,0.08096459517702412,0.02860204419371171,0.03456584006388038,0.00038878102295655575,0.07962123189919239,0.003801593858942684,0.07053364280518536,0.09301953490232549,0.10740369719787544,MC 200000,0.1,True,,
P1B_secondary_totalH_P_gt_all,"early(s=1) - late(s=3), w=1",all,fde5,,25,184,1246,25,0,0,0.05831758157784105,-0.11192895425567781,0.23187042276465927,-0.08163175806756438,0.19880665340969816,0.4792076039619802,0.4699360339302765,0.06211757775780131,-0.10144797674416726,0.25507617295846613,-0.0738191606602647,0.2169590033813476,0.4528927355363223,0.453463772618256,0.151549092250994,-0.11052110010579909,0.4677251316878817,-0.07354981406894967,0.4067557703958091,0.3561482192589037,0.32596193389296413,MC 200000,0.5,True,,
P1B_secondary_totalH_P_gt_all,"early(s=1) - late(s=4), w=1",all,amplification,,25,184,1246,16,0,0,0.0351104209799862,0.007975198412698413,0.059088797799144346,0.012753541783685955,0.054619932380084654,0.032809835950820244,0.008731682309494712,0.033707865168539325,0.00565333115696692,0.058779172922069044,0.010484241729738632,0.05421175163273931,0.05579472102639487,0.014075054105387596,0.041946748235382046,0.0020985678929547934,0.09280092350750944,0.00690987378201824,0.08361403049016429,0.07575962120189399,0.09515775851607314,MC 200000,0.1,True,,
P1B_secondary_totalH_P_gt_all,"early(s=1) - late(s=4), w=1",all,amp2,,25,184,1246,16,0,0,0.030559868875086268,0.008106091019218557,0.05529925222403774,0.012017975703959285,0.05015765116437337,0.02793486032569837,0.010906923461173373,0.028089887640449437,0.006023194574706011,0.0536270822711768,0.00980392156862745,0.04828479249614845,0.044944775276123616,0.019233662246758102,0.04408462908042975,0.00489841202330704,0.09432082126688789,0.00932024962615668,0.08459581218002271,0.04867975660121699,0.07835132664008107,MC 200000,0.1,True,,
P1B_secondary_totalH_P_gt_all,"early(s=1) - late(s=4), w=1",all,amp4,,25,184,1246,13,0,0,0.02717391304347826,-0.0006658835826617554,0.05102363212259339,0.0035120926677549395,0.047220437935365976,0.10330448347758261,0.04689071490003455,0.026484751203852328,-0.002517879546958381,0.05155743601755273,0.0018555673811233397,0.04747601010101008,0.14677926610366948,0.060520530445431424,0.03394575682705583,-0.004821582051145319,0.08591994455815846,-0.0013375492513790378,0.07594415954415949,0.2393838030809846,0.17072529496726932,MC 200000,0.1,True,,
P1B_secondary_totalH_P_gt_all,"early(s=1) - late(s=4), w=1",all,fde5,,25,184,1246,25,0,0,-0.06157840261287018,-0.2705686615520295,0.15807382531220995,-0.2295163223174913,0.11607679126665976,0.5412322938385308,0.5322833490944947,-0.07504668894576864,-0.2922546261675296,0.15893945743172708,-0.25125944014398455,0.11460066886254726,0.4839725801370993,0.4664666853357089,0.029882666122160922,-0.2765343477790488,0.354527229712117,-0.22733609389346604,0.29559666285022296,0.8555557222213889,0.8541288432314073,MC 200000,0.5,True,,
P1B_secondary_totalH_P_gt_all,"early(s=1) - late(s=2), w=2",all,amplification,,25,184,1246,14,0,0,0.0018978605935127673,-0.008662903353626057,0.017436553746077547,-0.007207229094984197,0.014317264941017429,0.7939060304698476,0.7657137781390548,0.0,-0.01059819234600864,0.015719563018563722,-0.009009009009009009,0.012485920614619006,1.0,1.0,0.007239028650002894,-0.011060385808356134,0.02447413832590203,-0.008249016795489358,0.02176304925115115,0.4583677081614592,0.4470080425357732,MC 200000,0.1,True,,
P1B_secondary_totalH_P_gt_all,"early(s=1) - late(s=2), w=2",all,amp2,,25,184,1246,16,0,0,0.0029007073844030365,-0.012833850619479599,0.022942582647755633,-0.010034441150761983,0.019011070457225453,0.7425512872435638,0.7312542707301672,0.0,-0.015663101443550397,0.01973386037316066,-0.012845477763972171,0.016021773379713843,1.0,1.0,0.0033686434671876997,-0.015856691442189763,0.02221005291005288,-0.012651666502590352,0.019542259016335144,0.7461212693936531,0.7391078613479427,MC 200000,0.1,True,,
P1B_secondary_totalH_P_gt_all,"early(s=1) - late(s=2), w=2",all,amp4,,25,184,1246,12,0,0,0.0033967391304347825,-0.0037263318356867774,0.01348091367957439,-0.002593443517611159,0.011464457182049767,0.4325228373858131,0.4143911239355156,0.0032102728731942215,-0.004450350557722223,0.01300591464855921,-0.00312256049960968,0.011185909909171801,0.5610921945390273,0.43813929653255024,0.0030150552549768695,-0.013373350443416228,0.017421246788548013,-0.010378123916127833,0.015199250786540811,0.72640136799316,0.7123493588374726,MC 200000,0.1,True,,
P1B_secondary_totalH_P_gt_all,"early(s=1) - late(s=2), w=2",all,fde5,,25,184,1246,25,0,0,-0.0680523500756562,-0.14818805413813899,0.0328373864820468,-0.13368792340074315,0.013241070185157626,0.1757441212793936,0.11878715612508377,-0.06942180265905148,-0.14787796845082488,0.030597976959256222,-0.13407361432231074,0.011270245278337828,0.17179414102929486,0.10666353913173816,-0.14966019172524805,-0.47288538767769217,0.07282601767947501,-0.41547507059537525,0.04796407437377073,0.4060429697851511,0.3159416885875617,MC 200000,0.5,True,,
P1B_secondary_totalH_P_gt_all,"early(s=1) - late(s=3), w=2",all,amplification,,25,184,1246,14,0,0,0.007192460317460316,-0.011103581025456027,0.024849849213879095,-0.008113513670308303,0.02159393462534326,0.4511077444612777,0.419639087789598,0.0056179775280898875,-0.013590033975084938,0.024250078218110063,-0.010271070219919324,0.020833333333333332,0.6177169114154429,0.5415971336153115,0.021312235626345367,-0.002151539856187112,0.053693055948654984,0.000431671844185841,0.04754262463305016,0.16333418332908337,0.15780841924568537,MC 200000,0.1,True,,
P1B_secondary_totalH_P_gt_all,"early(s=1) - late(s=3), w=2",all,amp2,,25,184,1246,14,0,0,0.005639665286404417,-0.014233983825422323,0.025045290988605393,-0.011043398684455552,0.021936621315192743,0.5736271318643407,0.563988800459362,0.0032102728731942215,-0.01701546350980806,0.023751256421710963,-0.0135364553745411,0.020128394849469163,0.8078559607201964,0.7439011532807387,0.01395238938408031,-0.007599119115300528,0.041828170159441125,-0.004965080458921445,0.03663855116514688,0.3338683306583467,0.2855929601077407,MC 200000,0.1,True,,
P1B_secondary_totalH_P_gt_all,"early(s=1) - late(s=3), w=2",all,amp4,,25,184,1246,13,0,0,0.007968857832988268,-0.007833084463641267,0.021975862908056292,-0.005344982078853046,0.01942286244814074,0.3506032469837651,0.28723402891233313,0.008025682182985553,-0.010158192811516717,0.02330745704438677,-0.0072992700729927005,0.020650582434381906,0.4472477637611812,0.34113033503084356,0.012760511936323805,-0.010438857213045343,0.044827473245306386,-0.007887847870266683,0.039006814579183,0.49035754821225896,0.39997029828030517,MC 200000,0.1,True,,
P1B_secondary_totalH_P_gt_all,"early(s=1) - late(s=3), w=2",all,fde5,,25,184,1246,25,0,0,-0.21458332292668847,-0.3151109039333457,-0.07828947979977056,-0.30015444993226487,-0.10359939847727838,0.013344933275333624,0.0008311132170015308,-0.22400109582021,-0.33214734849483896,-0.08209582408654637,-0.31556212285667035,-0.10729911241443732,0.014589927050364748,0.0009892889316790963,-0.16047520147708683,-0.33291048484501773,0.03159434700575858,-0.3092661693707701,-0.0007171451250382411,0.10422947885260574,0.10477558372917245,MC 200000,0.5,True,,
P1B_secondary_totalH_P_gt_all,"early(s=1) - late(s=4), w=2",all,amplification,,25,184,1246,14,0,0,0.013263457556935815,-0.005540821213542889,0.030874662598030827,-0.0021416424144983853,0.027760796510796496,0.1805040974795126,0.14199557088819928,0.012038523274478331,-0.007777075682292792,0.03041436293343914,-0.00426016894016218,0.027047796331782076,0.26521867390663045,0.19717796874999163,0.023232040822186394,0.0005968235224814177,0.05366215250004443,0.003136699894398662,0.047950291326607115,0.08227458862705686,0.11362534712673486,MC 200000,0.1,True,,
P1B_secondary_totalH_P_gt_all,"early(s=1) - late(s=4), w=2",all,amp2,,25,184,1246,13,0,0,0.014438837129054522,-0.004340470613085745,0.03340051737994774,-0.0013628943590887378,0.029951596023024583,0.16031419842900785,0.1269562312573581,0.012841091492776886,-0.006211180124223602,0.031931464174454825,-0.0027480116568514355,0.028384713429497426,0.22811385943070284,0.1705851472203057,0.01977633003220909,-0.00037704605439767806,0.04495864192783285,0.0023713742325444445,0.04028588704439767,0.09876450617746911,0.11021411556706838,MC 200000,0.1,True,,
P1B_secondary_totalH_P_gt_all,"early(s=1) - late(s=4), w=2",all,amp4,,25,184,1246,13,0,0,0.010114734299516908,-0.005098015873015872,0.023571617840770585,-0.002053040287500361,0.021122504382653357,0.20075399623001886,0.1445251321924637,0.009630818619582664,-0.007847049161636657,0.024459596232919687,-0.0044647850751038665,0.021664995030849,0.32055339723301385,0.21531150675654537,0.012796987695643912,-0.009617071103381294,0.04463614181844864,-0.0070819744282510245,0.03861463622230698,0.48489257553712234,0.3797799018693072,MC 200000,0.1,True,,
P1B_secondary_totalH_P_gt_all,"early(s=1) - late(s=4), w=2",all,fde5,,25,184,1246,25,0,0,-0.4214747856000633,-0.5548987821831565,-0.23212755470770294,-0.5343015170385323,-0.2608952968826746,0.0007599962000189999,2.3671593403868294e-05,-0.43937928352494066,-0.583357113159295,-0.23757520889506972,-0.5616219100217954,-0.26726955046003753,0.0007149964250178749,3.246777803700375e-05,-0.3840020226322736,-0.6492367705165996,-0.15745963769465285,-0.6024467745648161,-0.188572883579422,0.0016999915000424997,0.0067318975501331185,MC 200000,0.5,False,,
P1B_secondary_totalH_P_gt_all,"early(s=1) - late(s=2), w=3",all,amplification,,25,184,1246,10,0,0,0.00643762939958592,-0.0017796341787743902,0.01755428007813504,-0.0004443137073951022,0.015482064318507141,0.17142914285428573,0.18886495614740245,0.0056179775280898875,-0.0031250977784730914,0.0173053152039555,-0.0017483537466034549,0.015347382093600334,0.3229633851830741,0.27780757604176437,0.007947194887564428,0.0008181430429820688,0.01626974357607056,0.0018154341914980215,0.014852772958036116,0.06032469837650812,0.05796423356096475,MC 200000,0.1,True,,
P1B_secondary_totalH_P_gt_all,"early(s=1) - late(s=2), w=3",all,amp2,,25,184,1246,11,0,0,0.006567028985507245,-0.002914236976282761,0.018993177284890188,-0.001327692718812877,0.016569725302602006,0.2398488007559962,0.22429453332693516,0.0056179775280898875,-0.004127189997287044,0.017757099556164977,-0.0023924399622723643,0.015625,0.37132314338428307,0.2930241201787751,0.0023574352320152995,-0.011675789366578839,0.01387316044247735,-0.008754091972065095,0.012175389145713894,0.7663011684941575,0.7242493006917647,MC 200000,0.1,True,,
P1B_secondary_totalH_P_gt_all,"early(s=1) - late(s=2), w=3",all,amp4,,25,184,1246,7,0,0,0.002318409247757074,-0.006960333994708995,0.01675602613448627,-0.006018161981773841,0.01441173316173315,0.8276958615206924,0.7195058144165669,0.0032102728731942215,-0.007730797911426419,0.0203407125562089,-0.006711409395973154,0.01761616008276264,0.8590357048214758,0.6763215531462099,0.0022373680609962805,-0.0036815474994086415,0.00950128209116171,-0.0028321567124758606,0.00811859409616968,0.5309923450382749,0.5213015172435673,MC 200000,0.1,True,,
P1B_secondary_totalH_P_gt_all,"early(s=1) - late(s=2), w=3",all,fde5,,25,184,1246,25,0,0,-0.12869811342856982,-0.2017555869189534,-0.05964235892808361,-0.18880095223550522,-0.07185506730875729,0.0025649871750641246,0.0008441231919876689,-0.1354118272555744,-0.21270129310823827,-0.054386668818089574,-0.20017986977645189,-0.06897725918141247,0.0051749741251293745,0.0018021753525496878,-0.21255432263706373,-0.3792841942514809,-0.0923707581802637,-0.34623147418026295,-0.10540208038516354,0.00016499917500412497,0.009707611909157204,MC 200000,0.5,True,,
P1B_secondary_totalH_P_gt_all,"early(s=1) - late(s=3), w=3",all,amplification,,25,184,1246,11,0,0,0.001175379572118702,-0.011630808052193131,0.010287776458100965,-0.009122780657601482,0.008992855147419387,0.8397008014959925,0.8314939533764233,-0.0008025682182985554,-0.015429494793043492,0.008854868735416337,-0.012531328320802004,0.007726429279841313,1.0,0.8971249918256107,-0.0005904082127486391,-0.009984410044250469,0.008444815778193436,-0.00840229987703392,0.007015704262246807,0.9065254673726632,0.9037159916773996,MC 200000,0.1,True,,
P1B_secondary_totalH_P_gt_all,"early(s=1) - late(s=3), w=3",all,amp2,,25,184,1246,12,0,0,0.005025017253278123,-0.008957301670668267,0.017731948694481692,-0.0064075959718161565,0.015375788678574573,0.46367768161159195,0.4342400470438147,0.0032102728731942215,-0.012153161873156341,0.015170124299017238,-0.009249829500811222,0.01315843621399176,0.7306613466932665,0.6260065013540391,-0.0017283917194331536,-0.016487780883833514,0.01093103306889701,-0.01402944756189437,0.009069807520255446,0.8272708636456818,0.8124354318003884,MC 200000,0.1,True,,
P1B_secondary_totalH_P_gt_all,"early(s=1) - late(s=3), w=3",all,amp4,,25,184,1246,9,0,0,-0.004528985507246376,-0.013104787026783152,0.002766294106588142,-0.01155011252120269,0.00155442647630147,0.29624351878240607,0.2505643805403031,-0.0056179775280898875,-0.015923657456721956,0.002849053615268868,-0.014084507042253521,0.0013776484452491203,0.33543332283338584,0.2288900003648243,-0.007557935801496832,-0.015625490103919556,-0.0008233607067313696,-0.01414604776626053,-0.0017092351149741972,0.06235468822655887,0.06415713106589037,MC 200000,0.1,True,,
P1B_secondary_totalH_P_gt_all,"early(s=1) - late(s=3), w=3",all,fde5,,25,184,1246,25,0,0,-0.3753562859040059,-0.4677330081926529,-0.25700654795096867,-0.45346166540141236,-0.2751470322959966,4.9999750001249995e-06,2.9310643956926925e-07,-0.39435126008405114,-0.4945152443606204,-0.2653625031498454,-0.47937788080140703,-0.28656054698435895,4.9999750001249995e-06,5.039521544433151e-07,-0.3962877300932723,-0.5510650735910254,-0.26469598794476623,-0.5240981740228725,-0.2830419779731453,4.9999750001249995e-06,2.2339823405965584e-05,MC 200000,0.5,True,,
P1B_secondary_totalH_P_gt_all,"early(s=1) - late(s=4), w=3",all,amplification,,25,184,1246,12,0,0,0.007052277432712217,-0.006954602396124766,0.020381271748330668,-0.004436568417175785,0.017833708759189527,0.3200583997080015,0.2907716392469983,0.004815409309791332,-0.01006796149413599,0.017857505512359283,-0.007278178988705303,0.015455950540958269,0.5806570967145164,0.4777094948629691,0.0028800269449765535,-0.00854854015380331,0.014669073546523151,-0.006708241268291659,0.01254500066314176,0.6449267753661232,0.6366391107237638,MC 200000,0.1,True,,
P1B_secondary_totalH_P_gt_all,"early(s=1) - late(s=4), w=3",all,amp2,,25,184,1246,13,0,0,0.01447118702553485,-0.002935131652106715,0.03419110624322192,-7.841618448145545e-05,0.03049445164490526,0.13089934550327248,0.10683875341910613,0.012038523274478331,-0.0053526544785888345,0.030943576980297822,-0.002427479743934991,0.02726580156010789,0.21996890015549922,0.16220733016881958,0.006700640831939825,-0.009425679851337744,0.024167207545937944,-0.007068503797227201,0.02091436267633076,0.4474677626611867,0.441422484723071,MC 200000,0.1,True,,
P1B_secondary_totalH_P_gt_all,"early(s=1) - late(s=4), w=3",all,amp4,,25,184,1246,10,0,0,8.6266390614217e-05,-0.011203487364404893,0.011240507383016239,-0.00910444297623126,0.009127543035993732,0.9943750281248593,0.9872519649365066,-0.0016051364365971107,-0.013679587617951796,0.009842651858535586,-0.011494693604118186,0.007640067911714771,0.9130054349728252,0.7765537516814055,-0.005200689029356442,-0.01547022404620389,0.004804809350162091,-0.013803307470804672,0.0033865095089059237,0.3527032364838176,0.3385394636197614,MC 200000,0.1,True,,
P1B_secondary_totalH_P_gt_all,"early(s=1) - late(s=4), w=3",all,fde5,,25,184,1246,25,0,0,-0.6107748728248762,-0.762610172773585,-0.3901243313153082,-0.7412315330555598,-0.42518001794659166,4.9999750001249995e-06,9.961709439810808e-07,-0.6473042865265601,-0.8007644776490945,-0.41961573732827734,-0.7792638140123634,-0.45660636416054357,4.9999750001249995e-06,5.468191131476863e-07,-0.6189230184040525,-0.9094951323913528,-0.37013615722881843,-0.8553371537169644,-0.40401890811786034,4.9999750001249995e-06,0.00018074081938778118,MC 200000,0.5,False,,
P1B_map_P_gt_all,"window(s=1,w=1) - normal",all,amplification,,25,184,1246,16,0,0,-0.07212948585231194,-0.09077398924545663,-0.0436778813120903,-0.08804349624840017,-0.04818730481322965,0.000559997200014,3.2259378837860883e-06,-0.07624398073836276,-0.09396854679331888,-0.048232781199122284,-0.0915143287972427,-0.053010825715488805,0.00056999715001425,6.076578770959786e-07,-0.05314005816049489,-0.08601546311564509,-0.0219587158276898,-0.08031979311230432,-0.026885673391972387,0.002664986675066625,0.0035093120979874707,MC 200000,,,,
P1B_map_P_gt_all,"window(s=1,w=2) - normal",all,amplification,,25,184,1246,15,0,0,-0.10948283298826775,-0.13949603082592804,-0.06626101839616742,-0.1350263925721567,-0.07285925282811537,0.00039499802500987495,6.2742060589152375e-06,-0.11556982343499198,-0.1436074056901,-0.0737806278010433,-0.1396537688299921,-0.0809159633963759,0.00039499802500987495,1.0515496403131768e-06,-0.08575421960976273,-0.13562904870263492,-0.043218600790255315,-0.12594469168693692,-0.0493505362560794,0.00022999885000574998,0.0014129924272481406,MC 200000,,,,
P1B_map_P_gt_all,"window(s=1,w=3) - normal",all,amplification,,25,184,1246,16,0,0,-0.12195910973084886,-0.15719825620933217,-0.0739699962962104,-0.1516326853293067,-0.08181739128498389,0.000244998775006125,7.608797121953369e-06,-0.12921348314606743,-0.1633523034198947,-0.08379680052278204,-0.15749319487851596,-0.09078224961515279,0.000244998775006125,1.2856928780430115e-06,-0.11070869948557518,-0.17536095193145163,-0.05750034901538262,-0.16376180611102223,-0.06438086639471019,0.00016999915000424998,0.0016422436825623613,MC 200000,,,,
P1B_map_P_gt_all,"window(s=2,w=1) - normal",all,amplification,,25,184,1246,13,0,0,-0.08723688750862664,-0.11228182353670636,-0.05829206862342638,-0.10739394870960944,-0.06330600562839772,0.00026999865000674995,3.8997962698253426e-07,-0.0898876404494382,-0.11563864952972218,-0.06301026784341873,-0.1103516533148636,-0.06787266345674063,0.00026999865000674995,1.019263928206275e-07,-0.07690785588265993,-0.12489494269520864,-0.037992139776154336,-0.11596150481450032,-0.04323320105820108,0.00026999865000674995,0.0026311168172335106,MC 200000,,,,
P1B_map_P_gt_all,"window(s=2,w=2) - normal",all,amplification,,25,184,1246,16,0,0,-0.11138069358178053,-0.14200109891017199,-0.0685940058893928,-0.13765659450269274,-0.0751182840837065,0.00021499892500537497,4.134485578113484e-06,-0.11556982343499198,-0.14569968217060522,-0.07464040459131815,-0.14110241633764933,-0.08122336096296771,0.00021499892500537497,1.0499383458096093e-06,-0.09299324825976563,-0.15093941949345083,-0.04227886277226983,-0.1410586732219711,-0.049780806899955864,0.0009149954250228749,0.0033717877255993855,MC 200000,,,,
P1B_map_P_gt_all,"window(s=2,w=3) - normal",all,amplification,,25,184,1246,16,0,0,-0.12839673913043478,-0.16399384633080286,-0.0813157031880549,-0.158636978184664,-0.08876149467070275,0.00012999935000325,2.5328029278561227e-06,-0.1348314606741573,-0.1693814406883573,-0.08961700798568319,-0.16392159775299106,-0.0971865846208167,0.00012999935000325,4.586161077509666e-07,-0.11865589437313961,-0.18354507345491386,-0.0637966308923336,-0.17133715242598221,-0.0713207509590489,7.999960000199999e-05,0.0009193254491279023,MC 200000,,,,
P1B_map_P_gt_all,"window(s=3,w=1) - normal",all,amplification,,25,184,1246,14,0,0,-0.09566942719116633,-0.12915973601212216,-0.05306406724643419,-0.1235254885196337,-0.0591860617771706,0.00022999885000574998,6.941603396261801e-05,-0.09871589085072231,-0.1304093070652174,-0.05814863463066997,-0.12524323634995632,-0.06436500025275824,0.00022999885000574998,1.987899102561824e-05,-0.0882695388680831,-0.14824646355158674,-0.04066941790168277,-0.13650257712612135,-0.046721525843614324,0.00022999885000574998,0.0049911281784904395,MC 200000,,,,
P1B_map_P_gt_all,"window(s=3,w=2) - normal",all,amplification,,25,184,1246,16,0,0,-0.11667529330572807,-0.15669839812372569,-0.06725225925238112,-0.15044617185810827,-0.07459705981340597,0.00012499937500312498,3.91581499047358e-05,-0.12118780096308186,-0.15927836019735567,-0.07328787377219279,-0.15348438992734426,-0.08084577771904329,0.00012499937500312498,1.178979168900969e-05,-0.1070664552361081,-0.16928560774435633,-0.05619877135327864,-0.15890471673819936,-0.06285291540817856,7.499962500187499e-05,0.0014444935370415799,MC 200000,,,,
P1B_map_P_gt_all,"window(s=3,w=3) - normal",all,amplification,,25,184,1246,16,0,0,-0.12313448930296754,-0.16129113141380583,-0.07000541959463613,-0.15593033912358545,-0.07838033074351484,0.00018999905000474998,2.3740435943919787e-05,-0.12841091492776885,-0.16500857864826068,-0.07685420545824931,-0.15996931703827763,-0.08501580611169658,0.00018999905000474998,7.2772215321532386e-06,-0.11011829127282655,-0.17259410224278646,-0.057812161512847425,-0.1616977041963884,-0.06454093233401745,0.00017999910000449998,0.0013004424167763825,MC 200000,,,,
P1B_map_P_gt_all,"window(s=4,w=1) - normal",all,amplification,,25,184,1246,15,0,0,-0.10723990683229812,-0.14017992670656604,-0.061303479725223424,-0.13507216251633464,-0.06810697514399208,6.4999675001625e-05,1.5358726593831655e-05,-0.10995184590690209,-0.14192522233331578,-0.06513237375306342,-0.13646773154228134,-0.07197258622299295,6.4999675001625e-05,6.137073130515469e-06,-0.09508680639587695,-0.15508065982377295,-0.0458421976073572,-0.14362573187150454,-0.05263046398046398,6.4999675001625e-05,0.002629884562695692,MC 200000,,,,
P1B_map_P_gt_all,"window(s=4,w=2) - normal",all,amplification,,25,184,1246,16,0,0,-0.12274629054520358,-0.1584519905268793,-0.0746953580396377,-0.15332829145609414,-0.08167626186276981,1.9999900000499998e-05,8.051029904461706e-06,-0.1276083467094703,-0.16152042728229157,-0.08103212377560108,-0.15660560720721792,-0.08834560030003293,1.9999900000499998e-05,2.067322959860888e-06,-0.10898626043194909,-0.16731530310705842,-0.05944461527751002,-0.1571052306046987,-0.06621166056166057,1.9999900000499998e-05,0.000739827844363018,MC 200000,,,,
P1B_map_P_gt_all,"window(s=4,w=3) - normal",all,amplification,,25,184,1246,16,0,0,-0.12901138716356106,-0.16477137220484767,-0.08116668343546071,-0.15929812729689574,-0.08813125120849374,1.9999900000499998e-05,3.5149814236134033e-06,-0.13402889245585875,-0.16845361331464134,-0.08771872416643704,-0.1630261234928754,-0.09465020576131687,1.9999900000499998e-05,9.040582684239755e-07,-0.11358872643055172,-0.1726232527838281,-0.06322254448405065,-0.16201223418498056,-0.07079101395058844,1.9999900000499998e-05,0.0005425139448870212,MC 200000,,,,
P1B_secondary_totalH_P_self_all,"early(s=1) - late(s=2), w=1",all,dev9_ref,,25,184,1246,25,0,0,-0.0949552329611017,-0.21757056076994868,0.02585600216950731,-0.19323612161515027,0.004563135997859086,0.14346928265358674,0.10439965686584321,-0.11020134127851786,-0.2606679307522641,0.027012830174237102,-0.23021954473735215,0.00411206539221213,0.14353428232858836,0.1100920339873801,-0.10754867808613643,-0.40538233321962647,0.10457788387828877,-0.34781933985781266,0.07977841444108702,0.5804920975395123,0.4337621809207173,MC 200000,0.5,True,,
P1B_secondary_totalH_P_self_all,"early(s=1) - late(s=2), w=1",all,severe_ref2,,25,184,1246,18,0,0,0.005143633540372673,-0.021428650163769214,0.039266343559821816,-0.018280396719151736,0.03503654008756343,0.7932860335698322,0.7632360177247507,0.006420545746388443,-0.020127032254691826,0.04084539412162454,-0.016597353206973926,0.03630476138772203,0.7694061529692352,0.7067454037680194,0.011171651168291705,-0.011092739156037028,0.03498097818878893,-0.007754703839978196,0.030962850171892715,0.3597482012589937,0.35444367766939044,MC 200000,0.1,True,,
P1B_secondary_totalH_P_self_all,"early(s=1) - late(s=2), w=1",all,severe_ref3,,25,184,1246,19,0,0,-0.010384316770186334,-0.02668734612500417,0.011572497149544732,-0.024341024492234166,0.007606333596240421,0.3696281518592407,0.28380778490113934,-0.01043338683788122,-0.027778550241008525,0.013228390383562784,-0.02533885989915662,0.008899181726885017,0.4179679101604492,0.307345198700442,-0.014061491813731453,-0.03916958884584165,0.009234583176093531,-0.0351476106102226,0.005558333441578121,0.28229858850705747,0.2737763933165695,MC 200000,0.1,True,,
P1B_secondary_totalH_P_self_all,"early(s=1) - late(s=2), w=1",all,severe_ref4,,25,184,1246,19,0,0,-0.009025621118012422,-0.025836693658333486,0.009893311792644383,-0.023042661090341504,0.0063501664106502655,0.33680331598342006,0.2975542404765475,-0.00882825040128411,-0.02661642990636997,0.011080759364827794,-0.02358863875480881,0.007527617310225969,0.4145829270853646,0.3340824196332125,-0.006274499783738309,-0.03776460432427678,0.022796274781220184,-0.03245238201773756,0.018328368469591863,0.7147114264428678,0.6967559022013786,MC 200000,0.1,True,,
P1B_secondary_totalH_P_self_all,"early(s=1) - late(s=2), w=1",all,amplification,,25,184,1246,13,0,0,-0.0015851449275362313,-0.021944070474854055,0.014363913644421009,-0.01917989417989418,0.01233490008765744,0.8771006144969276,0.8756981379043478,-0.0032102728731942215,-0.024000961538461537,0.013053214917742667,-0.021150969064550287,0.011002529065759072,0.8160859195704021,0.755047120788097,0.0006177695329431054,-0.013410879777754079,0.01635901482258564,-0.011198430245462722,0.013445992196804063,0.9387053064734676,0.9369341247764515,MC 200000,0.1,True,,
P1B_secondary_totalH_P_self_all,"early(s=1) - late(s=3), w=1",all,dev9_ref,,25,184,1246,25,0,0,-0.13540478224123173,-0.2952759508868041,0.10691362108365533,-0.27385980067853105,0.06329832636221541,0.28904855475722624,0.1934205054554984,-0.13863457078242597,-0.3161434905357518,0.11913877681157146,-0.29136269994017516,0.0721175864691584,0.31428342858285707,0.21744093343051887,-0.04873625795291888,-0.23588224337717223,0.14813169974301044,-0.2061413810811153,0.11516696382505807,0.6278168609156954,0.6298842322611631,MC 200000,0.5,True,,
P1B_secondary_totalH_P_self_all,"early(s=1) - late(s=3), w=1",all,severe_ref2,,25,184,1246,19,0,0,-0.001293995859213252,-0.020581123922437192,0.02645107177531988,-0.017857959370305047,0.021700125397776725,0.9235303823480883,0.9145688995719031,-0.0016051364365971107,-0.020779396834525617,0.026518939102161274,-0.018147741391803272,0.021881942174484234,0.954600226998865,0.8957672146545772,0.007725065072209528,-0.018259135068303605,0.034343477664656265,-0.01433899709949542,0.029826066461844727,0.5807220963895181,0.5780948754978057,MC 200000,0.1,True,,
P1B_secondary_totalH_P_self_all,"early(s=1) - late(s=3), w=1",all,severe_ref3,,25,184,1246,18,0,0,-0.008055124223602484,-0.020845875045093797,0.014476519411342502,-0.019167245228565978,0.009369119244460104,0.41620291898540507,0.33709965565045485,-0.00882825040128411,-0.022237280025932848,0.01432452006970617,-0.02054794520547945,0.009551440709588408,0.4694526527367363,0.3229173263623578,0.005735276885612829,-0.02201511849557062,0.04241761755156212,-0.018883860559518455,0.03625869963369962,0.7739461302693487,0.7406514212410442,MC 200000,0.1,True,,
P1B_secondary_totalH_P_self_all,"early(s=1) - late(s=3), w=1",all,severe_ref4,,25,184,1246,18,0,0,-0.010675465838509314,-0.026032619148850012,0.016637983814732662,-0.024121428210654782,0.011246869449994444,0.4239528802355988,0.3195546907831177,-0.012038523274478331,-0.027263453381807166,0.014963060513510224,-0.02519907268760161,0.0098803403940833,0.43085784571077146,0.25788029411693136,0.006721057964059081,-0.02144164813401936,0.04308594767287375,-0.017540674016373905,0.0357473755424203,0.7445412772936135,0.6870093257304589,MC 200000,0.1,True,,
P1B_secondary_totalH_P_self_all,"early(s=1) - late(s=3), w=1",all,amplification,,25,184,1246,13,0,0,-0.01635826432022084,-0.03139121879410038,-0.005832565630678792,-0.02852801055349977,-0.007298387916727281,0.007859960700196499,0.01582898098411588,-0.016853932584269662,-0.03217836007738705,-0.006329113924050633,-0.02951659818089478,-0.007691938225079441,0.011969940150299249,0.013831192445065588,-0.013736703437991231,-0.025797695647898612,-0.0020449916332475164,-0.023968326839785406,-0.0037590991652161907,0.03589482052589737,0.037860412752528126,MC 200000,0.1,True,,
P1B_secondary_totalH_P_self_all,"early(s=1) - late(s=4), w=1",all,dev9_ref,,25,184,1246,25,0,0,-0.09457361122855584,-0.3134978920070777,0.22841694230512408,-0.28197505152302094,0.17348247437274678,0.5574872125639372,0.4962902933188994,-0.10548625702241492,-0.34236699673023846,0.2392370749604609,-0.306297162822194,0.18112182745113609,0.5473922630386848,0.4788098059999233,-0.04274952191177389,-0.2536488493535992,0.15638179742614958,-0.2174937453611324,0.1265980140504117,0.6893815530922346,0.6899479755925855,MC 200000,0.5,True,,
P1B_secondary_totalH_P_self_all,"early(s=1) - late(s=4), w=1",all,severe_ref2,,25,184,1246,19,0,0,-0.00342908902691511,-0.04668959850483174,0.05541647919010121,-0.04109526430068882,0.048187167495203194,0.9596552017239913,0.9055363666036038,-0.0032102728731942215,-0.04939660381759738,0.059564828244025446,-0.04333653309532296,0.05231214281672607,0.977800110999445,0.9175138595956314,0.014387065476931098,-0.019757409370056343,0.04902465538847116,-0.014820265646385469,0.04361734692819517,0.43236283818580906,0.43224465110880117,MC 200000,0.1,True,,
P1B_secondary_totalH_P_self_all,"early(s=1) - late(s=4), w=1",all,severe_ref3,,25,184,1246,21,0,0,-0.012249827467218767,-0.046812009270648616,0.03223911468338218,-0.041630910601957755,0.027389909258793064,0.8742956285218574,0.5887635181783778,-0.013643659711075442,-0.04973995217221366,0.033163948127430835,-0.044577662036437815,0.02853269680821068,0.8742606286968565,0.5675446755743818,0.0007122108325915731,-0.038840026911933404,0.0379850571942677,-0.03215524346873731,0.03239076498757346,0.9719251403742981,0.9715038352445602,MC 200000,0.1,True,,
P1B_secondary_totalH_P_self_all,"early(s=1) - late(s=4), w=1",all,severe_ref4,,25,184,1246,20,0,0,-0.012390010351966874,-0.03204625915063825,0.016396254208754207,-0.029143814623137927,0.012114808268654395,0.4514327428362858,0.3289971149421982,-0.014446227929373997,-0.03546175825297209,0.015400928287308688,-0.03228717651690325,0.011001167353899204,0.4386528067359663,0.2784748676194211,-0.010261251419146156,-0.047790037593984966,0.02431283175888439,-0.04077994505494505,0.01857095248805774,0.5979770101149494,0.5842487308440676,MC 200000,0.1,True,,
P1B_secondary_totalH_P_self_all,"early(s=1) - late(s=4), w=1",all,amplification,,25,184,1246,16,0,0,-0.024715320910973084,-0.04323746774438372,-0.011650309811392794,-0.040064673132265985,-0.013272486772486772,0.0026299868500657495,0.005045490927397455,-0.027287319422150885,-0.04823177416768107,-0.01255920371051951,-0.044890162368672396,-0.014457673004765451,0.0031949840250798745,0.006703061666320202,-0.028331336273945452,-0.047676664727945524,-0.010389290776153881,-0.04442867534356895,-0.012962143606880451,0.005644971775141124,0.007608964374098441,MC 200000,0.1,True,,
P1B_secondary_totalH_P_self_all,"early(s=1) - late(s=2), w=2",all,dev9_ref,,25,184,1246,25,0,0,-0.06156099604948414,-0.13129792542834626,0.027333096455066565,-0.12023936747614225,0.008484631487699842,0.1524842375788121,0.11686924553265815,-0.06051876760918478,-0.14283903771880277,0.05043577878860363,-0.13111444617465015,0.028613468100293266,0.25167874160629194,0.20776332240638998,-0.08750793720939588,-0.18361807755120918,0.008083287456117761,-0.16803345157978058,-0.0069945292432166285,0.09237453812730936,0.09261738583796177,MC 200000,0.5,True,,
P1B_secondary_totalH_P_self_all,"early(s=1) - late(s=2), w=2",all,severe_ref2,,25,184,1246,19,0,0,-0.00429175293305728,-0.029705190734630335,0.019935124618029022,-0.025614855169939915,0.01588387239177295,0.7251413742931285,0.7233993464557462,-0.0016051364365971107,-0.027836290642347345,0.02201746677580893,-0.023288434581060637,0.01778982652072437,0.9469002654986725,0.8934356810472464,-0.008489369905943255,-0.036721597507361786,0.02001129441511578,-0.03232115557807048,0.015249164999696911,0.5781271093644532,0.5772936891254993,MC 200000,0.1,True,,
P1B_secondary_totalH_P_self_all,"early(s=1) - late(s=2), w=2",all,severe_ref3,,25,184,1246,18,0,0,-0.011397946859903382,-0.027130734528291657,0.006270706842924675,-0.02450139909565627,0.003664937438241836,0.2681886590567047,0.18457082556148593,-0.011235955056179775,-0.028756503312933883,0.007246705594571131,-0.025524830672116524,0.004277343063383993,0.3122834385828071,0.20880331274998332,-0.019532502150083335,-0.05350979420500697,0.008835242862566489,-0.047550011906926794,0.004877896926805093,0.251238743806281,0.23339701925627446,MC 200000,0.1,True,,
P1B_secondary_totalH_P_self_all,"early(s=1) - late(s=2), w=2",all,severe_ref4,,25,184,1246,17,0,0,-0.013274240855762596,-0.02925417827155016,-6.884674853424935e-05,-0.026102112382065622,-0.0024031242126480285,0.06682466587667062,0.053366201824695224,-0.015248796147672551,-0.03209274144440385,-0.002241902226137095,-0.028681374149249306,-0.004305012080921393,0.05575472122639387,0.030490100894162993,-0.022454485458964744,-0.05667323865218601,0.004336214467793414,-0.05033239616134352,0.0011500577913231887,0.17319413402932984,0.16849737256331573,MC 200000,0.1,True,,
P1B_secondary_totalH_P_self_all,"early(s=1) - late(s=2), w=2",all,amplification,,25,184,1246,7,0,0,-0.009618702553485159,-0.029761904761904757,0.010115571051115477,-0.025943240220507414,0.006907938404354171,0.4694276528617357,0.332061237709833,-0.011235955056179775,-0.03262647669083256,0.009469921370099093,-0.02848407847725366,0.006146336558298041,0.4536377318113409,0.28482290979880687,0.00019973898193383131,-0.014781122798130075,0.015915231340763256,-0.012440676158481307,0.013197452851988112,1.0,0.9801569891245141,MC 200000,0.1,True,,
P1B_secondary_totalH_P_self_all,"early(s=1) - late(s=3), w=2",all,dev9_ref,,25,184,1246,25,0,0,-0.11571407527683948,-0.25898817821520825,0.08160575899890028,-0.23807605906218748,0.043225094919930714,0.2314638426807866,0.17020345112451502,-0.13622562332439142,-0.29447792980093546,0.07892552419405696,-0.2714797330636187,0.03892873331409742,0.20131899340503298,0.14086819330368064,-0.12653137036304488,-0.28765491958969774,0.03915463339993317,-0.26298712613083175,0.013816245835799337,0.14885425572872135,0.14909818180900392,MC 200000,0.5,True,,
P1B_secondary_totalH_P_self_all,"early(s=1) - late(s=3), w=2",all,severe_ref2,,25,184,1246,20,0,0,0.0008518806073153872,-0.02554214422266039,0.03917751780847019,-0.021762924851026266,0.03256336108729724,0.95960020199899,0.9589022618093712,0.0016051364365971107,-0.024824998199172943,0.03979476813621239,-0.02104155738182666,0.03375551986167803,0.9616801915990421,0.9225883410778399,0.009385067506008156,-0.023429158286241147,0.042709647949205586,-0.018205886351631027,0.036871603153182095,0.594482027589862,0.5929129997603668,MC 200000,0.1,True,,
P1B_secondary_totalH_P_self_all,"early(s=1) - late(s=3), w=2",all,severe_ref3,,25,184,1246,19,0,0,-0.012325310559006208,-0.03356284194178466,0.016494878572992016,-0.03029074466062171,0.012066726621343124,0.5036524817375914,0.3461207000504395,-0.015248796147672551,-0.03803357645109301,0.015538316150854119,-0.034482758620689655,0.010741716041255204,0.4654326728366358,0.27255018916922485,-0.006519321922737378,-0.04390355465062912,0.027588927845618758,-0.03741838234657383,0.02205275046590836,0.7357163214183929,0.729040908848939,MC 200000,0.1,True,,
P1B_secondary_totalH_P_self_all,"early(s=1) - late(s=3), w=2",all,severe_ref4,,25,184,1246,18,0,0,-0.019420721187025532,-0.03453098344600998,-0.000612850733238308,-0.03165283147922037,-0.004254551273878591,0.07247463762681186,0.020858053000485585,-0.024077046548956663,-0.04060446355387469,-0.005493754879000792,-0.03731343283582089,-0.009044636007499112,0.04506977465112674,0.006255479083783828,-0.020575413346969895,-0.052278658195315526,0.00862710327031435,-0.047084090898732556,0.004241160012688569,0.2207838960805196,0.2137325750530057,MC 200000,0.1,True,,
P1B_secondary_totalH_P_self_all,"early(s=1) - late(s=3), w=2",all,amplification,,25,184,1246,12,0,0,-0.01377027260179434,-0.02645028497510115,0.001484815952482823,-0.024124063549725985,-0.001149396956850385,0.12887935560322197,0.050031910602314225,-0.016051364365971106,-0.028571980569662175,-0.0009642275202706409,-0.026357893268628512,-0.003518154993394824,0.11175944120279399,0.02325586809552617,-0.010206740710660083,-0.03204456244265874,0.006058862775688078,-0.027778840798577637,0.004252182214948171,0.40213798931005346,0.32712662834433814,MC 200000,0.1,True,,
P1B_secondary_totalH_P_self_all,"early(s=1) - late(s=4), w=2",all,dev9_ref,,25,184,1246,25,0,0,-0.2654324579769213,-0.4557713321962211,0.012501226583743672,-0.43005247308511013,-0.038533580454482304,0.09686951565242173,0.030192945892485994,-0.3063564019160544,-0.506287875845713,-0.019151759909817854,-0.4774885119467702,-0.0743863234029011,0.07055464722676387,0.015850547569688456,-0.25321395049219353,-0.478053624883686,-0.03455810903952169,-0.4404782214336654,-0.06764878453453792,0.03903480482597587,0.0390390843609607,MC 200000,0.5,True,,
P1B_secondary_totalH_P_self_all,"early(s=1) - late(s=4), w=2",all,severe_ref2,,25,184,1246,20,0,0,-0.017016045548654248,-0.056816349882756134,0.04305516651104884,-0.05143622155590241,0.03420633761343659,0.6551167244163779,0.5255529594982018,-0.018459069020866775,-0.05847119236387512,0.04195992179863145,-0.05323005232177894,0.03333731105807472,0.6823965880170599,0.4954009331365248,-0.002318559172982467,-0.04368312684215539,0.040807857990584735,-0.03719635301656577,0.034690807681597144,0.917960410197949,0.91692926824625,MC 200000,0.1,True,,
P1B_secondary_totalH_P_self_all,"early(s=1) - late(s=4), w=2",all,severe_ref3,,25,184,1246,19,0,0,-0.035347653554175296,-0.06577584431094005,0.007529401007992722,-0.061765456954995454,0.0015065652953426645,0.17619411902940485,0.08221026737049997,-0.03932584269662921,-0.0716287065041383,0.0065262339297506786,-0.06744364676351142,0.0,0.1728841355793221,0.06817837487723086,-0.019986423824609717,-0.06037421083281946,0.01615024274178809,-0.05306617154360715,0.010470945264142347,0.3411482942585287,0.33085238028550457,MC 200000,0.1,True,,
P1B_secondary_totalH_P_self_all,"early(s=1) - late(s=4), w=2",all,severe_ref4,,25,184,1246,19,0,0,-0.0391541580400276,-0.056264192575812284,-0.016260152348799514,-0.053682954143877144,-0.020214958390374578,0.012629936850315748,0.00043272783060649953,-0.04333868378812199,-0.06194717680472853,-0.020593966147774832,-0.05893729297761073,-0.024719265095865386,0.009664951675241625,0.00016679624928656384,-0.038171962229633,-0.07617911016858385,-0.00441201734218252,-0.06931063767119199,-0.009553706962441576,0.05246973765131174,0.052888547339424614,MC 200000,0.1,True,,
P1B_secondary_totalH_P_self_all,"early(s=1) - late(s=4), w=2",all,amplification,,25,184,1246,13,0,0,-0.016455314009661836,-0.03756979499295767,0.010202071444969167,-0.03415594656666084,0.005069157540745821,0.2872035639821801,0.16987497736511353,-0.02086677367576244,-0.04465091154034572,0.007268015838254816,-0.040727627392687635,0.0021555219012115512,0.2529387353063235,0.11092774382402422,-0.006562796790120419,-0.02402872072662106,0.010041462084015271,-0.021139394357871405,0.007436218957103612,0.4766576167119164,0.46862024615145803,MC 200000,0.1,True,,
P1B_secondary_totalH_P_self_all,"early(s=1) - late(s=2), w=3",all,dev9_ref,,25,184,1246,25,0,0,-0.07941062991692495,-0.2314481214737585,0.08732028523770169,-0.2074660148140436,0.05449782324469932,0.33823830880845596,0.31451279259218945,-0.09951757539826564,-0.2601089758051421,0.061470479678940884,-0.2351001040888662,0.030442370252199393,0.24418377908110458,0.2201812844442494,-0.1128504787139716,-0.2364864814651422,0.013815415714311148,-0.21822913343339023,-0.005999316343195432,0.09914450427747862,0.09921759655021867,MC 200000,0.5,True,,
P1B_secondary_totalH_P_self_all,"early(s=1) - late(s=2), w=3",all,severe_ref2,,25,184,1246,18,0,0,-0.009683402346445822,-0.033383126996318235,0.013477182539682536,-0.029370378828031316,0.009223083464154892,0.3930130349348253,0.38871839433516764,-0.008025682182985553,-0.03262672320336499,0.014543905561483784,-0.028401458948978116,0.010649955770897425,0.5208573957130215,0.4764257941693678,-0.01689373506506765,-0.043677139948206566,0.009445837281419579,-0.03936547240760566,0.004906439801540576,0.22875385623071884,0.22675906330585452,MC 200000,0.1,True,,
P1B_secondary_totalH_P_self_all,"early(s=1) - late(s=2), w=3",all,severe_ref3,,25,184,1246,17,0,0,-0.006135697032436163,-0.02610235035141751,0.01702136823435421,-0.02267811855645036,0.012587390907703397,0.5737721311393443,0.5520899326372296,-0.008025682182985553,-0.030146608873023967,0.015904755068122473,-0.026117894998244316,0.011029645963493751,0.5238623806880965,0.4593876886339586,-0.016651934095103186,-0.052424732059964424,0.012695972168669526,-0.04538405868166506,0.008390155637776016,0.355918220408898,0.33176919235135083,MC 200000,0.1,True,,
P1B_secondary_totalH_P_self_all,"early(s=1) - late(s=2), w=3",all,severe_ref4,,25,184,1246,13,0,0,-0.010298050379572118,-0.02797655942542306,0.010266038273175515,-0.024968924499466433,0.006360696176269937,0.30054349728251356,0.267539605605187,-0.013643659711075442,-0.03216717523685157,0.006456195770943143,-0.02876972275840431,0.002526054702039443,0.20019899900500499,0.13912370229636623,-0.022875588338914205,-0.05211176048584363,0.001178168310734095,-0.04673413802509547,-0.0018606579186646415,0.11118444407777961,0.1125736604466574,MC 200000,0.1,True,,
P1B_secondary_totalH_P_self_all,"early(s=1) - late(s=2), w=3",all,amplification,,25,184,1246,8,0,0,-0.004669168391994479,-0.014438213301849663,0.008717031192321888,-0.012777085712034522,0.006245166870166866,0.5005124974375128,0.42026363377952003,-0.0056179775280898875,-0.015311570672923765,0.00792707637087053,-0.013736263736263736,0.005592919384865693,0.48485757571212146,0.33789132386088694,-2.863587410059931e-05,-0.01295675173453729,0.010987814086498293,-0.010602988422137355,0.00938566860641328,1.0,0.9963454753836635,MC 200000,0.1,True,,
P1B_secondary_totalH_P_self_all,"early(s=1) - late(s=3), w=3",all,dev9_ref,,25,184,1246,25,0,0,-0.22686650389782,-0.4231661126699986,-0.003654001463004597,-0.3916236191811154,-0.045811818173331915,0.08176459117704411,0.03467596813023243,-0.262613851898941,-0.4620863216320867,-0.045003304191058385,-0.4293666238420166,-0.08624043972371497,0.051079744601277,0.01489480951414276,-0.22971542260436767,-0.40354967834218364,-0.05666137228358279,-0.37687120542638464,-0.08501732026563681,0.01812990935045325,0.018121223937061916,MC 200000,0.5,True,,
P1B_secondary_totalH_P_self_all,"early(s=1) - late(s=3), w=3",all,severe_ref2,,25,184,1246,18,0,0,-0.020995082815734995,-0.05510028914440679,0.03233874504849437,-0.050441886707289545,0.02237276133573904,0.4296678516607417,0.34152887340075466,-0.02086677367576244,-0.054018895648056654,0.03217195371243747,-0.049593891997378785,0.022029613105820398,0.4477127614361928,0.3359175393962712,-0.010837951511803693,-0.04230151492000595,0.02335081408627041,-0.03743830352385784,0.017441184692500476,0.5327573362133189,0.5335286312229959,MC 200000,0.1,True,,
P1B_secondary_totalH_P_self_all,"early(s=1) - late(s=3), w=3",all,severe_ref3,,25,184,1246,18,0,0,-0.02913647342995169,-0.04763695658021315,-0.002738934025581151,-0.04450133062484253,-0.007790757719388041,0.05809970950145249,0.012788313669450487,-0.03210272873194221,-0.05176321045745617,-0.0043762878705718,-0.04845222072678331,-0.009423099016888524,0.058334708326458366,0.009196109980590764,-0.030699352832891463,-0.06308934806328421,-0.0028305393729595924,-0.05726575494929358,-0.00660346700083543,0.05540972295138524,0.06374651938338813,MC 200000,0.1,True,,
P1B_secondary_totalH_P_self_all,"early(s=1) - late(s=3), w=3",all,severe_ref4,,25,184,1246,18,0,0,-0.03211266390614216,-0.050377786460731926,-0.007156362663807807,-0.04763752149687601,-0.011604162821459338,0.03608981955090224,0.005623958653235119,-0.03691813804173355,-0.056273833766722015,-0.011920135603910444,-0.0532007888499472,-0.01641394716394717,0.024864875675621623,0.0019142803484008652,-0.03417960510933635,-0.0610499883351997,-0.010963225883858587,-0.056511040535508615,-0.014488432580131909,0.011134944325278374,0.014722879146665391,MC 200000,0.1,True,,
P1B_secondary_totalH_P_self_all,"early(s=1) - late(s=3), w=3",all,amplification,,25,184,1246,11,0,0,-0.0032026397515527946,-0.018325910666167747,0.02394731040564371,-0.01645101528806062,0.018951539043928486,0.764441177794111,0.7673167847063593,-0.0056179775280898875,-0.020078196728170093,0.021187155745877113,-0.0182589020997096,0.0161538343316134,0.6893315533422333,0.5909551156767967,0.0067408366798064456,-0.010702469245946289,0.026832527900948946,-0.007673090026393496,0.023351940213782323,0.5015924920375399,0.48956696587999293,MC 200000,0.1,True,,
P1B_secondary_totalH_P_self_all,"early(s=1) - late(s=4), w=3",all,dev9_ref,,25,184,1246,25,0,0,-0.4682367973650305,-0.6912622027056822,-0.1625819300375109,-0.6553848059394322,-0.2214803874019957,0.021389893050534747,0.0013105771850125385,-0.5214618452982329,-0.7429971541493062,-0.22343430919193513,-0.7081061720895211,-0.27748663998804757,0.011399943000284999,0.0003784493577292131,-0.3852849348912276,-0.6154022969896359,-0.1592331777964093,-0.5771129830678237,-0.19732860275297656,0.0034499827500862495,0.0035586089521536506,MC 200000,0.5,False,,
P1B_secondary_totalH_P_self_all,"early(s=1) - late(s=4), w=3",all,severe_ref2,,25,184,1246,21,0,0,-0.06083937198067632,-0.10134181564208737,0.001751660213019612,-0.09571927050124725,-0.009175803188408263,0.099439502802486,0.03107938693514239,-0.06260032102728733,-0.10309320532505441,0.0011161338486736967,-0.09746736897899688,-0.010059748427673001,0.10128449357753211,0.02798120247106192,-0.04539593608042655,-0.08632991781144077,-0.0031340868794326243,-0.07999798718814675,-0.010287213760897992,0.04599477002614987,0.04519455797753612,MC 200000,0.1,True,,
P1B_secondary_totalH_P_self_all,"early(s=1) - late(s=4), w=3",all,severe_ref3,,25,184,1246,19,0,0,-0.04925810904071772,-0.07907477521852069,-0.0030885976702509288,-0.07484576380409713,-0.011806496833802685,0.07712461437692812,0.016438196353654108,-0.05377207062600321,-0.08546628122095554,-0.004685163793291353,-0.08063566804002355,-0.014059342369002694,0.07561462192689036,0.013039505494175162,-0.03187586498980676,-0.07313158615704109,0.005045709826028971,-0.06610611475953021,-9.831550028918597e-05,0.13391433042834786,0.1304950114470295,MC 200000,0.1,True,,
P1B_secondary_totalH_P_self_all,"early(s=1) - late(s=4), w=3",all,severe_ref4,,25,184,1246,18,0,0,-0.05276268115942028,-0.07385556973166943,-0.021168822930183646,-0.07100546635375034,-0.027121126228269087,0.009009954950225248,0.0005086930421916968,-0.05778491171749599,-0.07940671837925004,-0.0257508218783687,-0.07635803656421558,-0.032073310423825885,0.007609961950190249,0.00020368839649207183,-0.046086688124202115,-0.07759311364312763,-0.01812562882816244,-0.07231885667523964,-0.022004059829059834,0.0031099844500777495,0.007013880905352835,MC 200000,0.1,True,,
P1B_secondary_totalH_P_self_all,"early(s=1) - late(s=4), w=3",all,amplification,,25,184,1246,10,0,0,-0.004162353347135956,-0.019018193343360593,0.022258749004380705,-0.017146122025249382,0.017341731975878308,0.6980515097424513,0.689399890966408,-0.0072231139646869984,-0.021307909602362212,0.01851894758521264,-0.019582025475847215,0.013888888888888888,0.5839170804145979,0.4705024066396436,0.004733082250999384,-0.006554506834462042,0.0194798815608306,-0.005229769778146038,0.016949802390591857,0.6153519232403838,0.5012394269432314,MC 200000,0.1,True,,
P1B_map_P_self_all,"window(s=1,w=1) - normal",all,dev9_ref,,25,184,1246,25,0,0,-1.210081692202887,-1.5137808268825979,-0.7657978026873288,-1.4654169201177099,-0.851851292941961,4.9999750001249995e-05,4.3541002501011187e-07,-1.2954571570685511,-1.609092581116861,-0.8262700933856093,-1.560037950476588,-0.9238763225489793,4.9999750001249995e-05,2.337144339650377e-07,-0.9006490086148606,-1.2436024896192783,-0.56782127134144,-1.1851864083878776,-0.6175597416621511,3.4999825000875e-05,2.8234136133618153e-05,MC 200000,,,,
P1B_map_P_self_all,"window(s=1,w=2) - normal",all,dev9_ref,,25,184,1246,25,0,0,-1.628991700664893,-1.946157683599149,-1.1696001900973372,-1.894990579599621,-1.2483504378459855,4.9999750001249995e-06,4.70639504333262e-09,-1.7492883214493569,-2.0974354938117528,-1.2636038681306638,-2.035166749915933,-1.3544075787820515,4.9999750001249995e-06,3.421926878092035e-09,-1.3038455681499794,-1.7312813774003697,-0.8967374680507253,-1.6629147866735174,-0.9602779301519121,4.9999750001249995e-06,3.859555891509192e-06,MC 200000,,,,
P1B_map_P_self_all,"window(s=1,w=3) - normal",all,dev9_ref,,25,184,1246,25,0,0,-1.867396603935915,-2.2417536456641,-1.3417119997214204,-2.1815439430250416,-1.4487077453916477,4.9999750001249995e-06,4.83457268080317e-09,-1.9987677146341887,-2.4095072089620646,-1.4427559235664156,-2.343068801790626,-1.5605427544267898,4.9999750001249995e-06,4.17966770922145e-09,-1.4929879036976308,-1.9510760696540148,-1.0518103109070882,-1.8845274492836084,-1.1298620162613529,4.9999750001249995e-06,1.3726054578225327e-06,MC 200000,,,,
P1B_map_P_self_all,"window(s=2,w=1) - normal",all,dev9_ref,,25,184,1246,25,0,0,-1.1151264592417856,-1.3654339634583539,-0.7279000338466973,-1.3285970347274787,-0.7949770736504804,6.4999675001625e-05,1.5635472459388297e-07,-1.1852558157900335,-1.4485844302610935,-0.7726885675273389,-1.4102447798783824,-0.8434354865870614,8.999955000224999e-05,1.299842914859667e-07,-0.7931003305287244,-1.1239205812244084,-0.46720770065695,-1.0696738542768944,-0.5204082354442112,0.00013499932500337497,9.550907256363813e-05,MC 200000,,,,
P1B_map_P_self_all,"window(s=2,w=2) - normal",all,dev9_ref,,25,184,1246,25,0,0,-1.5674307046154088,-1.8774330620916215,-1.1062485265789266,-1.8321226910887352,-1.1864663153841808,2.9999850000749997e-05,9.452946101256992e-09,-1.688769553840172,-2.0318582117532484,-1.2025848782037862,-1.9772182108169791,-1.289942935670901,1.9999900000499998e-05,7.2922599929928465e-09,-1.2163376309405836,-1.6298880749433398,-0.8353850870077787,-1.5531566461995154,-0.8975188760620402,9.999950000249999e-06,3.934814513886654e-06,MC 200000,,,,
P1B_map_P_self_all,"window(s=2,w=3) - normal",all,dev9_ref,,25,184,1246,25,0,0,-1.78798597401899,-2.1264397646504967,-1.2982571861325212,-2.070981343093638,-1.3884252809397815,4.9999750001249995e-06,2.187204083857762e-09,-1.8992501392359233,-2.271219258681962,-1.3848590759236967,-2.206871953815932,-1.4788104514211626,4.9999750001249995e-06,2.1697966764823758e-09,-1.380137424983659,-1.7911322163671037,-0.9806301529990762,-1.722556197429813,-1.0449562780179842,4.9999750001249995e-06,7.824297573691564e-07,MC 200000,,,,
P1B_map_P_self_all,"window(s=3,w=1) - normal",all,dev9_ref,,25,184,1246,25,0,0,-1.0746769099616553,-1.315156355756184,-0.7441043877519729,-1.2758473071272167,-0.8111982681951674,9.999950000249999e-06,3.206568463487074e-08,-1.1568225862861254,-1.4376654477570083,-0.8059794233904296,-1.389536898676501,-0.8686175889692871,9.999950000249999e-06,4.659751273771819e-08,-0.8519127506619419,-1.1198890076020676,-0.5943530406552131,-1.074258366851829,-0.6363080726996059,9.999950000249999e-06,2.091823035136349e-06,MC 200000,,,,
P1B_map_P_self_all,"window(s=3,w=2) - normal",all,dev9_ref,,25,184,1246,25,0,0,-1.5132776253880535,-1.791699538134419,-1.123445281555031,-1.7441260765399982,-1.192650134762176,4.9999750001249995e-06,1.4390541319122982e-09,-1.6130626981249654,-1.9361008454689372,-1.2022651611026485,-1.8759377001595394,-1.271745360239552,4.9999750001249995e-06,2.161925010175462e-09,-1.1773141977869348,-1.5235660365703951,-0.8475262968054869,-1.4576285345302453,-0.8955613443017368,4.9999750001249995e-06,7.330066079353124e-07,MC 200000,,,,
P1B_map_P_self_all,"window(s=3,w=3) - normal",all,dev9_ref,,25,184,1246,25,0,0,-1.6405301000380954,-1.9415940955822177,-1.2244338242942494,-1.8951491225624983,-1.304964427513237,4.9999750001249995e-06,8.840422461197986e-10,-1.7361538627352477,-2.073405537826728,-1.2934913514329658,-2.0211605568382485,-1.3801059413761259,4.9999750001249995e-06,1.3068578593453405e-09,-1.263272481093263,-1.6282992227462032,-0.9040758185389486,-1.5747655612176046,-0.9599206177706775,4.9999750001249995e-06,6.340930628301395e-07,MC 200000,,,,
P1B_map_P_self_all,"window(s=4,w=1) - normal",all,dev9_ref,,25,184,1246,24,0,0,-1.115508080974331,-1.370385975013014,-0.8260447571969157,-1.3265417089416585,-0.8760220064217112,4.9999750001249995e-06,7.267989022924076e-09,-1.1899709000461365,-1.4840389030520615,-0.8765297654649915,-1.43281602542338,-0.9321659769747456,4.9999750001249995e-06,1.5629998888442758e-08,-0.8578994867030869,-1.1545906646122992,-0.5729271204911269,-1.109569590832356,-0.6150727125884902,1.4999925000374999e-05,9.05865967276983e-06,MC 200000,,,,
P1B_map_P_self_all,"window(s=4,w=2) - normal",all,dev9_ref,,25,184,1246,25,0,0,-1.3635592426879717,-1.647753473085687,-1.0171411276183877,-1.596753038450525,-1.0791168961936781,4.9999750001249995e-06,1.9629349034372546e-09,-1.4429319195333024,-1.7607775732412967,-1.0733512430323333,-1.7047442763862473,-1.1380402660658597,4.9999750001249995e-06,3.5815922343831974e-09,-1.0506316176577861,-1.3713318131394363,-0.7486914972617075,-1.3196551640477674,-0.7909762494968228,4.9999750001249995e-06,1.123194356852948e-06,MC 200000,,,,
P1B_map_P_self_all,"window(s=4,w=3) - normal",all,dev9_ref,,25,184,1246,25,0,0,-1.3991598065708848,-1.6674068871255436,-1.0785174493700005,-1.6205909440545154,-1.138372838724935,4.9999750001249995e-06,4.139731706770085e-10,-1.4773058693359558,-1.7814312914434454,-1.1342420051563349,-1.726631787633837,-1.1996829073083197,4.9999750001249995e-06,8.330074976764255e-10,-1.1077029688064033,-1.42835833120788,-0.7993074128528048,-1.3778555072076522,-0.8465543174687618,4.9999750001249995e-06,5.989030770249167e-07,MC 200000,,,,
P1B_secondary_totalH_T_gt_all,"early(s=1) - late(s=2), w=1",all,amplification,,25,184,1246,16,0,0,0.016196514837819188,-0.0013623412027910756,0.032973919558864306,0.001642463397912245,0.029745513738621037,0.10754446227768862,0.059328428164345116,0.01765650080256822,-0.0010000250250250251,0.03513920918331548,0.002256955465216961,0.031880977683315624,0.11761441192794037,0.04993911268390313,0.025586185184729417,0.0008177423464097605,0.05514977963070067,0.004150182967876136,0.04983450345950345,0.08525457372713137,0.08236269434311412,MC 200000,0.1,True,,
P1B_secondary_totalH_T_gt_all,"early(s=1) - late(s=2), w=1",all,amp2,,25,184,1246,17,0,0,0.016983695652173912,-0.009682251217921276,0.03797941749085941,-0.00595306988536155,0.03475568305787377,0.2928735356323218,0.17956289013492735,0.01765650080256822,-0.009909507391360161,0.039235263909416555,-0.0059585034232265115,0.03599195483415667,0.3199684001579992,0.17372660173218676,0.020181857968252143,-0.009048646002964312,0.051063052541223036,-0.004379086337638966,0.046173367269783834,0.21353393233033835,0.20575587731355566,MC 200000,0.1,True,,
P1B_secondary_totalH_T_gt_all,"early(s=1) - late(s=2), w=1",all,amp4,,25,184,1246,16,0,0,0.018773723257418908,0.0021953784964495633,0.03429410886314013,0.004812864922579853,0.03103666477336688,0.058559707201463994,0.02667187589687922,0.021669341894060994,0.003639589709653404,0.0380440373948828,0.0067203011165459315,0.03487476187781738,0.053489732551337245,0.016644210542432654,0.03153580555316278,0.008364573833428816,0.06052497153162045,0.011047417928800908,0.05526815243464179,0.025024874875625623,0.03178168656219179,MC 200000,0.1,True,,
P1B_secondary_totalH_T_gt_all,"early(s=1) - late(s=2), w=1",all,fde5,,25,184,1246,25,0,0,0.1969729993562716,0.04462550888697561,0.32483454422100566,0.07062977765937359,0.3024860175395771,0.03510982445087774,0.009154940300097983,0.22127038008706615,0.06756713832821293,0.34814463371188786,0.09290061635493543,0.32588309986650943,0.021154894225528874,0.004011868588385377,0.21355185185452488,0.03800467428138095,0.41851628484259196,0.0630801602596685,0.3828013302541023,0.03373483132584337,0.042658796749662845,MC 200000,0.5,True,,
P1B_secondary_totalH_T_gt_all,"early(s=1) - late(s=3), w=1",all,amplification,,25,184,1246,13,0,0,0.024844720496894405,0.0010569766897584743,0.04561167522564581,0.0043728837637741986,0.04237582216122316,0.08018959905200473,0.03539062523144742,0.024879614767255216,0.0,0.04721899970844615,0.003316858479736113,0.04366851961489404,0.10707446462767686,0.044481935398874906,0.04090881174111857,0.0015853786926855221,0.08886403805020823,0.00619183628625118,0.08055613452274984,0.08474457627711861,0.08796909761879547,MC 200000,0.1,True,,
P1B_secondary_totalH_T_gt_all,"early(s=1) - late(s=3), w=1",all,amp2,,25,184,1246,16,0,0,0.024575138026224984,-0.004541927126998098,0.04845491589509179,-1.6443041304892494e-06,0.04487204345225421,0.1654591727041365,0.08258827330219924,0.024077046548956663,-0.005291145412967446,0.048374953630932534,-0.0008573057228335153,0.04464327242524917,0.1941440292798536,0.09076674895989054,0.03475900448520829,-0.006599276366493613,0.08255104546235563,-0.0010161063916383096,0.07424911693901054,0.15283923580382097,0.14754660133206804,MC 200000,0.1,True,,
P1B_secondary_totalH_T_gt_all,"early(s=1) - late(s=3), w=1",all,amp4,,25,184,1246,14,0,0,0.021782263630089713,-0.0005896123350002258,0.041164137956505746,0.002681875464696693,0.038134735739818224,0.09570452147739261,0.05153657125982521,0.023274478330658106,-0.0008452757192676542,0.04371601765290136,0.0030188679245283017,0.040629443011360206,0.11053444732776337,0.04802462550157988,0.04369221893158064,-0.0008019740060963478,0.10102432585145349,0.004459870409338494,0.09018384132612856,0.11346943265283674,0.122620674774347,MC 200000,0.1,True,,
P1B_secondary_totalH_T_gt_all,"early(s=1) - late(s=3), w=1",all,fde5,,25,184,1246,25,0,0,0.1785116520243013,0.0011204478712681834,0.34261459773032804,0.03475362137016385,0.31256879843268087,0.07384463077684611,0.03339015361677214,0.2040401628681335,0.01539847359607605,0.37922040106984845,0.05192349677236826,0.3461029160852929,0.061074694626526864,0.022332347788202714,0.20428624022914552,-0.058568181384825266,0.4832963324112121,-0.020198341535243646,0.43874299092766894,0.17351413242933786,0.16804072792161795,MC 200000,0.5,True,,
P1B_secondary_totalH_T_gt_all,"early(s=1) - late(s=4), w=1",all,amplification,,25,184,1246,15,0,0,0.031012767425810904,0.010104381949293816,0.0554645011587418,0.013526154330072586,0.0506762617418355,0.01967490162549187,0.008031961661143467,0.03130016051364366,0.009646191526489685,0.056452861280335546,0.013212533130395991,0.05152247170924433,0.025524872375638122,0.00866484536649823,0.05687116910297202,0.009322649948657785,0.1161903546258809,0.01600593180304826,0.10475287519808792,0.03352983235083824,0.053033835395156735,MC 200000,0.1,True,,
P1B_secondary_totalH_T_gt_all,"early(s=1) - late(s=4), w=1",all,amp2,,25,184,1246,16,0,0,0.02957858868184955,0.008717057077712817,0.053394106221910605,0.012444626306058937,0.048477587368593464,0.024209878950605248,0.008779043926097057,0.028892455858747994,0.00801309454967308,0.05333333333333334,0.011650108642409476,0.048437584095801935,0.033669831650841746,0.010734232639284372,0.03717765077815469,0.0029302000084544884,0.07271053718299658,0.008869719790702436,0.0668876738411313,0.049199754001229994,0.05035965647256516,MC 200000,0.1,True,,
P1B_secondary_totalH_T_gt_all,"early(s=1) - late(s=4), w=1",all,amp4,,25,184,1246,16,0,0,0.024747670807453413,0.0025424136921778444,0.04500665726817043,0.006343733245201926,0.041224468462262284,0.05788471057644712,0.025675402577842663,0.025682182985553772,0.0016610606987212334,0.04756122247457292,0.005719460710881111,0.04339746428252301,0.080919595402023,0.032187045482023884,0.047778774997140054,0.0009521807337036915,0.10697037162942814,0.006745056095867965,0.09642351618043106,0.09836950815245923,0.10306780219971011,MC 200000,0.1,True,,
P1B_secondary_totalH_T_gt_all,"early(s=1) - late(s=4), w=1",all,fde5,,25,184,1246,25,0,0,0.03931338482879151,-0.1851511641360925,0.25433197795273066,-0.14580463262552892,0.21707495416042877,0.7160914195429022,0.7100919154168357,0.05082718529103673,-0.1908664400079482,0.2768368687263894,-0.14473376052874645,0.2375912630024937,0.6598217008914955,0.6497503497296528,0.07175061193866382,-0.18191192773852075,0.3337639452717937,-0.13867757881538653,0.29251524347957614,0.6012719936400318,0.6029573731116147,MC 200000,0.5,True,,
P1B_secondary_totalH_T_gt_all,"early(s=1) - late(s=2), w=2",all,amplification,,25,184,1246,14,0,0,0.020628450655624568,-0.004348154636622971,0.03882994268272292,-0.00019504961557941482,0.03621965688632355,0.16625916870415647,0.07937004768958933,0.018459069020866775,-0.007830885021744437,0.0379466729666319,-0.0034845231342678874,0.03496587851232,0.2801435992820036,0.132010788791711,0.01879502162844828,-0.003938413856631942,0.05002298324860614,-0.0011075503987738032,0.04453569917702054,0.19581902090489547,0.1985846963700148,MC 200000,0.1,True,,
P1B_secondary_totalH_T_gt_all,"early(s=1) - late(s=2), w=2",all,amp2,,25,184,1246,15,0,0,0.01613181504485852,-0.00751498649105032,0.03545095033721642,-0.003936464961309682,0.03228417118184654,0.25561872190639046,0.15111289358107677,0.012841091492776886,-0.01171510327817487,0.03302359141636625,-0.008098078657140875,0.029680722031963463,0.40045799771001145,0.2666045409520612,0.019226364807271863,-0.0033632535460992913,0.05013148205403944,-0.0006198743357757904,0.044511983621082156,0.18953405232973836,0.19183450382283754,MC 200000,0.1,True,,
P1B_secondary_totalH_T_gt_all,"early(s=1) - late(s=2), w=2",all,amp4,,25,184,1246,13,0,0,0.02304390959282264,0.0015259197777994775,0.03899399393224955,0.004699951711429875,0.03667153658043235,0.06805465972670137,0.022045468935380903,0.021669341894060994,-0.0018515497337228783,0.03901482525881833,0.001769677182513337,0.03652399163519088,0.13247433762831187,0.045006804060841406,0.02242846626021318,0.00034625012134810684,0.052425571167872394,0.002963525061061455,0.047202711361054014,0.07708961455192724,0.11753580717946885,MC 200000,0.1,True,,
P1B_secondary_totalH_T_gt_all,"early(s=1) - late(s=2), w=2",all,fde5,,25,184,1246,25,0,0,0.031928840443988804,-0.08171738393317167,0.11714256859770462,-0.06028302144373549,0.10199566815308705,0.5452922735386323,0.5075246995094009,0.039379565808715565,-0.08691396243509374,0.13168356203264614,-0.06465574414531522,0.11580374185263924,0.5119074404627977,0.46158086636099793,0.003540984037392437,-0.1428580172161151,0.1742691826652404,-0.12036319742658573,0.14487061357934874,0.9709701451492743,0.9664851907953531,MC 200000,0.5,True,,
P1B_secondary_totalH_T_gt_all,"early(s=1) - late(s=3), w=2",all,amplification,,25,184,1246,16,0,0,0.010244133885438234,-0.012891270541518266,0.03021619100856716,-0.008270075883712246,0.026614256910041895,0.3550732246338768,0.31837717873774635,0.0072231139646869984,-0.018805691420259604,0.028209047565481492,-0.013504459935839283,0.02467877390981825,0.5841870790646047,0.5173945667747899,0.012223339878155109,-0.014014550520919499,0.041048144687163446,-0.009901311140644846,0.03582415628883993,0.4262078689606552,0.3954749323804525,MC 200000,0.1,True,,
P1B_secondary_totalH_T_gt_all,"early(s=1) - late(s=3), w=2",all,amp2,,25,184,1246,15,0,0,0.011451863354037268,-0.010070597218153607,0.03582693543574559,-0.006471957887206575,0.031685702314557716,0.3188434057829711,0.3100270473189891,0.00882825040128411,-0.014218290467002603,0.03393167131760022,-0.01057536622639068,0.029549372170169074,0.5013124934375328,0.44845590825164017,0.015530095925392678,-0.008906279735982979,0.04030278488775128,-0.004583660688363933,0.03610949003714958,0.2330638346808266,0.2280449948946177,MC 200000,0.1,True,,
P1B_secondary_totalH_T_gt_all,"early(s=1) - late(s=3), w=2",all,amp4,,25,184,1246,16,0,0,0.007958074534161492,-0.01651316624434904,0.026687927555983103,-0.011603504087582808,0.023523503514175148,0.4728376358118209,0.4409490011825723,0.0056179775280898875,-0.02222278395685878,0.025825334860735745,-0.017131232792903028,0.022457809508259974,0.691276543617282,0.6258038076784352,0.00692257432542987,-0.019955155274871118,0.0357213271289699,-0.015591720139592478,0.030848604183444605,0.6586467067664662,0.6333916832365549,MC 200000,0.1,True,,
P1B_secondary_totalH_T_gt_all,"early(s=1) - late(s=3), w=2",all,fde5,,25,184,1246,25,0,0,-0.12804526714474337,-0.3000636806296217,0.09878154422814435,-0.27473740062715063,0.05868105490761692,0.2933085334573327,0.2168276300372104,-0.13938841684269235,-0.32326070974667565,0.09728484965272273,-0.2947137812179077,0.054199706615715576,0.26609366953165237,0.19634941612824577,-0.10221096101755738,-0.3125861337919974,0.10936172414250488,-0.2781564058018418,0.07519182876274166,0.3689281553592232,0.3546192785813278,MC 200000,0.5,True,,
P1B_secondary_totalH_T_gt_all,"early(s=1) - late(s=4), w=2",all,amplification,,25,184,1246,15,0,0,0.010546066252587988,-0.008164643817454123,0.03370054867184968,-0.004955731271234979,0.029124170754605525,0.32118839405802974,0.31037081470453776,0.00882825040128411,-0.011402680737413238,0.03274341855955061,-0.007719075043828261,0.028099620281438458,0.46448267758661205,0.4078250620986551,0.015134614245196552,-0.013912228009330474,0.04910478236017848,-0.009275223314697,0.042877634621195655,0.4098729506352468,0.35902632120304245,MC 200000,0.1,True,,
P1B_secondary_totalH_T_gt_all,"early(s=1) - late(s=4), w=2",all,amp2,,25,184,1246,15,0,0,0.014891735679779158,-0.0034958427815570668,0.03898050887021476,-0.0007548549910193571,0.03432756933581892,0.16186419067904662,0.16109803389352423,0.013643659711075442,-0.005983033932135728,0.03841557312580204,-0.002900232018561485,0.0334808085492064,0.23965880170599146,0.2089020958651855,0.01928148704184538,-0.009605224394866057,0.05315169158119886,-0.005142107872427022,0.04691046633678212,0.28151859240703797,0.2522631706691263,MC 200000,0.1,True,,
P1B_secondary_totalH_T_gt_all,"early(s=1) - late(s=4), w=2",all,amp4,,25,184,1246,14,0,0,0.005316166321601103,-0.01094004562232511,0.023555667956837886,-0.008286933432793409,0.020082366288374263,0.5266073669631652,0.5163396331338629,0.0040128410914927765,-0.013888888888888888,0.02280853109587796,-0.010902243445355437,0.018914473684210526,0.7119464402677986,0.6382178910771884,0.007814606984819752,-0.020686746183288737,0.04119250253292804,-0.016511044215831452,0.03491336173676598,0.6671916640416798,0.6284142508808741,MC 200000,0.1,True,,
P1B_secondary_totalH_T_gt_all,"early(s=1) - late(s=4), w=2",all,fde5,,25,184,1246,25,0,0,-0.2235636167868065,-0.3801415879873718,-0.03346414549398097,-0.3547108781024381,-0.06797203883217039,0.04441977790111049,0.01420521422492565,-0.23680142471226234,-0.40978991573331164,-0.03657717831894083,-0.3811880367191577,-0.07291453418634634,0.04363478182609087,0.014762308652890426,-0.20482211642826137,-0.42031580019872283,0.012594190043371348,-0.3849294432225889,-0.02516201842053665,0.08383958080209598,0.08234062119817726,MC 200000,0.5,True,,
P1B_secondary_totalH_T_gt_all,"early(s=1) - late(s=2), w=3",all,amplification,,25,184,1246,14,0,0,-0.007958074534161488,-0.02168902746283699,0.011038743142616377,-0.019661167956622497,0.00798120865261527,0.47137264313678434,0.34697147337656087,-0.009630818619582664,-0.02358506021414971,0.00976822293163075,-0.02165514948468933,0.006676461073488423,0.4491177544112279,0.2687559301075505,-0.00972354246682354,-0.03130333148690511,0.0076233363203198025,-0.026973722261418226,0.0051768400702611175,0.36288318558407207,0.3392470821263218,MC 200000,0.1,True,,
P1B_secondary_totalH_T_gt_all,"early(s=1) - late(s=2), w=3",all,amp2,,25,184,1246,12,0,0,-0.011376380262249826,-0.0268133899901424,0.010245783856119045,-0.024639332205353328,0.007004724565200365,0.4055729721351393,0.2557165925230287,-0.012841091492776886,-0.02900168934875638,0.009444571448044553,-0.026869270992161014,0.006473894399506303,0.41275293623531883,0.22320566864944624,-0.012621039551050746,-0.03329839506020917,0.004674969657276488,-0.02944214143970583,0.0022300076090389603,0.23681381593092035,0.2156642720053274,MC 200000,0.1,True,,
P1B_secondary_totalH_T_gt_all,"early(s=1) - late(s=2), w=3",all,amp4,,25,184,1246,11,0,0,-0.006372929606625258,-0.01976855281402549,0.009345696733632183,-0.017559328329032762,0.006715506715506713,0.4340828295858521,0.3964890796264817,-0.0072231139646869984,-0.021100358612959294,0.008823935651608704,-0.018814801889559876,0.006181531097768208,0.44941275293623534,0.35002455934659493,-0.013277675913734143,-0.03307770784594693,0.0032164745321660174,-0.02972999008477732,0.00099041980063816,0.20461897690511546,0.17565089427497996,MC 200000,0.1,True,,
P1B_secondary_totalH_T_gt_all,"early(s=1) - late(s=2), w=3",all,fde5,,25,184,1246,25,0,0,-0.17712591452738877,-0.30065183926080213,-0.017121453345626397,-0.2830223091747557,-0.038845151122811394,0.05538472307638462,0.031536477112465745,-0.19258854969302153,-0.31544132244467926,-0.030739635322470336,-0.29765756147856065,-0.05321245328480319,0.037209813950930246,0.020021517837904228,-0.23431902051832224,-0.5699544411952506,-0.013069257522453208,-0.5118703303192783,-0.035232887226152004,0.05834970825145874,0.13391003980038751,MC 200000,0.5,True,,
P1B_secondary_totalH_T_gt_all,"early(s=1) - late(s=3), w=3",all,amplification,,25,184,1246,14,0,0,-0.001843944099378881,-0.01807213270844736,0.01910496332371332,-0.015886261816297643,0.015860532954903805,0.8616956915215424,0.8512010541621211,-0.0032102728731942215,-0.020046319153181797,0.01710392541111896,-0.017359066094923194,0.013888888888888888,0.8116059419702901,0.7368953646692303,0.0022094592500527554,-0.011792586792950735,0.014826333863504876,-0.009191859017656888,0.012856188679326976,0.7571312143439283,0.7551301311394948,MC 200000,0.1,True,,
P1B_secondary_totalH_T_gt_all,"early(s=1) - late(s=3), w=3",all,amp2,,25,184,1246,13,0,0,0.0007116977225672876,-0.02063609292975322,0.02890234208228987,-0.017563040742279167,0.024821891757730842,0.9558452207738961,0.9561980892477564,0.0,-0.021951487340642072,0.028302400624820152,-0.018486118947893836,0.024008944572157007,1.0,1.0,0.0041331641068483175,-0.013118209519525309,0.021213300612642715,-0.01033659951159951,0.018488306235674646,0.6386518067409663,0.6419813841063511,MC 200000,0.1,True,,
P1B_secondary_totalH_T_gt_all,"early(s=1) - late(s=3), w=3",all,amp4,,25,184,1246,13,0,0,-0.00781789164941339,-0.022430294969565393,0.010034014750033966,-0.01984126984126984,0.0073785478368176526,0.4187129064354678,0.34638970078869,-0.00882825040128411,-0.02447181163315339,0.00821644573322286,-0.021722262755218227,0.005435152321798279,0.3922230388848056,0.2801690513337761,-0.006302319150303473,-0.019546742806051315,0.006199300735813891,-0.01740282888071242,0.004206210328284795,0.3674081629591852,0.3644256401392264,MC 200000,0.1,True,,
P1B_secondary_totalH_T_gt_all,"early(s=1) - late(s=3), w=3",all,fde5,,25,184,1246,25,0,0,-0.2535867509190704,-0.3862228536923873,-0.06641305774076149,-0.36901114170419774,-0.09393752608981218,0.017924910375448123,0.006423154031860466,-0.27281055863914067,-0.40071852864331636,-0.08949230969229761,-0.383889081161643,-0.11733311384756329,0.01110994445027775,0.0026079673684508875,-0.24547137606852232,-0.4561096108252724,-0.07179815578803173,-0.41830233515663723,-0.0966030029206366,0.010224948875255624,0.024537553284055907,MC 200000,0.5,True,,
P1B_secondary_totalH_T_gt_all,"early(s=1) - late(s=4), w=3",all,amplification,,25,184,1246,15,0,0,0.0005175983436852984,-0.02014182614637639,0.028655964761733984,-0.01750382184977529,0.02436594567404425,0.9706951465242674,0.9676010467109446,-0.0008025682182985554,-0.021563633085889912,0.026775350112517967,-0.018715551632671787,0.022566418081520954,1.0,0.9487782300665616,0.0017466728970088436,-0.017979497237706924,0.020680641969079802,-0.014774463954713114,0.017539106244425385,0.8762506187469062,0.8630848425418729,MC 200000,0.1,True,,
P1B_secondary_totalH_T_gt_all,"early(s=1) - late(s=4), w=3",all,amp2,,25,184,1246,15,0,0,0.009208937198067632,-0.016738258382424792,0.04482745181405895,-0.013048833765147221,0.03938118955967736,0.5634521827390863,0.5779703698768934,0.00882825040128411,-0.016961516378106153,0.04466237694416063,-0.013382362491070847,0.03926127226340036,0.6139169304153479,0.5933996198349897,0.010047570964144312,-0.01331309848543891,0.033437004238865926,-0.00948739316239316,0.029679787883511277,0.42483287583562085,0.41963705425172204,MC 200000,0.1,True,,
P1B_secondary_totalH_T_gt_all,"early(s=1) - late(s=4), w=3",all,amp4,,25,184,1246,14,0,0,-0.008227657004830915,-0.026422425806694873,0.015418360790838645,-0.023535423508483855,0.011865156781530014,0.5557322213388933,0.46026074387230775,-0.009630818619582664,-0.027737769892611282,0.01374956459330646,-0.024957231128968,0.01029042417189226,0.508882455587722,0.37907885390818485,-0.008201686020834957,-0.026376578750248958,0.008338953402783188,-0.02311228448462491,0.005840062911871419,0.40072299638501807,0.37986987976896647,MC 200000,0.1,True,,
P1B_secondary_totalH_T_gt_all,"early(s=1) - late(s=4), w=3",all,fde5,,25,184,1246,25,0,0,-0.437404996165401,-0.5992133686784542,-0.19162327148534583,-0.5790139895966403,-0.22899814743720534,0.0033449832750836244,0.00031297463365879296,-0.47480942820347233,-0.6384710612732508,-0.2264277437223819,-0.617142429722819,-0.26519362330040175,0.00196999015004925,0.00012600590236247998,-0.4203986560706896,-0.6917576240339266,-0.18957573905964928,-0.6423516506014804,-0.221005475251687,0.0008749956250218749,0.00410505301490272,MC 200000,0.5,False,,
P1B_map_T_gt_all,"window(s=1,w=1) - normal",all,amplification,,25,184,1246,17,0,0,-0.04478304002760525,-0.062336556327065376,-0.01967889963701819,-0.05974691787013809,-0.024891714256366767,0.009544952275238624,0.00016199742622125215,-0.04654895666131621,-0.0654845128327581,-0.022425760828594397,-0.062224101118797503,-0.027074161919328505,0.00918995405022975,9.633030837012136e-05,-0.015608605529098249,-0.05832956792440274,0.043260935862797556,-0.05362072446756097,0.032654348409667536,0.6910515447422763,0.5712727130353279,MC 200000,,,,
P1B_map_T_gt_all,"window(s=1,w=2) - normal",all,amplification,,25,184,1246,14,0,0,-0.07264708419599723,-0.09397878882891637,-0.044373335574539895,-0.09067060856106698,-0.04928896882494004,0.00047499762501187494,4.517336351866679e-06,-0.07784911717495988,-0.10000181290790429,-0.05057938147024992,-0.09636677735865279,-0.05568697785056088,0.00035499822500887495,7.412756973028656e-07,-0.06326876303779999,-0.10099485301155234,-0.031076593950096192,-0.09436676093648379,-0.03574432796735429,0.00035499822500887495,0.002010199353337843,MC 200000,,,,
P1B_map_T_gt_all,"window(s=1,w=3) - normal",all,amplification,,25,184,1246,16,0,0,-0.10486758109040716,-0.13925224035741593,-0.05918516760558148,-0.13379295110333556,-0.06622159678723924,0.00022999885000574998,3.492075686060261e-05,-0.10995184590690209,-0.14253441802252814,-0.06636616140714618,-0.13736263736263737,-0.07347142249105496,0.00019499902500487497,6.924095751801586e-06,-0.0955247959186929,-0.150594146352538,-0.04713729328663539,-0.1409598578130633,-0.05352884301474728,0.00017499912500437497,0.0017159424541775144,MC 200000,,,,
P1B_map_T_gt_all,"window(s=2,w=1) - normal",all,amplification,,25,184,1246,14,0,0,-0.06097955486542443,-0.08328270732625288,-0.03149042365059461,-0.0793382659007659,-0.03738605815974376,0.0019649901750491247,5.187953923456766e-05,-0.06420545746388442,-0.08606967065809046,-0.03584550587708201,-0.08238478543380147,-0.041666666666666664,0.0019749901250493748,1.4302076542102602e-05,-0.04119479071382767,-0.08895262649713936,0.013577447796386744,-0.08145161814565509,0.003680516051904618,0.1375243123784381,0.1295166859321897,MC 200000,,,,
P1B_map_T_gt_all,"window(s=2,w=2) - normal",all,amplification,,25,184,1246,15,0,0,-0.0932755348516218,-0.12454681413644682,-0.050840153769841315,-0.1202632129240585,-0.0567268394637699,0.00046999765001174993,7.713576056488348e-05,-0.09630818619582665,-0.12571906363139382,-0.056019008501525726,-0.12149616830841962,-0.06178281391078512,0.00046999765001174993,2.1074228141483426e-05,-0.08206378466624827,-0.1293285323066258,-0.04053546195571672,-0.12160738337706425,-0.04601341672511885,0.0005449972750136249,0.00180726276641144,MC 200000,,,,
P1B_map_T_gt_all,"window(s=2,w=3) - normal",all,amplification,,25,184,1246,17,0,0,-0.09690950655624568,-0.12458633551845937,-0.06090557373311644,-0.12030963981052319,-0.06620008907731796,0.00015499922500387497,3.617319398845953e-06,-0.10032102728731943,-0.1275969569037694,-0.06606924757323802,-0.12302442703682658,-0.07165680939161284,0.00015499922500387497,7.122435104131559e-07,-0.08580125345186934,-0.1335905892834924,-0.04181877277413391,-0.12525179943858555,-0.048117359387740144,0.0008299958500207499,0.0015748040621248612,MC 200000,,,,
P1B_map_T_gt_all,"window(s=3,w=1) - normal",all,amplification,,25,184,1246,17,0,0,-0.06962776052449965,-0.09173640693727289,-0.039137654320987675,-0.08841590650449871,-0.04447030459961497,0.0007799961000194999,2.0841200548655095e-05,-0.07142857142857142,-0.09300582735999142,-0.04216293841243128,-0.08945987493990883,-0.047557363494856716,0.0008049959750201249,6.073020360881851e-06,-0.05651741727021682,-0.09882816327165432,-0.01899663055620504,-0.09118820485018693,-0.024755060660379843,0.008914955425222875,0.011184010618723607,MC 200000,,,,
P1B_map_T_gt_all,"window(s=3,w=2) - normal",all,amplification,,25,184,1246,15,0,0,-0.08289121808143547,-0.10929158070460021,-0.04648454796119632,-0.10492823218466725,-0.05288573818520196,0.00037999810000949997,2.0933979579005637e-05,-0.08507223113964688,-0.1105043052223555,-0.05048973909714045,-0.10632499139400525,-0.056415645563875655,0.00037999810000949997,7.01134249966303e-06,-0.07549210291595511,-0.11936937283197083,-0.03668786609527093,-0.11194914813629818,-0.04222708392867968,0.00016999915000424998,0.002031001402425305,MC 200000,,,,
P1B_map_T_gt_all,"window(s=3,w=3) - normal",all,amplification,,25,184,1246,16,0,0,-0.10302363699102829,-0.13415957032733347,-0.0640126454829324,-0.12916124249984287,-0.07059725718856927,6.999965000175e-05,4.23206979183172e-06,-0.10674157303370786,-0.13733530203105096,-0.06862717527956065,-0.13204660772339197,-0.07523991407688826,6.999965000175e-05,1.4343091998116608e-06,-0.09773425516874563,-0.15295055198575638,-0.05167538665038666,-0.14304412709351116,-0.05749034672970844,6.999965000175e-05,0.0012245644596588284,MC 200000,,,,
P1B_map_T_gt_all,"window(s=4,w=1) - normal",all,amplification,,25,184,1246,16,0,0,-0.07579580745341614,-0.0998784499997845,-0.04810254036981259,-0.09583907149604481,-0.05270056454266982,0.00010999945000274999,2.2806635552403787e-06,-0.07784911717495988,-0.10238618119461923,-0.051029561831183616,-0.09811627504599855,-0.05564681978570785,0.00014999925000374999,1.0446702955194286e-06,-0.07247977463207027,-0.11547725655632991,-0.03530963222522574,-0.1072442700791805,-0.04054114600923112,0.00025499872500637496,0.001945714984746078,MC 200000,,,,
P1B_map_T_gt_all,"window(s=4,w=2) - normal",all,amplification,,25,184,1246,17,0,0,-0.08319315044858523,-0.10919079280011118,-0.052242773324726835,-0.10472156003902038,-0.05773054698937795,2.4999875000624998e-05,2.5920760166833455e-06,-0.08667736757624397,-0.11305758310065347,-0.056567196746784815,-0.10850389833630057,-0.061940231517457596,7.499962500187499e-05,9.485051820733572e-07,-0.07840337728299654,-0.11666409892935646,-0.04283098704207327,-0.11036109621890697,-0.04792596234175183,3.9999800000999996e-05,0.0004590317484139699,MC 200000,,,,
P1B_map_T_gt_all,"window(s=4,w=3) - normal",all,amplification,,25,184,1246,16,0,0,-0.10538517943409248,-0.13354021628144436,-0.06842356386999245,-0.12906965655229544,-0.07474362485936561,3.4999825000875e-05,8.165982868816378e-07,-0.10914927768860354,-0.13675787415698093,-0.07306322678341991,-0.13247489758529316,-0.07984791294492792,3.4999825000875e-05,2.452614795018737e-07,-0.09727146881570173,-0.14395466042242358,-0.056333343063970164,-0.13604171754171754,-0.06205365280586446,3.4999825000875e-05,0.00033245037229063547,MC 200000,,,,
P1B_secondary_totalH_T_self_all,"early(s=1) - late(s=2), w=1",all,dev9_ref,,25,184,1246,25,0,0,-0.0661200295725505,-0.25037474600800746,0.10727478685485514,-0.21806806170454715,0.08140293660804326,0.5218723906380468,0.465640026817972,-0.06667002876119345,-0.29283844058638064,0.143315743889441,-0.25162269358316774,0.1097645242103278,0.5877670611646941,0.5429517372419762,-0.05585941086683272,-0.21481158840000356,0.08342916159554133,-0.18782623026767584,0.06391633561088426,0.503322483387583,0.487409226856202,MC 200000,0.5,True,,
P1B_secondary_totalH_T_self_all,"early(s=1) - late(s=2), w=1",all,severe_ref2,,25,184,1246,20,0,0,-0.0011106797791580409,-0.021367675654491186,0.029146619663861034,-0.018397728883219954,0.024033719512844248,0.9356703216483918,0.9325383562416041,-0.0016051364365971107,-0.02119472171358749,0.028230312320367882,-0.018518518518518517,0.022901143517532915,0.951800240998795,0.8991118614180336,0.005876179925172087,-0.022823456209969367,0.03860391978878821,-0.01891032687761411,0.03297784938455428,0.7513462432687836,0.7178231081656009,MC 200000,0.1,True,,
P1B_secondary_totalH_T_self_all,"early(s=1) - late(s=2), w=1",all,severe_ref3,,25,184,1246,19,0,0,-0.002555641821946171,-0.019924152696793002,0.020573492961218222,-0.017278973293193455,0.01660494537360132,0.8082859585702071,0.7992061957160189,0.0,-0.01742508125117316,0.02334276122900522,-0.014714989066238249,0.019178310692700536,1.0,1.0,0.002903755570048962,-0.018526804873613387,0.025025889265124966,-0.015381446626659395,0.02155043635183613,0.8014609926950366,0.801072663229616,MC 200000,0.1,True,,
P1B_secondary_totalH_T_self_all,"early(s=1) - late(s=2), w=1",all,severe_ref4,,25,184,1246,16,0,0,-0.011354813664596276,-0.027149165683315716,0.006418740315376895,-0.02446703085812779,0.0033081404741709896,0.23479382603086985,0.1805834937976742,-0.009630818619582664,-0.027721032321601443,0.008704325271909749,-0.0243910070514973,0.005298787396809076,0.3539682301588492,0.28160538803768564,-0.009475527562313677,-0.02734860837080882,0.00697379178305829,-0.024218845850760746,0.004425390330709474,0.30807845960770197,0.30429807211707355,MC 200000,0.1,True,,
P1B_secondary_totalH_T_self_all,"early(s=1) - late(s=2), w=1",all,amplification,,25,184,1246,13,0,0,-0.005672015182884747,-0.022424757376745246,0.008143696267475813,-0.019307862276612277,0.005743643611290668,0.4298678506607467,0.43720895006712235,-0.0040128410914927765,-0.022388241363775086,0.011523200228055164,-0.01910299003322259,0.008729982432698234,0.6912865435672821,0.6174866305893979,-0.006636998934871276,-0.022262326483603077,0.009845715238268424,-0.019764939079832695,0.007162936118255264,0.4536927315363423,0.43831364412277796,MC 200000,0.1,True,,
P1B_secondary_totalH_T_self_all,"early(s=1) - late(s=3), w=1",all,dev9_ref,,25,184,1246,25,0,0,0.013306729559736434,-0.19126649226951514,0.3076141777289305,-0.16242224026422336,0.2459246559418559,0.9204103979480103,0.9135203108436588,0.030949537159804995,-0.20728260988539973,0.3829188986394738,-0.17349655932040314,0.3070930408159694,0.8513007434962825,0.8304644151343678,0.0925660837398561,-0.08387788448485621,0.2833599831579287,-0.05729570808641742,0.2512466989163949,0.3480082599587002,0.34541955578079286,MC 200000,0.5,True,,
P1B_secondary_totalH_T_self_all,"early(s=1) - late(s=3), w=1",all,severe_ref2,,25,184,1246,18,0,0,0.0038712042788129745,-0.017544092974933253,0.03546479424758932,-0.01425493324436217,0.029179614232524277,0.7473762631186844,0.7553802567194314,0.002407704654895666,-0.018907846922552804,0.03296735655392899,-0.01571191746347628,0.026884289491139038,0.8917255413722931,0.8425430631659877,0.03044235873827139,-0.006467267795557268,0.07105610135711618,-0.0010960105756298343,0.06527709367071066,0.15543922280388597,0.15087833124079678,MC 200000,0.1,True,,
P1B_secondary_totalH_T_self_all,"early(s=1) - late(s=3), w=1",all,severe_ref3,,25,184,1246,19,0,0,0.007451259489302966,-0.013962657064072159,0.03785305220573078,-0.010400095252312,0.031258883394757395,0.5314573427132865,0.5404109287648109,0.00882825040128411,-0.01098968351110334,0.0397598246388696,-0.008131075198282545,0.03300978690805622,0.4869025654871726,0.46336532105983697,0.0273489970379668,-0.010850965042174449,0.07147785233849763,-0.0054874520133758676,0.06394533082114268,0.22407387963060185,0.2143763770995908,MC 200000,0.1,True,,
P1B_secondary_totalH_T_self_all,"early(s=1) - late(s=3), w=1",all,severe_ref4,,25,184,1246,18,0,0,0.0017684610075914416,-0.01270968614718615,0.020350222078945445,-0.010558177070482767,0.016944616959782253,0.8278208608956955,0.8238458820482528,0.0016051364365971107,-0.013183239397453897,0.02006335797254488,-0.010800536851652128,0.016512265699231227,0.919880400597997,0.8389715190119029,0.01107764524057917,-0.014242232986311934,0.04328986531955455,-0.011359085247215144,0.03776616648458753,0.5012174939125305,0.4759153557621042,MC 200000,0.1,True,,
P1B_secondary_totalH_T_self_all,"early(s=1) - late(s=3), w=1",all,amplification,,25,184,1246,14,0,0,-0.022440044858523113,-0.045544749997287595,-0.005796208812600632,-0.04152189118812155,-0.008677369549218295,0.019869900650496746,0.028366378918908954,-0.02247191011235955,-0.048117836773920085,-0.004746398923751312,-0.043536539398563986,-0.007686395792888315,0.034434827825860874,0.042333579092584055,-0.025051381750429903,-0.04247489565487186,-0.00973391986911724,-0.03969499432797304,-0.01200930875561335,0.0039499802500987495,0.007548422565314383,MC 200000,0.1,True,,
P1B_secondary_totalH_T_self_all,"early(s=1) - late(s=4), w=1",all,dev9_ref,,25,184,1246,25,0,0,0.010864029104569763,-0.2438807323668853,0.34923253326059667,-0.20295488534813505,0.29067463695285395,0.9433302833485833,0.9413248697961558,-0.003359261808825843,-0.28079467861822605,0.36203837157434277,-0.23589892521962944,0.30024741655914633,0.9845400772996135,0.9831599925066956,0.08485848804400468,-0.14851697158244914,0.31795767782408085,-0.11083910864405001,0.2832734965604611,0.4912575437122814,0.4901270700798239,MC 200000,0.5,True,,
P1B_secondary_totalH_T_self_all,"early(s=1) - late(s=4), w=1",all,severe_ref2,,25,184,1246,19,0,0,0.016897429261559693,-0.02193644480017421,0.07987055048156194,-0.017555026758006284,0.06923104187911717,0.4865725671371643,0.5220068128372135,0.013643659711075442,-0.026652196055306533,0.07913024575873245,-0.02191823730704455,0.06901288924375493,0.620761896190519,0.61721317756809,0.054597859100378704,0.010996581811867369,0.10204529122633822,0.01753876895366258,0.0944814620714816,0.027834860825695872,0.031263768607967625,MC 200000,0.1,True,,
P1B_secondary_totalH_T_self_all,"early(s=1) - late(s=4), w=1",all,severe_ref3,,25,184,1246,21,0,0,0.012627242926155966,-0.02172395883151745,0.06336819927336278,-0.016796651485158163,0.055051492532518634,0.5461122694386528,0.5705241713658112,0.013643659711075442,-0.022110967398866116,0.06564563135668824,-0.01723129973474801,0.05791561930383642,0.5532272338638307,0.5554558719734966,0.026122044632402974,-0.024321445235429,0.08027582670533394,-0.01680707985867561,0.07070994189077895,0.3490332548337258,0.3410919676141658,MC 200000,0.1,True,,
P1B_secondary_totalH_T_self_all,"early(s=1) - late(s=4), w=1",all,severe_ref4,,25,184,1246,20,0,0,0.004086870255348515,-0.02662460575315397,0.041186139534977434,-0.021223727496048925,0.03446287251842807,0.8055309723451383,0.8049439845813114,0.0032102728731942215,-0.02873740598836384,0.040512077384941975,-0.02282904891961116,0.034298751655002825,0.8885705571472142,0.8492114564307565,0.0014726975877591784,-0.044573122710622706,0.04948802583894268,-0.037756396184587676,0.04123417969933928,0.9547852260738696,0.9527169327853784,MC 200000,0.1,True,,
P1B_secondary_totalH_T_self_all,"early(s=1) - late(s=4), w=1",all,amplification,,25,184,1246,16,0,0,-0.016228864734299516,-0.03053656149037786,-0.0031780434057323763,-0.02756580260924849,-0.005371422859427661,0.03396983015084924,0.019568554669441976,-0.016051364365971106,-0.03138259641122237,-0.0026208053462210635,-0.02810965175349674,-0.005012531328320802,0.049509752451237746,0.023744645087323893,-0.021970953365410252,-0.039704515365860546,-0.005460460537140273,-0.03657711163934568,-0.008024973240748723,0.018179909100454496,0.02135010206042774,MC 200000,0.1,True,,
P1B_secondary_totalH_T_self_all,"early(s=1) - late(s=2), w=2",all,dev9_ref,,25,184,1246,25,0,0,-0.0355316684759499,-0.17717725112442698,0.1956240753013755,-0.15920273052628645,0.1562376476808365,0.7308863455682721,0.7084330793218834,-0.022717925433998292,-0.19368430210587026,0.2521661420324889,-0.17129646955010303,0.20703692404840526,0.8555257223713881,0.8428223846404506,0.07950830107157227,-0.12543465987537694,0.3336975215483942,-0.0973522527711397,0.2900544209814128,0.5633021834890826,0.5199780098348642,MC 200000,0.5,True,,
P1B_secondary_totalH_T_self_all,"early(s=1) - late(s=2), w=2",all,severe_ref2,,25,184,1246,19,0,0,-0.004938750862663907,-0.03002663218065004,0.014885400961374286,-0.02566247795414462,0.011755324336785356,0.6613066934665327,0.6695168393934721,-0.0072231139646869984,-0.03232539507748733,0.012391302134629616,-0.027730666634603985,0.00927607507721548,0.5584972075139625,0.528533050536063,-0.0028656660518362664,-0.03289869251119252,0.031116009620796834,-0.028807494436217843,0.02505371344573472,0.8752356238218809,0.8674878612047161,MC 200000,0.1,True,,
P1B_secondary_totalH_T_self_all,"early(s=1) - late(s=2), w=2",all,severe_ref3,,25,184,1246,17,0,0,0.008216873706004144,-0.009574018784031002,0.03815167214472766,-0.007147286887358445,0.03217233807103088,0.45473772631136844,0.47465724809264154,0.008025682182985553,-0.009674216542934103,0.03779187617850407,-0.007191907910623729,0.031665362569374904,0.5006124969375153,0.48403002839922593,0.02410056647346681,-0.007566592883600162,0.06603196695936052,-0.003678327091596966,0.05840169322196196,0.25833870830645844,0.22412550977114828,MC 200000,0.1,True,,
P1B_secondary_totalH_T_self_all,"early(s=1) - late(s=2), w=2",all,severe_ref4,,25,184,1246,14,0,0,-0.0011753795721187034,-0.016394533739210404,0.020375704762794742,-0.013799457821715194,0.0158123550573215,0.8971855140724296,0.8890867916026284,-0.002407704654895666,-0.017532692138551294,0.017933620101414156,-0.01488833746898263,0.013478453947667744,0.8448657756711216,0.7647505693746164,0.009397760176035653,-0.018673131957006536,0.043194088945768636,-0.014530930777571314,0.036906090695004466,0.579757101214494,0.5650196359533209,MC 200000,0.1,True,,
P1B_secondary_totalH_T_self_all,"early(s=1) - late(s=2), w=2",all,amplification,,25,184,1246,15,0,0,-0.006469979296066253,-0.022277371776500694,0.00560691606187929,-0.0189774859041271,0.0036274192979252927,0.3099134504327478,0.33102143708352605,-0.008025682182985553,-0.02480464048293613,0.004525091995093593,-0.021337343441001976,0.002503879591166099,0.2702336488317558,0.250693442741577,-0.015100196845997518,-0.03159767474241159,-0.0006672188803067887,-0.0287679840627209,-0.0027158313473263124,0.07008464957675212,0.07581801727494587,MC 200000,0.1,True,,
P1B_secondary_totalH_T_self_all,"early(s=1) - late(s=3), w=2",all,dev9_ref,,25,184,1246,25,0,0,0.031140367431342617,-0.18171822332098547,0.3709538918894415,-0.15010926222855245,0.2984812382258586,0.8164509177454112,0.8182774959996343,0.034487052374418486,-0.21056487731783624,0.4337514695191389,-0.17393789420797692,0.34843704157454736,0.8265458672706636,0.8266318055856485,0.15604128760219635,-0.15319172679594545,0.5575641774986801,-0.11398490006543735,0.49002001236025033,0.4989425052874736,0.4149692743068346,MC 200000,0.5,True,,
P1B_secondary_totalH_T_self_all,"early(s=1) - late(s=3), w=2",all,severe_ref2,,25,184,1246,21,0,0,0.003526138716356107,-0.019301437410374326,0.037490503501813155,-0.015592934888911903,0.03127667876062761,0.7920260398698007,0.7975335626532226,0.002407704654895666,-0.020850727039402224,0.03834983250837456,-0.01743704507207883,0.03202887692696075,0.910760446197769,0.8678288882421715,0.019938831211507583,-0.014962922507897313,0.05432314009245699,-0.009458869236192866,0.049495727145195234,0.28509357453212736,0.28058403643447094,MC 200000,0.1,True,,
P1B_secondary_totalH_T_self_all,"early(s=1) - late(s=3), w=2",all,severe_ref3,,25,184,1246,20,0,0,0.016110248447204968,-0.006008890752845748,0.05293983719416641,-0.0031002586107258443,0.04498968340359845,0.2102439487802561,0.26948667674351784,0.015248796147672551,-0.007831338262609755,0.05308098813068825,-0.004640478944907978,0.04551363733086328,0.28109859450702745,0.31861480707150336,0.02482567188110301,-0.018682658421376223,0.070600594377834,-0.012382833891876447,0.06341506865454233,0.3096034519827401,0.30304640058145055,MC 200000,0.1,True,,
P1B_secondary_totalH_T_self_all,"early(s=1) - late(s=3), w=2",all,severe_ref4,,25,184,1246,19,0,0,0.014978002070393372,-0.005171577511144439,0.03895576236596977,-0.0017829056125314973,0.03401743276014107,0.17495412522937384,0.15506897210387624,0.012038523274478331,-0.009132535984980181,0.03620329133902954,-0.0054264091803140745,0.031050511926033066,0.3050284748576257,0.25731323590978333,0.01563874213174325,-0.021702698195069415,0.05816054608470619,-0.016442647860103066,0.050386149669044374,0.46177269113654434,0.4585051154216696,MC 200000,0.1,True,,
P1B_secondary_totalH_T_self_all,"early(s=1) - late(s=3), w=2",all,amplification,,25,184,1246,16,0,0,-0.0025448585231193917,-0.027987071285596538,0.013910826887832758,-0.02310086948808037,0.011263489726435698,0.7942860285698572,0.798391900385607,-0.004815409309791332,-0.03225806451612903,0.012040335254059713,-0.02702813469206912,0.009557143359789277,0.6863415682921585,0.6509734185969169,-0.020383046404882907,-0.0481491416871876,0.003995696551799567,-0.04315307017543859,0.0003701331775519797,0.14300428497857512,0.1395390699082814,MC 200000,0.1,True,,
P1B_secondary_totalH_T_self_all,"early(s=1) - late(s=4), w=2",all,dev9_ref,,25,184,1246,25,0,0,-0.07913083403617034,-0.31297029128317,0.27502988465329603,-0.27655691026823825,0.20630724256604885,0.613081934590327,0.5791846268736521,-0.10778599032358151,-0.36694324282236906,0.2861717754798207,-0.32564457304545213,0.20873544515716833,0.5426822865885671,0.4935530553751094,0.11762188568208135,-0.23201185380029582,0.5336137755957618,-0.18393802131940498,0.4583942836859759,0.614481927590362,0.5615225444183569,MC 200000,0.5,True,,
P1B_secondary_totalH_T_self_all,"early(s=1) - late(s=4), w=2",all,severe_ref2,,25,184,1246,21,0,0,0.017846359558316077,-0.011078759725699447,0.06426719576719576,-0.007132596666343133,0.055452404727323025,0.2846335768321158,0.34944154366483915,0.014446227929373997,-0.01599025358113444,0.06547730934479054,-0.012024402662366488,0.055917356862539735,0.45701771491142545,0.48466176764197044,0.039155813930170036,-0.006484788416759302,0.08601675721058416,0.001787022965214458,0.07855588851652671,0.12455437722811386,0.1238675603042791,MC 200000,0.1,True,,
P1B_secondary_totalH_T_self_all,"early(s=1) - late(s=4), w=2",all,severe_ref3,,25,184,1246,20,0,0,0.012616459627329189,-0.015974776249409055,0.059078587084323786,-0.01228588798033243,0.0505886668512931,0.4619826900865496,0.5027999890426116,0.011235955056179775,-0.019574616872489212,0.060109289617486336,-0.01564032467022813,0.05137087281162362,0.5763571182144089,0.5766076516742223,0.030330336661803625,-0.01629878745326674,0.08031610811216071,-0.009723576387322188,0.07192220252167053,0.2513387433062835,0.24172941017839172,MC 200000,0.1,True,,
P1B_secondary_totalH_T_self_all,"early(s=1) - late(s=4), w=2",all,severe_ref4,,25,184,1246,19,0,0,-0.0007224810213940656,-0.022391786196998706,0.028600798872180443,-0.019087138812254975,0.022287334516047457,0.9538552307238464,0.9517303821171021,-0.002407704654895666,-0.025381296819498012,0.027213119828315518,-0.021704685346807535,0.021128380216903976,0.8983505082474588,0.8451906569186626,0.004386530747672965,-0.0361852217719239,0.045873282696421,-0.029664996666060497,0.03882555191169406,0.8460657696711517,0.8415897231758334,MC 200000,0.1,True,,
P1B_secondary_totalH_T_self_all,"early(s=1) - late(s=4), w=2",all,amplification,,25,184,1246,15,0,0,-0.015226017943409246,-0.025979381758575126,-0.005868535220871037,-0.023959360233436488,-0.007493985672864984,0.0119399403002985,0.003498595761395112,-0.01765650080256822,-0.03159868925034895,-0.005923820487826744,-0.028682488245012072,-0.00800467980295567,0.02286988565057175,0.00702151883025602,-0.01981714515421122,-0.03892714510977389,-0.0039047250616539627,-0.03560925064525288,-0.006178541165607244,0.027169864150679245,0.04228723533893088,MC 200000,0.1,True,,
P1B_secondary_totalH_T_self_all,"early(s=1) - late(s=2), w=3",all,dev9_ref,,25,184,1246,25,0,0,-0.03833976802296176,-0.1413462219017435,0.0786837114347346,-0.12348906405640848,0.05958143566426046,0.48900255498722506,0.47283140510995103,-0.055248639255233496,-0.16573338652876743,0.06793003829247034,-0.1461898122120237,0.04826056903545782,0.36063319683401585,0.3280924128360424,-0.06697193106340746,-0.1842186560238755,0.044267517156423436,-0.16539663341506214,0.026208787348367974,0.27634361828190857,0.27192062946908885,MC 200000,0.5,True,,
P1B_secondary_totalH_T_self_all,"early(s=1) - late(s=2), w=3",all,severe_ref2,,25,184,1246,17,0,0,-0.004528985507246376,-0.021268263276234687,0.01549322140203599,-0.0182597602087027,0.011699778108547642,0.6308668456657717,0.6150034233810594,-0.004815409309791332,-0.0206757527507783,0.015451797919413444,-0.01794337515036948,0.011659323562865247,0.6740316298418508,0.5917120206082218,-0.009889160982106111,-0.036073008751648164,0.017730582884516247,-0.03180332026647816,0.01341379052286105,0.49135254323728383,0.48845672784541283,MC 200000,0.1,True,,
P1B_secondary_totalH_T_self_all,"early(s=1) - late(s=2), w=3",all,severe_ref3,,25,184,1246,16,0,0,0.005553398895790201,-0.011414734675596125,0.022691522680426412,-0.007909526797714733,0.019562450704919625,0.4981325093374533,0.4858221887670401,0.004815409309791332,-0.0136986301369863,0.024202573888673782,-0.009849364699458952,0.020834367759020176,0.6627816860915695,0.5852735910220787,0.004014775755537235,-0.025317469654997645,0.028848612751874222,-0.01939120256998196,0.02540066941995833,0.7852710736446318,0.7772800455534514,MC 200000,0.1,True,,
P1B_secondary_totalH_T_self_all,"early(s=1) - late(s=2), w=3",all,severe_ref4,,25,184,1246,16,0,0,0.008853088336783988,-0.009969634149082,0.025693473056368304,-0.006337283341009358,0.022676175281109004,0.3181284093579532,0.28775152058758435,0.0072231139646869984,-0.013493056897996005,0.024390920657264278,-0.009308237266157468,0.02129434265084489,0.49243253783731084,0.40945306915984736,-0.0021769207525086584,-0.02784219124940009,0.0203677139065157,-0.02353055328811208,0.017099567829830985,0.870760646196769,0.8634722754615507,MC 200000,0.1,True,,
P1B_secondary_totalH_T_self_all,"early(s=1) - late(s=2), w=3",all,amplification,,25,184,1246,13,0,0,0.0037310213940648725,-0.003942828441649197,0.012172379915825605,-0.0026659594646235864,0.010719121175799477,0.3595232023839881,0.3477904042192289,0.0032102728731942215,-0.004571596748575166,0.011601040268908165,-0.00315162546383051,0.010027484458845997,0.5464972675136625,0.4021396004241965,-0.0006927488752796701,-0.0156183394360606,0.011798559934114244,-0.01294355246180554,0.010041759107716545,0.9324753376233119,0.9231899475356984,MC 200000,0.1,True,,
P1B_secondary_totalH_T_self_all,"early(s=1) - late(s=3), w=3",all,dev9_ref,,25,184,1246,25,0,0,-0.140819012105489,-0.28020039284488213,0.05986473368385009,-0.26104602222311507,0.02330944997477007,0.1990240048799756,0.10132301957479552,-0.17351166952124747,-0.31894764757952915,0.03649395672693096,-0.2983769839418568,4.682011657401716e-05,0.1468992655036725,0.0539409625197828,-0.07835622472011966,-0.24698285900871675,0.0897864580175348,-0.22063258105240638,0.06325711725521413,0.38286308568457156,0.37989298342255917,MC 200000,0.5,True,,
P1B_secondary_totalH_T_self_all,"early(s=1) - late(s=3), w=3",all,severe_ref2,,25,184,1246,19,0,0,0.006901311249137334,-0.01601046601613752,0.04170417921376509,-0.013019151080506913,0.03613006249011231,0.6372368138159309,0.6464478835436118,0.0056179775280898875,-0.017574916737028573,0.04200596440451425,-0.014508358841252783,0.03571428571428571,0.7552462237688812,0.71402509482315,0.011629755421468744,-0.01959835163695746,0.041659634976922204,-0.01485311676627466,0.037046085241745935,0.47686261568692156,0.47323746846744397,MC 200000,0.1,True,,
P1B_secondary_totalH_T_self_all,"early(s=1) - late(s=3), w=3",all,severe_ref3,,25,184,1246,19,0,0,-0.0037202380952380955,-0.026212754107490945,0.032090749833768084,-0.023084957273299064,0.025615689562862164,0.8156509217453912,0.8019246275601338,-0.006420545746388443,-0.030342982907760815,0.031222021349862246,-0.027044088943319684,0.024571031538244636,0.7621011894940525,0.6827057585586414,0.0034899229798445947,-0.035175395714463466,0.039702634245187426,-0.028121055856134242,0.03403093701019232,0.8605006974965125,0.8593389466317873,MC 200000,0.1,True,,
P1B_secondary_totalH_T_self_all,"early(s=1) - late(s=3), w=3",all,severe_ref4,,25,184,1246,18,0,0,-0.00692287784679089,-0.022927805625174047,0.01718435000972775,-0.020633564576909895,0.01256308244543603,0.5288523557382213,0.484721253698428,-0.009630818619582664,-0.026764376064155385,0.015707122824566173,-0.024143464298961664,0.010541379837743033,0.45713771431142847,0.35161505293907547,-0.0030530700273141463,-0.027085158648120573,0.020293042469330256,-0.023147126100849503,0.01673022627490712,0.813960930195349,0.8085369943771997,MC 200000,0.1,True,,
P1B_secondary_totalH_T_self_all,"early(s=1) - late(s=3), w=3",all,amplification,,25,184,1246,13,0,0,0.002178226363008972,-0.007497653934213266,0.015371216666184786,-0.006026475426955364,0.013166108521597941,0.6950515247423763,0.7081979249451231,0.0008025682182985554,-0.008762424891688344,0.014374258553484643,-0.007233345737660117,0.01166489925768823,1.0,0.886756255992097,0.00114770240750084,-0.009847429283109572,0.011948746434188758,-0.008212015593174608,0.010233804414655474,0.8438757806210969,0.8426836043242028,MC 200000,0.1,True,,
P1B_secondary_totalH_T_self_all,"early(s=1) - late(s=4), w=3",all,dev9_ref,,25,184,1246,25,0,0,-0.2972863761114662,-0.4921610804284355,0.0017765506080001689,-0.4650641443070719,-0.05930914241155879,0.09207953960230199,0.018475915316317648,-0.3613461085106294,-0.5632619238069652,-0.04818929129768971,-0.5314301960052313,-0.10984155943949211,0.060339698301508496,0.006209158679035453,-0.16912212006579375,-0.41263364958011656,0.0702983474728485,-0.3715326681014468,0.031017534607477547,0.1869840650796746,0.18677117693940395,MC 200000,0.5,True,,
P1B_secondary_totalH_T_self_all,"early(s=1) - late(s=4), w=3",all,severe_ref2,,25,184,1246,19,0,0,-0.008799171842650106,-0.045190697572029995,0.04872368172415164,-0.04016473272019347,0.04032430750544062,0.791001044994775,0.7176205878072485,-0.012841091492776886,-0.050562203676040786,0.047401091448824734,-0.045236782546399096,0.03875283642793458,0.754556227218864,0.6133724846005388,0.011464654088394286,-0.03439158053230001,0.053308372426793475,-0.026149337074729013,0.047125369456556446,0.6274168629156854,0.6186132671129106,MC 200000,0.1,True,,
P1B_secondary_totalH_T_self_all,"early(s=1) - late(s=4), w=3",all,severe_ref3,,25,184,1246,18,0,0,-0.011624396135265695,-0.041708725112557674,0.03454640856496777,-0.03736894901138777,0.02700820989315266,0.5940870295648522,0.5396224686478558,-0.015248796147672551,-0.048096390857549846,0.034288236856080685,-0.043239533287577216,0.02631802721088432,0.5638921805390973,0.459169803397632,-0.0011395781233407192,-0.04517934880846414,0.04033917436458028,-0.0374543790144574,0.03378307628044469,0.9603351983240084,0.9592586565785505,MC 200000,0.1,True,,
P1B_secondary_totalH_T_self_all,"early(s=1) - late(s=4), w=3",all,severe_ref4,,25,184,1246,18,0,0,-0.02461827122153209,-0.0485743918779633,0.010949646704425527,-0.04496640783385177,0.004583458817554787,0.22831385843070784,0.11106128936975193,-0.028089887640449437,-0.05327599369315108,0.008511319512250495,-0.049383250957485504,0.0023096023174785387,0.2105489472552637,0.08232677344862895,-0.015196102298845859,-0.05095554029304028,0.018715993298622075,-0.04445397840619005,0.01361052821292182,0.4253978730106349,0.4144218809658018,MC 200000,0.1,True,,
P1B_secondary_totalH_T_self_all,"early(s=1) - late(s=4), w=3",all,amplification,,25,184,1246,14,0,0,0.0010891131815044853,-0.012861467236467233,0.021491750369480565,-0.010740556994438983,0.01755445534165037,0.9035654821725891,0.8995231412061364,-0.0008025682182985554,-0.014802774848707134,0.01968829032546001,-0.012750842689790562,0.015723270440251572,1.0,0.9252657152217685,-0.005902766782386044,-0.03004684230580087,0.015850228937728934,-0.025796168567445165,0.012831885405457632,0.6451817740911295,0.633893340953882,MC 200000,0.1,True,,
P1B_map_T_self_all,"window(s=1,w=1) - normal",all,dev9_ref,,25,184,1246,25,0,0,-0.9121719986260999,-1.2228020181740764,-0.4960678110187891,-1.1678757264615822,-0.5715134471970766,0.00026999865000674995,1.8535735795515995e-05,-0.9685474749105746,-1.3035844985996297,-0.5260631529917922,-1.2425694754902197,-0.6095958700439392,0.00030999845000774994,1.6425805108309495e-05,-0.6407184392456798,-0.9441679090952259,-0.35481217477035043,-0.8916603219724218,-0.39829346647817876,0.00013499932500337497,0.00033535474281286054,MC 200000,,,,
P1B_map_T_self_all,"window(s=1,w=2) - normal",all,dev9_ref,,25,184,1246,25,0,0,-1.1828930134599296,-1.504356016200914,-0.7087554431667614,-1.450403823619691,-0.7952166659282235,0.00036999815000924994,1.7428702031041265e-06,-1.2631903031258485,-1.5997696724512556,-0.7553113505098684,-1.5436444490998773,-0.8473464334367312,0.00046999765001174993,1.3386582589373357e-06,-0.7767397336667645,-1.1725007173022037,-0.3738665177604571,-1.1090905674183713,-0.43938024819951327,0.0008499957500212498,0.0009858485232047388,MC 200000,,,,
P1B_map_T_self_all,"window(s=1,w=3) - normal",all,dev9_ref,,25,184,1246,25,0,0,-1.5648439795933193,-1.90068407559621,-1.0764833118152881,-1.8458053584921768,-1.1684372129782716,1.9999900000499998e-05,3.570096911909008e-08,-1.6880980841240392,-2.0530525293786988,-1.1689294165609876,-1.9918938947148856,-1.2661222045692793,1.4999925000374999e-05,2.5787415003862713e-08,-1.1991872867498383,-1.594764206457209,-0.8234279726325062,-1.5286386947846835,-0.8793912939485009,4.9999750001249995e-06,3.902006865084013e-06,MC 200000,,,,
P1B_map_T_self_all,"window(s=2,w=1) - normal",all,dev9_ref,,25,184,1246,25,0,0,-0.8460519690535493,-1.0929749501156618,-0.49701478314853287,-1.0525459982066088,-0.5607933263345648,0.00045499772501137495,4.292625035681599e-06,-0.901877446149381,-1.1682407546284912,-0.5221426285198436,-1.1223358559123144,-0.5894795269241189,0.0007849960750196249,4.823895031172894e-06,-0.5848590283788472,-0.8899403052624066,-0.28453562704000535,-0.8414441997134438,-0.3338368904780725,0.0010299948500257499,0.0011512317249599566,MC 200000,,,,
P1B_map_T_self_all,"window(s=2,w=2) - normal",all,dev9_ref,,25,184,1246,25,0,0,-1.1473613449839797,-1.4073592207289571,-0.7623747796591074,-1.3668202645275782,-0.8443426294398082,9.999950000249999e-06,7.051181679578991e-08,-1.24047237769185,-1.5311902790313932,-0.8258186435705237,-1.4856936198750912,-0.9137007911128754,9.999950000249999e-06,7.179113641559228e-08,-0.8562480347383367,-1.1531714252402523,-0.5684464685024083,-1.1069878461346154,-0.6145591730381156,4.9999750001249995e-06,7.326059045415756e-06,MC 200000,,,,
P1B_map_T_self_all,"window(s=2,w=3) - normal",all,dev9_ref,,25,184,1246,25,0,0,-1.5265042115703575,-1.81531773121471,-1.0905878800851718,-1.7711367368601192,-1.1741113397471103,2.4999875000624998e-05,5.1786713520994265e-09,-1.6328494448688058,-1.9501306305060755,-1.1679199035254735,-1.8996687546639037,-1.259642372181448,1.9999900000499998e-05,4.587637583230737e-09,-1.132215355686431,-1.4687851190224785,-0.801667375745587,-1.418889165027576,-0.8558328892292191,1.9999900000499998e-05,1.3486962172910245e-06,MC 200000,,,,
P1B_map_T_self_all,"window(s=3,w=1) - normal",all,dev9_ref,,25,184,1246,25,0,0,-0.9254787281858365,-1.1630819965439456,-0.6105821343985293,-1.1242440645607248,-0.665509569513207,4.9999750001249995e-06,2.514954340205602e-07,-0.9994970120703794,-1.278163833006372,-0.6558483680821005,-1.225667398219447,-0.7193539769513951,4.9999750001249995e-06,3.5084684298697923e-07,-0.733284522985536,-0.9886907352545673,-0.48839227482414194,-0.9454539996476641,-0.5251018721371645,4.9999750001249995e-06,9.332585008215606e-06,MC 200000,,,,
P1B_map_T_self_all,"window(s=3,w=2) - normal",all,dev9_ref,,25,184,1246,25,0,0,-1.2140333808912722,-1.464555192676808,-0.9051455187334374,-1.4248356226052128,-0.9601818167782954,9.999950000249999e-06,4.270226089207615e-09,-1.297677355500267,-1.5862944951813607,-0.9603005498138045,-1.537718995476993,-1.0213396682765925,1.4999925000374999e-05,8.312741828782004e-09,-0.9327810212689609,-1.228034198843185,-0.6480028382165604,-1.1813677599319352,-0.6900082094569535,1.4999925000374999e-05,3.014071686693413e-06,MC 200000,,,,
P1B_map_T_self_all,"window(s=3,w=3) - normal",all,dev9_ref,,25,184,1246,25,0,0,-1.4240249674878305,-1.6986244892579805,-1.0592021596498875,-1.653675860346423,-1.12208234623493,4.9999750001249995e-06,1.8252386581719575e-09,-1.5145864146027919,-1.8272641940218601,-1.124829042273744,-1.7752190675473836,-1.193154254588796,4.9999750001249995e-06,2.729454007712677e-09,-1.1208310620297188,-1.4523624467087972,-0.8059397437742918,-1.39747104006634,-0.8522632331035008,4.9999750001249995e-06,6.828542104029274e-07,MC 200000,,,,
P1B_map_T_self_all,"window(s=4,w=1) - normal",all,dev9_ref,,25,184,1246,24,0,0,-0.9230360277306694,-1.1292556482354796,-0.6716521554706775,-1.097182145390537,-0.7194487763256577,4.9999750001249995e-06,1.4748954802123335e-08,-0.9651882131017487,-1.192112749701642,-0.6966772277396054,-1.1543041651696344,-0.7487802852477167,4.9999750001249995e-06,2.5257237977859385e-08,-0.7255769272896846,-0.9372515752428534,-0.5103966767549158,-0.9061594542446707,-0.5435013946792001,1.4999925000374999e-05,1.1952184176103173e-06,MC 200000,,,,
P1B_map_T_self_all,"window(s=4,w=2) - normal",all,dev9_ref,,25,184,1246,24,0,0,-1.1037621794237593,-1.3161562474830173,-0.8236737640071022,-1.280522638773814,-0.8746656543434607,4.9999750001249995e-06,1.699825438577171e-09,-1.1554043128022666,-1.3818042176888836,-0.8671621536754267,-1.3447077990136092,-0.918504869055051,4.9999750001249995e-06,1.552093131947399e-09,-0.894361619348846,-1.1321955809797408,-0.6575196824959831,-1.0947607044647818,-0.6975533905538062,4.9999750001249995e-06,1.4093797863888023e-07,MC 200000,,,,
P1B_map_T_self_all,"window(s=4,w=3) - normal",all,dev9_ref,,25,184,1246,24,0,0,-1.2675576034818532,-1.4990410277012436,-0.9725704396420312,-1.458744942650563,-1.0251921109314168,4.9999750001249995e-06,3.3042784194463577e-10,-1.3267519756134099,-1.5874434509375008,-1.018374204405389,-1.53971855855601,-1.072104951112668,4.9999750001249995e-06,5.027812030986287e-10,-1.0300651666840446,-1.3062013033289026,-0.7475008467842396,-1.2620273192479516,-0.7898630469854011,4.9999750001249995e-06,2.616189178442362e-07,MC 200000,,,,
P1B_secondary_freeH_N2_gt_P_gt_A+,"early(s=1) - late(s=3) of (window - normal) on same poses, w=1",A+,eff,"release-aligned, N=2 free poses, target=gt",24,117,778,24,0,0,0.14083468272870103,0.08456968764841367,0.22477113611461527,0.09105260256682254,0.20807202654801824,0.0005949970250148749,0.00038861368566078016,0.15417424932631843,0.09090099782341413,0.25409019277421074,0.09811541435483556,0.23475457021394244,0.000559997200014,0.0006678395559695174,0.10878794067327646,0.028762631082182705,0.19276086565270786,0.041865927334797735,0.178683945251245,0.013759931200343998,0.01579947713508826,MC 200000,,,,
P1B_secondary_freeH_N2_gt_P_gt_A+,"early(s=1) - late(s=3) of (window - normal) on same poses, w=1",A+,eff_exceed2,"release-aligned, N=2 free poses, target=gt",24,117,778,15,0,0,0.04683896350563017,0.022439519905085133,0.07828996637772923,0.026009877468210804,0.07265417566434396,0.0025349873250633745,0.0026765689486936382,0.04627249357326478,0.022321013674986723,0.07810167017611025,0.02587759146919588,0.07253967735081152,0.0039699801500992496,0.0027613750310107616,0.04112072970152301,0.020282170319436844,0.06334256808965602,0.023271913091545686,0.059650103835435835,0.0011049944750276249,0.0014783407120024282,MC 200000,,,,
P1B_secondary_freeH_N2_gt_P_gt_A+,"early(s=1) - late(s=3) of (window - normal) on same poses, w=1",A+,eff_exceed3,"release-aligned, N=2 free poses, target=gt",24,117,778,14,0,0,0.020926604259937594,0.005639056304783121,0.03898261407366684,0.008351387318977093,0.03518537970743853,0.023599882000589996,0.012476328750625452,0.02570694087403599,0.007309897001944569,0.04444524151123863,0.010771992818671455,0.04085257548845471,0.03490982545087275,0.0064556466569127,0.01706270810527276,-0.0016104051923690936,0.03807901372354497,0.0012563037367724853,0.03466466187169311,0.11668441657791712,0.11352543120213296,MC 200000,,,,
P1B_secondary_freeH_N2_gt_P_gt_A+,"early(s=1) - late(s=3) of (window - normal) on same poses, w=1",A+,eff_exceed4,"release-aligned, N=2 free poses, target=gt",24,117,778,13,0,0,0.01207434540767874,-0.002862997545296435,0.032332741576162595,-0.0007961474396659581,0.02839338445588445,0.17883410582947085,0.17878204926352292,0.016709511568123392,0.001310318122244728,0.03669801350875311,0.0034302380225099275,0.03296930030079958,0.093559532202339,0.06642965368034578,0.007712224616858236,-0.008434357040229884,0.023886200268541317,-0.0056559841668947265,0.021278229622787786,0.3702731486342568,0.360911209975159,MC 200000,,,,
P1B_secondary_freeH_N2_gt_P_gt_A+,"early(s=1) - late(s=3) of (window - normal) on same poses, w=2",A+,eff,"release-aligned, N=2 free poses, target=gt",24,117,778,24,0,0,0.13874654980888335,0.07577217630272468,0.20532620793530235,0.0869861843288225,0.19389087843787373,0.0015499922500387497,0.0001602428126769383,0.14774738672911916,0.0822919904856894,0.22241333524932014,0.09313990814669716,0.2084275251629806,0.00120999395003025,0.00020501077644574103,0.08688820134499674,0.01612570246515286,0.1580719538187892,0.027686828856966748,0.14583611990069562,0.02806485967570162,0.027143873483432057,MC 200000,,,,
P1B_secondary_freeH_N2_gt_P_gt_A+,"early(s=1) - late(s=3) of (window - normal) on same poses, w=2",A+,eff_exceed2,"release-aligned, N=2 free poses, target=gt",24,117,778,17,0,0,0.0858601275267942,0.05022286981922398,0.12800446580263095,0.05546321629426964,0.12096590225673055,0.0014949925250373748,0.0001462737889213916,0.08483290488431877,0.050690549382132716,0.12611081725938741,0.05595103354257815,0.1191919191919192,0.0018299908500457498,0.00010541708700256983,0.0616866925569717,0.013344104783516218,0.10649945279037538,0.02119126489995743,0.0995760367525043,0.017434912825435873,0.017813285163466537,MC 200000,,,,
P1B_secondary_freeH_N2_gt_P_gt_A+,"early(s=1) - late(s=3) of (window - normal) on same poses, w=2",A+,eff_exceed3,"release-aligned, N=2 free poses, target=gt",24,117,778,16,0,0,0.029134445801112466,0.006132901996115303,0.052756068766342736,0.010299707285603556,0.04824462272831838,0.03487482562587187,0.015501061043466024,0.02956298200514139,0.005424709983614156,0.05306246322504721,0.010177726048178279,0.048822331845587645,0.05047474762626187,0.014900299746585171,0.027539753129859863,0.0073976459397616,0.049137717227695665,0.010696254675241747,0.0455855142983119,0.018334908325458373,0.01946289053256545,MC 200000,,,,
P1B_secondary_freeH_N2_gt_P_gt_A+,"early(s=1) - late(s=3) of (window - normal) on same poses, w=2",A+,eff_exceed4,"release-aligned, N=2 free poses, target=gt",24,117,778,10,0,0,0.018908560575227242,0.002286256695704464,0.04022377795815295,0.004715177133655395,0.03597901472901473,0.06304468477657611,0.053961007483270367,0.02313624678663239,0.0039414103791929585,0.047338279317974734,0.0066844919786096255,0.042801983538848565,0.06718966405167974,0.039615694894908,0.01451356105181536,-0.004300181878306877,0.03489423156415343,-0.0014608562534209077,0.03143062041028096,0.17617411912940437,0.16961100765943185,MC 200000,,,,
P1B_secondary_freeH_N2_gt_P_gt_A+,"early(s=1) - late(s=3) of (window - normal) on same poses, w=3",A+,eff,"release-aligned, N=2 free poses, target=gt",24,117,778,24,0,0,0.10505555957422805,0.009994321798505705,0.1826836295880416,0.026976045377314385,0.16884991440218095,0.06694966525167374,0.018109984406236852,0.10998740476131759,0.015379057468876751,0.19410343285865173,0.03264356173757866,0.17808803980147628,0.05706471467642662,0.014967244452540933,0.04399474863384245,-0.036761548087454646,0.12568664578279146,-0.02368637958379967,0.11142696646968303,0.29990850045749773,0.3005817444447806,MC 200000,,,,
P1B_secondary_freeH_N2_gt_P_gt_A+,"early(s=1) - late(s=3) of (window - normal) on same poses, w=3",A+,eff_exceed2,"release-aligned, N=2 free poses, target=gt",24,117,778,16,0,0,0.04351512684846017,-0.0032491555650037817,0.08841153497375233,0.005246429239484794,0.080535853035853,0.07390963045184774,0.06195960264292294,0.038560411311053984,-0.005683039202917425,0.08495575221238938,0.002127379283928807,0.07705779334500876,0.10316448417757912,0.09067066861735054,0.0471017845196827,0.0021567705346825826,0.08946764858960826,0.009330399225462853,0.08335446626766926,0.053319733401332996,0.05378799285158438,MC 200000,,,,
P1B_secondary_freeH_N2_gt_P_gt_A+,"early(s=1) - late(s=3) of (window - normal) on same poses, w=3",A+,eff_exceed3,"release-aligned, N=2 free poses, target=gt",24,117,778,17,0,0,0.060371727038393705,0.016512170038955755,0.09643532613139415,0.024217436974789917,0.0904105652030865,0.022194889025554873,0.004806850605759248,0.05912596401028278,0.017025099513489607,0.09424113859300716,0.024205138841442587,0.08847184986595175,0.02656486717566412,0.0041318098706393785,0.0443901443080425,0.012484449798437894,0.07774832911692774,0.0176883753181988,0.07231471775332096,0.014474927625361874,0.01581439147887927,MC 200000,,,,
P1B_secondary_freeH_N2_gt_P_gt_A+,"early(s=1) - late(s=3) of (window - normal) on same poses, w=3",A+,eff_exceed4,"release-aligned, N=2 free poses, target=gt",24,117,778,12,0,0,0.017891059557726224,-0.005613736313928148,0.03315898095435767,-0.0018006941618052743,0.031132258458939122,0.1899040504797476,0.0836436634127081,0.017994858611825194,-0.005997377062971519,0.033860246335349245,-0.0021696699889886054,0.03163851216265165,0.2636436817815911,0.09212742716946616,0.009984848225688741,-0.006337596640667759,0.02805099612582101,-0.004229290674603173,0.02475440014367816,0.2904585477072615,0.279310248985403,MC 200000,,,,
P1B_secondary_freeH_N2_gt_P_gt_A-,"early(s=1) - late(s=3) of (window - normal) on same poses, w=1",A-,eff,"release-aligned, N=2 free poses, target=gt",14,39,277,14,0,0,0.6170040211221508,0.40831087889269274,0.8143390639908764,0.43843650211256774,0.7736149703292571,0.0001220703125,2.637860899243362e-05,0.6267543368705178,0.41809498065502476,0.8429487855356105,0.44823046954790086,0.7994805046154486,0.0001220703125,3.0747045965414555e-05,0.6711607921437369,0.3864276049741631,1.0601294312433682,0.41336793174191805,0.9870927787792839,0.0001220703125,0.002572341012363479,exact 2^14,,,,
P1B_secondary_freeH_N2_gt_P_gt_A-,"early(s=1) - late(s=3) of (window - normal) on same poses, w=1",A-,eff_exceed2,"release-aligned, N=2 free poses, target=gt",14,39,277,14,0,0,0.0580993080993081,-0.02248795351473923,0.14741766720933383,-0.00544374071467668,0.1285515873015873,0.146240234375,0.1376302133236868,0.04693140794223827,-0.029414175506268077,0.14439175327077647,-0.014206061954060174,0.12363734115347018,0.25537109375,0.23695870687822576,0.10879993022850165,-0.03813471168381884,0.24329952867899296,-0.013530946566660857,0.22324744534565955,0.17236328125,0.17486196200590462,exact 2^14,,,,
P1B_secondary_freeH_N2_gt_P_gt_A-,"early(s=1) - late(s=3) of (window - normal) on same poses, w=1",A-,eff_exceed3,"release-aligned, N=2 free poses, target=gt",14,39,277,12,0,0,0.1073972323972324,-0.0008195045695045695,0.1738775341089748,0.015044642857142854,0.16588785616705695,0.0986328125,0.0385882072248256,0.10108303249097472,-0.01227183215935772,0.16770339571755474,0.006367411110215273,0.15853658536585366,0.1640625,0.046010118033484475,0.06263627245770101,-0.05548646541950114,0.16275837257980114,-0.03466008198151056,0.14796245421245413,0.31005859375,0.3027768913871833,exact 2^14,,,,
P1B_secondary_freeH_N2_gt_P_gt_A-,"early(s=1) - late(s=3) of (window - normal) on same poses, w=1",A-,eff_exceed4,"release-aligned, N=2 free poses, target=gt",14,39,277,6,0,0,0.08450345950345951,-0.0017921146953405007,0.15210459183673472,0.004273504273504274,0.14349866929945054,0.15625,0.10021729841997522,0.08664259927797834,0.0,0.15646300084826106,0.005319148936170213,0.14754488680718184,0.1875,0.1004559646369531,0.035754258968544686,0.001984126984126985,0.07513545482295476,0.006424792139077855,0.06891025641025642,0.125,0.09132593650432959,exact 2^14,,,,
P1B_secondary_freeH_N2_gt_P_gt_A-,"early(s=1) - late(s=3) of (window - normal) on same poses, w=2",A-,eff,"release-aligned, N=2 free poses, target=gt",14,39,277,14,0,0,0.7413418864038768,0.4358825451606494,0.9974982627617567,0.4782783378648171,0.9517757859941547,0.0001220703125,0.00019358568617909396,0.7426637081154197,0.4286072575811222,1.0250002027279965,0.47315338874077245,0.9737661409380225,0.0001220703125,0.00030372971902617967,0.7708896320341445,0.44219226046204296,1.2426649279207151,0.47528988556400686,1.1623763901485904,0.0001220703125,0.0038557597682019385,exact 2^14,,,,
P1B_secondary_freeH_N2_gt_P_gt_A-,"early(s=1) - late(s=3) of (window - normal) on same poses, w=2",A-,eff_exceed2,"release-aligned, N=2 free poses, target=gt",14,39,277,12,0,0,-0.10119047619047618,-0.18943494417541026,0.05306811381960175,-0.17744367838524142,0.029277146464646298,0.326171875,0.12757677490546773,-0.11552346570397112,-0.20581819976312674,0.04321658615136866,-0.19407087552114352,0.01793856233720897,0.28125,0.09230958566893874,0.0064938368509797105,-0.11520278250188963,0.12540745464852598,-0.0953167698703413,0.10518353174603175,0.919921875,0.9207071758812884,exact 2^14,,,,
P1B_secondary_freeH_N2_gt_P_gt_A-,"early(s=1) - late(s=3) of (window - normal) on same poses, w=2",A-,eff_exceed3,"release-aligned, N=2 free poses, target=gt",14,39,277,14,0,0,0.06944444444444445,-0.024536796536796534,0.1365355687111801,-0.0038408105177554887,0.12587535014005602,0.154296875,0.07647662707876081,0.05776173285198556,-0.03829827993804516,0.13157894736842105,-0.016957859298815874,0.11811131781604221,0.25439453125,0.14841448098662183,0.07884179312750741,-0.07492913832199546,0.20781249999999996,-0.05045351473922902,0.19118698761555902,0.324951171875,0.31955639970627614,exact 2^14,,,,
P1B_secondary_freeH_N2_gt_P_gt_A-,"early(s=1) - late(s=3) of (window - normal) on same poses, w=2",A-,eff_exceed4,"release-aligned, N=2 free poses, target=gt",14,39,277,10,0,0,0.10612535612535613,-0.012301587301587303,0.1809401581605529,0.0025898227287116213,0.17038484424502656,0.13671875,0.0650746009124165,0.09747292418772563,-0.02112676056338028,0.17417761798495737,-0.005128205128205128,0.16290886961813475,0.23828125,0.08781344369022884,0.044424821210535495,-0.045355017006802716,0.12951361634397346,-0.02819277283562997,0.11577762515262514,0.357421875,0.3548630766745856,exact 2^14,,,,
P1B_secondary_freeH_N2_gt_P_gt_A-,"early(s=1) - late(s=3) of (window - normal) on same poses, w=3",A-,eff,"release-aligned, N=2 free poses, target=gt",14,39,277,14,0,0,0.8478698916453936,0.5060946874821316,1.1115606683575332,0.5430706634000758,1.0735907649545873,0.0001220703125,0.00018011445558417866,0.8563817680305323,0.509110127166413,1.137533882045696,0.5469009016293223,1.097431259052101,0.0001220703125,0.00021161785916703284,0.8391887429179012,0.5013334247896749,1.298331153823932,0.5400409042850083,1.216369821033382,0.0001220703125,0.00185340855925732,exact 2^14,,,,
P1B_secondary_freeH_N2_gt_P_gt_A-,"early(s=1) - late(s=3) of (window - normal) on same poses, w=3",A-,eff_exceed2,"release-aligned, N=2 free poses, target=gt",14,39,277,12,0,0,-0.1147232397232397,-0.23672011335256068,0.05746053312629389,-0.22083726415094337,0.03876192838246409,0.43896484375,0.19948525037541162,-0.1263537906137184,-0.24818936941103914,0.04563173018314799,-0.23150600909714758,0.025511289622231856,0.361328125,0.15489175728843993,-0.03445512820512821,-0.16099246322460606,0.09262466204430488,-0.1407500072678644,0.07107980478516172,0.60498046875,0.610759957839202,exact 2^14,,,,
P1B_secondary_freeH_N2_gt_P_gt_A-,"early(s=1) - late(s=3) of (window - normal) on same poses, w=3",A-,eff_exceed3,"release-aligned, N=2 free poses, target=gt",14,39,277,12,0,0,-0.09503459503459502,-0.17046618647458986,0.014240025049203704,-0.1585518404597352,-0.0023654847243557296,0.17822265625,0.05923967317917511,-0.10469314079422383,-0.1796629555777113,0.0,-0.16775642923851392,-0.015706806282722512,0.140625,0.035189119469806206,-0.04692496656782371,-0.17029787342287342,0.07656368102796673,-0.1523215375893947,0.05789635298563866,0.4892578125,0.4916899289418003,exact 2^14,,,,
P1B_secondary_freeH_N2_gt_P_gt_A-,"early(s=1) - late(s=3) of (window - normal) on same poses, w=3",A-,eff_exceed4,"release-aligned, N=2 free poses, target=gt",14,39,277,13,0,0,0.04665242165242164,-0.040212585034013607,0.1260574776785714,-0.02357624716553288,0.11040816612263182,0.275634765625,0.2323203999618082,0.039711191335740074,-0.040230849340430454,0.12195476460578554,-0.025252525252525252,0.10443274135650857,0.366943359375,0.29640032649065057,0.059224010116867246,-0.0646315737833595,0.17814625850340135,-0.04331556340484913,0.15958049886621314,0.37060546875,0.36896511796867626,exact 2^14,,,,
P1B_secondary_freeH_N2_gt_P_self_A+,"early(s=1) - late(s=3) of (window - normal) on same poses, w=1",A+,eff,"release-aligned, N=2 free poses, target=gt",24,117,778,24,0,0,-0.03773846187464003,-0.10736243091717804,0.015113121430711118,-0.09341692118960505,0.006903626928804063,0.21817390913045434,0.21246689147271428,-0.030405161303019217,-0.09947617980895865,0.01990926604522235,-0.08597681611837911,0.012015094098941949,0.29570852145739274,0.303175473197286,-0.018065446165656203,-0.10281721977194329,0.05622806518535229,-0.08880086372970364,0.04536352807382286,0.6823315883420583,0.6684156359761676,MC 200000,,,,
P1B_secondary_freeH_N2_gt_P_self_A+,"early(s=1) - late(s=3) of (window - normal) on same poses, w=1",A+,eff_exceed2,"release-aligned, N=2 free poses, target=gt",24,117,778,15,0,0,0.007665174331840997,-0.022836352244246978,0.03936911302982729,-0.017727245854179043,0.03364419732173354,0.6162919185404073,0.6075782826444207,0.011568123393316195,-0.019763212280813184,0.042584434654919234,-0.01478494623655914,0.03699157603136249,0.5150174249128754,0.4389298606405535,0.009995782915656682,-0.019379079382591157,0.03896021576634323,-0.014432628734763382,0.034103683429390276,0.5083374583127085,0.5093493147013448,MC 200000,,,,
P1B_secondary_freeH_N2_gt_P_self_A+,"early(s=1) - late(s=3) of (window - normal) on same poses, w=1",A+,eff_exceed3,"release-aligned, N=2 free poses, target=gt",24,117,778,15,0,0,-0.02971102971102971,-0.06049690709617181,-0.009842342135171387,-0.054656610750360754,-0.01212712096332786,0.009389953050234748,0.028677945200858167,-0.02570694087403599,-0.05565902436505067,-0.006791075448071355,-0.0506108202443281,-0.00895126361020043,0.019454902725486372,0.05098969741043305,-0.020627366128443715,-0.04433789026865535,0.002893518518518516,-0.040316540948275865,-0.0008766790959679056,0.10723446382768086,0.10618581907791783,MC 200000,,,,
P1B_secondary_freeH_N2_gt_P_self_A+,"early(s=1) - late(s=3) of (window - normal) on same poses, w=1",A+,eff_exceed4,"release-aligned, N=2 free poses, target=gt",24,117,778,13,0,0,-0.01609347442680776,-0.0403105883365743,0.0026101688772921525,-0.035516193036354324,-0.0004849129667970245,0.15155924220378897,0.1394504397373017,-0.015424164524421594,-0.04042082838371839,0.002657366204375858,-0.035555871661134816,0.0,0.20673396633016836,0.1569112348314049,-0.01532075294198139,-0.0325955894510582,7.543816137564548e-05,-0.02938366630176975,-0.0022872159220489246,0.08526957365213174,0.08482200803423723,MC 200000,,,,
P1B_secondary_freeH_N2_gt_P_self_A+,"early(s=1) - late(s=3) of (window - normal) on same poses, w=2",A+,eff,"release-aligned, N=2 free poses, target=gt",24,117,778,24,0,0,0.007623478820427617,-0.12732511616041348,0.09457239602487051,-0.1043189495440351,0.08282984398782062,0.8997505012474938,0.8939447881079677,0.019125999399988804,-0.11802465516947315,0.1068865676971757,-0.09525706574651496,0.09511292712522508,0.7839060804695976,0.7436321060795038,-0.034545630685650086,-0.15531856665392002,0.062394956035035615,-0.1344042748170428,0.048742460855013756,0.6409517952410237,0.5510459682232921,MC 200000,,,,
P1B_secondary_freeH_N2_gt_P_self_A+,"early(s=1) - late(s=3) of (window - normal) on same poses, w=2",A+,eff_exceed2,"release-aligned, N=2 free poses, target=gt",24,117,778,15,0,0,0.03825803825803826,-0.010279661413594115,0.08288802673847316,-0.0017889672991876762,0.07450202288415868,0.14839425802870987,0.0984716938200339,0.03984575835475578,-0.012467922736066282,0.08377798923429734,-0.0027533401948807703,0.07600981249785974,0.17249913750431248,0.09374540589000359,0.021894351211110236,-0.026152309303350968,0.06347387226761712,-0.016977116497141648,0.056952034585385856,0.3730431347843261,0.3558243906320302,MC 200000,,,,
P1B_secondary_freeH_N2_gt_P_self_A+,"early(s=1) - late(s=3) of (window - normal) on same poses, w=2",A+,eff_exceed3,"release-aligned, N=2 free poses, target=gt",24,117,778,15,0,0,-0.011752136752136752,-0.04836367394179893,0.016782046358659257,-0.04197513903453345,0.01200338384607043,0.4540477297613512,0.47642277939335653,-0.010282776349614395,-0.049907660930277,0.018429014872563276,-0.04330202550797524,0.014240731724908936,0.5865720671396643,0.5604558116395203,-0.010197643672730907,-0.040667463639949906,0.01850960031502224,-0.03563775510204081,0.014305516187956667,0.5220573897130515,0.5184862275998474,MC 200000,,,,
P1B_secondary_freeH_N2_gt_P_self_A+,"early(s=1) - late(s=3) of (window - normal) on same poses, w=2",A+,eff_exceed4,"release-aligned, N=2 free poses, target=gt",24,117,778,11,0,0,-0.023266856600189935,-0.04570837710084033,-0.006730032290694062,-0.041604074619538536,-0.009021506602602801,0.025594872025639873,0.027631342585940487,-0.019280205655526992,-0.04282672884865717,-0.0029937143605433315,-0.03898063680024395,-0.005036898222613388,0.06560467197664012,0.07635409116561029,-0.016135784414340448,-0.03558177895799124,0.004348452323937235,-0.03239372733648057,0.0008042663006294434,0.1382643086784566,0.13314356986763415,MC 200000,,,,
P1B_secondary_freeH_N2_gt_P_self_A+,"early(s=1) - late(s=3) of (window - normal) on same poses, w=3",A+,eff,"release-aligned, N=2 free poses, target=gt",24,117,778,24,0,0,0.08325064419704069,-0.08303409676530876,0.19139959750192442,-0.05349367519912627,0.1788197614504985,0.3939930300348498,0.25806206456934777,0.0917588246440382,-0.08211299229278904,0.20740639314231285,-0.05443537264775734,0.19241824891777193,0.41439792801035996,0.2429652919654657,0.042958645695882154,-0.060185674825993775,0.1375874747907937,-0.04208971760498197,0.12283610240869147,0.4166329168354158,0.407867829449832,MC 200000,,,,
P1B_secondary_freeH_N2_gt_P_self_A+,"early(s=1) - late(s=3) of (window - normal) on same poses, w=3",A+,eff_exceed2,"release-aligned, N=2 free poses, target=gt",24,117,778,15,0,0,0.025776692443359103,-0.02062744384288312,0.06484308753605017,-0.013324334588204211,0.05855808594534859,0.29148854255728723,0.23720725228114037,0.02442159383033419,-0.024019440206239806,0.06245242974238874,-0.015845209928349813,0.0567903738762427,0.36055319723401386,0.26823397947191285,0.03133449101224142,-0.011782068370930746,0.07877899423658348,-0.005601190747691157,0.07066050957420003,0.21015894920525396,0.2034517993827753,MC 200000,,,,
P1B_secondary_freeH_N2_gt_P_self_A+,"early(s=1) - late(s=3) of (window - normal) on same poses, w=3",A+,eff_exceed3,"release-aligned, N=2 free poses, target=gt",24,117,778,15,0,0,0.041395333061999724,-0.02734224687349687,0.08755843716422841,-0.015180858690088226,0.08119679224048153,0.2580437097814511,0.16012641841563116,0.04113110539845758,-0.03337637834164301,0.08829913231808645,-0.01996074429038062,0.08211477479720045,0.31750341248293756,0.1868502125252904,0.02008312264880409,-0.02174558987867178,0.06096524024280848,-0.014340387056802288,0.05388516254202827,0.35798321008394957,0.3553774704555145,MC 200000,,,,
P1B_secondary_freeH_N2_gt_P_self_A+,"early(s=1) - late(s=3) of (window - normal) on same poses, w=3",A+,eff_exceed4,"release-aligned, N=2 free poses, target=gt",24,117,778,14,0,0,-0.01005630172296839,-0.04987817540809427,0.018378703882683013,-0.042194944062455934,0.014447917402073261,0.558597207013965,0.5637224845983493,-0.008997429305912597,-0.049632678869420105,0.019059922361251695,-0.04266234357224118,0.015243447008493253,0.6513317433412833,0.6121538547891378,-0.007535874742617354,-0.03441219084217339,0.019428644971318652,-0.029678440022241338,0.015185467206518605,0.6001219993900031,0.5977284466035959,MC 200000,,,,
P1B_secondary_freeH_N2_gt_P_self_A-,"early(s=1) - late(s=3) of (window - normal) on same poses, w=1",A-,eff,"release-aligned, N=2 free poses, target=gt",14,39,277,14,0,0,-0.19025173496708803,-0.4088119553720572,0.0483691028628211,-0.36983657143134924,0.0052636495433028944,0.16015625,0.09997776610370093,-0.19340521175609535,-0.42292153887938444,0.03324069007488343,-0.381305193509782,-0.004442261491591623,0.1412353515625,0.09420428403898869,-0.24773523878675616,-0.6161937738853062,0.07194886554137353,-0.5543313390120911,0.02912124097291219,0.2232666015625,0.2014732854388054,exact 2^14,,,,
P1B_secondary_freeH_N2_gt_P_self_A-,"early(s=1) - late(s=3) of (window - normal) on same poses, w=1",A-,eff_exceed2,"release-aligned, N=2 free poses, target=gt",14,39,277,12,0,0,0.03245828245828245,-0.05145062444169587,0.09573452700972859,-0.037655573593073595,0.08498715700750584,0.470703125,0.3848705806759122,0.032490974729241874,-0.05202312138728324,0.10067234802761815,-0.03883666678102164,0.08955223880597014,0.56005859375,0.415800203808531,0.039965986394557805,-0.10447727702191988,0.1626293225623582,-0.07863284202569916,0.14519675925925926,0.6103515625,0.5834257280019641,exact 2^14,,,,
P1B_secondary_freeH_N2_gt_P_self_A-,"early(s=1) - late(s=3) of (window - normal) on same poses, w=1",A-,eff_exceed3,"release-aligned, N=2 free poses, target=gt",14,39,277,13,0,0,-0.060541310541310546,-0.12728557377751568,0.03350256769374408,-0.117477016132773,0.017862811791383132,0.290283203125,0.16073011466373283,-0.05776173285198556,-0.12658227848101267,0.03783886158886158,-0.11614859937922267,0.02252421594526855,0.36328125,0.19226371961421115,-0.027136388743531605,-0.14522206051223907,0.09210078529274951,-0.12650444793301935,0.07124442191406476,0.6689453125,0.6739506386981259,exact 2^14,,,,
P1B_secondary_freeH_N2_gt_P_self_A-,"early(s=1) - late(s=3) of (window - normal) on same poses, w=1",A-,eff_exceed4,"release-aligned, N=2 free poses, target=gt",14,39,277,9,0,0,-0.06201668701668702,-0.13131341314935066,0.0350057832272694,-0.12214781746031747,0.02454726718273516,0.41015625,0.20912950928142438,-0.061371841155234655,-0.13447453840317006,0.03763532920901457,-0.125,0.0273224043715847,0.5,0.23289585216299769,-0.03054320018605733,-0.10409762195476481,0.03661304799697655,-0.09186562445491016,0.026927437641723357,0.44140625,0.42900932080215726,exact 2^14,,,,
P1B_secondary_freeH_N2_gt_P_self_A-,"early(s=1) - late(s=3) of (window - normal) on same poses, w=2",A-,eff,"release-aligned, N=2 free poses, target=gt",14,39,277,14,0,0,-0.13613247603128814,-0.4298150254977912,0.26906485255386153,-0.3956139065172872,0.22306537420462938,0.6651611328125,0.49596157086208836,-0.1201228453891293,-0.42331885176248146,0.29235454550871204,-0.3883380483143585,0.24420608701705687,0.6895751953125,0.5565406857639561,-0.11225654514853356,-0.5582165818713951,0.320911716076944,-0.48945428720176504,0.26089947775330363,0.6348876953125,0.6379745761348374,exact 2^14,,,,
P1B_secondary_freeH_N2_gt_P_self_A-,"early(s=1) - late(s=3) of (window - normal) on same poses, w=2",A-,eff_exceed2,"release-aligned, N=2 free poses, target=gt",14,39,277,10,0,0,-0.005647130647130653,-0.07603517101284958,0.06548816365626693,-0.06285247432306255,0.05136079198579196,0.8671875,0.8598228603322188,-0.007220216606498195,-0.07572506527415143,0.06224106753636759,-0.0625,0.0484859791949344,0.91015625,0.8195199451847273,-0.008134557241700095,-0.13536020444502586,0.09183909674981099,-0.11264999055177627,0.07738167916739346,0.921875,0.8949970808810856,exact 2^14,,,,
P1B_secondary_freeH_N2_gt_P_self_A-,"early(s=1) - late(s=3) of (window - normal) on same poses, w=2",A-,eff_exceed3,"release-aligned, N=2 free poses, target=gt",14,39,277,12,0,0,0.05774318274318274,-0.03585677930592527,0.12301774483378254,-0.020559138007054667,0.11222397292250226,0.29150390625,0.16597665762962463,0.06498194945848375,-0.02662820512820513,0.12996758954813248,-0.012051843738590725,0.11920610367219348,0.26953125,0.1198280872318547,0.039909660445374716,-0.08567176870748297,0.1570530990173847,-0.0663281658817373,0.14021872637944066,0.55908203125,0.5542526785879082,exact 2^14,,,,
P1B_secondary_freeH_N2_gt_P_self_A-,"early(s=1) - late(s=3) of (window - normal) on same poses, w=2",A-,eff_exceed4,"release-aligned, N=2 free poses, target=gt",14,39,277,9,0,0,-0.024572649572649582,-0.10555555555555557,0.08160732572598929,-0.09432303807303809,0.07040571975916798,0.7890625,0.6439627734394058,-0.018050541516245487,-0.1,0.08589165255531185,-0.08843838420323881,0.07468998903038106,0.84375,0.7311384285022623,-0.004064553171696027,-0.11096938775510204,0.09150604686318972,-0.09225136635850921,0.07792604221175643,0.9453125,0.9407568972277537,exact 2^14,,,,
P1B_secondary_freeH_N2_gt_P_self_A-,"early(s=1) - late(s=3) of (window - normal) on same poses, w=3",A-,eff,"release-aligned, N=2 free poses, target=gt",14,39,277,14,0,0,-0.16271606457446663,-0.4881695787985794,0.30623102507519917,-0.44458479203195894,0.24210617474929344,0.5928955078125,0.4504297707076178,-0.16503280901163775,-0.5065982217405879,0.32820338156370155,-0.462472799847089,0.25581437861496653,0.59228515625,0.4631772093596158,-0.10726552065995916,-0.5718205443966197,0.42468975774358736,-0.5079691630367295,0.3360012341452366,0.7005615234375,0.6930693150292357,exact 2^14,,,,
P1B_secondary_freeH_N2_gt_P_self_A-,"early(s=1) - late(s=3) of (window - normal) on same poses, w=3",A-,eff_exceed2,"release-aligned, N=2 free poses, target=gt",14,39,277,9,0,0,-0.015974765974765975,-0.09850480865558003,0.056728430619559615,-0.07937216553287982,0.04476742875180374,0.66015625,0.6613862919367055,-0.01444043321299639,-0.09189344516930724,0.054455445544554455,-0.07547169811320754,0.04278178905095818,0.796875,0.6775815611879843,-0.06884847956276527,-0.1990224268126054,0.0319426729024943,-0.17358676376533516,0.020366373044944475,0.37890625,0.28450526399968473,exact 2^14,,,,
P1B_secondary_freeH_N2_gt_P_self_A-,"early(s=1) - late(s=3) of (window - normal) on same poses, w=3",A-,eff_exceed3,"release-aligned, N=2 free poses, target=gt",14,39,277,12,0,0,-0.013278388278388276,-0.1118358328179757,0.04461354617604617,-0.09318334278155707,0.03688495697424267,0.7099609375,0.7277615634246094,-0.010830324909747292,-0.10628019323671498,0.04593021860677175,-0.08759312213108586,0.03801225179552175,0.83203125,0.7731820425315044,-0.06114454328740043,-0.19026987397523115,0.04605654761904759,-0.16765037211465783,0.031514913657770774,0.38330078125,0.34760304711598033,exact 2^14,,,,
P1B_secondary_freeH_N2_gt_P_self_A-,"early(s=1) - late(s=3) of (window - normal) on same poses, w=3",A-,eff_exceed4,"release-aligned, N=2 free poses, target=gt",14,39,277,11,0,0,0.021876271876271877,-0.05501555735930736,0.07683376250186595,-0.03852798303229337,0.06701312362252053,0.4912109375,0.46109505923908345,0.02888086642599278,-0.04278265851795263,0.08139629573517157,-0.02727521112767014,0.07185824429572225,0.42578125,0.3094995700429014,0.0023148148148148112,-0.13079235166288736,0.11479887093726375,-0.10820578231292517,0.09982166477702191,0.974609375,0.9718848402588072,exact 2^14,,,,
P1B_secondary_freeH_N2_gt_T_gt_A+,"early(s=1) - late(s=3) of (window - normal) on same poses, w=1",A+,eff,"release-aligned, N=2 free poses, target=gt",24,117,778,24,0,0,0.14138471960687568,0.07487400428988848,0.237158841277208,0.08474965175990237,0.21900983540292318,0.00144999275003625,0.0017405381952095946,0.156507498049631,0.08326331497652713,0.2671705746773402,0.0937814897633701,0.24590000062606804,0.0014199929000354998,0.0020642004651431384,0.1165504925611383,0.036339015782169526,0.20133705286204676,0.04921892127230982,0.18776537862099557,0.010629946850265748,0.012554730582371004,MC 200000,,,,
P1B_secondary_freeH_N2_gt_T_gt_A+,"early(s=1) - late(s=3) of (window - normal) on same poses, w=1",A+,eff_exceed2,"release-aligned, N=2 free poses, target=gt",24,117,778,15,0,0,0.032169990503323836,0.013888683917093008,0.06118348665223664,0.01628200204813108,0.0557834671771278,0.0013849930750346247,0.01361932899912353,0.032133676092544985,0.013170316567212645,0.062389055311439706,0.015736445323174357,0.05695195386213769,0.0037949810250948743,0.016913723101251492,0.03536403625945908,0.01708469456987776,0.055980735465482497,0.019914962592636032,0.052605209908037284,0.0009799951000245,0.0020649067815524036,MC 200000,,,,
P1B_secondary_freeH_N2_gt_T_gt_A+,"early(s=1) - late(s=3) of (window - normal) on same poses, w=1",A+,eff_exceed3,"release-aligned, N=2 free poses, target=gt",24,117,778,13,0,0,0.024250440917107582,0.007919091553959973,0.04443720754335464,0.010281091988409064,0.04064421483799705,0.021974890125549373,0.010216123195781565,0.02956298200514139,0.010488779003423356,0.0513894071310116,0.013377677945802502,0.047058823529411764,0.027399863000684997,0.005080412391514159,0.019296031990382358,-0.00081948578042328,0.040952441785502516,0.0025362168334766857,0.03732146369682929,0.08443957780211099,0.08623982581752282,MC 200000,,,,
P1B_secondary_freeH_N2_gt_T_gt_A+,"early(s=1) - late(s=3) of (window - normal) on same poses, w=1",A+,eff_exceed4,"release-aligned, N=2 free poses, target=gt",24,117,778,12,0,0,0.01516076516076516,0.0016584185451823583,0.03174656511350059,0.0038592872486211995,0.028735327734114136,0.05401472992635037,0.0502374133146988,0.02056555269922879,0.00580812873548761,0.03744194230309929,0.008129421391616515,0.03417775613978145,0.040049799751001244,0.012557863680310461,0.008823734833971903,-0.006572768070949644,0.02449156746031746,-0.0040095899470899464,0.021853173890485307,0.29621351893240533,0.28656911804783347,MC 200000,,,,
P1B_secondary_freeH_N2_gt_T_gt_A+,"early(s=1) - late(s=3) of (window - normal) on same poses, w=2",A+,eff,"release-aligned, N=2 free poses, target=gt",24,117,778,24,0,0,0.11899845837126562,0.028540438612167908,0.2334333324045678,0.04199145117352978,0.2125846538967717,0.023229883850580748,0.02828682256350237,0.13094626432017814,0.03512668009175845,0.2576282859224162,0.04857085787013528,0.23546048430244507,0.018809905950470246,0.026382521510259237,0.06690514734242538,-0.03638021903592053,0.16613837246535818,-0.01941946540256649,0.15084903708152023,0.2159239203803981,0.21637067218561037,MC 200000,,,,
P1B_secondary_freeH_N2_gt_T_gt_A+,"early(s=1) - late(s=3) of (window - normal) on same poses, w=2",A+,eff_exceed2,"release-aligned, N=2 free poses, target=gt",24,117,778,16,0,0,0.07621082621082619,0.033539015462506844,0.13331964060724688,0.03947026011422381,0.12354502403166524,0.004204978975105124,0.0066031469585584,0.07712082262210797,0.034544989537316904,0.13583914309667738,0.04035874439461883,0.1256483451899261,0.005159974200129,0.0067473469854954105,0.055155916732912834,-0.00554845445521759,0.10681675945541849,0.005987689446388395,0.0995398082105607,0.07184464077679611,0.07241166523062795,MC 200000,,,,
P1B_secondary_freeH_N2_gt_T_gt_A+,"early(s=1) - late(s=3) of (window - normal) on same poses, w=2",A+,eff_exceed3,"release-aligned, N=2 free poses, target=gt",24,117,778,16,0,0,0.017755392755392757,-0.0023178603551365427,0.04066082567823808,0.0009169422184385288,0.03678286803286803,0.11762441187794061,0.10332303977888913,0.017994858611825194,-0.002358560179100488,0.04068279619117377,0.0012623090198467088,0.036827456320202,0.14587427062864686,0.09593643722546598,0.022343630539699913,0.0025373437309949534,0.04412403800520846,0.005785676818620167,0.04038355851599899,0.04644976775116125,0.04763223198817318,MC 200000,,,,
P1B_secondary_freeH_N2_gt_T_gt_A+,"early(s=1) - late(s=3) of (window - normal) on same poses, w=2",A+,eff_exceed4,"release-aligned, N=2 free poses, target=gt",24,117,778,13,0,0,0.018722018722018723,0.0010529279279279278,0.04418531061850026,0.0034649148645627525,0.0398620332214082,0.07196464017679911,0.10192364016940461,0.02313624678663239,0.0033433778160424747,0.0527320774723727,0.006104324327674582,0.04717156920192193,0.05984470077649612,0.07382814571463325,0.017738907703886152,-0.0016975278946588207,0.038686641922094506,0.0013181901112935615,0.035079778439153435,0.10632446837765812,0.103200736367175,MC 200000,,,,
P1B_secondary_freeH_N2_gt_T_gt_A+,"early(s=1) - late(s=3) of (window - normal) on same poses, w=3",A+,eff,"release-aligned, N=2 free poses, target=gt",24,117,778,24,0,0,0.09997532718707214,0.02268840399027476,0.18577963282167048,0.03634809908167182,0.17109402998279472,0.026449867750661247,0.017288610762392315,0.10661615524479715,0.025458069124716605,0.20534818411042075,0.039469454695539107,0.18794273865436945,0.024484877575612123,0.02074921574876436,0.05091660356269547,-0.05249642651690661,0.14397837930539717,-0.03476831971584605,0.129898350147079,0.33035834820825893,0.327183842571112,MC 200000,,,,
P1B_secondary_freeH_N2_gt_T_gt_A+,"early(s=1) - late(s=3) of (window - normal) on same poses, w=3",A+,eff_exceed2,"release-aligned, N=2 free poses, target=gt",24,117,778,18,0,0,0.02893094559761227,-0.0031186160650446353,0.0700703262786596,0.0015534567001403725,0.06324627411813269,0.10254948725256374,0.1223621528388322,0.02570694087403599,-0.00706407847725158,0.07197559612151942,-0.0026401076545332193,0.06446351370372604,0.18261408692956535,0.2038705830838111,0.029482656129182192,-0.01794871409810731,0.07671430417633207,-0.010168509782984073,0.06972960093200753,0.25199874000629996,0.24656183822274932,MC 200000,,,,
P1B_secondary_freeH_N2_gt_T_gt_A+,"early(s=1) - late(s=3) of (window - normal) on same poses, w=3",A+,eff_exceed3,"release-aligned, N=2 free poses, target=gt",24,117,778,17,0,0,0.04434608601275268,0.013569621598639456,0.07110390440167068,0.018865180252892116,0.06680622695206027,0.017599912000439998,0.004315744001608337,0.043701799485861184,0.013986013986013986,0.07126488713474587,0.019132150891852804,0.0665661308087583,0.022684886575567123,0.004165765962873479,0.037841076125533224,0.0055400018753909595,0.0715586372240467,0.01032073512474913,0.0659245628228143,0.03325483372583137,0.035621050819983534,MC 200000,,,,
P1B_secondary_freeH_N2_gt_T_gt_A+,"early(s=1) - late(s=3) of (window - normal) on same poses, w=3",A+,eff_exceed4,"release-aligned, N=2 free poses, target=gt",24,117,778,12,0,0,0.017331433998100665,0.0006900481764612201,0.029955181556398366,0.0030949922741958145,0.028162344490878517,0.07091464542677287,0.03936677003869675,0.017994858611825194,0.0,0.031862989219592214,0.0017793594306049821,0.02985128980008913,0.1549842250788746,0.053497983523563206,0.012486631985169546,-0.0012692639915161464,0.028567331880668925,0.0008468225053431338,0.025806773948803652,0.1171044144779276,0.11956420954366603,MC 200000,,,,
P1B_secondary_freeH_N2_gt_T_gt_A-,"early(s=1) - late(s=3) of (window - normal) on same poses, w=1",A-,eff,"release-aligned, N=2 free poses, target=gt",14,39,277,14,0,0,0.516439332658216,0.3301484984994051,0.7144159742529292,0.3717938424786739,0.6735412698395962,0.0029296875,2.783787633619736e-05,0.5249091391247744,0.32547111697094466,0.7463092744816436,0.37270844238237655,0.6994384554918753,0.004638671875,5.078757315115137e-05,0.5469281587588573,0.18403072050272315,0.9676583598378975,0.23979238782712056,0.8929769401552164,0.0084228515625,0.020174166546317544,exact 2^14,,,,
P1B_secondary_freeH_N2_gt_T_gt_A-,"early(s=1) - late(s=3) of (window - normal) on same poses, w=1",A-,eff_exceed2,"release-aligned, N=2 free poses, target=gt",14,39,277,13,0,0,0.04716117216117217,-0.029381613756613755,0.12981890219856057,-0.014609623015873019,0.11272315274331389,0.202880859375,0.19334221094907855,0.036101083032490974,-0.03525924437299035,0.1255628859202216,-0.022028051308629178,0.1068726295069374,0.35107421875,0.32068685523371265,0.0890985667771382,-0.04374881897203325,0.21544371220710504,-0.02331176594569453,0.19555588260945397,0.21044921875,0.21430703166329185,exact 2^14,,,,
P1B_secondary_freeH_N2_gt_T_gt_A-,"early(s=1) - late(s=3) of (window - normal) on same poses, w=1",A-,eff_exceed3,"release-aligned, N=2 free poses, target=gt",14,39,277,13,0,0,0.031542531542531546,-0.052218775767882905,0.08046171563167177,-0.03759736919459142,0.07356258783145575,0.466796875,0.338572473686819,0.021660649819494584,-0.06666666666666667,0.07260772166602135,-0.050229457791239294,0.06554084497279311,0.641357421875,0.5237475538514549,0.011655837548694687,-0.10754558767951623,0.11311849526135234,-0.08571910067445782,0.09789922379208085,0.853271484375,0.8444698321766282,exact 2^14,,,,
P1B_secondary_freeH_N2_gt_T_gt_A-,"early(s=1) - late(s=3) of (window - normal) on same poses, w=1",A-,eff_exceed4,"release-aligned, N=2 free poses, target=gt",14,39,277,7,0,0,0.048890923890923886,-0.04365079365079365,0.1075036075036075,-0.033344155844155836,0.10052125369921974,0.609375,0.2695182261563257,0.05054151624548736,-0.04597890199637023,0.11161757694548921,-0.034482758620689655,0.10383883490910675,0.65625,0.26673184983300696,-0.0041826559683702524,-0.05723443223443224,0.044708267922553634,-0.048469387755102046,0.03679719751148323,0.859375,0.8813102015443558,exact 2^14,,,,
P1B_secondary_freeH_N2_gt_T_gt_A-,"early(s=1) - late(s=3) of (window - normal) on same poses, w=2",A-,eff,"release-aligned, N=2 free poses, target=gt",14,39,277,14,0,0,0.5107238252893941,0.2755914041973713,0.7871677382521273,0.31941296809170056,0.7270307548033619,0.0087890625,0.0005184473924301897,0.5055408745494847,0.2527368132133802,0.8203509790449371,0.2990452635610693,0.750252975569897,0.01171875,0.0012488104553450812,0.5432808644134505,0.09307714453153228,1.1426369886618255,0.15159313204854633,1.0244524839808213,0.0391845703125,0.07510486880999855,exact 2^14,,,,
P1B_secondary_freeH_N2_gt_T_gt_A-,"early(s=1) - late(s=3) of (window - normal) on same poses, w=2",A-,eff_exceed2,"release-aligned, N=2 free poses, target=gt",14,39,277,12,0,0,-0.046296296296296294,-0.11570680172653858,0.052278367264780294,-0.10471781305114639,0.03381932634164767,0.39599609375,0.26494397927146035,-0.05415162454873646,-0.126075789256305,0.04954954954954955,-0.1147596366858662,0.029269313195223988,0.3828125,0.2091661636513674,-0.006582868190011049,-0.13591351604744462,0.11768548498459214,-0.1159072656840514,0.09767809901738463,0.91796875,0.9237992060328565,exact 2^14,,,,
P1B_secondary_freeH_N2_gt_T_gt_A-,"early(s=1) - late(s=3) of (window - normal) on same poses, w=2",A-,eff_exceed3,"release-aligned, N=2 free poses, target=gt",14,39,277,14,0,0,0.051434676434676425,-0.03183410973084886,0.11337868480725624,-0.013171461155332123,0.1024762682850918,0.2205810546875,0.14113845362378702,0.036101083032490974,-0.05445592711022075,0.10396138613861385,-0.034335583002981354,0.09363358510891485,0.42822265625,0.3331808609019018,0.053691348334205476,-0.0968218537414966,0.17857142857142858,-0.06993339002267572,0.1602891156462585,0.48681640625,0.4746034408778056,exact 2^14,,,,
P1B_secondary_freeH_N2_gt_T_gt_A-,"early(s=1) - late(s=3) of (window - normal) on same poses, w=2",A-,eff_exceed4,"release-aligned, N=2 free poses, target=gt",14,39,277,12,0,0,0.016890516890516887,-0.06994047619047619,0.06719238998952114,-0.04954034391534391,0.058884706134706075,0.6015625,0.5821512744190616,0.007220216606498195,-0.08334302325581394,0.060914160435201856,-0.06164534427614507,0.052046545848822776,0.91162109375,0.8211211303169705,-0.010829117971975114,-0.12649986009361008,0.09041155190708756,-0.10787618466189895,0.07541426827141105,0.86181640625,0.8536870734293911,exact 2^14,,,,
P1B_secondary_freeH_N2_gt_T_gt_A-,"early(s=1) - late(s=3) of (window - normal) on same poses, w=3",A-,eff,"release-aligned, N=2 free poses, target=gt",14,39,277,14,0,0,0.65058563600701,0.3707574550510938,0.9074380157598536,0.41849380230499067,0.8571303874343005,0.001220703125,0.00016896128348564392,0.6423227144752395,0.34062147720833963,0.9342890555437728,0.38888054342433626,0.8769118523118683,0.0020751953125,0.0005070079620265667,0.679677551302851,0.2891263730125498,1.16977715457155,0.335712997825305,1.0838695904331064,0.0035400390625,0.012672150919243648,exact 2^14,,,,
P1B_secondary_freeH_N2_gt_T_gt_A-,"early(s=1) - late(s=3) of (window - normal) on same poses, w=3",A-,eff_exceed2,"release-aligned, N=2 free poses, target=gt",14,39,277,13,0,0,-0.05107855107855108,-0.11662270938185572,0.04876443001443,-0.10714285714285714,0.03293650793650794,0.417236328125,0.247179851835105,-0.061371841155234655,-0.129216402418455,0.03797769740807711,-0.11831039673153423,0.02166457385025893,0.3525390625,0.16670031314609243,-0.023702322809465663,-0.13767093108610964,0.08755373677248675,-0.11948550787836501,0.07093435664864235,0.700439453125,0.6986371613948494,exact 2^14,,,,
P1B_secondary_freeH_N2_gt_T_gt_A-,"early(s=1) - late(s=3) of (window - normal) on same poses, w=3",A-,eff_exceed3,"release-aligned, N=2 free poses, target=gt",14,39,277,12,0,0,-0.058506308506308516,-0.11910597572362279,0.028487757282400113,-0.10903670270637834,0.0136068136932192,0.23583984375,0.1089903410606477,-0.06859205776173286,-0.134228964702958,0.019870860927152272,-0.12208198051948052,0.0034791165262734653,0.2001953125,0.06680383384404892,-0.026538606895749755,-0.15302315904994476,0.09282907073085644,-0.13392857142857145,0.07409951159951153,0.69775390625,0.693743568264073,exact 2^14,,,,
P1B_secondary_freeH_N2_gt_T_gt_A-,"early(s=1) - late(s=3) of (window - normal) on same poses, w=3",A-,eff_exceed4,"release-aligned, N=2 free poses, target=gt",14,39,277,12,0,0,0.013176638176638176,-0.0609277582000542,0.10706731334509106,-0.04811507936507936,0.08853466935363483,0.73046875,0.7343687521450024,-0.007220216606498195,-0.08695652173913043,0.09626143489236942,-0.07291890200286123,0.07633587786259542,0.93212890625,0.8632474384408912,0.028190229083086223,-0.11320952526309669,0.16063538396127677,-0.08866894514215942,0.1416998262980405,0.69921875,0.7006936765063105,exact 2^14,,,,
P1B_secondary_freeH_N2_gt_T_self_A+,"early(s=1) - late(s=3) of (window - normal) on same poses, w=1",A+,eff,"release-aligned, N=2 free poses, target=gt",24,117,778,24,0,0,-0.033456786205939594,-0.08771432553532063,0.02853898403484335,-0.07911498608271489,0.016579293116960544,0.28037359813200935,0.23294172589170764,-0.027171101624686857,-0.0828370328126249,0.031006026188617603,-0.07246793641718847,0.02030750922108364,0.3448632756836216,0.3143432387496495,0.00942923932560564,-0.06027951526624203,0.08360867391920176,-0.049698121965843,0.07158338398416993,0.8082659586702067,0.8047646651669121,MC 200000,,,,
P1B_secondary_freeH_N2_gt_T_self_A+,"early(s=1) - late(s=3) of (window - normal) on same poses, w=1",A+,eff_exceed2,"release-aligned, N=2 free poses, target=gt",24,117,778,14,0,0,0.014024555691222358,-0.017803756137089465,0.06258050790479948,-0.013742577069668204,0.05299515145908803,0.4974925125374373,0.5020447172747038,0.014138817480719794,-0.017607189070820685,0.06338159554340969,-0.013672661282206119,0.053589948855480726,0.5326723366383168,0.4985480765265221,0.018156295883615257,-0.00964873445387095,0.04906631865709243,-0.005040276447424434,0.04337858231574874,0.25083874580627097,0.24504583029627236,MC 200000,,,,
P1B_secondary_freeH_N2_gt_T_self_A+,"early(s=1) - late(s=3) of (window - normal) on same poses, w=1",A+,eff_exceed3,"release-aligned, N=2 free poses, target=gt",24,117,778,13,0,0,-0.03010107176773843,-0.05017552875961381,-0.012545635619763532,-0.04633456607236726,-0.01525792881752184,0.006954965225173874,0.003288296776977845,-0.02699228791773779,-0.04513625432338954,-0.011686046058071865,-0.04181772009326364,-0.014195024274559822,0.011324943375283123,0.00275112403464038,-0.01857554044925761,-0.03826247301283221,0.0024018876288542197,-0.03535119631345514,-0.0014795239615642,0.09678951605241974,0.09264710054998296,MC 200000,,,,
P1B_secondary_freeH_N2_gt_T_self_A+,"early(s=1) - late(s=3) of (window - normal) on same poses, w=1",A+,eff_exceed4,"release-aligned, N=2 free poses, target=gt",24,117,778,12,0,0,-0.01811151811151811,-0.03885966640399264,0.004609064980158728,-0.03517546357534783,0.0011466294336664662,0.19347403262983684,0.10288314028909552,-0.017994858611825194,-0.038603532883110324,0.004440559440559402,-0.03469785196095473,0.0,0.21123394383028085,0.09486566602204947,-0.012016155240831966,-0.028745184002120963,0.00319595712746305,-0.02601645884646962,0.00100912527367268,0.16445417772911136,0.16404434201282198,MC 200000,,,,
P1B_secondary_freeH_N2_gt_T_self_A+,"early(s=1) - late(s=3) of (window - normal) on same poses, w=2",A+,eff,"release-aligned, N=2 free poses, target=gt",24,117,778,24,0,0,0.0633581549481355,-0.043193766894837074,0.1518626826416501,-0.024868480340636826,0.13689194706015434,0.2797086014569927,0.19961998980117235,0.08121088248582223,-0.04043006186680793,0.18566290157362753,-0.020543031322015633,0.16737641286888363,0.24931375343123285,0.15078790734107572,0.07185545249195248,-0.022735229856863805,0.17727503310034937,-0.008180723071651243,0.15893058946223382,0.1770641146794266,0.1743853032259028,MC 200000,,,,
P1B_secondary_freeH_N2_gt_T_self_A+,"early(s=1) - late(s=3) of (window - normal) on same poses, w=2",A+,eff_exceed2,"release-aligned, N=2 free poses, target=gt",24,117,778,16,0,0,0.04305725139058473,0.006996556926296323,0.08144982740570975,0.013075939223425998,0.07379176530804205,0.04497477512612437,0.02340273913764596,0.043701799485861184,0.006169804448926993,0.08135278109264485,0.012422360248447204,0.07380985541849051,0.05716971415142924,0.02178390027934114,0.03512058159790097,0.0013767636684303367,0.06812752835010123,0.006566810752078609,0.0629963616193604,0.05587472062639687,0.0556284212993197,MC 200000,,,,
P1B_secondary_freeH_N2_gt_T_self_A+,"early(s=1) - late(s=3) of (window - normal) on same poses, w=2",A+,eff_exceed3,"release-aligned, N=2 free poses, target=gt",24,117,778,16,0,0,0.002442002442002441,-0.03103213467517591,0.032600972164663594,-0.02475033414329391,0.02695277155868198,0.8770156149219254,0.8708929623416523,0.0038560411311053984,-0.031818181818181815,0.032215009278767665,-0.025375030676215334,0.02669781568731402,0.8755956220218899,0.8010146752483183,0.0031753294389275503,-0.02691770400289745,0.03125872433504052,-0.022097026470230492,0.02636378899021291,0.8393358033209833,0.8320173197149667,MC 200000,,,,
P1B_secondary_freeH_N2_gt_T_self_A+,"early(s=1) - late(s=3) of (window - normal) on same poses, w=2",A+,eff_exceed4,"release-aligned, N=2 free poses, target=gt",24,117,778,13,0,0,-0.01643264143264143,-0.03873638014527845,0.002658375630772862,-0.03450278378938196,-0.0006215819661198102,0.13098934505327472,0.11136949006750466,-0.011568123393316195,-0.03523727617634925,0.007289564177319265,-0.030612244897959183,0.00392156862745098,0.3284433577832111,0.26850752926338994,-0.01122136414431673,-0.03570543945847017,0.012425853587962957,-0.0314080673576902,0.00829613095238095,0.38631806840965793,0.3722101122376852,MC 200000,,,,
P1B_secondary_freeH_N2_gt_T_self_A+,"early(s=1) - late(s=3) of (window - normal) on same poses, w=3",A+,eff,"release-aligned, N=2 free poses, target=gt",24,117,778,24,0,0,0.06890501553730409,-0.011857055911528634,0.13116383733138884,2.1106925047506393e-05,0.1211858855401848,0.1674441627791861,0.07113416929360844,0.08156659818668383,-0.010085912236906183,0.1484506918944732,0.0040999062721078176,0.13797867518932896,0.15178924105379474,0.05639740558621039,0.06570239324557592,-0.010734102782884615,0.14839401164100627,0.0004962799704817922,0.13598908107745913,0.13045934770326148,0.12753618616706466,MC 200000,,,,
P1B_secondary_freeH_N2_gt_T_self_A+,"early(s=1) - late(s=3) of (window - normal) on same poses, w=3",A+,eff_exceed2,"release-aligned, N=2 free poses, target=gt",24,117,778,17,0,0,0.006427214760548095,-0.02051398151123967,0.04086922268907563,-0.016329915911078487,0.034653163946863116,0.6815965920170399,0.6715557763991533,0.007712082262210797,-0.0195844433244534,0.04116909626731951,-0.015020657880066518,0.0351358476226666,0.6726566367168164,0.6012770404581155,0.01760462007280562,-0.027043693555008203,0.0657690467230953,-0.020401105605077283,0.05774633460504251,0.48573757131214346,0.4780033976997714,MC 200000,,,,
P1B_secondary_freeH_N2_gt_T_self_A+,"early(s=1) - late(s=3) of (window - normal) on same poses, w=3",A+,eff_exceed3,"release-aligned, N=2 free poses, target=gt",24,117,778,17,0,0,0.05409713743047075,0.00764635889077853,0.09208742235320053,0.01636833900226757,0.08620819766653097,0.06034469827650862,0.014408430035158494,0.05398457583547558,0.0049556784857371396,0.09133209274751333,0.014260068033878984,0.08571428571428572,0.08353458232708837,0.016799003038441777,0.03557588824163125,0.0013581078384418918,0.0706640424768247,0.0065428338480986205,0.06510268020043265,0.06449967750161249,0.06435480551545689,MC 200000,,,,
P1B_secondary_freeH_N2_gt_T_self_A+,"early(s=1) - late(s=3) of (window - normal) on same poses, w=3",A+,eff_exceed4,"release-aligned, N=2 free poses, target=gt",24,117,778,14,0,0,-0.02204585537918871,-0.054352003789503785,0.0018425646773861043,-0.048274420995275354,-0.001376027232084904,0.11831440842795786,0.12402647205237728,-0.019280205655526992,-0.051754435285060595,0.003588839842156954,-0.045781537654817066,0.0,0.1896840515797421,0.17498509994979733,-0.0156319300549083,-0.041609089007969086,0.0092532536641732,-0.03697985695715068,0.0052492926049730205,0.26109869450652745,0.2529583060749813,MC 200000,,,,
P1B_secondary_freeH_N2_gt_T_self_A-,"early(s=1) - late(s=3) of (window - normal) on same poses, w=1",A-,eff,"release-aligned, N=2 free poses, target=gt",14,39,277,14,0,0,-0.16851032098122248,-0.3939868412593498,0.02855823741310363,-0.35539410120300613,-0.0052436547779199,0.12744140625,0.11132603030526327,-0.17593065240430078,-0.4311455252792046,0.02556619161202189,-0.38578124187878415,-0.008120049743982413,0.12353515625,0.1230741666905188,-0.24424477080851134,-0.5441046053080271,0.03623092829637911,-0.49557896072377294,-0.0026712167904763065,0.138671875,0.13597294896977752,exact 2^14,,,,
P1B_secondary_freeH_N2_gt_T_self_A-,"early(s=1) - late(s=3) of (window - normal) on same poses, w=1",A-,eff_exceed2,"release-aligned, N=2 free poses, target=gt",14,39,277,11,0,0,0.0030016280016280004,-0.07078865847414234,0.06016422193877547,-0.06194151138716357,0.05235060078810078,0.9482421875,0.9337157708865644,0.0036101083032490976,-0.07653061224489796,0.0687511517199017,-0.0670428555359754,0.06,1.0,0.9288473436407799,-0.0006995319495319474,-0.0853198223733938,0.09184204931972781,-0.07213718820861677,0.07628059770916912,0.9853515625,0.9882108519161956,exact 2^14,,,,
P1B_secondary_freeH_N2_gt_T_self_A-,"early(s=1) - late(s=3) of (window - normal) on same poses, w=1",A-,eff_exceed3,"release-aligned, N=2 free poses, target=gt",14,39,277,13,0,0,-0.057132682132682126,-0.10879816308243727,0.013888888888888886,-0.10059026475235594,0.002318121693121647,0.1875,0.08386560255034722,-0.05776173285198556,-0.11017115974909916,0.015789993759101305,-0.10248447204968944,0.0041841004184100415,0.23583984375,0.09044742407781209,-0.030239766846909703,-0.11190149136577707,0.0506134077562649,-0.09871031746031744,0.039021164021164026,0.499755859375,0.49857889133402866,exact 2^14,,,,
P1B_secondary_freeH_N2_gt_T_self_A-,"early(s=1) - late(s=3) of (window - normal) on same poses, w=1",A-,eff_exceed4,"release-aligned, N=2 free poses, target=gt",14,39,277,8,0,0,-0.05291005291005291,-0.11265835783465927,0.035715626340626326,-0.10553480039814665,0.025656814449917905,0.453125,0.22818751529990094,-0.05415162454873646,-0.1179503105590062,0.038317860300618865,-0.11,0.027649769585253458,0.5,0.2396710132749655,-0.017068579568579566,-0.07440548869120296,0.04506884484563055,-0.06615328289435432,0.034693059916274076,0.6171875,0.6086787256479912,exact 2^14,,,,
P1B_secondary_freeH_N2_gt_T_self_A-,"early(s=1) - late(s=3) of (window - normal) on same poses, w=2",A-,eff,"release-aligned, N=2 free poses, target=gt",14,39,277,14,0,0,-0.23074798026509719,-0.6511207684454074,0.011956819004002046,-0.5623085800930464,-0.02566711392837337,0.0994873046875,0.13694102241512165,-0.2392680941902165,-0.6817708145806324,0.0035983363702359415,-0.5822855387249741,-0.031973426608495434,0.09814453125,0.13835007744545033,-0.5437732424269267,-1.1393329059917543,-0.05635523053275452,-1.0301681484138954,-0.11700184796955766,0.068359375,0.08000834612517185,exact 2^14,,,,
P1B_secondary_freeH_N2_gt_T_self_A-,"early(s=1) - late(s=3) of (window - normal) on same poses, w=2",A-,eff_exceed2,"release-aligned, N=2 free poses, target=gt",14,39,277,11,0,0,-0.006054131054131057,-0.10420634920634919,0.04291332604470359,-0.08285890652557319,0.03653396056278261,0.873046875,0.859821450326609,-0.007220216606498195,-0.1,0.042649253731343206,-0.08163755886970171,0.036011373773416594,0.900390625,0.830506170242029,-0.061778664457235885,-0.20011101662887373,0.05797075774754341,-0.17569317256817252,0.04106815803244373,0.373046875,0.378236669690195,exact 2^14,,,,
P1B_secondary_freeH_N2_gt_T_self_A-,"early(s=1) - late(s=3) of (window - normal) on same poses, w=2",A-,eff_exceed3,"release-aligned, N=2 free poses, target=gt",14,39,277,12,0,0,0.03286528286528286,-0.0882559523809524,0.10526770765383779,-0.06799176480628093,0.09612963815434276,0.75439453125,0.528419339475519,0.036101083032490974,-0.08209210795338376,0.1111111111111111,-0.06395581395348837,0.1019139708347301,0.810546875,0.4988113383686861,-0.04506802721088434,-0.17389691987906275,0.06462585034013604,-0.15051020408163263,0.0486583522297808,0.53466796875,0.4965740092600127,exact 2^14,,,,
P1B_secondary_freeH_N2_gt_T_self_A-,"early(s=1) - late(s=3) of (window - normal) on same poses, w=2",A-,eff_exceed4,"release-aligned, N=2 free poses, target=gt",14,39,277,11,0,0,-0.05179080179080179,-0.11602536848072563,-0.005674943588546558,-0.10154851918244776,-0.013683658933658959,0.076171875,0.05233265759654003,-0.05415162454873646,-0.1148693494379335,-0.012095559657986803,-0.10071942446043165,-0.019230769230769232,0.0712890625,0.031091946071322735,-0.09019056340484913,-0.19907466458805742,-0.010108600063957222,-0.17699884440955868,-0.019399383685097978,0.0625,0.10113129903472427,exact 2^14,,,,
P1B_secondary_freeH_N2_gt_T_self_A-,"early(s=1) - late(s=3) of (window - normal) on same poses, w=3",A-,eff,"release-aligned, N=2 free poses, target=gt",14,39,277,14,0,0,-0.23860598623639384,-0.6726587652515793,0.16043326424142143,-0.5792660490851924,0.09264108301947648,0.265625,0.23257680558008345,-0.2444992426554524,-0.6908436879824693,0.16502025875923393,-0.5958294419389184,0.10125533781028416,0.2657470703125,0.2361278981326938,-0.4418101972905945,-1.1406001254279945,0.2155223433466211,-1.0187321929119415,0.10432881257037771,0.246826171875,0.24252041486253878,exact 2^14,,,,
P1B_secondary_freeH_N2_gt_T_self_A-,"early(s=1) - late(s=3) of (window - normal) on same poses, w=3",A-,eff_exceed2,"release-aligned, N=2 free poses, target=gt",14,39,277,12,0,0,-0.018823768823768825,-0.10685189836804285,0.04892566782810685,-0.08570326278659611,0.03728858784893267,0.56640625,0.5895915200888167,-0.018050541516245487,-0.09497206703910614,0.04191868364112108,-0.07720588235294118,0.03125,0.6171875,0.5569890947504605,-0.0856626838769696,-0.22065499811035527,0.015047704445025853,-0.19727028097563812,0.003226205011919231,0.20068359375,0.20903985529055444,exact 2^14,,,,
P1B_secondary_freeH_N2_gt_T_self_A-,"early(s=1) - late(s=3) of (window - normal) on same poses, w=3",A-,eff_exceed3,"release-aligned, N=2 free poses, target=gt",14,39,277,10,0,0,0.011192511192511193,-0.07716087392811531,0.06696517148526074,-0.061507936507936505,0.05925665179491706,0.80078125,0.7663111649520515,0.01444043321299639,-0.06637214041787538,0.0676709919961193,-0.05325565040256087,0.060347720435084434,0.8125,0.6877210790863928,-0.016946842839699976,-0.1340847396650968,0.06539442700156986,-0.11412300497121927,0.05638291107041106,0.9140625,0.7597679615091244,exact 2^14,,,,
P1B_secondary_freeH_N2_gt_T_self_A-,"early(s=1) - late(s=3) of (window - normal) on same poses, w=3",A-,eff_exceed4,"release-aligned, N=2 free poses, target=gt",14,39,277,13,0,0,0.017704517704517704,-0.048169243751140296,0.07296183319368801,-0.035989357864357883,0.06384938672438673,0.559814453125,0.5368357728104245,0.021660649819494584,-0.04587861679604798,0.08057577896541282,-0.033783783783783786,0.06965347478634698,0.57958984375,0.47596690293119226,0.008688731903017628,-0.10476081458224315,0.1188161375661375,-0.0858394746787604,0.10229700854700854,0.873046875,0.8853492526263749,exact 2^14,,,,
P1B_secondary_freeH_N2_ref_P_gt_A+,"early(s=1) - late(s=3) of (window - normal) on same poses, w=1",A+,eff,"release-aligned, N=2 free poses, target=ref",24,117,778,24,0,0,0.005553023202351636,-0.07444219302982144,0.08819241716477057,-0.05969593016858314,0.07361505706479904,0.8938805305973471,0.8871145330090325,0.013911379514470414,-0.08116437007099052,0.11196496415268532,-0.06305627866430741,0.09280016415180554,0.7558562207188964,0.7606692230974719,0.027988515675831157,-0.04386154403053478,0.10514174709614565,-0.03313550029540248,0.09161722484449869,0.48678756606216966,0.4804871591866241,MC 200000,,,,
P1B_secondary_freeH_N2_ref_P_gt_A+,"early(s=1) - late(s=3) of (window - normal) on same poses, w=1",A+,eff_exceed2,"release-aligned, N=2 free poses, target=ref",24,117,778,15,0,0,-0.006003256003256005,-0.038166254632389596,0.03991395429085013,-0.03377683755793984,0.03225639220478669,0.7922710386448067,0.7659060323597472,-0.0038560411311053984,-0.0356039690576571,0.04296891141528925,-0.03133591648632783,0.03475071344636559,0.9053554732226339,0.8473714386570832,0.014107524994352786,-0.015416130367975735,0.04316964158448341,-0.010723825739187757,0.038504110825763896,0.37317813410932943,0.3690790591160584,MC 200000,,,,
P1B_secondary_freeH_N2_ref_P_gt_A+,"early(s=1) - late(s=3) of (window - normal) on same poses, w=1",A+,eff_exceed3,"release-aligned, N=2 free poses, target=ref",24,117,778,15,0,0,-0.041157916157916155,-0.08288413558738762,-0.0026210053914039193,-0.07399717841682128,-0.008710518486354362,0.09593452032739837,0.04372167963516911,-0.042416452442159386,-0.08695652173913043,-0.003447832258827711,-0.07768700321103332,-0.009280383852655666,0.10498447507762461,0.04637116274235487,-0.018836876824484584,-0.05248538096093323,0.011309625367747671,-0.046147800355774496,0.006568458082466698,0.28627856860715695,0.2672894170856898,MC 200000,,,,
P1B_secondary_freeH_N2_ref_P_gt_A+,"early(s=1) - late(s=3) of (window - normal) on same poses, w=1",A+,eff_exceed4,"release-aligned, N=2 free poses, target=ref",24,117,778,13,0,0,-0.004527879527879527,-0.03515479313791244,0.01727607545832736,-0.02973990349151709,0.014330808080808062,0.763281183594082,0.7367644259598789,-0.002570694087403599,-0.03414682221723663,0.019355229243146133,-0.028526375044932415,0.01645712077571817,0.9298253508732456,0.8513570641945367,-0.0056019516283524915,-0.026342462526797117,0.01352707079000181,-0.022836318076081007,0.01084719157658273,0.6074669626651866,0.6011029504108412,MC 200000,,,,
P1B_secondary_freeH_N2_ref_P_gt_A+,"early(s=1) - late(s=3) of (window - normal) on same poses, w=2",A+,eff,"release-aligned, N=2 free poses, target=ref",24,117,778,24,0,0,-0.011886133963071723,-0.10820620204954715,0.08719383561926723,-0.09258109723697913,0.06949139752783605,0.8056059719701402,0.8056445170479166,-0.006224875342568992,-0.11509011542213812,0.09299292550149209,-0.09686572367779257,0.0760601018364832,0.9035654821725891,0.9038522587054725,0.009742610836168035,-0.06584659036346056,0.0889559261386725,-0.05453726401386518,0.07735478093632969,0.8175809120954395,0.8166372520553997,MC 200000,,,,
P1B_secondary_freeH_N2_ref_P_gt_A+,"early(s=1) - late(s=3) of (window - normal) on same poses, w=2",A+,eff_exceed2,"release-aligned, N=2 free poses, target=ref",24,117,778,17,0,0,-0.013634513634513639,-0.045175516258283255,0.025143849206349177,-0.03988993277427747,0.018020412300113996,0.4774526127369363,0.4330073743264108,-0.012853470437017995,-0.0435328800249623,0.02503918894558223,-0.03808080846703271,0.017577015089460572,0.5225673871630642,0.43912401091951114,-0.01000854344771114,-0.05912215472375892,0.030577101425460027,-0.050392092461186255,0.024892755703414815,0.724961375193124,0.6769698398918942,MC 200000,,,,
P1B_secondary_freeH_N2_ref_P_gt_A+,"early(s=1) - late(s=3) of (window - normal) on same poses, w=2",A+,eff_exceed3,"release-aligned, N=2 free poses, target=ref",24,117,778,14,0,0,-0.012091303757970425,-0.03485404213347513,0.020034682219662047,-0.03111693405295659,0.013108795755072336,0.4246828765856171,0.3653174308212581,-0.011568123393316195,-0.036720080933230086,0.02203423194981983,-0.03281290064102564,0.015100671140939598,0.5199524002379988,0.41645722941702723,0.01107969508844406,-0.02347040902188621,0.05837199604857906,-0.019503392163458613,0.04869235209050092,0.7222563887180564,0.6109368483641804,MC 200000,,,,
P1B_secondary_freeH_N2_ref_P_gt_A+,"early(s=1) - late(s=3) of (window - normal) on same poses, w=2",A+,eff_exceed4,"release-aligned, N=2 free poses, target=ref",24,117,778,12,0,0,-0.037274453941120604,-0.07075951977205612,-0.009332536676286704,-0.06420659722222223,-0.013536442895049199,0.04116979415102925,0.02028724290755761,-0.038560411311053984,-0.07328995285977301,-0.010471008538179203,-0.06676783004552352,-0.014678706748985445,0.04590477047614762,0.01869919213697876,-0.020643971788907135,-0.04800537332090403,0.0048686656175880305,-0.043598685373335166,0.0009260542099981716,0.14869425652871734,0.14679357476367447,MC 200000,,,,
P1B_secondary_freeH_N2_ref_P_gt_A+,"early(s=1) - late(s=3) of (window - normal) on same poses, w=3",A+,eff,"release-aligned, N=2 free poses, target=ref",24,117,778,24,0,0,-0.023009965666758975,-0.167188655474767,0.07818133955726671,-0.1405135069332076,0.0635091498156988,0.7125614371928141,0.7156653783597615,-0.006737102778812927,-0.15743774222596285,0.09685190139269395,-0.13186866701288055,0.08191972351407695,0.9205953970230148,0.9188402708831215,-0.011268667697500394,-0.11986738366911288,0.08584548367710564,-0.09951659213960935,0.07093391961615536,0.8415107924460378,0.83377222635948,MC 200000,,,,
P1B_secondary_freeH_N2_ref_P_gt_A+,"early(s=1) - late(s=3) of (window - normal) on same poses, w=3",A+,eff_exceed2,"release-aligned, N=2 free poses, target=ref",24,117,778,15,0,0,0.010938135938135935,-0.01691395496939069,0.04097351813268108,-0.011575556467797846,0.035733521671021645,0.4558227208863956,0.44135999840110596,0.008997429305912597,-0.01824411772049705,0.039671954052939,-0.013100436681222707,0.03490136570561457,0.6014669926650367,0.5314200865738039,-0.005181054302308405,-0.054478261890643864,0.035945508591367574,-0.04578447814310909,0.030684771214520283,0.8600856995715022,0.8286403040043044,MC 200000,,,,
P1B_secondary_freeH_N2_ref_P_gt_A+,"early(s=1) - late(s=3) of (window - normal) on same poses, w=3",A+,eff_exceed3,"release-aligned, N=2 free poses, target=ref",24,117,778,16,0,0,-0.0038495455162121843,-0.026681439428149958,0.024282157951551503,-0.02300225273165886,0.018631340594451477,0.7804210978945105,0.7567526774606715,0.0,-0.02363667076167076,0.025702042651267618,-0.01964089979901028,0.020271516904358217,1.0,1.0,0.0007074289645615574,-0.02466770980622453,0.027549558886054423,-0.021172383385027062,0.022933299137822404,0.959960200198999,0.9589904283509944,MC 200000,,,,
P1B_secondary_freeH_N2_ref_P_gt_A+,"early(s=1) - late(s=3) of (window - normal) on same poses, w=3",A+,eff_exceed4,"release-aligned, N=2 free poses, target=ref",24,117,778,13,0,0,-0.04041174874508208,-0.07392262798512798,-0.014939243487657235,-0.06773694709951492,-0.018603896103896112,0.00824995875020625,0.009748786002557918,-0.038560411311053984,-0.07451454194223468,-0.013574660633484163,-0.06824146981627296,-0.016887307670774107,0.014899925500372498,0.016763014220463352,-0.025173919943136894,-0.0534954897458265,0.0015842797847108118,-0.048905609767454235,-0.0026695962947759027,0.09411952940235299,0.09151911546818152,MC 200000,,,,
P1B_secondary_freeH_N2_ref_P_gt_A-,"early(s=1) - late(s=3) of (window - normal) on same poses, w=1",A-,eff,"release-aligned, N=2 free poses, target=ref",14,39,277,14,0,0,-0.26462710319881044,-0.5326075340920637,0.06875111728874833,-0.48942828941253114,0.017766900933102407,0.210205078125,0.0969937381773691,-0.26729496984319295,-0.5634938929253431,0.0657539169675047,-0.513085191423121,0.013386684273036903,0.2125244140625,0.10591438625947543,-0.2651600889135199,-0.7774339547239414,0.13628544677816679,-0.6901584565069241,0.0879366489782527,0.3551025390625,0.30473766347298314,exact 2^14,,,,
P1B_secondary_freeH_N2_ref_P_gt_A-,"early(s=1) - late(s=3) of (window - normal) on same poses, w=1",A-,eff_exceed2,"release-aligned, N=2 free poses, target=ref",14,39,277,13,0,0,-0.018671143671143666,-0.06266028612038067,0.05735930735930736,-0.05483927723511057,0.04079478458049885,0.5283203125,0.4899310164641446,-0.010830324909747292,-0.055234722909450765,0.06881671571173029,-0.047619047619047616,0.051096964167219615,0.8046875,0.6984600961300562,0.030009012151869296,-0.07313161375661376,0.14573885109599397,-0.05834459852316995,0.12570861678004536,0.624267578125,0.6159409000281033,exact 2^14,,,,
P1B_secondary_freeH_N2_ref_P_gt_A-,"early(s=1) - late(s=3) of (window - normal) on same poses, w=1",A-,eff_exceed3,"release-aligned, N=2 free poses, target=ref",14,39,277,8,0,0,-0.051587301587301584,-0.1195887445887446,0.041666666666666664,-0.1102430734370172,0.03125,0.65625,0.292364582029344,-0.05415162454873646,-0.12441584372133183,0.038461538461538464,-0.11450618013376503,0.029166666666666667,0.65625,0.2782720531974229,0.0006977149834292666,-0.07142857142857142,0.07936507936507937,-0.06011250654107797,0.06587955695098552,1.0,0.986314559819423,exact 2^14,,,,
P1B_secondary_freeH_N2_ref_P_gt_A-,"early(s=1) - late(s=3) of (window - normal) on same poses, w=1",A-,eff_exceed4,"release-aligned, N=2 free poses, target=ref",14,39,277,10,0,0,-0.06781644281644282,-0.12333007764509313,0.012502170138888859,-0.11650654560810811,0.0004990079365078915,0.177734375,0.08252307944432324,-0.06859205776173286,-0.128,0.015546065414507742,-0.12096873755475906,0.004101775956284103,0.23046875,0.10141852994772566,-0.0478425344496773,-0.1240079365079365,0.0188560199720913,-0.11083856619570906,0.010250959358102087,0.24609375,0.22875661600055086,exact 2^14,,,,
P1B_secondary_freeH_N2_ref_P_gt_A-,"early(s=1) - late(s=3) of (window - normal) on same poses, w=2",A-,eff,"release-aligned, N=2 free poses, target=ref",14,39,277,14,0,0,-0.3835207485804704,-0.7454771988922309,0.049480766034252735,-0.6908515393430679,-0.019119737013678997,0.1534423828125,0.07903538115785279,-0.36750811257015953,-0.7798457593265364,0.09325703912492417,-0.7163477683112033,0.024584363569493197,0.2060546875,0.12260675466516124,-0.46233357502908196,-1.1225943046246571,-0.0013350385448189922,-1.0140019844719534,-0.049506551377808836,0.0870361328125,0.15537607623051167,exact 2^14,,,,
P1B_secondary_freeH_N2_ref_P_gt_A-,"early(s=1) - late(s=3) of (window - normal) on same poses, w=2",A-,eff_exceed2,"release-aligned, N=2 free poses, target=ref",14,39,277,11,0,0,-0.07717745217745217,-0.1458348834325397,0.013493431855500802,-0.1340973813767931,-0.002106443903318929,0.15234375,0.06828450358221994,-0.061371841155234655,-0.13011455001296793,0.02062122749853102,-0.1174785100286533,0.006134969325153374,0.23828125,0.1130975218664763,-0.06940628815628815,-0.1727477796674225,0.040633403468224805,-0.156386272457701,0.020342025699168494,0.244140625,0.2352183638891702,exact 2^14,,,,
P1B_secondary_freeH_N2_ref_P_gt_A-,"early(s=1) - late(s=3) of (window - normal) on same poses, w=2",A-,eff_exceed3,"release-aligned, N=2 free poses, target=ref",14,39,277,10,0,0,-0.029253154253154248,-0.13577097505668934,0.03611131357304826,-0.11926850156016823,0.02704223356009068,0.4765625,0.5241220919170576,-0.021660649819494584,-0.12403480772153823,0.041666666666666664,-0.10880829015544041,0.03314917127071823,0.662109375,0.6218643381748021,-0.06694611605325891,-0.17271766345427056,0.029468419312169303,-0.15587706770742482,0.014851880923309494,0.23046875,0.23055536493185738,exact 2^14,,,,
P1B_secondary_freeH_N2_ref_P_gt_A-,"early(s=1) - late(s=3) of (window - normal) on same poses, w=2",A-,eff_exceed4,"release-aligned, N=2 free poses, target=ref",14,39,277,10,0,0,-0.04227716727716728,-0.10634920634920635,0.050993303571428554,-0.0975277013804411,0.03649438036083993,0.470703125,0.31899272672542156,-0.039711191335740074,-0.10552874342386419,0.05147137717748042,-0.0967741935483871,0.03813964158479968,0.55078125,0.3587372088933568,-0.005843362986220133,-0.08754251700680271,0.07876548055119482,-0.07571461276818418,0.06519274376417232,0.912109375,0.8960994167149359,exact 2^14,,,,
P1B_secondary_freeH_N2_ref_P_gt_A-,"early(s=1) - late(s=3) of (window - normal) on same poses, w=3",A-,eff,"release-aligned, N=2 free poses, target=ref",14,39,277,14,0,0,-0.42715697241775236,-0.8912378229122627,0.2274884311854959,-0.8335358211611595,0.12785928285369413,0.322998046875,0.19332523041547067,-0.40071918887615554,-0.9256650104587144,0.3014504038389992,-0.8606236501896255,0.19528763312417907,0.390869140625,0.26538652245326966,-0.4374644535616519,-1.119071633383788,0.14254516929516028,-0.9936663495137332,0.05463305550961775,0.2320556640625,0.21801593943342848,exact 2^14,,,,
P1B_secondary_freeH_N2_ref_P_gt_A-,"early(s=1) - late(s=3) of (window - normal) on same poses, w=3",A-,eff_exceed2,"release-aligned, N=2 free poses, target=ref",14,39,277,10,0,0,-0.030372405372405382,-0.12559786414565827,0.04509379509379509,-0.10464285714285715,0.03308858543417366,0.453125,0.4444619498294643,-0.032490974729241874,-0.12800512820512822,0.039880368098159466,-0.10744460175825622,0.02800186915887848,0.4609375,0.4073212065903036,-0.0830771411128554,-0.24124040641897784,0.03760097789115644,-0.21019454256061398,0.023903824350252813,0.40625,0.2800484310019009,exact 2^14,,,,
P1B_secondary_freeH_N2_ref_P_gt_A-,"early(s=1) - late(s=3) of (window - normal) on same poses, w=3",A-,eff_exceed3,"release-aligned, N=2 free poses, target=ref",14,39,277,11,0,0,-0.07478632478632478,-0.12053571428571427,-0.031434223328754604,-0.1108069509855224,-0.039461766187956666,0.017578125,0.002132234134745051,-0.06498194945848375,-0.11650485436893204,-0.024390243902439025,-0.10497237569060773,-0.032048717948717984,0.03515625,0.006353384017946243,-0.07859105180533753,-0.14619472789115648,-0.016590626635269525,-0.13513376504447933,-0.025795286063143266,0.0400390625,0.03891419939301256,exact 2^14,,,,
P1B_secondary_freeH_N2_ref_P_gt_A-,"early(s=1) - late(s=3) of (window - normal) on same poses, w=3",A-,eff_exceed4,"release-aligned, N=2 free poses, target=ref",14,39,277,12,0,0,-0.02096052096052096,-0.09193305408583186,0.04624942964990874,-0.07872764636157494,0.03519138977430049,0.53125,0.5236891831440157,-0.007220216606498195,-0.08247758852532497,0.06034627401064566,-0.06808510638297872,0.04947171395584785,0.9150390625,0.8306219226746835,-0.021085891621605905,-0.11015234352287924,0.06288260763707186,-0.09484563055991627,0.04950142450142437,0.654296875,0.6500331183963161,exact 2^14,,,,
P1B_secondary_freeH_N2_ref_P_self_A+,"early(s=1) - late(s=3) of (window - normal) on same poses, w=1",A+,eff,"release-aligned, N=2 free poses, target=ref",24,117,778,24,0,0,0.07805837187945396,-0.007788284434537857,0.21794977219151224,0.003600037945747393,0.19122435082721234,0.1392643036784816,0.18624249706101914,0.07312902366064046,-0.010470213579364715,0.21227457705515407,0.0001749505938851987,0.18652311977510305,0.15532922335388322,0.2079927524486974,0.09417240400958381,0.0004575045918638006,0.20434708728456413,0.013352783112165551,0.18529619284773874,0.08188459057704711,0.09053764037158198,MC 200000,,,,
P1B_secondary_freeH_N2_ref_P_self_A+,"early(s=1) - late(s=3) of (window - normal) on same poses, w=1",A+,eff_exceed2,"release-aligned, N=2 free poses, target=ref",24,117,778,16,0,0,0.03466286799620133,0.01347651736301162,0.06039307099676417,0.016888075376763446,0.055832676023505924,0.010414947925260374,0.00600264406257805,0.03598971722365039,0.01372534074605452,0.06376452481972722,0.01737651254859033,0.05853891141091244,0.015959920200399,0.006781499460810012,0.03554849721657501,0.01029345346356135,0.0623838741525106,0.014095958386547468,0.057954858158541185,0.014609926950365249,0.015997748958685082,MC 200000,,,,
P1B_secondary_freeH_N2_ref_P_self_A+,"early(s=1) - late(s=3) of (window - normal) on same poses, w=1",A+,eff_exceed3,"release-aligned, N=2 free poses, target=ref",24,117,778,16,0,0,-0.0006952923619590281,-0.02313273220803687,0.026074465224746123,-0.0192846453957565,0.02068822267964424,0.9512552437237813,0.9528348464900285,-0.002570694087403599,-0.026075089245633908,0.025691699604743084,-0.021908346898173267,0.019756838905775075,0.8977305113474433,0.8328672555126722,0.00678230763090677,-0.01646034133540868,0.034211181239737265,-0.01304154764755519,0.029359188988095232,0.6338118309408453,0.6144436944545173,MC 200000,,,,
P1B_secondary_freeH_N2_ref_P_self_A+,"early(s=1) - late(s=3) of (window - normal) on same poses, w=1",A+,eff_exceed4,"release-aligned, N=2 free poses, target=ref",24,117,778,12,0,0,0.0009835843169176506,-0.023613801420330077,0.029004499629499626,-0.01892735429127834,0.023377184207016104,0.9423352883235584,0.9370457152835361,0.002570694087403599,-0.02005947104780359,0.029503716926688503,-0.015790513833992093,0.023943276725584904,0.9371403142984285,0.823287506430844,0.0012521238140850224,-0.01960192917863985,0.024252214325624882,-0.016483697945174236,0.020155836640211634,0.9161454192729036,0.9131941807248698,MC 200000,,,,
P1B_secondary_freeH_N2_ref_P_self_A+,"early(s=1) - late(s=3) of (window - normal) on same poses, w=2",A+,eff,"release-aligned, N=2 free poses, target=ref",24,117,778,24,0,0,0.14188375674224624,0.050219985240782715,0.276930406605705,0.0631295543857669,0.2523769770614351,0.0031999840000799997,0.021383024420356812,0.13546256151333155,0.04412604797293956,0.2736672682780049,0.0569212831484619,0.24937819265145642,0.005414972925135374,0.029803622985356635,0.13046412098383628,0.03913050069627919,0.2329067970115744,0.051361764651202936,0.2166677477576339,0.015499922500387498,0.017392707981816625,MC 200000,,,,
P1B_secondary_freeH_N2_ref_P_self_A+,"early(s=1) - late(s=3) of (window - normal) on same poses, w=2",A+,eff_exceed2,"release-aligned, N=2 free poses, target=ref",24,117,778,16,0,0,0.04639804639804639,0.0214499840023583,0.08285327607540864,0.025020489182384854,0.07646141419407841,0.0021449892750536248,0.006407990743580914,0.04755784061696658,0.0235184329911372,0.08399398088527839,0.02683750525328353,0.07772059449956241,0.00210998945005275,0.0048226771934192884,0.04669567719329112,0.019833506873175515,0.0758762103330716,0.024183343596059115,0.07110580310308989,0.0022199889000554997,0.0036190285282478923,MC 200000,,,,
P1B_secondary_freeH_N2_ref_P_self_A+,"early(s=1) - late(s=3) of (window - normal) on same poses, w=2",A+,eff_exceed3,"release-aligned, N=2 free poses, target=ref",24,117,778,15,0,0,0.01867114367114367,-0.0016873223293896774,0.04470305998613036,0.0010724474474474467,0.0401049226639197,0.12201938990305049,0.1251888048237438,0.016709511568123392,-0.00300311589785274,0.042944991147527485,0.0,0.0382170474687859,0.18581407092964536,0.16256795115421585,0.012334598390761157,-0.007009036917169485,0.03221352580084554,-0.004013144400081233,0.029065986068756988,0.23633381833090836,0.2365969894767657,MC 200000,,,,
P1B_secondary_freeH_N2_ref_P_self_A+,"early(s=1) - late(s=3) of (window - normal) on same poses, w=2",A+,eff_exceed4,"release-aligned, N=2 free poses, target=ref",24,117,778,14,0,0,0.0048670465337131985,-0.022445525085034012,0.034060923824358394,-0.017382273950543755,0.02870540027605244,0.7382263088684556,0.7197521490239984,0.0038560411311053984,-0.023070512114377814,0.032320230373518215,-0.018253908094270726,0.02698435245310245,0.8566357168214159,0.7700966716461152,0.009991975118591496,-0.013630797371031744,0.03429809013523991,-0.010035285246761538,0.03034060846560846,0.4394928025359873,0.4368228014804614,MC 200000,,,,
P1B_secondary_freeH_N2_ref_P_self_A+,"early(s=1) - late(s=3) of (window - normal) on same poses, w=3",A+,eff,"release-aligned, N=2 free poses, target=ref",24,117,778,24,0,0,0.17706926870685083,0.0631744319075976,0.36050115586475895,0.0767811804735978,0.32897877521720803,0.0028949855250723746,0.029559489357884702,0.17032899585036243,0.058732725583566694,0.35175028187380225,0.07297577038632823,0.321356535108244,0.0042199789001055,0.03184871758980938,0.17353735383912783,0.042874434109497664,0.3210395621609689,0.061709878790828156,0.29680819992890023,0.019504902475487623,0.025360043703391597,MC 200000,,,,
P1B_secondary_freeH_N2_ref_P_self_A+,"early(s=1) - late(s=3) of (window - normal) on same poses, w=3",A+,eff_exceed2,"release-aligned, N=2 free poses, target=ref",24,117,778,15,0,0,0.03194953194953194,-0.016330437822912467,0.09202007131354957,-0.00942415559078161,0.08579394651821289,0.24427877860610697,0.30901790712454336,0.02699228791773779,-0.025274808608984546,0.09269188579143331,-0.01771479185119575,0.08665795506648326,0.4305328473357633,0.4345584864254045,0.048994694062171475,0.01395725768156879,0.08437997015936004,0.0196250996407503,0.07912983318726596,0.014569927150364249,0.013810960508477669,MC 200000,,,,
P1B_secondary_freeH_N2_ref_P_self_A+,"early(s=1) - late(s=3) of (window - normal) on same poses, w=3",A+,eff_exceed3,"release-aligned, N=2 free poses, target=ref",24,117,778,16,0,0,0.02704856871523538,0.0018632339195079983,0.05921187115007339,0.0055976001511715825,0.054448997846007804,0.05330473347633262,0.08128668582639348,0.02956298200514139,0.005167791947986997,0.061662699506401734,0.008857832206814856,0.056897252593215576,0.039039804800976,0.053932415116931115,0.03016440452298416,0.006454716944248965,0.05434142215315245,0.010657840722495896,0.05013469895461377,0.021984890075549622,0.02237763918725668,MC 200000,,,,
P1B_secondary_freeH_N2_ref_P_self_A+,"early(s=1) - late(s=3) of (window - normal) on same poses, w=3",A+,eff_exceed4,"release-aligned, N=2 free poses, target=ref",24,117,778,14,0,0,0.001000542667209335,-0.020793716935810138,0.017790128005677006,-0.016750079700661096,0.015099258563074354,0.9180454097729511,0.9167141155706806,0.0,-0.023424102494454254,0.016973426187022703,-0.018970189701897018,0.014409481527637142,1.0,1.0,0.0026608322527606194,-0.017487360116061113,0.023932065302973034,-0.014003362909260129,0.020359469617987663,0.8103509482452588,0.8081206887569247,MC 200000,,,,
P1B_secondary_freeH_N2_ref_P_self_A-,"early(s=1) - late(s=3) of (window - normal) on same poses, w=1",A-,eff,"release-aligned, N=2 free poses, target=ref",14,39,277,14,0,0,0.46095833027877675,0.19478978322333018,0.7896058715837893,0.23829894765382365,0.7195864604268167,0.01416015625,0.005008163449806889,0.5042526687832426,0.17550456813941406,0.9081669127929358,0.2318822090913431,0.8218775358211593,0.02294921875,0.010745287562300762,0.31760599739304723,0.021577346371747488,0.656642517172413,0.0635863707208444,0.5924635814063206,0.061279296875,0.07917607229485608,exact 2^14,,,,
P1B_secondary_freeH_N2_ref_P_self_A-,"early(s=1) - late(s=3) of (window - normal) on same poses, w=1",A-,eff_exceed2,"release-aligned, N=2 free poses, target=ref",14,39,277,14,0,0,0.017704517704517704,-0.07551131488631486,0.09937440134099614,-0.05650992063492064,0.08396329365079358,0.6575927734375,0.6551231172435101,0.010830324909747292,-0.08130178550589333,0.09278763547449109,-0.0628638920134983,0.07627928316959937,0.850341796875,0.7815103133260506,0.05788854003139717,-0.08704766628873771,0.19574166739345308,-0.06344227862085006,0.17398994854351993,0.4564208984375,0.4615639475260854,exact 2^14,,,,
P1B_secondary_freeH_N2_ref_P_self_A-,"early(s=1) - late(s=3) of (window - normal) on same poses, w=1",A-,eff_exceed3,"release-aligned, N=2 free poses, target=ref",14,39,277,11,0,0,0.025997150997150997,-0.04001351258894363,0.06974225427350428,-0.025879275321239605,0.0625,0.369140625,0.29960230384363945,0.02527075812274368,-0.04026980948257198,0.0708863121103344,-0.02702702702702703,0.0625,0.462890625,0.3186103566358107,0.016127391127391123,-0.05889327686202687,0.09280681289609859,-0.04642766294552009,0.08113325992790275,0.6943359375,0.6917079878223404,exact 2^14,,,,
P1B_secondary_freeH_N2_ref_P_self_A-,"early(s=1) - late(s=3) of (window - normal) on same poses, w=1",A-,eff_exceed4,"release-aligned, N=2 free poses, target=ref",14,39,277,8,0,0,0.03194953194953195,-0.047455770502645496,0.07936592009685228,-0.03637566137566138,0.07350143298059963,0.578125,0.36187825285664066,0.036101083032490974,-0.04017857142857143,0.08080808080808081,-0.02976317122593718,0.07552312919815278,0.578125,0.27796223629961686,0.012524347345775915,-0.03694255479969766,0.06477624970928539,-0.029145589859875573,0.05636410547124833,0.671875,0.653582879006132,exact 2^14,,,,
P1B_secondary_freeH_N2_ref_P_self_A-,"early(s=1) - late(s=3) of (window - normal) on same poses, w=2",A-,eff,"release-aligned, N=2 free poses, target=ref",14,39,277,14,0,0,0.7585906624851828,0.4423829777463358,1.0992743064145662,0.48039697081563976,1.0292807006113738,0.0001220703125,0.0002664150280384068,0.8060055701064573,0.46274400706118024,1.2287123091490009,0.4950613549582901,1.133254256160737,0.0001220703125,0.0006112186984092397,0.6906316799032414,0.43935447937630584,1.0175567599320794,0.4697544268041871,0.9555838738027849,0.0001220703125,0.0006380631368178357,exact 2^14,,,,
P1B_secondary_freeH_N2_ref_P_self_A-,"early(s=1) - late(s=3) of (window - normal) on same poses, w=2",A-,eff_exceed2,"release-aligned, N=2 free poses, target=ref",14,39,277,12,0,0,-0.0437016687016687,-0.1121938632355299,0.059766286375661316,-0.10104497354497353,0.03862764550264544,0.36083984375,0.28057572852519047,-0.05415162454873646,-0.12292885654782565,0.046511627906976744,-0.11250200964630225,0.026492996542225825,0.31787109375,0.18526551637235258,0.0013863451363451348,-0.11862517442874584,0.14330002834467115,-0.10150226757369614,0.11893623902552464,0.9921875,0.9844959330612438,exact 2^14,,,,
P1B_secondary_freeH_N2_ref_P_self_A-,"early(s=1) - late(s=3) of (window - normal) on same poses, w=2",A-,eff_exceed3,"release-aligned, N=2 free poses, target=ref",14,39,277,11,0,0,0.018416768416768415,-0.09871651785714285,0.08763933678470523,-0.07521489270050126,0.076673495155638,0.7041015625,0.6711456198946839,0.0036101083032490976,-0.1165063434391566,0.07068526610875205,-0.09183673469387756,0.06044177596596948,1.0,0.932663661203451,-0.009083013547299264,-0.169886148904006,0.1544188161375661,-0.14369721713471711,0.12715110616896327,0.9208984375,0.9164955592636272,exact 2^14,,,,
P1B_secondary_freeH_N2_ref_P_self_A-,"early(s=1) - late(s=3) of (window - normal) on same poses, w=2",A-,eff_exceed4,"release-aligned, N=2 free poses, target=ref",14,39,277,11,0,0,0.020299145299145296,-0.08605284706475183,0.07660037603383794,-0.06714616402116401,0.06971207264957265,0.7568359375,0.6234750749365645,0.01444043321299639,-0.1,0.07281633768404808,-0.07835066470432117,0.06571576866040531,0.849609375,0.7375947271214804,-0.02771963486249201,-0.13775746409674983,0.06883821370428513,-0.11732568027210884,0.05628888307459731,0.646484375,0.6193013263195402,exact 2^14,,,,
P1B_secondary_freeH_N2_ref_P_self_A-,"early(s=1) - late(s=3) of (window - normal) on same poses, w=3",A-,eff,"release-aligned, N=2 free poses, target=ref",14,39,277,14,0,0,0.8206823590277558,0.48541748902976095,1.0600229563765686,0.5269411100298591,1.020058035150049,0.0001220703125,7.359838816148796e-05,0.8621251617618251,0.4972858163033682,1.142906864417057,0.5390922485558162,1.0911280061152688,0.0001220703125,0.00011365166067496539,0.6539650442708488,0.4227588512814494,0.9147716340714309,0.4548258716685279,0.8691396925779121,0.0001220703125,0.00025662558263010027,exact 2^14,,,,
P1B_secondary_freeH_N2_ref_P_self_A-,"early(s=1) - late(s=3) of (window - normal) on same poses, w=3",A-,eff_exceed2,"release-aligned, N=2 free poses, target=ref",14,39,277,13,0,0,-0.08058608058608059,-0.15338863168724282,0.031387213976499656,-0.14360780423280423,0.014683908045976992,0.255126953125,0.11425783014009437,-0.09025270758122744,-0.16170285465031747,0.0196078431372549,-0.15217391304347827,0.0044062609644848014,0.226318359375,0.0761080001292309,-0.05294094133379847,-0.14599944945927087,0.039875047241118615,-0.1314506839060411,0.024115591749520222,0.301513671875,0.3044922925431936,exact 2^14,,,,
P1B_secondary_freeH_N2_ref_P_self_A-,"early(s=1) - late(s=3) of (window - normal) on same poses, w=3",A-,eff_exceed3,"release-aligned, N=2 free poses, target=ref",14,39,277,12,0,0,-0.031644281644281645,-0.12344186071864643,0.046190050259817664,-0.10309829059829059,0.031217667566351692,0.40087890625,0.3969276783257881,-0.04693140794223827,-0.14893617021276595,0.030612244897959183,-0.1268329825430234,0.016067495789610003,0.28955078125,0.24622523962771822,-0.04265691319262749,-0.2173816428280714,0.12240182932147217,-0.18622557997557998,0.09517368378975521,0.6708984375,0.6366179797562352,exact 2^14,,,,
P1B_secondary_freeH_N2_ref_P_self_A-,"early(s=1) - late(s=3) of (window - normal) on same poses, w=3",A-,eff_exceed4,"release-aligned, N=2 free poses, target=ref",14,39,277,11,0,0,0.017348392348392343,-0.0895268759018759,0.07170527933395578,-0.06848686371100164,0.06344257842025698,0.669921875,0.6498669718724466,0.007220216606498195,-0.107147212543554,0.0627708054277561,-0.08173228108369618,0.05577730400711204,0.927734375,0.8553497112090102,-0.03103559799988371,-0.16926906179138324,0.09831058491772775,-0.14451058201058203,0.07792967614396185,0.689453125,0.667157110794715,exact 2^14,,,,
P1B_secondary_freeH_N2_ref_T_gt_A+,"early(s=1) - late(s=3) of (window - normal) on same poses, w=1",A+,eff,"release-aligned, N=2 free poses, target=ref",24,117,778,24,0,0,0.003514141172412582,-0.0711799844712249,0.08898669080389225,-0.05855485500161293,0.07204352580194263,0.93120034399828,0.9268266507324942,0.012176097611895767,-0.07768358158166049,0.11205612761876475,-0.06220897901487448,0.0917927508183863,0.794041029794851,0.7863585030715412,0.02540754684195437,-0.04414866044381022,0.09941624260263228,-0.03413781014471844,0.08765162436756083,0.5159524202378988,0.5076871907167634,MC 200000,,,,
P1B_secondary_freeH_N2_ref_T_gt_A+,"early(s=1) - late(s=3) of (window - normal) on same poses, w=1",A+,eff_exceed2,"release-aligned, N=2 free poses, target=ref",24,117,778,16,0,0,-0.00010175010175010282,-0.028388409961685818,0.04361350269274375,-0.02466259856446772,0.03586195322306432,0.9984650076749616,0.9956289594469769,0.0012853470437017994,-0.02666666666666667,0.04567963301509918,-0.02272850389047572,0.037736998138487333,1.0,0.9443879810721743,0.021536343624295184,-0.008733465608465609,0.05265395446173357,-0.004164133565303515,0.04746354085216461,0.19127404362978184,0.19014187608387173,MC 200000,,,,
P1B_secondary_freeH_N2_ref_T_gt_A+,"early(s=1) - late(s=3) of (window - normal) on same poses, w=1",A+,eff_exceed3,"release-aligned, N=2 free poses, target=ref",24,117,778,15,0,0,-0.03510378510378511,-0.06609475993476568,-0.0032965403222099884,-0.06018542656316378,-0.00845599845722155,0.08899455502722486,0.028866464084972787,-0.03598971722365039,-0.07169147068238306,-0.0036101083032490976,-0.06451612903225806,-0.008710584707126393,0.10494447527762361,0.03632381283063891,-0.01559581028292543,-0.044396214214852604,0.010699186882607443,-0.0401107234081372,0.006900762699715896,0.30283848580757095,0.29540133023432896,MC 200000,,,,
P1B_secondary_freeH_N2_ref_T_gt_A+,"early(s=1) - late(s=3) of (window - normal) on same poses, w=1",A+,eff_exceed4,"release-aligned, N=2 free poses, target=ref",24,117,778,13,0,0,-0.012583095916429247,-0.045266181544881774,0.01150838237916889,-0.038678675412240515,0.008007834854371839,0.4796526017369913,0.38606574479702427,-0.010282776349614395,-0.04348023356742681,0.013366549106607672,-0.03676522589233713,0.010115728781838208,0.6319168404157979,0.47580816487612754,-0.009496085910417807,-0.03166764839616402,0.010055131861772483,-0.027643970363528548,0.007358303115307418,0.4159679201603992,0.39569590900250695,MC 200000,,,,
P1B_secondary_freeH_N2_ref_T_gt_A+,"early(s=1) - late(s=3) of (window - normal) on same poses, w=2",A+,eff,"release-aligned, N=2 free poses, target=ref",24,117,778,24,0,0,-0.0003089004106285885,-0.07948269927880532,0.09354365616605535,-0.06743169292120248,0.07498844581899443,0.994480027599862,0.9941769195049323,0.00042832092693945883,-0.08810468625815292,0.09321317511197658,-0.0739310154870358,0.07490721788608823,0.9929350353248234,0.9922121919681783,0.00946830916381639,-0.07967051697694832,0.10339575701838767,-0.06586128396185141,0.08843628290065092,0.8461407692961536,0.8450484665435576,MC 200000,,,,
P1B_secondary_freeH_N2_ref_T_gt_A+,"early(s=1) - late(s=3) of (window - normal) on same poses, w=2",A+,eff_exceed2,"release-aligned, N=2 free poses, target=ref",24,117,778,16,0,0,0.002442002442002444,-0.031165399641009395,0.046782829649476644,-0.026005990043414546,0.03943485896610895,0.9015404922975385,0.8996337723879996,0.0012853470437017994,-0.03221305228535328,0.04494466250021056,-0.026820735112669653,0.03697235186265521,1.0,0.9454869395166832,-0.0007166192626475859,-0.052476400906187826,0.04354871660609483,-0.04292715168363002,0.03691033140187748,0.9806150969245154,0.9772367219995279,MC 200000,,,,
P1B_secondary_freeH_N2_ref_T_gt_A+,"early(s=1) - late(s=3) of (window - normal) on same poses, w=2",A+,eff_exceed3,"release-aligned, N=2 free poses, target=ref",24,117,778,15,0,0,0.0014753764753764758,-0.01852907509157509,0.03157557988473163,-0.016063038742066875,0.026294346920577225,0.9109404452977735,0.9087902557410499,0.0012853470437017994,-0.018867924528301886,0.03125,-0.016010427696699046,0.02581388565324308,1.0,0.9181567812932228,0.010289655253863998,-0.013970342147874475,0.0358191301993738,-0.010173393740877577,0.03141289073699403,0.4360528197359013,0.43050962479738686,MC 200000,,,,
P1B_secondary_freeH_N2_ref_T_gt_A+,"early(s=1) - late(s=3) of (window - normal) on same poses, w=2",A+,eff_exceed4,"release-aligned, N=2 free poses, target=ref",24,117,778,14,0,0,-0.03077940577940578,-0.06658504748053068,-0.005096313887873994,-0.059427799142604966,-0.008551643231875792,0.04689476552617237,0.05655373732828656,-0.032133676092544985,-0.07313292489045717,-0.004255093282739308,-0.06521739130434782,-0.00767497160704146,0.06910465447672762,0.07642893451930867,-0.017384416050903122,-0.044281594941616494,0.007695699133939975,-0.03968830177545156,0.004158374526774303,0.2219238903805481,0.2145313285674328,MC 200000,,,,
P1B_secondary_freeH_N2_ref_T_gt_A+,"early(s=1) - late(s=3) of (window - normal) on same poses, w=3",A+,eff,"release-aligned, N=2 free poses, target=ref",24,117,778,24,0,0,-0.011857862973354932,-0.08584228732113693,0.05579418119548185,-0.07387675475732136,0.04420573959689134,0.7321713391433042,0.7365648429685172,-0.008850003082210255,-0.09017393556923546,0.06151929012563647,-0.07801304681772966,0.049595614671771836,0.8133959330203349,0.8161226694998046,-0.00325457769416695,-0.10168257295504875,0.09005872187420708,-0.08493836903518298,0.0753149064761761,0.9497252513737431,0.9489892024188171,MC 200000,,,,
P1B_secondary_freeH_N2_ref_T_gt_A+,"early(s=1) - late(s=3) of (window - normal) on same poses, w=3",A+,eff_exceed2,"release-aligned, N=2 free poses, target=ref",24,117,778,15,0,0,-0.00807217473884141,-0.03270664594846588,0.027123994786918192,-0.02932456285665874,0.02054427673847316,0.6290968545157274,0.5994995703096028,-0.010282776349614395,-0.03538190990025764,0.026321024710316828,-0.03209601011626151,0.0197684152773353,0.6096719516402418,0.5187302385238637,-0.012015483276643991,-0.059398608256960195,0.027306104733560068,-0.051715270888447976,0.021939218395691608,0.6735016324918376,0.6025092211283907,MC 200000,,,,
P1B_secondary_freeH_N2_ref_T_gt_A+,"early(s=1) - late(s=3) of (window - normal) on same poses, w=3",A+,eff_exceed3,"release-aligned, N=2 free poses, target=ref",24,117,778,17,0,0,-0.007427757427757428,-0.02822070055595735,0.014049779638442427,-0.024532793262718955,0.010037756361285767,0.4846725766371168,0.47468534205281254,-0.006426735218508998,-0.029014153973608736,0.0149086847870738,-0.024692374966949374,0.011076286596091375,0.631276843615782,0.5480909173134956,-0.007560455735614808,-0.041625692377645504,0.0230613940928782,-0.035435576689168635,0.018182446829306417,0.6839815800920995,0.6579721948692105,MC 200000,,,,
P1B_secondary_freeH_N2_ref_T_gt_A+,"early(s=1) - late(s=3) of (window - normal) on same poses, w=3",A+,eff_exceed4,"release-aligned, N=2 free poses, target=ref",24,117,778,12,0,0,-0.027252068918735585,-0.04241640021316281,-0.010702803421838223,-0.039608591791979945,-0.013463579876395005,0.013474932625336873,0.0016110926436472936,-0.02699228791773779,-0.04330179320193997,-0.01090909090909091,-0.04000210748155954,-0.013558556835137937,0.02310488447557762,0.0018547686019966421,-0.01404032857555538,-0.03374085857203673,0.006190312102251499,-0.030659057893990926,0.0025768469105394358,0.20251898740506297,0.19847670348497565,MC 200000,,,,
P1B_secondary_freeH_N2_ref_T_gt_A-,"early(s=1) - late(s=3) of (window - normal) on same poses, w=1",A-,eff,"release-aligned, N=2 free poses, target=ref",14,39,277,14,0,0,-0.24439773380905266,-0.5281906036331157,0.0723079473789187,-0.47839125677852523,0.022124990441012803,0.2005615234375,0.11910593703514553,-0.24569177632327452,-0.5541149430253671,0.06487919467322868,-0.49817694707463495,0.020558529525418354,0.1915283203125,0.13017211685783278,-0.30644569051049586,-0.7600477341991286,0.09168620698472142,-0.682912858429014,0.03601773469815271,0.208740234375,0.20376698475878727,exact 2^14,,,,
P1B_secondary_freeH_N2_ref_T_gt_A-,"early(s=1) - late(s=3) of (window - normal) on same poses, w=1",A-,eff_exceed2,"release-aligned, N=2 free poses, target=ref",14,39,277,8,0,0,-0.041107041107041095,-0.07811261107313737,0.03517566538399868,-0.07289241622574956,0.018055555555555554,0.2578125,0.12097971055206182,-0.036101083032490974,-0.0736556606435448,0.040229885057471264,-0.06824236560873577,0.02362437683455245,0.359375,0.17208646017011614,0.01252798127798128,-0.07360166288737717,0.1053815810512239,-0.060732727920227915,0.08896202177452173,0.8203125,0.7960943549214659,exact 2^14,,,,
P1B_secondary_freeH_N2_ref_T_gt_A-,"early(s=1) - late(s=3) of (window - normal) on same poses, w=1",A-,eff_exceed3,"release-aligned, N=2 free poses, target=ref",14,39,277,10,0,0,-0.035358160358160355,-0.08129057359884252,0.029853037867150753,-0.07513369236583523,0.0234922723475355,0.62890625,0.2892752550724199,-0.036101083032490974,-0.08493200558584918,0.03045762659403243,-0.07828327761601783,0.023952095808383235,0.71875,0.29751375011038367,-1.8169661026836862e-06,-0.055207243153671724,0.05148927626606198,-0.045776734839234834,0.04371992921100064,1.0,0.9999488395785596,exact 2^14,,,,
P1B_secondary_freeH_N2_ref_T_gt_A-,"early(s=1) - late(s=3) of (window - normal) on same poses, w=1",A-,eff_exceed4,"release-aligned, N=2 free poses, target=ref",14,39,277,10,0,0,-0.07936507936507937,-0.12802216138171515,-0.01752553644914757,-0.12033491426873778,-0.02633252164502168,0.04296875,0.014784626414628188,-0.08303249097472924,-0.13513513513513514,-0.018114307016167033,-0.12738976465091115,-0.027622404267479545,0.0546875,0.01735057475867607,-0.07601641083783942,-0.1496433295540438,-0.01126700680272109,-0.13768969126111982,-0.020625018169661044,0.0546875,0.05732140878590642,exact 2^14,,,,
P1B_secondary_freeH_N2_ref_T_gt_A-,"early(s=1) - late(s=3) of (window - normal) on same poses, w=2",A-,eff,"release-aligned, N=2 free poses, target=ref",14,39,277,14,0,0,-0.5688916741740132,-0.8809357364907368,-0.22295155618521803,-0.824392646557478,-0.2792543327735483,0.0040283203125,0.003989632717466611,-0.563143609708114,-0.9169818839645371,-0.1999418065833481,-0.848442770018074,-0.2607218565037125,0.007080078125,0.007474695906002942,-0.6713129785532,-1.200358323117789,-0.27412957449704395,-1.111754151183288,-0.32210904645719945,0.0015869140625,0.021080457353536704,exact 2^14,,,,
P1B_secondary_freeH_N2_ref_T_gt_A-,"early(s=1) - late(s=3) of (window - normal) on same poses, w=2",A-,eff_exceed2,"release-aligned, N=2 free poses, target=ref",14,39,277,12,0,0,-0.09483109483109482,-0.16832190303657693,-0.010959836833284043,-0.15433734755163325,-0.026436312530062567,0.0556640625,0.02244806972022264,-0.07581227436823104,-0.1548409813721036,0.005321305347901061,-0.13761800292514292,-0.009569377990430622,0.123046875,0.05832722148731715,-0.10422480958195245,-0.21806586683818827,0.024069985900343028,-0.2028683535379964,0.0024122950462236023,0.1259765625,0.12503491283133336,exact 2^14,,,,
P1B_secondary_freeH_N2_ref_T_gt_A-,"early(s=1) - late(s=3) of (window - normal) on same poses, w=2",A-,eff_exceed3,"release-aligned, N=2 free poses, target=ref",14,39,277,12,0,0,-0.07575295075295074,-0.14925444925444922,-0.031518869452542925,-0.1375924366851786,-0.037081128747795414,0.0126953125,0.022992910658174263,-0.06498194945848375,-0.14136125654450263,-0.021083544705136344,-0.1269075819837241,-0.02631578947368421,0.03125,0.043492610130844614,-0.08486685272399559,-0.16484788359788358,-0.004199099511599586,-0.151951603290889,-0.016534391534391533,0.06982421875,0.06926179617498952,exact 2^14,,,,
P1B_secondary_freeH_N2_ref_T_gt_A-,"early(s=1) - late(s=3) of (window - normal) on same poses, w=2",A-,eff_exceed4,"release-aligned, N=2 free poses, target=ref",14,39,277,9,0,0,-0.05677655677655678,-0.104875283446712,0.01805590986394557,-0.09842768838304553,0.007246376811594199,0.22265625,0.09698062320082743,-0.05415162454873646,-0.10362773284468595,0.01895809586657867,-0.0975609756097561,0.008968609865470852,0.30078125,0.12473358701276013,-0.027298098726670154,-0.08433902407116692,0.02962018140589569,-0.07590920983778127,0.020833333333333332,0.38671875,0.38800755767940864,exact 2^14,,,,
P1B_secondary_freeH_N2_ref_T_gt_A-,"early(s=1) - late(s=3) of (window - normal) on same poses, w=3",A-,eff,"release-aligned, N=2 free poses, target=ref",14,39,277,14,0,0,-0.3973128770143905,-0.8281948915196642,0.13491218223231968,-0.7616363049495919,0.04627735467938538,0.2308349609375,0.14148683177868668,-0.3824772252899929,-0.8819914239926182,0.20683413198412157,-0.8058997368789752,0.11207045680082352,0.281982421875,0.21140111838243913,-0.5780905976472572,-1.1765257614355988,-0.16524820939930046,-1.0704450760843336,-0.21141754819523434,0.009521484375,0.05372583488072545,exact 2^14,,,,
P1B_secondary_freeH_N2_ref_T_gt_A-,"early(s=1) - late(s=3) of (window - normal) on same poses, w=3",A-,eff_exceed2,"release-aligned, N=2 free poses, target=ref",14,39,277,12,0,0,-0.05163817663817664,-0.12648947310405642,0.025281585698252326,-0.11270408163265304,0.010487985516787349,0.236328125,0.168782569502889,-0.05415162454873646,-0.1282051282051282,0.01639512919112188,-0.11347709411539199,0.0040650406504065045,0.22802734375,0.13307090963909296,-0.09283061515204373,-0.21556422248386534,0.012449170373277495,-0.19473497732426304,-0.001866660125588722,0.169921875,0.1517329409989652,exact 2^14,,,,
P1B_secondary_freeH_N2_ref_T_gt_A-,"early(s=1) - late(s=3) of (window - normal) on same poses, w=3",A-,eff_exceed3,"release-aligned, N=2 free poses, target=ref",14,39,277,10,0,0,-0.08801383801383802,-0.19228238486050986,-0.033409332482993236,-0.16978512558869702,-0.04070650824683083,0.017578125,0.033072364128554375,-0.07942238267148015,-0.17777777777777778,-0.02864397321428574,-0.1564245810055866,-0.03536896294131022,0.03125,0.035670400166275124,-0.11911121286121286,-0.24092993233618235,-0.01707925424443282,-0.2200457693761265,-0.03165981670445958,0.0625,0.06656730741756048,exact 2^14,,,,
P1B_secondary_freeH_N2_ref_T_gt_A-,"early(s=1) - late(s=3) of (window - normal) on same poses, w=3",A-,eff_exceed4,"release-aligned, N=2 free poses, target=ref",14,39,277,12,0,0,-0.020757020757020756,-0.10585391595496893,0.04620979532163743,-0.08957764384593653,0.03414027648096274,0.546875,0.5566504169763876,-0.010830324909747292,-0.09836065573770492,0.0599468664850136,-0.08176652322630475,0.047753228240818374,0.8447265625,0.7698095725178049,-0.027897697540554683,-0.1093219900139543,0.05286390197104482,-0.09750703165881738,0.040678146258503356,0.52197265625,0.5277362066110713,exact 2^14,,,,
P1B_secondary_freeH_N2_ref_T_self_A+,"early(s=1) - late(s=3) of (window - normal) on same poses, w=1",A+,eff,"release-aligned, N=2 free poses, target=ref",24,117,778,24,0,0,0.06849568578480643,-0.018037488950735304,0.2065650411771228,-0.008157199973651545,0.18249523160823877,0.21093894530527346,0.239225700161388,0.0642351298067266,-0.019918210934881577,0.20124406490769692,-0.009190018970941545,0.17674573313131306,0.21689891550542248,0.2524925597895177,0.09008190079829008,-0.012084595535136518,0.2071296575113052,0.002923364303741724,0.18754802069968377,0.12955935220323897,0.12847582158405715,MC 200000,,,,
P1B_secondary_freeH_N2_ref_T_self_A+,"early(s=1) - late(s=3) of (window - normal) on same poses, w=1",A+,eff_exceed2,"release-aligned, N=2 free poses, target=ref",24,117,778,17,0,0,0.03959774793108126,0.013480862110999099,0.0765387464443742,0.017136469041710976,0.07008255385487527,0.006819965900170499,0.022813719206267454,0.042416452442159386,0.015961892502731587,0.08102790821327217,0.01966844627445507,0.07448509209171102,0.007134964325178374,0.017830132274569983,0.043040555142874526,0.015389078803615956,0.0715868977300371,0.019973934577023657,0.06681990165159293,0.0064949675251623745,0.0067222596319750525,MC 200000,,,,
P1B_secondary_freeH_N2_ref_T_self_A+,"early(s=1) - late(s=3) of (window - normal) on same poses, w=1",A+,eff_exceed3,"release-aligned, N=2 free poses, target=ref",24,117,778,14,0,0,0.002204585537918871,-0.023303698616198614,0.02498353289959394,-0.01869344857629853,0.02109216568455699,0.8524207378963106,0.853245387892202,0.0012853470437017994,-0.026463087310225238,0.025210967977653882,-0.02149597293524047,0.021248562795796674,1.0,0.918968425745642,0.0063702001394427485,-0.016794430984798134,0.03119735720557378,-0.013104077478692628,0.026729766140172532,0.626441867790661,0.6149996455578238,MC 200000,,,,
P1B_secondary_freeH_N2_ref_T_self_A+,"early(s=1) - late(s=3) of (window - normal) on same poses, w=1",A+,eff_exceed4,"release-aligned, N=2 free poses, target=ref",24,117,778,12,0,0,0.0029677113010446333,-0.01862909919747168,0.02732785054983329,-0.014848573305236226,0.02306660353535352,0.81360093199534,0.7886974839389325,0.0038560411311053984,-0.01777817319098458,0.0279072718687286,-0.013817323686954305,0.023292583429834708,0.8482157589212054,0.7201855108419032,0.0031609908091589137,-0.016429599482872648,0.02426810907852125,-0.013138993654214557,0.020811763791963138,0.7733761331193344,0.7666893271048896,MC 200000,,,,
P1B_secondary_freeH_N2_ref_T_self_A+,"early(s=1) - late(s=3) of (window - normal) on same poses, w=2",A+,eff,"release-aligned, N=2 free poses, target=ref",24,117,778,24,0,0,0.15024005443014177,0.06003255156796873,0.2861531480191297,0.0720536850570848,0.2620287064372556,0.0027999860000699995,0.014608125763618326,0.1530579978362083,0.05910328548583746,0.3003658157842892,0.07149374635851438,0.27485246262432084,0.002824985875070625,0.019351125136740793,0.17943362766307916,0.07692365236594792,0.28568272623670776,0.09333256213229368,0.2686457181631817,0.0024699876500617495,0.0033101064912660046,MC 200000,,,,
P1B_secondary_freeH_N2_ref_T_self_A+,"early(s=1) - late(s=3) of (window - normal) on same poses, w=2",A+,eff_exceed2,"release-aligned, N=2 free poses, target=ref",24,117,778,17,0,0,0.04648283814950482,0.008071469211515508,0.0984355651243949,0.013090330593935294,0.09122338809603492,0.020959895200523996,0.07306344156701938,0.04884318766066838,0.007583402114007296,0.10485459025585032,0.013142174432497013,0.09720279005072818,0.02778486107569462,0.08159042425200866,0.05923919875261727,0.03179125188149973,0.08839534688895513,0.036106319802825346,0.08380199611373923,0.00037499812500937495,0.0004982686324272248,MC 200000,,,,
P1B_secondary_freeH_N2_ref_T_self_A+,"early(s=1) - late(s=3) of (window - normal) on same poses, w=2",A+,eff_exceed3,"release-aligned, N=2 free poses, target=ref",24,117,778,15,0,0,0.02579365079365079,-0.00015419963376667715,0.06104853247193185,0.0035949877985742965,0.05489417989417989,0.09241953790231049,0.116220239478464,0.02442159383033419,-0.0013850895762656512,0.05979469556789144,0.0025027273178069073,0.0534840429957237,0.13089934550327248,0.1307183307670164,0.020691474226983256,-0.00269042345146871,0.04637516486878914,0.0007088224418119744,0.04212668588348493,0.1247043764781176,0.12425116605795987,MC 200000,,,,
P1B_secondary_freeH_N2_ref_T_self_A+,"early(s=1) - late(s=3) of (window - normal) on same poses, w=2",A+,eff_exceed4,"release-aligned, N=2 free poses, target=ref",24,117,778,15,0,0,0.010412427079093746,-0.011296118208482342,0.03350603508996605,-0.007995386638304366,0.02944061890912284,0.36454317728411356,0.35188850408814965,0.010282776349614395,-0.012931592817580845,0.0343267700819188,-0.009146806689328336,0.029650166750422577,0.4515277423612882,0.3725289948198395,0.013147193144499176,-0.008486876895753514,0.036119862935595694,-0.005351084998175517,0.032525214947089945,0.277438612806936,0.2711846298422016,MC 200000,,,,
P1B_secondary_freeH_N2_ref_T_self_A+,"early(s=1) - late(s=3) of (window - normal) on same poses, w=3",A+,eff,"release-aligned, N=2 free poses, target=ref",24,117,778,24,0,0,0.15846053717744948,0.05226829532226829,0.32048125987406934,0.06552466559720592,0.2942873923531051,0.007179964100179499,0.031308108935532576,0.1587444089775358,0.051991219625855976,0.3264984008319671,0.06514097237361743,0.30023196398664015,0.006479967600161999,0.034408751950010835,0.1753356391519474,0.06599076526911847,0.2915303309007885,0.0816693426849598,0.27376029789793277,0.0062899685501572496,0.006391205078949038,MC 200000,,,,
P1B_secondary_freeH_N2_ref_T_self_A+,"early(s=1) - late(s=3) of (window - normal) on same poses, w=3",A+,eff_exceed2,"release-aligned, N=2 free poses, target=ref",24,117,778,15,0,0,0.02391127391127391,-0.029552301103368178,0.08754201085195983,-0.021778977149486133,0.08088119830680399,0.4767476162619187,0.48149951790129697,0.02056555269922879,-0.0375248708949051,0.08947419619086626,-0.028935903179854793,0.082857544141252,0.655841720791396,0.5831898362522474,0.04325722965591089,0.01244812343140481,0.07615684489193186,0.016841615597388383,0.07049666654856383,0.015579922100389498,0.01608668449409972,MC 200000,,,,
P1B_secondary_freeH_N2_ref_T_self_A+,"early(s=1) - late(s=3) of (window - normal) on same poses, w=3",A+,eff_exceed3,"release-aligned, N=2 free poses, target=ref",24,117,778,17,0,0,0.03768145434812101,0.01449401992672045,0.07162580309901737,0.017867115982195345,0.06614394498641947,0.0038699806500967497,0.016690758747308403,0.04113110539845758,0.01694882634621156,0.07750868432479373,0.02035555301284252,0.07128712871287128,0.005189974050129749,0.01329726205556135,0.04989769514926021,0.022283869845831052,0.08057710931594858,0.026127842510327882,0.07595532622571696,0.002004989975050125,0.004123521117394328,MC 200000,,,,
P1B_secondary_freeH_N2_ref_T_self_A+,"early(s=1) - late(s=3) of (window - normal) on same poses, w=3",A+,eff_exceed4,"release-aligned, N=2 free poses, target=ref",24,117,778,14,0,0,0.013176638176638176,-0.0066050258680855675,0.02697236663820822,-0.0028282234348805573,0.025003440385816155,0.20406897965510173,0.12336395771052958,0.014138817480719794,-0.009478897811991332,0.029919492946005453,-0.0047698550930098315,0.027777777777777776,0.2895235523822381,0.15440646009722978,0.008618700912676691,-0.008481904954670246,0.027517784312799186,-0.005800254708364828,0.02408394210573756,0.3769631151844241,0.35798522501219454,MC 200000,,,,
P1B_secondary_freeH_N2_ref_T_self_A-,"early(s=1) - late(s=3) of (window - normal) on same poses, w=1",A-,eff,"release-aligned, N=2 free poses, target=ref",14,39,277,14,0,0,0.5288317661551817,0.27532931618026235,1.0312096717929142,0.29902267492043244,0.9185493858150193,0.0009765625,0.01411318135084384,0.5831184684982942,0.2725607075837135,1.1980179585604913,0.30084492092737175,1.0638086487540408,0.0010986328125,0.026243664597935985,0.48276676829643217,0.2041942983039848,0.8905616151228375,0.23373552629000843,0.8071130948681767,0.0015869140625,0.021311392313710188,exact 2^14,,,,
P1B_secondary_freeH_N2_ref_T_self_A-,"early(s=1) - late(s=3) of (window - normal) on same poses, w=1",A-,eff_exceed2,"release-aligned, N=2 free poses, target=ref",14,39,277,14,0,0,0.032763532763532756,-0.030215210137085134,0.11728719265483965,-0.018732142857142857,0.09960317460317461,0.2987060546875,0.31572884478964564,0.02888086642599278,-0.027586735773217685,0.11220089479001291,-0.017241379310344827,0.0940623179965055,0.369140625,0.34523403717566803,0.09624469445898018,-0.022345049130763413,0.21197562358276636,-0.004932699575556722,0.195344387755102,0.148681640625,0.15190531107033622,exact 2^14,,,,
P1B_secondary_freeH_N2_ref_T_self_A-,"early(s=1) - late(s=3) of (window - normal) on same poses, w=1",A-,eff_exceed3,"release-aligned, N=2 free poses, target=ref",14,39,277,10,0,0,0.051994301994301995,-0.003385387488328666,0.09475681193886765,0.00718028664457236,0.08649255156608095,0.107421875,0.03299058418283312,0.05415162454873646,0.005881492948056417,0.09047672915319974,0.015873015873015872,0.08333333333333333,0.1015625,0.011914977048397524,0.057705026455026454,-0.011055012282690853,0.1427166005291005,-0.0017018613000755857,0.12698412698412698,0.1640625,0.17563476402947203,exact 2^14,,,,
P1B_secondary_freeH_N2_ref_T_self_A-,"early(s=1) - late(s=3) of (window - normal) on same poses, w=1",A-,eff_exceed4,"release-aligned, N=2 free poses, target=ref",14,39,277,9,0,0,0.024979649979649975,-0.045396825396825394,0.07013139073458839,-0.03439484126984127,0.06316645457995669,0.50390625,0.39578866730792417,0.02888086642599278,-0.04117916891527253,0.07324909400395342,-0.029411764705882353,0.06666666666666667,0.50390625,0.3151773751403376,0.006464765393336819,-0.050935374149659866,0.06561991249491246,-0.041666666666666664,0.056831974242688515,0.84765625,0.8378047328802765,exact 2^14,,,,
P1B_secondary_freeH_N2_ref_T_self_A-,"early(s=1) - late(s=3) of (window - normal) on same poses, w=2",A-,eff,"release-aligned, N=2 free poses, target=ref",14,39,277,14,0,0,0.6069237884925255,0.24053152679917386,1.270521618268844,0.2860866799708909,1.1354479180195824,0.0086669921875,0.029659933308581042,0.6688239072862706,0.22496181516223218,1.4492769918131612,0.2790922431976884,1.292787623428634,0.013671875,0.044236475828098545,0.7183188469183849,0.10731092453914727,1.4145585781282284,0.1971033388905838,1.2932912107226007,0.04833984375,0.055472391788830205,exact 2^14,,,,
P1B_secondary_freeH_N2_ref_T_self_A-,"early(s=1) - late(s=3) of (window - normal) on same poses, w=2",A-,eff_exceed2,"release-aligned, N=2 free poses, target=ref",14,39,277,12,0,0,-0.030626780626780627,-0.09009777837902837,0.07769467070453913,-0.08235867446393759,0.05605266563146997,0.587890625,0.46868429999845473,-0.036101083032490974,-0.09354957889718735,0.06563755313755312,-0.08579426977550302,0.046153846153846156,0.6083984375,0.3782603540989897,0.02068434211291354,-0.08385434836327693,0.1496608632769347,-0.07095652363509505,0.12646465637537055,0.78662109375,0.7463212320374782,exact 2^14,,,,
P1B_secondary_freeH_N2_ref_T_self_A-,"early(s=1) - late(s=3) of (window - normal) on same poses, w=2",A-,eff_exceed3,"release-aligned, N=2 free poses, target=ref",14,39,277,11,0,0,0.006461131461131455,-0.07525091664346051,0.07276698043558506,-0.05982204861111111,0.05902777777777777,0.8466796875,0.8444577613466052,-0.0036101083032490976,-0.08074876689806357,0.05914016356201726,-0.06493506493506493,0.0472983630318015,1.0,0.9072943758626087,0.018638438281295414,-0.08718166753881039,0.15150408453979877,-0.07357731554160125,0.12672847985347982,0.806640625,0.7738733378142807,exact 2^14,,,,
P1B_secondary_freeH_N2_ref_T_self_A-,"early(s=1) - late(s=3) of (window - normal) on same poses, w=2",A-,eff_exceed4,"release-aligned, N=2 free poses, target=ref",14,39,277,12,0,0,0.012973137973137972,-0.06520619137806638,0.06264922288359788,-0.04923171446608946,0.05405448596238066,0.6708984375,0.6543768423376962,0.010830324909747292,-0.07042479234380643,0.06177606177606178,-0.053475935828877004,0.053255650402560854,0.8125,0.7161828169330814,0.005407291121576828,-0.09326223544973543,0.1055378401360544,-0.07903820716320716,0.09006446595732306,0.9189453125,0.9206996371099594,exact 2^14,,,,
P1B_secondary_freeH_N2_ref_T_self_A-,"early(s=1) - late(s=3) of (window - normal) on same poses, w=3",A-,eff,"release-aligned, N=2 free poses, target=ref",14,39,277,14,0,0,0.6851937316410839,0.45154072459747213,1.0203926623677937,0.4920043566569711,0.9535458870267339,0.001953125,0.0001501496822102965,0.7240986673063893,0.45033378929079176,1.1369786702585958,0.49344814860984215,1.0585981075649058,0.002197265625,0.0005704132059977614,0.6800560322883246,0.3551578783605836,1.0339789385731692,0.4009420597355863,0.9724854160133228,0.001953125,0.0022844614677463826,exact 2^14,,,,
P1B_secondary_freeH_N2_ref_T_self_A-,"early(s=1) - late(s=3) of (window - normal) on same poses, w=3",A-,eff_exceed2,"release-aligned, N=2 free poses, target=ref",14,39,277,11,0,0,-0.04904354904354906,-0.11825396825396826,0.052250514403292155,-0.10860862651560327,0.039049302549302514,0.5908203125,0.3116271648443373,-0.05776173285198556,-0.12814096744225328,0.04225352112676056,-0.11765385137888873,0.029536904242273062,0.57421875,0.2404371811669232,-0.016732440839583692,-0.10100623582766441,0.07000307067271352,-0.08715168759811616,0.05591013649049363,0.7216796875,0.7141384359250873,exact 2^14,,,,
P1B_secondary_freeH_N2_ref_T_self_A-,"early(s=1) - late(s=3) of (window - normal) on same poses, w=3",A-,eff_exceed3,"release-aligned, N=2 free poses, target=ref",14,39,277,12,0,0,-0.055097680097680096,-0.12431847304894181,0.034801941609977266,-0.11265618928048307,0.017924107142857124,0.2412109375,0.15158767582020807,-0.061371841155234655,-0.13109881047580968,0.022224702380952345,-0.11842105263157894,0.005820874861572435,0.21044921875,0.10257262047745684,-0.04740282865282867,-0.18548675613407756,0.1055485602360601,-0.16667120908192334,0.08003417713239136,0.55029296875,0.546630532451498,exact 2^14,,,,
P1B_secondary_freeH_N2_ref_T_self_A-,"early(s=1) - late(s=3) of (window - normal) on same poses, w=3",A-,eff_exceed4,"release-aligned, N=2 free poses, target=ref",14,39,277,11,0,0,-0.004019129019129019,-0.08152173913043478,0.04072791184951625,-0.06632700302343159,0.033854580026455014,0.8798828125,0.88787536762375,-0.010830324909747292,-0.09090909090909091,0.038461538461538464,-0.07339708702638263,0.030201342281879196,0.7919921875,0.7133372068446111,-0.0241165910808768,-0.12698412698412698,0.07453054138321984,-0.1097411186696901,0.06023715041572177,0.6630859375,0.6593136404631863,exact 2^14,,,,
P1B_secondary_freeH_N3_gt_P_gt_A+,"early(s=1) - late(s=3) of (window - normal) on same poses, w=1",A+,eff,"release-aligned, N=3 free poses, target=gt",16,51,342,16,0,0,0.11372431777519866,0.04563037421722791,0.19988446986690228,0.05834426905954262,0.1842258405557258,0.014984130859375,0.0066486876786837085,0.11383804483483113,0.049242673917590324,0.20456134522320488,0.06055027878104704,0.1866065881617531,0.013397216796875,0.006274576379725162,0.11149805729249543,-0.03173904778850373,0.25834985290848295,-0.009953658671965513,0.23388840467741986,0.163543701171875,0.16302532899846664,exact 2^16,,,,
P1B_secondary_freeH_N3_gt_P_gt_A+,"early(s=1) - late(s=3) of (window - normal) on same poses, w=1",A+,eff_exceed2,"release-aligned, N=3 free poses, target=gt",16,51,342,12,0,0,0.04656862745098039,-0.00800661313179027,0.125003166160081,-0.0006764069264069279,0.11111595044521866,0.177734375,0.195443578210486,0.04093567251461988,-0.011444623748363114,0.12121212121212122,-0.0044444444444444444,0.10724737977032243,0.2490234375,0.24715332913098764,0.029834537981859414,-0.04394850127551019,0.10185892325680272,-0.031304297760770976,0.0907253578514739,0.451171875,0.4487635050352895,exact 2^16,,,,
P1B_secondary_freeH_N3_gt_P_gt_A+,"early(s=1) - late(s=3) of (window - normal) on same poses, w=1",A+,eff_exceed3,"release-aligned, N=3 free poses, target=gt",16,51,342,9,0,0,0.020230314347961405,-0.020621412627551017,0.06155458421083418,-0.013633768561187917,0.0540877684407096,0.3671875,0.3183294746912247,0.02046783625730994,-0.01953316482843137,0.06061117936117929,-0.012711864406779662,0.053061224489795916,0.42578125,0.2914874298853097,0.009151785714285713,-0.035293898809523806,0.05094246031746031,-0.027678571428571427,0.04486607142857142,0.69921875,0.6918066393491689,exact 2^16,,,,
P1B_secondary_freeH_N3_gt_P_gt_A+,"early(s=1) - late(s=3) of (window - normal) on same poses, w=1",A+,eff_exceed4,"release-aligned, N=3 free poses, target=gt",16,51,342,8,0,0,0.006069094304388421,-0.019751226167449572,0.02391215106732348,-0.015122265122265123,0.021008760647115984,0.6484375,0.5743357636842877,0.008771929824561403,-0.02,0.027210884353741496,-0.015151515151515152,0.024390243902439025,0.671875,0.455029732163707,-0.006820436507936508,-0.04055059523809524,0.024925595238095236,-0.03459821428571429,0.019971478174603083,0.7265625,0.6990738909913566,exact 2^16,,,,
P1B_secondary_freeH_N3_gt_P_gt_A+,"early(s=1) - late(s=3) of (window - normal) on same poses, w=2",A+,eff,"release-aligned, N=3 free poses, target=gt",16,51,342,16,0,0,0.11511870964259478,-0.09613450599602971,0.27398262286395847,-0.05406011535203235,0.24915768013799808,0.290191650390625,0.21856354096140496,0.12673629271982198,-0.07612046868433886,0.2737119619317956,-0.03378913502672491,0.24964701920145058,0.238067626953125,0.14712387954792244,0.07044328385474431,-0.14395900098948033,0.2730850577575342,-0.10740251768979951,0.24208815840299056,0.54541015625,0.5397439422605627,exact 2^16,,,,
P1B_secondary_freeH_N3_gt_P_gt_A+,"early(s=1) - late(s=3) of (window - normal) on same poses, w=2",A+,eff_exceed2,"release-aligned, N=3 free poses, target=gt",16,51,342,11,0,0,0.043884220354808594,-0.04001069766097089,0.125995415057915,-0.023430544042246173,0.1124771062271061,0.3095703125,0.28839635398491714,0.038011695906432746,-0.042784191319914615,0.12254901960784313,-0.02657133312776236,0.10661817680962873,0.380859375,0.3423268190368254,0.0408641581632653,-0.03870898880385487,0.12500141723356006,-0.026225375566893427,0.11117869543650791,0.36328125,0.3576278078883911,exact 2^16,,,,
P1B_secondary_freeH_N3_gt_P_gt_A+,"early(s=1) - late(s=3) of (window - normal) on same poses, w=2",A+,eff_exceed3,"release-aligned, N=3 free poses, target=gt",16,51,342,10,0,0,0.05894024276377217,-0.0018020605075280995,0.11262288906790784,0.008928571428571428,0.10342261904761903,0.1015625,0.04855399437218256,0.05847953216374269,0.0,0.1095890410958904,0.010867603202009106,0.1004387706065481,0.1171875,0.03645896310516606,0.018711026077097504,-0.042411954365079364,0.07782481221655328,-0.032345875850340135,0.068375141723356,0.556640625,0.5641965057665077,exact 2^16,,,,
P1B_secondary_freeH_N3_gt_P_gt_A+,"early(s=1) - late(s=3) of (window - normal) on same poses, w=2",A+,eff_exceed4,"release-aligned, N=3 free poses, target=gt",16,51,342,10,0,0,0.010776532835356364,-0.032740495391705066,0.039022951522951495,-0.023196203768863867,0.03470288876163064,0.572265625,0.5315606124618012,0.011695906432748537,-0.03141656053959718,0.039139117354151716,-0.021551724137931036,0.03481091378550285,0.6328125,0.48188506833909506,-0.01086309523809524,-0.059399801587301584,0.031846478174603156,-0.050793650793650794,0.025892857142857138,0.669921875,0.6625296639327332,exact 2^16,,,,
P1B_secondary_freeH_N3_gt_P_gt_A+,"early(s=1) - late(s=3) of (window - normal) on same poses, w=3",A+,eff,"release-aligned, N=3 free poses, target=gt",16,51,342,16,0,0,0.06098779165459591,-0.3215744932589346,0.27520763056603414,-0.235836403477329,0.2504158281737467,0.7685546875,0.6745308709645347,0.072936771772891,-0.2797694436111889,0.2736328955957115,-0.20062419065594503,0.24800878431673995,0.67291259765625,0.5772550947412907,0.001364302564884512,-0.47882313597572446,0.3192276719064518,-0.3981219455102248,0.2898591549141752,0.998931884765625,0.9951056199400364,exact 2^16,,,,
P1B_secondary_freeH_N3_gt_P_gt_A+,"early(s=1) - late(s=3) of (window - normal) on same poses, w=3",A+,eff_exceed2,"release-aligned, N=3 free poses, target=gt",16,51,342,11,0,0,0.03622004357298474,-0.02061460982569319,0.10269270546056257,-0.010694928377855212,0.09142965367965367,0.236328125,0.2405182890836841,0.029239766081871343,-0.02493092062088546,0.10303302079086828,-0.015733293908929625,0.09119662363455806,0.3671875,0.35721687727649065,0.0555360685941043,-0.03311060622165532,0.14397631448412693,-0.01919766865079365,0.1288257334183673,0.25390625,0.24682357123779405,exact 2^16,,,,
P1B_secondary_freeH_N3_gt_P_gt_A+,"early(s=1) - late(s=3) of (window - normal) on same poses, w=3",A+,eff_exceed3,"release-aligned, N=3 free poses, target=gt",16,51,342,11,0,0,0.03400248988484282,-0.02882300448089922,0.08730158730158728,-0.01587301587301588,0.07738095238095237,0.2783203125,0.21629086848783563,0.03216374269005848,-0.02575305259490363,0.08308626597399947,-0.013453669731696637,0.0734723889555822,0.2900390625,0.20380891294377118,0.01123157596371882,-0.0696924603174603,0.08843537414965985,-0.05654761904761904,0.07685126133786846,0.7939453125,0.7912251292330373,exact 2^16,,,,
P1B_secondary_freeH_N3_gt_P_gt_A+,"early(s=1) - late(s=3) of (window - normal) on same poses, w=3",A+,eff_exceed4,"release-aligned, N=3 free poses, target=gt",16,51,342,9,0,0,0.024665421724245254,-0.03343858376684007,0.07895734682761993,-0.023015873015873014,0.07011958874458873,0.46484375,0.3729472813017606,0.023391812865497075,-0.030613222300414418,0.07633657182512144,-0.02083878708551483,0.06713912768313907,0.4921875,0.36253126674365055,-0.007025935374149659,-0.06932247378117914,0.050886213860544205,-0.05972930839002267,0.042338081065759606,0.890625,0.8284546530390652,exact 2^16,,,,
P1B_secondary_freeH_N3_gt_P_gt_A-,"early(s=1) - late(s=3) of (window - normal) on same poses, w=1",A-,eff,"release-aligned, N=3 free poses, target=gt",9,17,116,9,0,0,0.9784191974126171,0.6397371624081286,1.364181142784995,0.6625941713068838,1.3228081602487411,0.00390625,0.0027181732932208104,0.977316877093424,0.6555334008192563,1.3508943730419094,0.6777622629960769,1.3098484556393648,0.00390625,0.0020684577500589773,0.7964203273295747,0.5901591093473383,1.093162224501184,0.6120084878128892,1.0458868291495955,0.00390625,0.0004607975544247195,exact 2^9,,,,
P1B_secondary_freeH_N3_gt_P_gt_A-,"early(s=1) - late(s=3) of (window - normal) on same poses, w=1",A-,eff_exceed2,"release-aligned, N=3 free poses, target=gt",9,17,116,8,0,0,0.061974789915966375,-0.01996768904320987,0.1534391534391534,-0.005958581349206345,0.13571637426900582,0.1953125,0.18747411282189388,0.04310344827586207,-0.03676470588235294,0.14102564102564102,-0.023809523809523808,0.12195121951219512,0.4453125,0.36295677480040894,0.08156966490299823,-0.02854938271604938,0.20590828924162258,-0.012345679012345678,0.18498126102292745,0.296875,0.2373226224978176,exact 2^9,,,,
P1B_secondary_freeH_N3_gt_P_gt_A-,"early(s=1) - late(s=3) of (window - normal) on same poses, w=1",A-,eff_exceed3,"release-aligned, N=3 free poses, target=gt",9,17,116,8,0,0,0.10480859010270775,-0.06107142857142855,0.24868551587301577,-0.03540903540903539,0.22746598639455784,0.359375,0.25929580717385275,0.09482758620689655,-0.0619486176853948,0.24161213646532437,-0.038834951456310676,0.21875,0.4375,0.2995096535663509,0.10091490299823631,-0.03791887125220457,0.23017250881834192,-0.013999118165784826,0.21141975308641978,0.203125,0.20790722627876643,exact 2^9,,,,
P1B_secondary_freeH_N3_gt_P_gt_A-,"early(s=1) - late(s=3) of (window - normal) on same poses, w=1",A-,eff_exceed4,"release-aligned, N=3 free poses, target=gt",9,17,116,6,0,0,0.049486461251167124,-0.09509991496598641,0.17979242979242976,-0.07844932844932845,0.16287968975468975,0.6875,0.5477661991451082,0.04310344827586207,-0.09649830220713072,0.17557509799876206,-0.07937409812409811,0.15603945035460978,0.8125,0.5951302283552898,0.0224316578483245,-0.08752204585537919,0.14396770282186935,-0.07126322751322751,0.1230902777777775,0.6875,0.7305263566407555,exact 2^9,,,,
P1B_secondary_freeH_N3_gt_P_gt_A-,"early(s=1) - late(s=3) of (window - normal) on same poses, w=2",A-,eff,"release-aligned, N=3 free poses, target=gt",9,17,116,9,0,0,0.8899431757267297,0.382956648183159,1.3014213351266724,0.4516525427481726,1.2444553559785076,0.01171875,0.008308908859985248,0.8445300792921382,0.34552363497349897,1.2681956225107576,0.41437294354210014,1.2131872206033736,0.01171875,0.011741439350061455,0.7543660891464147,0.3962331333335924,1.117301514576873,0.45071292936812557,1.0642327421279858,0.0078125,0.004888935185235273,exact 2^9,,,,
P1B_secondary_freeH_N3_gt_P_gt_A-,"early(s=1) - late(s=3) of (window - normal) on same poses, w=2",A-,eff_exceed2,"release-aligned, N=3 free poses, target=gt",9,17,116,7,0,0,-0.1154295051353875,-0.3125,0.058994708994708996,-0.28255772005772006,0.0466307997557997,0.59375,0.3479616905166919,-0.12931034482758622,-0.3148148148148148,0.0392156862745098,-0.28662420382165604,0.02654867256637168,0.5,0.2666585197178043,-0.056161816578483244,-0.20045194003527336,0.05864197530864198,-0.1736111111111111,0.04478615520282139,0.5625,0.451295509615933,exact 2^9,,,,
P1B_secondary_freeH_N3_gt_P_gt_A-,"early(s=1) - late(s=3) of (window - normal) on same poses, w=2",A-,eff_exceed3,"release-aligned, N=3 free poses, target=gt",9,17,116,7,0,0,-0.12838468720821664,-0.26266101347946585,0.04646577380952375,-0.2430083144368859,0.020833333333333325,0.265625,0.1634206943002996,-0.14655172413793102,-0.273972602739726,0.02411897590361413,-0.25600487804878047,0.0,0.21875,0.1043373350197241,-0.051366843033509704,-0.20171957671957672,0.10515873015873015,-0.1784611992945326,0.0792548500881834,0.5,0.552462522097104,exact 2^9,,,,
P1B_secondary_freeH_N3_gt_P_gt_A-,"early(s=1) - late(s=3) of (window - normal) on same poses, w=2",A-,eff_exceed4,"release-aligned, N=3 free poses, target=gt",9,17,116,7,0,0,0.014705882352941183,-0.10256410256410257,0.12222222222222222,-0.08333333333333333,0.10416666666666667,0.875,0.8084874869388248,0.0,-0.104,0.10526315789473684,-0.08791208791208792,0.08695652173913043,1.0,1.0,0.031635802469135804,-0.09259259259259259,0.14891975308641975,-0.06790123456790124,0.13117283950617284,0.671875,0.6391630838975392,exact 2^9,,,,
P1B_secondary_freeH_N3_gt_P_gt_A-,"early(s=1) - late(s=3) of (window - normal) on same poses, w=3",A-,eff,"release-aligned, N=3 free poses, target=gt",9,17,116,9,0,0,0.939670110552079,0.5477387218688561,1.3118475213340395,0.592995625223849,1.2416054440208624,0.00390625,0.0028756868956588267,0.9207675017040465,0.548032146491983,1.276926094039544,0.5908271460953981,1.211785133298279,0.00390625,0.002243607654199321,0.8073022102433584,0.5518983016497834,1.0885546254677787,0.5848290840625223,1.0409134321513356,0.00390625,0.0005524938395693329,exact 2^9,,,,
P1B_secondary_freeH_N3_gt_P_gt_A-,"early(s=1) - late(s=3) of (window - normal) on same poses, w=3",A-,eff_exceed2,"release-aligned, N=3 free poses, target=gt",9,17,116,6,0,0,-0.16876750700280113,-0.3465376984126984,-0.020833333333333332,-0.32106782106782106,-0.028645833333333336,0.0625,0.13914406014777425,-0.1724137931034483,-0.34615384615384615,-0.028298564974754234,-0.321104265720217,-0.037037037037037035,0.0625,0.11903193494211048,-0.13784171075837745,-0.26267636684303347,-0.034722222222222224,-0.23865465167548502,-0.04717813051146384,0.0625,0.055742447078786485,exact 2^9,,,,
P1B_secondary_freeH_N3_gt_P_gt_A-,"early(s=1) - late(s=3) of (window - normal) on same poses, w=3",A-,eff_exceed3,"release-aligned, N=3 free poses, target=gt",9,17,116,7,0,0,-0.12698412698412698,-0.3165188234384663,0.0682091065592903,-0.2923881673881674,0.04533076050933192,0.484375,0.2999669406320314,-0.13793103448275862,-0.32051282051282054,0.057692307692307696,-0.2974804328920668,0.03260869565217391,0.4375,0.2448031103023626,-0.05252425044091711,-0.2118648037918871,0.1065917107583774,-0.18518794091710764,0.07805335097001748,0.578125,0.5551425802831323,exact 2^9,,,,
P1B_secondary_freeH_N3_gt_P_gt_A-,"early(s=1) - late(s=3) of (window - normal) on same poses, w=3",A-,eff_exceed4,"release-aligned, N=3 free poses, target=gt",9,17,116,7,0,0,-0.12780112044817926,-0.2700517457436695,0.061517857142857,-0.248125,0.03641456582633053,0.328125,0.18354770011657937,-0.13793103448275862,-0.2765957446808511,0.0430224403927067,-0.2540983606557377,0.02040816326530612,0.28125,0.13882351799692927,-0.04039902998236332,-0.20128141534391536,0.11816578483245148,-0.17476851851851852,0.09523809523809523,0.640625,0.6511582345826146,exact 2^9,,,,
P1B_secondary_freeH_N3_gt_P_self_A+,"early(s=1) - late(s=3) of (window - normal) on same poses, w=1",A+,eff,"release-aligned, N=3 free poses, target=gt",16,51,342,16,0,0,-0.020945743087965613,-0.09983222285137335,0.08899162949054466,-0.08748030990377366,0.06812307935279693,0.664886474609375,0.6450125757887515,-0.005609369193472734,-0.08255079616338047,0.09776378870332113,-0.06955949557990589,0.07732018228851076,0.894378662109375,0.8942183108450505,0.060515969854376184,-0.08154801159073075,0.20753853138180806,-0.058712033140817424,0.18380715901214936,0.43603515625,0.4382824742145589,exact 2^16,,,,
P1B_secondary_freeH_N3_gt_P_self_A+,"early(s=1) - late(s=3) of (window - normal) on same poses, w=1",A+,eff_exceed2,"release-aligned, N=3 free poses, target=gt",16,51,342,12,0,0,0.004084967320261437,-0.03308458593306863,0.04398168312040263,-0.02651554940157881,0.0369047619047619,0.82861328125,0.8291900174623976,0.005847953216374269,-0.03309041329802063,0.044335471952963605,-0.02557544757033248,0.037281073446327674,0.873046875,0.750929231506793,-0.0020213293650793614,-0.0643359375,0.05673518105158728,-0.054874131944444446,0.04779265873015873,0.951171875,0.9507226461855414,exact 2^16,,,,
P1B_secondary_freeH_N3_gt_P_self_A+,"early(s=1) - late(s=3) of (window - normal) on same poses, w=1",A+,eff_exceed3,"release-aligned, N=3 free poses, target=gt",16,51,342,9,0,0,-0.008870214752567695,-0.030573593073593076,0.01670571781458877,-0.026961141599496943,0.011585884353741496,0.47265625,0.45145782230501974,-0.005847953216374269,-0.0313588850174216,0.018989757464489287,-0.026490066225165563,0.014205218655751821,0.8125,0.632242779275588,-0.0036210317460317453,-0.04147073412698412,0.03571428571428571,-0.03561507936507936,0.028994295634920616,0.84375,0.8610559024091671,exact 2^16,,,,
P1B_secondary_freeH_N3_gt_P_self_A+,"early(s=1) - late(s=3) of (window - normal) on same poses, w=1",A+,eff_exceed4,"release-aligned, N=3 free poses, target=gt",16,51,342,8,0,0,-0.01116557734204793,-0.03266541280864197,0.010692560292850985,-0.028056442080378254,0.0065958815958815946,0.34375,0.2740187302573705,-0.008771929824561403,-0.030191538021726697,0.011811023622047244,-0.025865261813537672,0.0077932224025973875,0.5625,0.3660987829112661,-0.006808035714285716,-0.04594649057539683,0.03330853174603174,-0.03952256944444444,0.027282366071428563,0.8359375,0.7489277486035886,exact 2^16,,,,
P1B_secondary_freeH_N3_gt_P_self_A+,"early(s=1) - late(s=3) of (window - normal) on same poses, w=2",A+,eff,"release-aligned, N=3 free poses, target=gt",16,51,342,16,0,0,0.036189270229171136,-0.2529399865622107,0.22073812843041152,-0.19758485782749166,0.19622037071231557,0.786285400390625,0.7683624159530954,0.05854034524774087,-0.23234305959981671,0.23433567713798978,-0.1769386863365833,0.21237967039767758,0.670745849609375,0.627748962116689,-0.009749104728409487,-0.19211269064034453,0.15640500114342826,-0.16210802199813257,0.13458185863175737,0.918914794921875,0.9179637300906247,exact 2^16,,,,
P1B_secondary_freeH_N3_gt_P_self_A+,"early(s=1) - late(s=3) of (window - normal) on same poses, w=2",A+,eff_exceed2,"release-aligned, N=3 free poses, target=gt",16,51,342,12,0,0,-0.013499844382197328,-0.09405112044817929,0.03733960250766973,-0.08042060677698976,0.03205762757778008,0.7099609375,0.7044267619632912,-0.014619883040935672,-0.09500142585551331,0.03438414366064796,-0.08134052388289675,0.029415707301687372,0.7568359375,0.6764470285809003,-0.023880385487528345,-0.08296618126417234,0.03683035714285714,-0.07415674603174603,0.027388924319727875,0.4658203125,0.4622564298852635,exact 2^16,,,,
P1B_secondary_freeH_N3_gt_P_self_A+,"early(s=1) - late(s=3) of (window - normal) on same poses, w=2",A+,eff_exceed3,"release-aligned, N=3 free poses, target=gt",16,51,342,10,0,0,0.03478057889822596,-0.07368815592203898,0.11012423864894788,-0.05483876174583308,0.09821428571428571,0.5078125,0.4654015365988796,0.038011695906432746,-0.07113049065237491,0.10893328825783186,-0.05263157894736842,0.09748450897875385,0.51171875,0.4115538889482322,-0.016395620748299315,-0.07651599702380953,0.047718253968253944,-0.06770833333333333,0.036381271258503364,0.6328125,0.6263710453860003,exact 2^16,,,,
P1B_secondary_freeH_N3_gt_P_self_A+,"early(s=1) - late(s=3) of (window - normal) on same poses, w=2",A+,eff_exceed4,"release-aligned, N=3 free poses, target=gt",16,51,342,10,0,0,0.0015561780267662635,-0.04473402503293807,0.0448188650460184,-0.036375661375661374,0.036500082671957666,0.935546875,0.9423765861131477,0.005847953216374269,-0.04327017716535433,0.04673001269695896,-0.034722222222222224,0.0392156862745098,0.896484375,0.7860780629904452,-0.008159722222222218,-0.05190972222222222,0.03945994543650794,-0.045461309523809515,0.03130084325396824,0.744140625,0.7378715536672709,exact 2^16,,,,
P1B_secondary_freeH_N3_gt_P_self_A+,"early(s=1) - late(s=3) of (window - normal) on same poses, w=3",A+,eff,"release-aligned, N=3 free poses, target=gt",16,51,342,16,0,0,0.16372814451209483,-0.26870706189601284,0.4240998298024075,-0.1893672411973671,0.3944727757513286,0.40997314453125,0.3759391903821063,0.19335656697610784,-0.23296550506705974,0.43680760568978544,-0.15636095495443852,0.40747256443394514,0.38641357421875,0.27714626922988655,0.1400392246001446,-0.1312448375662524,0.3552428479905072,-0.07859358606648821,0.3282773212176995,0.3155517578125,0.3017504840623389,exact 2^16,,,,
P1B_secondary_freeH_N3_gt_P_self_A+,"early(s=1) - late(s=3) of (window - normal) on same poses, w=3",A+,eff_exceed2,"release-aligned, N=3 free poses, target=gt",16,51,342,9,0,0,0.02587145969498911,-0.0468518680847748,0.07505275521579868,-0.03394146550078557,0.06852586713697824,0.5,0.4143324679867477,0.02631578947368421,-0.04615546218487395,0.07711789763628206,-0.03274053473848556,0.06982044894056066,0.51171875,0.4007495529726882,0.02122838718820862,-0.03393052012471655,0.07785284686791379,-0.025272906037414965,0.06798442814625844,0.48828125,0.47272450195244486,exact 2^16,,,,
P1B_secondary_freeH_N3_gt_P_self_A+,"early(s=1) - late(s=3) of (window - normal) on same poses, w=3",A+,eff_exceed3,"release-aligned, N=3 free poses, target=gt",16,51,342,10,0,0,0.010698723934018044,-0.09747074083011584,0.08520259872241573,-0.07794830297710482,0.07511461106181601,0.83984375,0.8209208781814297,0.014619883040935672,-0.09090909090909091,0.08280430728085299,-0.07192191780821917,0.07407778520002962,0.80859375,0.7431416032465583,-0.003488166099773239,-0.07478697208049886,0.0638572225765306,-0.06312251984126983,0.053174603174603166,0.94140625,0.9260069822363688,exact 2^16,,,,
P1B_secondary_freeH_N3_gt_P_self_A+,"early(s=1) - late(s=3) of (window - normal) on same poses, w=3",A+,eff_exceed4,"release-aligned, N=3 free poses, target=gt",16,51,342,9,0,0,0.026416122004357296,-0.05718927154195011,0.08308180658627086,-0.0429617117117117,0.07507652614323874,0.55859375,0.4551755119336022,0.029239766081871343,-0.05537268137727607,0.08333333333333333,-0.041801865685327594,0.07592607551008197,0.5234375,0.4012946764392352,-0.011924248866213152,-0.06708851509353742,0.045191857993197235,-0.059006696428571426,0.035467067035147376,0.6953125,0.6903676183371132,exact 2^16,,,,
P1B_secondary_freeH_N3_gt_P_self_A-,"early(s=1) - late(s=3) of (window - normal) on same poses, w=1",A-,eff,"release-aligned, N=3 free poses, target=gt",9,17,116,9,0,0,-0.3197793351332784,-0.7367460612234873,-0.0012418789541415978,-0.6475738696149309,-0.04793172875993442,0.12109375,0.11980137873691993,-0.3077334308677734,-0.6874329436391903,-0.024553023222094836,-0.6066528122002455,-0.06474561389317185,0.09375,0.10115573358963795,-0.4547768409339097,-0.9977465243065893,-0.017936356783197577,-0.8991485081127104,-0.0724145150627076,0.1015625,0.13035580806311875,exact 2^9,,,,
P1B_secondary_freeH_N3_gt_P_self_A-,"early(s=1) - late(s=3) of (window - normal) on same poses, w=1",A-,eff_exceed2,"release-aligned, N=3 free poses, target=gt",9,17,116,8,0,0,-0.014355742296918765,-0.08383113662131518,0.04125037973722182,-0.07050021397447867,0.03286811101252094,0.6875,0.6612903386814699,-0.017241379310344827,-0.07955681818181817,0.03418803418803419,-0.0673076923076923,0.026327433628318412,0.765625,0.5641635600603552,-0.03229717813051146,-0.12455908289241623,0.044532627865961204,-0.10791446208112875,0.034507275132275056,0.578125,0.5039134182791429,exact 2^9,,,,
P1B_secondary_freeH_N3_gt_P_self_A-,"early(s=1) - late(s=3) of (window - normal) on same poses, w=1",A-,eff_exceed3,"release-aligned, N=3 free poses, target=gt",9,17,116,7,0,0,-0.021241830065359478,-0.15001984126984125,0.060457516339869274,-0.12314814814814815,0.05,0.71875,0.698617543018786,-0.02586206896551724,-0.13725490196078433,0.05309734513274336,-0.11506126616746085,0.04132231404958678,0.75,0.6050981223736287,-0.058256172839506175,-0.22608024691358025,0.06018518518518518,-0.19753086419753085,0.04899691358024691,0.796875,0.4908971647976156,exact 2^9,,,,
P1B_secondary_freeH_N3_gt_P_self_A-,"early(s=1) - late(s=3) of (window - normal) on same poses, w=1",A-,eff_exceed4,"release-aligned, N=3 free poses, target=gt",9,17,116,7,0,0,-0.09372082166199813,-0.20188802083333332,0.018700857535996734,-0.18334325396825396,0.0018732492997197967,0.234375,0.14813588956549453,-0.09482758620689655,-0.20290127492644655,0.01887241689128475,-0.18571428571428572,0.0,0.25,0.1463835809654309,-0.08327821869488534,-0.22255428791887127,0.037920249118165765,-0.19863591269841271,0.021610449735449653,0.3125,0.2743542412937423,exact 2^9,,,,
P1B_secondary_freeH_N3_gt_P_self_A-,"early(s=1) - late(s=3) of (window - normal) on same poses, w=2",A-,eff,"release-aligned, N=3 free poses, target=gt",9,17,116,9,0,0,-0.2682650876741053,-0.8151911086871565,0.21211784289365224,-0.729062568673753,0.15947347951195814,0.4375,0.3709541796822709,-0.23714286531685766,-0.7619945619710506,0.2040645640811322,-0.6759365685275971,0.15877499259564573,0.45703125,0.40044587150757416,-0.3378733558931607,-0.9819444521948896,0.15616218540373783,-0.8686504581722577,0.10604069397374222,0.31640625,0.30435952361655916,exact 2^9,,,,
P1B_secondary_freeH_N3_gt_P_self_A-,"early(s=1) - late(s=3) of (window - normal) on same poses, w=2",A-,eff_exceed2,"release-aligned, N=3 free poses, target=gt",9,17,116,6,0,0,-0.01925770308123249,-0.1577448593073593,0.07440476190476192,-0.12976190476190474,0.0625,0.78125,0.7506281264567453,-0.017241379310344827,-0.14285714285714285,0.06837606837606838,-0.11580357142857141,0.056451612903225805,0.875,0.7516517083356445,-0.07572751322751323,-0.2516699735449735,0.05324074074074074,-0.21693121693121692,0.041666666666666664,0.5,0.39664040615821416,exact 2^9,,,,
P1B_secondary_freeH_N3_gt_P_self_A-,"early(s=1) - late(s=3) of (window - normal) on same poses, w=2",A-,eff_exceed3,"release-aligned, N=3 free poses, target=gt",9,17,116,7,0,0,-0.030929038281979467,-0.1636204481792717,0.07058121494211717,-0.13541666666666666,0.05605985449735438,0.609375,0.6121747997606022,-0.02586206896551724,-0.14772727272727273,0.06837606837606838,-0.12222222222222222,0.05454545454545454,0.75,0.6460961793829252,-0.06977513227513228,-0.2470320767195767,0.07065696649029982,-0.21473214285714284,0.05412257495590828,0.546875,0.4506024160047435,exact 2^9,,,,
P1B_secondary_freeH_N3_gt_P_self_A-,"early(s=1) - late(s=3) of (window - normal) on same poses, w=2",A-,eff_exceed4,"release-aligned, N=3 free poses, target=gt",9,17,116,7,0,0,-0.043300653594771234,-0.18596064814814814,0.08698952241715396,-0.1587363591269841,0.06781045751633986,0.5625,0.5549057598183296,-0.034482758620689655,-0.17346938775510204,0.09259736540664368,-0.1487603305785124,0.07407407407407407,0.71875,0.6317769932721435,-0.06751543209876544,-0.26080246913580246,0.09221643518518505,-0.22800925925925927,0.07021604938271604,0.5625,0.49906195651420315,exact 2^9,,,,
P1B_secondary_freeH_N3_gt_P_self_A-,"early(s=1) - late(s=3) of (window - normal) on same poses, w=3",A-,eff,"release-aligned, N=3 free poses, target=gt",9,17,116,9,0,0,-0.16865541393707748,-0.6070288806994367,0.2792850064934624,-0.5423593586324464,0.21528144681220768,0.51953125,0.5140479592872456,-0.173162472443268,-0.5764949318342957,0.24375670931796903,-0.518235465211644,0.18206042088263058,0.4765625,0.46703502242527006,-0.25280928933585617,-0.7296970427522574,0.17338837335502583,-0.6520667012673517,0.11553253761315642,0.37890625,0.3426073027004507,exact 2^9,,,,
P1B_secondary_freeH_N3_gt_P_self_A-,"early(s=1) - late(s=3) of (window - normal) on same poses, w=3",A-,eff_exceed2,"release-aligned, N=3 free poses, target=gt",9,17,116,4,0,0,0.06232492997198878,-0.07738095238095237,0.18043154761904762,-0.05697278911564625,0.16141456582633054,0.5,0.3880808837875519,0.0603448275862069,-0.05737940456001507,0.17045674770965463,-0.04,0.1523809523809524,0.5,0.34648336065909785,0.0355489417989418,-0.06481481481481481,0.13657407407407407,-0.0474537037037037,0.11855158730158728,0.625,0.5256092778778347,exact 2^9,,,,
P1B_secondary_freeH_N3_gt_P_self_A-,"early(s=1) - late(s=3) of (window - normal) on same poses, w=3",A-,eff_exceed3,"release-aligned, N=3 free poses, target=gt",9,17,116,5,0,0,-0.01680672268907563,-0.16666666666666666,0.08771929824561403,-0.1369047619047619,0.07246376811594202,0.875,0.8013818644637197,-0.017241379310344827,-0.14852538445333893,0.078016954787234,-0.12371134020618557,0.064,0.875,0.7723351053321155,-0.08112874779541446,-0.26102292768959434,0.058641975308641965,-0.22535273368606698,0.042328042328042326,0.5,0.3720856457992768,exact 2^9,,,,
P1B_secondary_freeH_N3_gt_P_self_A-,"early(s=1) - late(s=3) of (window - normal) on same poses, w=3",A-,eff_exceed4,"release-aligned, N=3 free poses, target=gt",9,17,116,7,0,0,-0.016923436041083102,-0.13427579365079362,0.07394510582010576,-0.11024305555555554,0.06043956043956045,0.78125,0.7515353997229746,-0.008620689655172414,-0.11494507171193163,0.07070930544381868,-0.09231415643180349,0.058333333333333334,1.0,0.8555734245612834,-0.04238315696649031,-0.2187596450617284,0.08686067019400351,-0.18783068783068782,0.07451499118165784,0.828125,0.6333987723796278,exact 2^9,,,,
P1B_secondary_freeH_N3_gt_T_gt_A+,"early(s=1) - late(s=3) of (window - normal) on same poses, w=1",A+,eff,"release-aligned, N=3 free poses, target=gt",16,51,342,16,0,0,0.1247297533814506,0.04472735601064901,0.21222393687277094,0.05933442686205105,0.1959978715444952,0.017578125,0.0070347735037133065,0.12822651882327832,0.04798931797840173,0.214143121872671,0.06333898661912189,0.19737749191735596,0.01654052734375,0.004653372421784567,0.14874270095415934,0.025971478146654636,0.2885170294191225,0.043077583702405095,0.2639419114927204,0.036407470703125,0.050792241519348406,exact 2^16,,,,
P1B_secondary_freeH_N3_gt_T_gt_A+,"early(s=1) - late(s=3) of (window - normal) on same poses, w=1",A+,eff_exceed2,"release-aligned, N=3 free poses, target=gt",16,51,342,11,0,0,0.031512605042016806,-0.016005591630591627,0.09579964061096137,-0.009463106338106335,0.08454120901615374,0.337890625,0.2915420803908371,0.029239766081871343,-0.014030295885889424,0.09137161297580042,-0.00781454515706806,0.08016877637130802,0.3544921875,0.29024150031875195,0.018098072562358278,-0.04336150085034013,0.07440724206349202,-0.03254003684807256,0.06624893707482993,0.580078125,0.573778531983907,exact 2^16,,,,
P1B_secondary_freeH_N3_gt_T_gt_A+,"early(s=1) - late(s=3) of (window - normal) on same poses, w=1",A+,eff_exceed3,"release-aligned, N=3 free poses, target=gt",16,51,342,9,0,0,0.009920634920634925,-0.03329034391534391,0.051385061864467035,-0.02525690579262007,0.043884220354808594,0.640625,0.6308169502412975,0.008771929824561403,-0.033336120401337786,0.049590888532543835,-0.02575107296137339,0.041671785421785346,0.7734375,0.6567624608106515,0.0024677579365079364,-0.04251085069444444,0.046502976190476185,-0.03542410714285713,0.0391127232142857,0.91015625,0.9172141058974184,exact 2^16,,,,
P1B_secondary_freeH_N3_gt_T_gt_A+,"early(s=1) - late(s=3) of (window - normal) on same poses, w=1",A+,eff_exceed4,"release-aligned, N=3 free poses, target=gt",16,51,342,8,0,0,0.012605042016806721,-0.00972222222222222,0.028186602766106433,-0.005754870129870131,0.025959170606776986,0.2890625,0.19287283364502686,0.014619883040935672,-0.010563846039198152,0.030555858806404653,-0.005747126436781609,0.028409090909090908,0.390625,0.16486509930574472,-0.001612103174603175,-0.03497333829365079,0.030009920634920632,-0.028652033730158726,0.02554563492063492,0.953125,0.9261921203064889,exact 2^16,,,,
P1B_secondary_freeH_N3_gt_T_gt_A+,"early(s=1) - late(s=3) of (window - normal) on same poses, w=2",A+,eff,"release-aligned, N=3 free poses, target=gt",16,51,342,16,0,0,0.10885377157969457,-0.07656520634860914,0.2835513929214583,-0.04393215251324263,0.25314029120661313,0.261993408203125,0.2296356927770552,0.11197445884935671,-0.07283201539328467,0.2847394928315732,-0.037723442826511515,0.2533814591734984,0.23883056640625,0.2021281553331285,0.09205859463820563,-0.1266526879931225,0.3057713736690179,-0.0923701177442133,0.27239627483677586,0.429412841796875,0.42846032797237854,exact 2^16,,,,
P1B_secondary_freeH_N3_gt_T_gt_A+,"early(s=1) - late(s=3) of (window - normal) on same poses, w=2",A+,eff_exceed2,"release-aligned, N=3 free poses, target=gt",16,51,342,11,0,0,0.028127917833800184,-0.023677320565907524,0.09031259055346276,-0.016205206830206827,0.0791352255187789,0.3408203125,0.3349992895046675,0.023391812865497075,-0.02577402726970402,0.08786610878661087,-0.018633540372670808,0.07604562737642585,0.458984375,0.4106753926102147,0.028601544784580494,-0.028318098072562352,0.08825135522959181,-0.01909943664965986,0.07775696215986388,0.3720703125,0.3680331036787483,exact 2^16,,,,
P1B_secondary_freeH_N3_gt_T_gt_A+,"early(s=1) - late(s=3) of (window - normal) on same poses, w=2",A+,eff_exceed3,"release-aligned, N=3 free poses, target=gt",16,51,342,10,0,0,0.042211328976034856,-0.017276886533746292,0.08663291687059291,-0.00632488171550672,0.079630574452003,0.220703125,0.11089611330102402,0.043859649122807015,-0.017937219730941704,0.08631056008754476,-0.006211180124223602,0.08,0.251953125,0.09773120000253166,0.007086167800453513,-0.04125965490362812,0.05507768211451246,-0.03385416666666667,0.047867949263038535,0.779296875,0.7841203299043371,exact 2^16,,,,
P1B_secondary_freeH_N3_gt_T_gt_A+,"early(s=1) - late(s=3) of (window - normal) on same poses, w=2",A+,eff_exceed4,"release-aligned, N=3 free poses, target=gt",16,51,342,9,0,0,0.008870214752567693,-0.016025958994708996,0.03340631759616288,-0.012007873253400253,0.02883216594827586,0.58203125,0.46815144922900165,0.008771929824561403,-0.016835016835016835,0.03333333333333333,-0.012295712484237074,0.028795811518324606,0.671875,0.46681601966557384,-0.0019717261904761913,-0.036681547619047614,0.029775545634920617,-0.031187996031746032,0.02501240079365079,0.9140625,0.9125650605428659,exact 2^16,,,,
P1B_secondary_freeH_N3_gt_T_gt_A+,"early(s=1) - late(s=3) of (window - normal) on same poses, w=3",A+,eff,"release-aligned, N=3 free poses, target=gt",16,51,342,16,0,0,0.0984402580816636,-0.07911046544585808,0.2588433272467898,-0.04903729590641807,0.2303655908150784,0.289764404296875,0.2457173714222654,0.10890669787065824,-0.06886890233157306,0.2654532162915804,-0.037829181789637935,0.23803000818734862,0.243927001953125,0.18683937192197253,0.057374770090344016,-0.16115925313606697,0.2808291049858508,-0.12652746907893353,0.2448906069343792,0.631134033203125,0.629013442002321,exact 2^16,,,,
P1B_secondary_freeH_N3_gt_T_gt_A+,"early(s=1) - late(s=3) of (window - normal) on same poses, w=3",A+,eff_exceed2,"release-aligned, N=3 free poses, target=gt",16,51,342,9,0,0,-0.017195767195767195,-0.06571525470653378,0.023809523809523808,-0.05575396825396826,0.017072054516250938,0.4375,0.42338289908913307,-0.02046783625730994,-0.06737612548030052,0.02265927406561322,-0.057971014492753624,0.01512042672949798,0.41796875,0.3379744155904876,-0.02917906746031746,-0.1159241691468254,0.0570690724206349,-0.10117063492063491,0.04336557539682539,0.51953125,0.5279521197219952,exact 2^16,,,,
P1B_secondary_freeH_N3_gt_T_gt_A+,"early(s=1) - late(s=3) of (window - normal) on same poses, w=3",A+,eff_exceed3,"release-aligned, N=3 free poses, target=gt",16,51,342,10,0,0,0.0038515406162464936,-0.04079653019744483,0.05421537609037607,-0.03266913472706156,0.04421768707482993,0.8671875,0.8691992951627423,0.0,-0.04109697416334315,0.05119529937593589,-0.03396386765727724,0.040502159867359555,1.0,1.0,0.00030824829931972667,-0.05798646541950113,0.05431609623015871,-0.048079648526077094,0.046181087018140575,0.98828125,0.9919524554958694,exact 2^16,,,,
P1B_secondary_freeH_N3_gt_T_gt_A+,"early(s=1) - late(s=3) of (window - normal) on same poses, w=3",A+,eff_exceed4,"release-aligned, N=3 free poses, target=gt",16,51,342,8,0,0,0.020658263305322125,-0.012718041762159408,0.06388558737889088,-0.007252284752284751,0.055737934904601535,0.3125,0.29049540758437736,0.02046783625730994,-0.011020554420420237,0.06349206349206349,-0.0059356012434647444,0.05504839891829046,0.3125,0.27001400985626334,0.003881448412698412,-0.03418898809523809,0.043093687996031735,-0.028459821428571425,0.036495535714285716,0.875,0.852046870610479,exact 2^16,,,,
P1B_secondary_freeH_N3_gt_T_gt_A-,"early(s=1) - late(s=3) of (window - normal) on same poses, w=1",A-,eff,"release-aligned, N=3 free poses, target=gt",9,17,116,9,0,0,0.8276822251729743,0.49918125123802576,1.1207028830827974,0.5455916364668507,1.0796907993800293,0.00390625,0.0011139220372954743,0.8670302199258019,0.5105336079521895,1.1743683648318866,0.5612954454328711,1.1307988482298243,0.00390625,0.0012740008812490396,0.7852650795140983,0.5222188144402985,1.070077979634563,0.560896278326379,1.0251895727278173,0.00390625,0.0007042641924504449,exact 2^9,,,,
P1B_secondary_freeH_N3_gt_T_gt_A-,"early(s=1) - late(s=3) of (window - normal) on same poses, w=1",A-,eff_exceed2,"release-aligned, N=3 free poses, target=gt",9,17,116,7,0,0,0.07259570494864613,0.012125220458553791,0.17743808460884355,0.019620811287477953,0.15550595238095236,0.078125,0.11314841702159367,0.0603448275862069,0.0,0.16842105263157894,0.007518796992481203,0.14705882352941177,0.25,0.19404479031136795,0.10995370370370369,0.00496031746031746,0.2502397486772484,0.012345679012345678,0.228450176366843,0.109375,0.1473619053002505,exact 2^9,,,,
P1B_secondary_freeH_N3_gt_T_gt_A-,"early(s=1) - late(s=3) of (window - normal) on same poses, w=1",A-,eff_exceed3,"release-aligned, N=3 free poses, target=gt",9,17,116,9,0,0,0.08274976657329601,-0.05777310924369747,0.23148496240601502,-0.042286706349206345,0.20914502164502166,0.453125,0.3456909727918666,0.06896551724137931,-0.06557377049180328,0.21428571428571427,-0.048792443806791,0.19298850574712634,0.578125,0.4113173356929668,0.09650573192239859,-0.026180831128747785,0.22345265652557297,-0.006960978835978822,0.20431823192239848,0.203125,0.19596385566402486,exact 2^9,,,,
P1B_secondary_freeH_N3_gt_T_gt_A-,"early(s=1) - late(s=3) of (window - normal) on same poses, w=1",A-,eff_exceed4,"release-aligned, N=3 free poses, target=gt",9,17,116,7,0,0,-0.008753501400560226,-0.15674894957983193,0.1324404761904762,-0.13562925170068027,0.11309523809523807,0.9375,0.9173102736556569,-0.017241379310344827,-0.1568627450980392,0.12389380530973451,-0.13869626926196268,0.10344827586206896,0.90625,0.8351965330579432,-0.0041887125220458525,-0.13425925925925924,0.12511849647266302,-0.11298500881834214,0.10582010582010579,0.953125,0.9542801021605881,exact 2^9,,,,
P1B_secondary_freeH_N3_gt_T_gt_A-,"early(s=1) - late(s=3) of (window - normal) on same poses, w=2",A-,eff,"release-aligned, N=3 free poses, target=gt",9,17,116,9,0,0,0.5446137646106068,0.3887622077125872,0.6727800412972311,0.415109456880908,0.6581388515196626,0.00390625,0.00010522509950104537,0.5376291050993507,0.3954043207814138,0.656090767382302,0.4197680391703931,0.6419436840629236,0.00390625,6.194751623711775e-05,0.5505695535772449,0.40970908821336044,0.664783383992443,0.43675321033185016,0.6516201800026199,0.00390625,6.138110638476208e-05,exact 2^9,,,,
P1B_secondary_freeH_N3_gt_T_gt_A-,"early(s=1) - late(s=3) of (window - normal) on same poses, w=2",A-,eff_exceed2,"release-aligned, N=3 free poses, target=gt",9,17,116,7,0,0,-0.05438842203548086,-0.12710084033613447,0.017998866213151922,-0.11518655106970324,0.010582010582010581,0.328125,0.23108587193492294,-0.0603448275862069,-0.12612612612612611,0.009615384615384616,-0.11570247933884298,0.0,0.3125,0.14991568748070655,-0.03422619047619048,-0.09816054894179893,0.03356481481481481,-0.08879243827160495,0.022707231040564373,0.390625,0.36409096759193055,exact 2^9,,,,
P1B_secondary_freeH_N3_gt_T_gt_A-,"early(s=1) - late(s=3) of (window - normal) on same poses, w=2",A-,eff_exceed3,"release-aligned, N=3 free poses, target=gt",9,17,116,7,0,0,-0.05812324929971988,-0.15504570578231294,0.06448767006802716,-0.13917233560090705,0.04180839002267573,0.390625,0.3359023042277257,-0.06896551724137931,-0.16666666666666666,0.05102694924123486,-0.15001633986928103,0.028846153846153848,0.375,0.2511315456488965,-0.009314373897707234,-0.13514798280423282,0.12484430114638435,-0.1164572310405644,0.10284391534391533,0.953125,0.8985510861390891,exact 2^9,,,,
P1B_secondary_freeH_N3_gt_T_gt_A-,"early(s=1) - late(s=3) of (window - normal) on same poses, w=2",A-,eff_exceed4,"release-aligned, N=3 free poses, target=gt",9,17,116,6,0,0,-0.021241830065359475,-0.1148148148148148,0.06944444444444445,-0.09814814814814814,0.05324074074074074,0.71875,0.6650951082711756,-0.04310344827586207,-0.13534030388471177,0.051550835407038684,-0.11941574180380149,0.036585365853658534,0.625,0.40860872879511734,0.004243827160493829,-0.10146604938271603,0.11651234567901235,-0.08371913580246913,0.09606481481481483,0.9375,0.9443853996020519,exact 2^9,,,,
P1B_secondary_freeH_N3_gt_T_gt_A-,"early(s=1) - late(s=3) of (window - normal) on same poses, w=3",A-,eff,"release-aligned, N=3 free poses, target=gt",9,17,116,9,0,0,0.5865303881792691,0.28088275842568705,0.991468975687912,0.3181858111436842,0.9247719802259976,0.00390625,0.016582918178315444,0.560010484608625,0.2684066279940016,0.9629322257710854,0.301878192488321,0.8898086150281102,0.00390625,0.018113623916489918,0.63658596708609,0.3521967548877824,0.9630197440792734,0.38856188710257067,0.9102663959333077,0.00390625,0.0054480420332680135,exact 2^9,,,,
P1B_secondary_freeH_N3_gt_T_gt_A-,"early(s=1) - late(s=3) of (window - normal) on same poses, w=3",A-,eff_exceed2,"release-aligned, N=3 free poses, target=gt",9,17,116,6,0,0,-0.10014005602240894,-0.19246031746031741,-0.003858024691358026,-0.17938890834111423,-0.016455748966253184,0.125,0.09740914897152379,-0.10344827586206896,-0.19047619047619047,-0.009900990099009901,-0.17857142857142858,-0.024183870967742077,0.125,0.07272557709331688,-0.09926146384479718,-0.18413800705467373,-0.01708278218694889,-0.16969797178130508,-0.031740520282187025,0.125,0.058791156015397625,exact 2^9,,,,
P1B_secondary_freeH_N3_gt_T_gt_A-,"early(s=1) - late(s=3) of (window - normal) on same poses, w=3",A-,eff_exceed3,"release-aligned, N=3 free poses, target=gt",9,17,116,7,0,0,-0.046918767507002815,-0.22301773313492065,0.12576312576312576,-0.1953887419165197,0.10714285714285714,0.875,0.6572220992459542,-0.05172413793103448,-0.21511627906976744,0.1149450717119316,-0.18954811809781383,0.09574468085106383,0.875,0.5976422329183051,0.0018738977072310385,-0.13503637566137566,0.1424217372134038,-0.11419753086419754,0.12125220458553791,0.96875,0.9809839420120373,exact 2^9,,,,
P1B_secondary_freeH_N3_gt_T_gt_A-,"early(s=1) - late(s=3) of (window - normal) on same poses, w=3",A-,eff_exceed4,"release-aligned, N=3 free poses, target=gt",9,17,116,7,0,0,-0.06535947712418301,-0.17981432629870128,0.08050028344671199,-0.16269841269841273,0.05876068376068376,0.5625,0.38412423481241087,-0.07758620689655173,-0.18497645043887817,0.06666666666666667,-0.16965128032345014,0.043010752688172046,0.5,0.2840186393808269,5.511463844796696e-05,-0.11915922619047621,0.130960648148148,-0.10135582010582013,0.10857859347442676,1.0,0.9993685572137551,exact 2^9,,,,
P1B_secondary_freeH_N3_gt_T_self_A+,"early(s=1) - late(s=3) of (window - normal) on same poses, w=1",A+,eff,"release-aligned, N=3 free poses, target=gt",16,51,342,16,0,0,-0.0770840079563467,-0.16395506247808228,0.026848399299617246,-0.14841813863825945,0.006547850052309197,0.160980224609375,0.0929147745320507,-0.05986985462650704,-0.14497644383762331,0.03786772060050941,-0.12903330955044723,0.018838105904085408,0.2193603515625,0.157708642853729,-0.03555908750649418,-0.23128806523116266,0.14835780438000232,-0.19908310072155047,0.12095248438066597,0.7247314453125,0.7254084061184338,exact 2^16,,,,
P1B_secondary_freeH_N3_gt_T_self_A+,"early(s=1) - late(s=3) of (window - normal) on same poses, w=1",A+,eff_exceed2,"release-aligned, N=3 free poses, target=gt",16,51,342,14,0,0,-0.00011671335200747087,-0.03777106614315917,0.05169407894736838,-0.03243042290807949,0.04228877314814813,1.0,0.9959324837861768,0.0,-0.036212751096112904,0.04927804616210409,-0.030303030303030304,0.0406112005282489,1.0,1.0,-0.0019469246031746015,-0.05889136904761904,0.0541310143849206,-0.04985367063492063,0.045365203373015826,0.9486083984375,0.9483105223734248,exact 2^16,,,,
P1B_secondary_freeH_N3_gt_T_self_A+,"early(s=1) - late(s=3) of (window - normal) on same poses, w=1",A+,eff_exceed3,"release-aligned, N=3 free poses, target=gt",16,51,342,9,0,0,-0.011048863990040458,-0.039233905040003424,0.023287494592526006,-0.03442850317850318,0.017185660037841183,0.56640625,0.4895572907411413,-0.008771929824561403,-0.03571428571428571,0.022364813313623565,-0.03111197578901859,0.01694915254237288,0.6953125,0.5379999123679049,-0.013492063492063491,-0.05741815476190476,0.03187003968253968,-0.050474950396825397,0.02405753968253968,0.5703125,0.5699594424839272,exact 2^16,,,,
P1B_secondary_freeH_N3_gt_T_self_A+,"early(s=1) - late(s=3) of (window - normal) on same poses, w=1",A+,eff_exceed4,"release-aligned, N=3 free poses, target=gt",16,51,342,7,0,0,-0.022603485838779955,-0.04365079365079364,0.004145488687899402,-0.04054180363065624,0.0009654380293915147,0.1875,0.10323122636122468,-0.02046783625730994,-0.0392156862745098,0.005847953216374269,-0.036585365853658534,0.003076923076923077,0.34375,0.1070688986480281,-0.016356646825396826,-0.04866102430555556,0.01583581349206349,-0.04357638888888889,0.010243055555555554,0.359375,0.3439463912634261,exact 2^16,,,,
P1B_secondary_freeH_N3_gt_T_self_A+,"early(s=1) - late(s=3) of (window - normal) on same poses, w=2",A+,eff,"release-aligned, N=3 free poses, target=gt",16,51,342,16,0,0,0.13879800736260822,-0.06088751127644067,0.28181665272677425,-0.033695417294714265,0.26173763277045536,0.33251953125,0.14567007350991493,0.15798910168824729,-0.0532542074015105,0.3025377015429363,-0.027118289247900114,0.28252677955416294,0.30462646484375,0.11728702306542686,0.06902909850393907,-0.12611003803570886,0.2296018840857537,-0.09235884172085664,0.20562290167688993,0.5032958984375,0.4758078422816199,exact 2^16,,,,
P1B_secondary_freeH_N3_gt_T_self_A+,"early(s=1) - late(s=3) of (window - normal) on same poses, w=2",A+,eff_exceed2,"release-aligned, N=3 free poses, target=gt",16,51,342,11,0,0,-0.01206037970743853,-0.06919811958874458,0.036416055784015716,-0.05807493894993895,0.02767335004177109,0.646484375,0.6344258553057636,-0.011695906432748537,-0.06808510638297872,0.03724972859456477,-0.056818181818181816,0.027919490684286636,0.728515625,0.6367485641876229,-0.03343962585034013,-0.1444204400510204,0.0583116319444444,-0.1225903486394558,0.04517591411564623,0.56640625,0.5415880941106365,exact 2^16,,,,
P1B_secondary_freeH_N3_gt_T_self_A+,"early(s=1) - late(s=3) of (window - normal) on same poses, w=2",A+,eff_exceed3,"release-aligned, N=3 free poses, target=gt",16,51,342,9,0,0,0.0651649548708372,-0.017574018243661102,0.1303721122898862,-0.009022081719450134,0.11922446514837813,0.328125,0.09425672197798231,0.06725146198830409,-0.018051766666122154,0.12813402344422276,-0.00909090909090909,0.11818181818181818,0.3671875,0.07889435216750319,0.011079223356009072,-0.04352678571428571,0.06786050878684802,-0.03422619047619048,0.05841039540816323,0.73828125,0.708283261926822,exact 2^16,,,,
P1B_secondary_freeH_N3_gt_T_self_A+,"early(s=1) - late(s=3) of (window - normal) on same poses, w=2",A+,eff_exceed4,"release-aligned, N=3 free poses, target=gt",16,51,342,9,0,0,0.020697167755991286,-0.02319427339901477,0.054564347290640386,-0.01744663382594417,0.048893833442628404,0.46484375,0.3060652585772377,0.023391812865497075,-0.02358490566037736,0.055558316766070204,-0.017422615671339434,0.050910553253716774,0.47265625,0.25742493514529585,-0.0009672619047619048,-0.03757626488095237,0.03584325396825389,-0.03135044642857143,0.029141865079365076,0.953125,0.9606662233860342,exact 2^16,,,,
P1B_secondary_freeH_N3_gt_T_self_A+,"early(s=1) - late(s=3) of (window - normal) on same poses, w=3",A+,eff,"release-aligned, N=3 free poses, target=gt",16,51,342,16,0,0,0.17261077167709848,0.036369245613335745,0.2795372913220389,0.059569834317572325,0.26311115015945113,0.0440673828125,0.013376728433759005,0.18881793960882276,0.04312505369947797,0.29526415566723313,0.0677808443931173,0.2793768674573476,0.038177490234375,0.009870513401933864,0.17481979572158796,0.028387146278089272,0.3282015263053305,0.049988796530653724,0.3045755567780655,0.043853759765625,0.04480357637850513,exact 2^16,,,,
P1B_secondary_freeH_N3_gt_T_self_A+,"early(s=1) - late(s=3) of (window - normal) on same poses, w=3",A+,eff_exceed2,"release-aligned, N=3 free poses, target=gt",16,51,342,9,0,0,0.014783691254279484,-0.06458439625850339,0.08709299289891394,-0.04984638200518303,0.07375237127371273,0.69921875,0.6862906589017936,0.014619883040935672,-0.06484863259607286,0.08571695095948824,-0.05048198329448329,0.07262689204029985,0.7578125,0.6844813838480989,-0.002630739795918373,-0.11168686224489796,0.1014156834608843,-0.0937765731292517,0.0849188633786848,0.98828125,0.9631984681944232,exact 2^16,,,,
P1B_secondary_freeH_N3_gt_T_self_A+,"early(s=1) - late(s=3) of (window - normal) on same poses, w=3",A+,eff_exceed3,"release-aligned, N=3 free poses, target=gt",16,51,342,11,0,0,0.027038593215063803,-0.03472325562169312,0.09242250763308109,-0.023970907483838514,0.0811965811965812,0.484375,0.39599352753873696,0.02631578947368421,-0.033784599817208515,0.08791208791208792,-0.022733766233766228,0.07692307692307693,0.5048828125,0.3721873560270008,0.006055130385487528,-0.07951388888888888,0.08559904691043083,-0.06562499999999999,0.07363059807256223,0.90234375,0.8911735858508055,exact 2^16,,,,
P1B_secondary_freeH_N3_gt_T_self_A+,"early(s=1) - late(s=3) of (window - normal) on same poses, w=3",A+,eff_exceed4,"release-aligned, N=3 free poses, target=gt",16,51,342,9,0,0,0.02805010893246187,-0.026191280566280565,0.08449800178692163,-0.018265243265243262,0.07396240411058039,0.4296875,0.31100686436618635,0.029239766081871343,-0.026788114439324114,0.08278198422406884,-0.01744186046511628,0.07272727272727272,0.4375,0.26982668186749437,-0.007031249999999999,-0.050967261904761904,0.04046378968253968,-0.044172867063492056,0.0323443700396825,0.7890625,0.7734140976419112,exact 2^16,,,,
P1B_secondary_freeH_N3_gt_T_self_A-,"early(s=1) - late(s=3) of (window - normal) on same poses, w=1",A-,eff,"release-aligned, N=3 free poses, target=gt",9,17,116,9,0,0,-0.28905485224466604,-0.7167845200493183,0.047713020072441444,-0.6363977535483678,-0.003958519658406408,0.12890625,0.17179184758735555,-0.27642161239121177,-0.741681010528228,0.07699878100072953,-0.656305276189451,0.0260866120225353,0.21875,0.22199481256683753,-0.47075098192684245,-0.9964373360543148,0.018749693989599022,-0.9076248275447233,-0.059816199583272306,0.1640625,0.12875673447275945,exact 2^9,,,,
P1B_secondary_freeH_N3_gt_T_self_A-,"early(s=1) - late(s=3) of (window - normal) on same poses, w=1",A-,eff_exceed2,"release-aligned, N=3 free poses, target=gt",9,17,116,5,0,0,-0.05112044817927171,-0.15885416666666666,0.017507002801120445,-0.13415750915750915,0.00992063492063492,0.375,0.29226026652589093,-0.05172413793103448,-0.14815731573157315,0.009615384615384616,-0.12613049943147028,0.0,0.375,0.2373907919906265,-0.08030202821869487,-0.23462301587301582,0.011188271604938271,-0.2199074074074074,0.006558641975308642,0.375,0.3120426588504774,exact 2^9,,,,
P1B_secondary_freeH_N3_gt_T_self_A-,"early(s=1) - late(s=3) of (window - normal) on same poses, w=1",A-,eff_exceed3,"release-aligned, N=3 free poses, target=gt",9,17,116,6,0,0,-0.029411764705882353,-0.13095238095238096,0.041666666666666664,-0.11111111111111112,0.03125,0.65625,0.5188506618092187,-0.02586206896551724,-0.11627906976744186,0.03676470588235294,-0.1,0.027787490287490144,0.65625,0.5188278704909572,-0.06635802469135801,-0.19135802469135804,0.026234567901234566,-0.1712962962962963,0.016975308641975308,0.375,0.30683275133320415,exact 2^9,,,,
P1B_secondary_freeH_N3_gt_T_self_A-,"early(s=1) - late(s=3) of (window - normal) on same poses, w=1",A-,eff_exceed4,"release-aligned, N=3 free poses, target=gt",9,17,116,6,0,0,-0.051470588235294115,-0.15104166666666666,0.032407407407407406,-0.1315972222222222,0.019607843137254898,0.3125,0.30816277633326594,-0.05172413793103448,-0.14678899082568808,0.02920244740231851,-0.1297709923664122,0.018018018018018018,0.34375,0.296483655732249,-0.06674382716049382,-0.19444444444444445,0.028163580246913584,-0.1724537037037037,0.017380401234567622,0.40625,0.30926234702801414,exact 2^9,,,,
P1B_secondary_freeH_N3_gt_T_self_A-,"early(s=1) - late(s=3) of (window - normal) on same poses, w=2",A-,eff,"release-aligned, N=3 free poses, target=gt",9,17,116,9,0,0,-0.13184927998073903,-0.6605770018157019,0.1573309055634746,-0.5455083243377262,0.1221892756391848,0.47265625,0.5355451122533481,-0.1195659939825783,-0.6119088079335802,0.15190305545798222,-0.5001343259186423,0.12025333215737795,0.5078125,0.5466955877796131,-0.3843149279046847,-0.9730021022765664,0.12372669946600018,-0.8774336194993522,0.058116885678382565,0.27734375,0.23435892647126444,exact 2^9,,,,
P1B_secondary_freeH_N3_gt_T_self_A-,"early(s=1) - late(s=3) of (window - normal) on same poses, w=2",A-,eff_exceed2,"release-aligned, N=3 free poses, target=gt",9,17,116,7,0,0,-0.02824463118580765,-0.16468253968253968,0.048740510697032426,-0.1362010509331938,0.040001725327812196,0.640625,0.6263283364710721,-0.02586206896551724,-0.1486558366877516,0.04511399466407953,-0.1232876712328767,0.03637027206370262,0.75,0.6195437484575324,-0.09209656084656083,-0.24966931216931215,0.02116539902998234,-0.2222222222222222,0.011086309523809401,0.28125,0.2672728259763168,exact 2^9,,,,
P1B_secondary_freeH_N3_gt_T_self_A-,"early(s=1) - late(s=3) of (window - normal) on same poses, w=2",A-,eff_exceed3,"release-aligned, N=3 free poses, target=gt",9,17,116,5,0,0,-0.015406162464985999,-0.13295558608058605,0.043958333333333294,-0.10884353741496598,0.03759920634920627,0.875,0.7395481878376493,-0.017241379310344827,-0.12346025801081979,0.03821656050955414,-0.10259053661115514,0.032,0.875,0.683367726841995,-0.07054673721340388,-0.1984126984126984,0.027336860670194002,-0.17989417989417988,0.02072310405643739,0.5,0.3039906321086066,exact 2^9,,,,
P1B_secondary_freeH_N3_gt_T_self_A-,"early(s=1) - late(s=3) of (window - normal) on same poses, w=2",A-,eff_exceed4,"release-aligned, N=3 free poses, target=gt",9,17,116,8,0,0,-0.03326330532212885,-0.11904761904761904,0.04651675485008818,-0.10277777777777777,0.03449328449328449,0.4609375,0.45698877109781055,-0.034482758620689655,-0.1130475799835931,0.041666666666666664,-0.09917355371900827,0.030314596345130528,0.546875,0.41575200789349953,-0.04585537918871252,-0.16239803791887122,0.059964726631393295,-0.1427469135802469,0.04574514991181658,0.484375,0.4705377160984645,exact 2^9,,,,
P1B_secondary_freeH_N3_gt_T_self_A-,"early(s=1) - late(s=3) of (window - normal) on same poses, w=3",A-,eff,"release-aligned, N=3 free poses, target=gt",9,17,116,9,0,0,-0.18054997436513293,-0.8759977732900288,0.31375054893725796,-0.7423465008635124,0.23753116533660038,0.5390625,0.5656542664629531,-0.18547301700861943,-0.8280768944333883,0.273303376651696,-0.7083286795407562,0.20598854082511017,0.50390625,0.5265558140852376,-0.5116732949182415,-1.2645976417845437,0.1827865884367813,-1.1390307775148745,0.08494424298772511,0.25390625,0.23284765587423728,exact 2^9,,,,
P1B_secondary_freeH_N3_gt_T_self_A-,"early(s=1) - late(s=3) of (window - normal) on same poses, w=3",A-,eff_exceed2,"release-aligned, N=3 free poses, target=gt",9,17,116,5,0,0,0.027310924369747885,-0.15328475140056022,0.17401960784313725,-0.12450396825396826,0.15219827061259247,0.8125,0.7583062676126155,0.02586206896551724,-0.1320754716981132,0.16129652605459047,-0.10577488687782804,0.139713595228301,0.875,0.742616194779574,-0.04293430335097002,-0.17807539682539683,0.10532407407407406,-0.1562141754850088,0.08052248677248677,0.625,0.5867263300157852,exact 2^9,,,,
P1B_secondary_freeH_N3_gt_T_self_A-,"early(s=1) - late(s=3) of (window - normal) on same poses, w=3",A-,eff_exceed3,"release-aligned, N=3 free poses, target=gt",9,17,116,5,0,0,0.0014005602240896309,-0.16666666666666669,0.10430839002267572,-0.13639069264069262,0.08897243107769423,1.0,0.984213603511173,0.0,-0.15151515151515152,0.09420631665299421,-0.12,0.08029197080291971,1.0,1.0,-0.06988536155202824,-0.28439153439153436,0.07407407407407407,-0.25044091710758376,0.05864197530864198,0.75,0.5070060525186997,exact 2^9,,,,
P1B_secondary_freeH_N3_gt_T_self_A-,"early(s=1) - late(s=3) of (window - normal) on same poses, w=3",A-,eff_exceed4,"release-aligned, N=3 free poses, target=gt",9,17,116,5,0,0,0.004084967320261431,-0.12268963675213675,0.0661810094408133,-0.09523809523809523,0.06018518518518518,1.0,0.9340358805746987,0.008620689655172414,-0.10465116279069768,0.06569583173261619,-0.07954545454545454,0.06015037593984962,1.0,0.8458280891023462,-0.03510802469135803,-0.2048611111111111,0.06636766975308628,-0.1882716049382716,0.0594521604938266,1.0,0.6737300354904767,exact 2^9,,,,
P1B_secondary_freeH_N3_ref_P_gt_A+,"early(s=1) - late(s=3) of (window - normal) on same poses, w=1",A+,eff,"release-aligned, N=3 free poses, target=ref",16,51,342,16,0,0,0.03719258144300548,-0.07519838082018317,0.1747917561616509,-0.057977176845358885,0.14905618142494095,0.54962158203125,0.5445154762030545,0.04848245681570657,-0.06177096739300853,0.19059955930713313,-0.044400475859882674,0.16373214767286937,0.43359375,0.4310354428431685,0.0643412831895007,-0.11007218062516572,0.2887245319165506,-0.08774023385672082,0.24929663131902038,0.64337158203125,0.5574660145149487,exact 2^16,,,,
P1B_secondary_freeH_N3_ref_P_gt_A+,"early(s=1) - late(s=3) of (window - normal) on same poses, w=1",A+,eff_exceed2,"release-aligned, N=3 free poses, target=ref",16,51,342,9,0,0,-0.00599128540305011,-0.036817174317174316,0.02048821934547675,-0.030167107894060744,0.015460482804232793,0.67578125,0.6515308863088756,-0.0029239766081871343,-0.03666743119266055,0.025751626034246265,-0.028987844787283775,0.02,1.0,0.8358705113498354,-0.013345025510204077,-0.09018583475056688,0.05827974418934238,-0.07617612670068026,0.04762143920068023,0.71484375,0.7401446240788807,exact 2^16,,,,
P1B_secondary_freeH_N3_ref_P_gt_A+,"early(s=1) - late(s=3) of (window - normal) on same poses, w=1",A+,eff_exceed3,"release-aligned, N=3 free poses, target=ref",16,51,342,10,0,0,0.020774976657329598,-0.02503808815192744,0.08684523809523806,-0.01861459861722467,0.07719597387566135,0.4765625,0.49478966122266654,0.023391812865497075,-0.020339558248331925,0.09000409836065568,-0.014247049247049245,0.08,0.44921875,0.4297174345767748,0.04058779761904762,-0.02302827380952381,0.11667224702380945,-0.014880952380952384,0.10286644345238093,0.306640625,0.2888808382342791,exact 2^16,,,,
P1B_secondary_freeH_N3_ref_P_gt_A+,"early(s=1) - late(s=3) of (window - normal) on same poses, w=1",A+,eff_exceed4,"release-aligned, N=3 free poses, target=ref",16,51,342,9,0,0,-0.03520852785558668,-0.0785339861751152,0.0025019156213209877,-0.06982181517065239,-0.003880465229570111,0.1484375,0.08233483419971967,-0.03216374269005848,-0.07373441937184348,0.0031350426844896553,-0.0653061224489796,-0.003875968992248062,0.16796875,0.08326758421955972,-0.026178075396825397,-0.07564484126984126,0.021356336805555525,-0.06722470238095238,0.013529885912698405,0.29296875,0.3168313003411283,exact 2^16,,,,
P1B_secondary_freeH_N3_ref_P_gt_A+,"early(s=1) - late(s=3) of (window - normal) on same poses, w=2",A+,eff,"release-aligned, N=3 free poses, target=ref",16,51,342,16,0,0,0.029850080014351195,-0.19599573910724014,0.2456432159153829,-0.15383159849154357,0.20523942545494017,0.798309326171875,0.7839325896458254,0.051674090763434134,-0.16508735553057272,0.2538238279425521,-0.12513710029500363,0.21533464744857758,0.641937255859375,0.6104215165675686,0.015224241586007312,-0.22454454453228762,0.23359645394526915,-0.18218394607991725,0.20186116112289282,0.905975341796875,0.9018801426703311,exact 2^16,,,,
P1B_secondary_freeH_N3_ref_P_gt_A+,"early(s=1) - late(s=3) of (window - normal) on same poses, w=2",A+,eff_exceed2,"release-aligned, N=3 free poses, target=ref",16,51,342,13,0,0,-0.0013616557734204787,-0.076036866359447,0.0568090735719079,-0.061182111733582324,0.04662990196078427,0.9814453125,0.9651714570066663,-0.0029239766081871343,-0.07602498093058734,0.05603548984853366,-0.060898249381751916,0.045565501995797474,1.0,0.9235395628845577,-0.07274482709750567,-0.15104299532312923,0.0014868994472789037,-0.13893875779478457,-0.009625318877551038,0.0869140625,0.08806825835210653,exact 2^16,,,,
P1B_secondary_freeH_N3_ref_P_gt_A+,"early(s=1) - late(s=3) of (window - normal) on same poses, w=2",A+,eff_exceed3,"release-aligned, N=3 free poses, target=ref",16,51,342,11,0,0,-0.00011671335200746924,-0.044373546977713646,0.037663239538239524,-0.035424600923750105,0.03102939565705522,1.0,0.9952395377488872,0.005847953216374269,-0.04115286855482934,0.04585202916549817,-0.03136044749300792,0.038461538461538464,0.888671875,0.7745502009643226,-0.01541064342403628,-0.07082704435941042,0.04512365362811787,-0.062003968253968256,0.035269008645124694,0.626953125,0.6250163128004717,exact 2^16,,,,
P1B_secondary_freeH_N3_ref_P_gt_A+,"early(s=1) - late(s=3) of (window - normal) on same poses, w=2",A+,eff_exceed4,"release-aligned, N=3 free poses, target=ref",16,51,342,10,0,0,-0.013305322128851542,-0.046218487394957986,0.017989493145743145,-0.03961089691558441,0.01231102936611407,0.390625,0.37951341503013913,-0.008771929824561403,-0.041382563435263496,0.0196078431372549,-0.03435180084467879,0.014135777134906234,0.68359375,0.5263048356229916,-0.014124503968253968,-0.06403769841269841,0.03231708829365078,-0.05610429067460318,0.025150669642857115,0.587890625,0.5823678567860779,exact 2^16,,,,
P1B_secondary_freeH_N3_ref_P_gt_A+,"early(s=1) - late(s=3) of (window - normal) on same poses, w=3",A+,eff,"release-aligned, N=3 free poses, target=ref",16,51,342,16,0,0,-0.11499852407959277,-0.5562913819831575,0.12134668374572763,-0.46313233399702447,0.09486052118122934,0.6138916015625,0.4936604618062157,-0.0769653576148015,-0.5032963495935486,0.1433895464840747,-0.41151090008012736,0.11656835851394377,0.722259521484375,0.623639084616222,-0.19905037001368892,-0.6996113698627112,0.13761978606658426,-0.6185166708458247,0.10485245081775729,0.584259033203125,0.40585005210504566,exact 2^16,,,,
P1B_secondary_freeH_N3_ref_P_gt_A+,"early(s=1) - late(s=3) of (window - normal) on same poses, w=3",A+,eff_exceed2,"release-aligned, N=3 free poses, target=ref",16,51,342,12,0,0,-0.040927482103952695,-0.10952380952380951,0.003789287968975445,-0.09588549588549587,-0.003508470695970726,0.09765625,0.1467600852998629,-0.038011695906432746,-0.1092436974789916,0.0044943820224719105,-0.09504210790937373,-0.002461555979049079,0.134765625,0.1691351170721724,-0.09066751700680271,-0.16486500850340133,-0.02519132653061225,-0.1526767998866213,-0.0347576530612245,0.02001953125,0.026120296517445393,exact 2^16,,,,
P1B_secondary_freeH_N3_ref_P_gt_A+,"early(s=1) - late(s=3) of (window - normal) on same poses, w=3",A+,eff_exceed3,"release-aligned, N=3 free poses, target=ref",16,51,342,10,0,0,-0.027272019919078745,-0.09253562409812412,0.008847379851478205,-0.08035714285714286,0.0042209636703684165,0.22265625,0.2937882843942391,-0.023391812865497075,-0.08955702257941063,0.010225472694357833,-0.07639297385620915,0.006211824437514488,0.3359375,0.3482453572723976,-0.05777352607709751,-0.13330853174603174,0.005024181547619044,-0.12036210317460316,-0.0037262613378684943,0.150390625,0.1332852824983169,exact 2^16,,,,
P1B_secondary_freeH_N3_ref_P_gt_A+,"early(s=1) - late(s=3) of (window - normal) on same poses, w=3",A+,eff_exceed4,"release-aligned, N=3 free poses, target=ref",16,51,342,10,0,0,-0.009103641456582634,-0.051151822080822876,0.03437569360371266,-0.04186114397807946,0.026663106438812062,0.65625,0.6490024600539932,-0.0029239766081871343,-0.043922874320601595,0.04081632653061224,-0.03493936528245208,0.032653573992411034,1.0,0.8808157197974873,-0.005334112811791379,-0.0715290621456916,0.057815600198412656,-0.06002170138888889,0.047369348781179134,0.869140625,0.8762433902810638,exact 2^16,,,,
P1B_secondary_freeH_N3_ref_P_gt_A-,"early(s=1) - late(s=3) of (window - normal) on same poses, w=1",A-,eff,"release-aligned, N=3 free poses, target=ref",9,17,116,9,0,0,-0.24177899052050278,-0.6228175142693336,0.27978128111166156,-0.5639783030306226,0.19390834820613745,0.4453125,0.34782027047865627,-0.18356954919761134,-0.597130904621997,0.3468393784011799,-0.5344131487516549,0.25695700572857444,0.546875,0.495766992712809,-0.08788450538850517,-0.552644956178552,0.4360178177067867,-0.4825645921410247,0.34778010969576745,0.7734375,0.7528139055748468,exact 2^9,,,,
P1B_secondary_freeH_N3_ref_P_gt_A-,"early(s=1) - late(s=3) of (window - normal) on same poses, w=1",A-,eff_exceed2,"release-aligned, N=3 free poses, target=ref",9,17,116,8,0,0,-0.11577964519140989,-0.32787698412698413,0.09630952380952375,-0.2959183673469388,0.07306255835667601,0.484375,0.3650317267304024,-0.10344827586206896,-0.31304871660555267,0.09433962264150944,-0.2795064449342149,0.07318191989259326,0.5546875,0.39623067812272017,-0.11739417989417987,-0.32873677248677247,0.07418430335097,-0.2915564373897708,0.049052028218694886,0.3359375,0.3154891465226601,exact 2^9,,,,
P1B_secondary_freeH_N3_ref_P_gt_A-,"early(s=1) - late(s=3) of (window - normal) on same poses, w=1",A-,eff_exceed3,"release-aligned, N=3 free poses, target=ref",9,17,116,7,0,0,-0.06792717086834735,-0.17142857142857143,0.030953947368421032,-0.1544642857142857,0.015056022408963584,0.25,0.2306835218864512,-0.0603448275862069,-0.16483516483516483,0.03750234962406011,-0.1477322134387352,0.02112676056338028,0.359375,0.2843870594779243,-0.07655423280423282,-0.19626322751322753,0.037710813492063316,-0.17776951058201054,0.02215608465608465,0.28125,0.2668735412529645,exact 2^9,,,,
P1B_secondary_freeH_N3_ref_P_gt_A-,"early(s=1) - late(s=3) of (window - normal) on same poses, w=1",A-,eff_exceed4,"release-aligned, N=3 free poses, target=ref",9,17,116,4,0,0,-0.013305322128851542,-0.05602240896358543,0.0546875,-0.05112044817927171,0.04029304029304029,0.75,0.6516549306601939,-0.017241379310344827,-0.05851846057571965,0.0449438202247191,-0.05333842239185751,0.031578947368421054,0.75,0.5346825049490672,0.006117724867724865,-0.06183862433862434,0.09606481481481483,-0.053736772486772486,0.08019179894179894,1.0,0.8932402156668267,exact 2^9,,,,
P1B_secondary_freeH_N3_ref_P_gt_A-,"early(s=1) - late(s=3) of (window - normal) on same poses, w=2",A-,eff,"release-aligned, N=3 free poses, target=ref",9,17,116,9,0,0,-0.1884223275600973,-0.7225171969406514,0.5803680895035438,-0.654887353535313,0.44739357039428057,0.625,0.5997384256853144,-0.09632446622888136,-0.7145102424350303,0.7052584746359752,-0.637218691039209,0.579323024014084,0.796875,0.810625676751773,-0.02712949437816216,-0.6324619806662495,0.660472479900991,-0.5457622418269711,0.5513704283355484,0.9453125,0.9411940565427536,exact 2^9,,,,
P1B_secondary_freeH_N3_ref_P_gt_A-,"early(s=1) - late(s=3) of (window - normal) on same poses, w=2",A-,eff_exceed2,"release-aligned, N=3 free poses, target=ref",9,17,116,7,0,0,0.01633986928104575,-0.14137318121693118,0.11764705882352941,-0.11281179138321996,0.10555555555555554,0.8125,0.8119776213085934,0.008620689655172414,-0.14288740920096848,0.1079136690647482,-0.11627906976744186,0.09575196735645573,1.0,0.897028560516283,-0.025573192239858905,-0.19576719576719576,0.10802469135802469,-0.16843033509700175,0.09347442680776014,0.828125,0.767351937775631,exact 2^9,,,,
P1B_secondary_freeH_N3_ref_P_gt_A-,"early(s=1) - late(s=3) of (window - normal) on same poses, w=2",A-,eff_exceed3,"release-aligned, N=3 free poses, target=ref",9,17,116,7,0,0,-0.17903828197945845,-0.3325453514739229,-0.024037114845938456,-0.30753968253968256,-0.04575892857142857,0.09375,0.061536437752460364,-0.16379310344827586,-0.3223207144761397,-0.015607509328358464,-0.2972972972972973,-0.03668720283934924,0.171875,0.0799562436704897,-0.18909832451499117,-0.35912836199294534,-0.03742283950617284,-0.33179287918871253,-0.05842151675485008,0.0625,0.06296989522966559,exact 2^9,,,,
P1B_secondary_freeH_N3_ref_P_gt_A-,"early(s=1) - late(s=3) of (window - normal) on same poses, w=2",A-,eff_exceed4,"release-aligned, N=3 free poses, target=ref",9,17,116,7,0,0,-0.10795985060690941,-0.23512296365914787,0.03144841269841259,-0.21667162698412698,0.011281179138321953,0.28125,0.17426324280894084,-0.09482758620689655,-0.22314234061393154,0.03773584905660377,-0.2042291382704831,0.019417475728155338,0.359375,0.22056446618290565,-0.08790784832451498,-0.2174300044091711,0.03329475308641968,-0.197255291005291,0.015652557319223985,0.25,0.23202119805873234,exact 2^9,,,,
P1B_secondary_freeH_N3_ref_P_gt_A-,"early(s=1) - late(s=3) of (window - normal) on same poses, w=3",A-,eff,"release-aligned, N=3 free poses, target=ref",9,17,116,9,0,0,-0.21870554133696785,-0.7856307958768417,0.7451679243257519,-0.7375096532609894,0.5735107915952863,0.6171875,0.6214804528597337,-0.0975040170147451,-0.7812574423066342,0.9384759322820538,-0.7266202691660107,0.7658768204753208,0.84765625,0.8491274117761781,-0.06985201093388954,-0.6630391836369631,0.7132917420106993,-0.597711091728444,0.5696240364352669,0.8828125,0.8589340173063059,exact 2^9,,,,
P1B_secondary_freeH_N3_ref_P_gt_A-,"early(s=1) - late(s=3) of (window - normal) on same poses, w=3",A-,eff_exceed2,"release-aligned, N=3 free poses, target=ref",9,17,116,5,0,0,0.0742296918767507,-0.04613508597883598,0.16369047619047616,-0.02698412698412698,0.15119047619047618,0.3125,0.2243381973029568,0.06896551724137931,-0.038175278919553725,0.15748031496062992,-0.02040816326530612,0.14473684210526316,0.3125,0.22757803906992763,0.05467372134038801,-0.040123456790123455,0.14638447971781304,-0.024691358024691357,0.1340388007054674,0.3125,0.3207195853228386,exact 2^9,,,,
P1B_secondary_freeH_N3_ref_P_gt_A-,"early(s=1) - late(s=3) of (window - normal) on same poses, w=3",A-,eff_exceed3,"release-aligned, N=3 free poses, target=ref",9,17,116,6,0,0,0.0765639589169001,-0.030617246898759495,0.1793672839506172,-0.016404006046863182,0.16402116402116404,0.25,0.20840214202342403,0.06896551724137931,-0.03333333333333333,0.17094017094017094,-0.020618556701030927,0.15454545454545454,0.28125,0.2357858361182377,0.054673721340388,-0.08730158730158728,0.17019400352733685,-0.06261022927689591,0.15520282186948853,0.46875,0.46199486209560303,exact 2^9,,,,
P1B_secondary_freeH_N3_ref_P_gt_A-,"early(s=1) - late(s=3) of (window - normal) on same poses, w=3",A-,eff_exceed4,"release-aligned, N=3 free poses, target=ref",9,17,116,7,0,0,-0.050186741363211954,-0.1562888198757764,0.06151344797178123,-0.14262862908696244,0.04514164462081125,0.46875,0.43403561003434177,-0.04310344827586207,-0.14545895851721094,0.059322033898305086,-0.13077282530553558,0.044454365079364934,0.5625,0.46580822209050066,-0.06475970017636684,-0.16429811507936506,0.0304783950617284,-0.14849537037037036,0.016644620811287474,0.28125,0.25794173226496075,exact 2^9,,,,
P1B_secondary_freeH_N3_ref_P_self_A+,"early(s=1) - late(s=3) of (window - normal) on same poses, w=1",A+,eff,"release-aligned, N=3 free poses, target=ref",16,51,342,16,0,0,-0.07722454147583056,-0.2588799265738343,0.18151028043789694,-0.2325234502326222,0.14649040546419204,0.71124267578125,0.5228897943992648,-0.07382585648301776,-0.2489714815395939,0.18967591822727142,-0.22581908828585598,0.156033613151856,0.770233154296875,0.5445793819272504,0.1183964832621762,-0.08557796626371167,0.31713473714147844,-0.051011122547972416,0.2859125538294988,0.277374267578125,0.27749649216319816,exact 2^16,,,,
P1B_secondary_freeH_N3_ref_P_self_A+,"early(s=1) - late(s=3) of (window - normal) on same poses, w=1",A+,eff_exceed2,"release-aligned, N=3 free poses, target=ref",16,51,342,11,0,0,0.021280734516028632,-0.013260582010582011,0.06746031746031746,-0.007399140211640213,0.05928863091130171,0.2666015625,0.29155178630588474,0.023391812865497075,-0.009524567788899,0.06930693069306931,-0.0037593984962406013,0.06071500867553498,0.25390625,0.22458571750565426,0.044945790816326534,-0.014181193310657595,0.10641054598922901,-0.004891935941043079,0.09579125921201811,0.177734375,0.17782088807281962,exact 2^16,,,,
P1B_secondary_freeH_N3_ref_P_self_A+,"early(s=1) - late(s=3) of (window - normal) on same poses, w=1",A+,eff_exceed3,"release-aligned, N=3 free poses, target=ref",16,51,342,9,0,0,0.008014316837846248,-0.019572531486961805,0.05112462006079024,-0.015910784998835314,0.043328281945173,0.66796875,0.6655060909857686,0.008771929824561403,-0.019158930150309457,0.05434782608695652,-0.015660247311639536,0.046052631578947366,0.7421875,0.6484226168477631,0.023053075396825398,-0.031201636904761902,0.09189174107142854,-0.024319196428571426,0.07992497519841268,0.58203125,0.49287398514304637,exact 2^16,,,,
P1B_secondary_freeH_N3_ref_P_self_A+,"early(s=1) - late(s=3) of (window - normal) on same poses, w=1",A+,eff_exceed4,"release-aligned, N=3 free poses, target=ref",16,51,342,11,0,0,-0.0356364768129474,-0.07502788427046901,0.009355113012947093,-0.06723985890652556,0.0013235780423280304,0.2333984375,0.08909831681977584,-0.03508771929824561,-0.07051348547717842,0.00881057268722467,-0.06329113924050633,0.0,0.25,0.06697998010961234,-0.013318452380952379,-0.06937313988095237,0.039633556547619034,-0.06012028769841269,0.03152281746031746,0.6416015625,0.6461480186205577,exact 2^16,,,,
P1B_secondary_freeH_N3_ref_P_self_A+,"early(s=1) - late(s=3) of (window - normal) on same poses, w=2",A+,eff,"release-aligned, N=3 free poses, target=ref",16,51,342,16,0,0,0.10007165625879393,-0.09359627048743845,0.40717819705859326,-0.06997434682636278,0.35677724123558147,0.4327392578125,0.44848463008261596,0.0811251574989577,-0.10362152268644637,0.39511490896708223,-0.0822112504370832,0.34639949621675065,0.501220703125,0.5341976092664411,0.1654307936335275,-0.02185400074885506,0.3732426360329692,0.005250841339280858,0.34013694523145394,0.1357421875,0.1323900011683663,exact 2^16,,,,
P1B_secondary_freeH_N3_ref_P_self_A+,"early(s=1) - late(s=3) of (window - normal) on same poses, w=2",A+,eff_exceed2,"release-aligned, N=3 free poses, target=ref",16,51,342,12,0,0,-0.02163087457205104,-0.07696180739407203,0.052580670426065144,-0.06930950462376731,0.04220779220779221,0.673828125,0.5563336818092515,-0.029239766081871343,-0.08840996675230467,0.05128205128205128,-0.08061177876168388,0.041239477915444966,0.74951171875,0.4735408626021873,-0.01494472789115646,-0.0635219139739229,0.03583891369047618,-0.05656586592970521,0.027903025793650782,0.57861328125,0.5809407330631219,exact 2^16,,,,
P1B_secondary_freeH_N3_ref_P_self_A+,"early(s=1) - late(s=3) of (window - normal) on same poses, w=2",A+,eff_exceed3,"release-aligned, N=3 free poses, target=ref",16,51,342,10,0,0,0.020774976657329598,-0.018575611409663132,0.07217261904761904,-0.01285369220151829,0.06398809523809522,0.384765625,0.3928663524657643,0.02046783625730994,-0.01867355898487886,0.075,-0.013275807939093066,0.06632878815242908,0.4453125,0.41056917370653123,0.01659580498866213,-0.032952008928571426,0.07068514384920634,-0.025691964285714287,0.06168509070294784,0.568359375,0.5511893413182052,exact 2^16,,,,
P1B_secondary_freeH_N3_ref_P_self_A+,"early(s=1) - late(s=3) of (window - normal) on same poses, w=2",A+,eff_exceed4,"release-aligned, N=3 free poses, target=ref",16,51,342,11,0,0,-0.004084967320261439,-0.03211231203007519,0.024974767080745336,-0.02692779195011338,0.019699790835874576,0.7744140625,0.766841370401961,-0.005847953216374269,-0.03278838099796578,0.023754382988349712,-0.027346425513698626,0.018266232319857426,0.828125,0.6646320603882959,-0.0064484126984127,-0.04613095238095238,0.03422619047619047,-0.03943452380952381,0.027405753968253968,0.763671875,0.7653981508275073,exact 2^16,,,,
P1B_secondary_freeH_N3_ref_P_self_A+,"early(s=1) - late(s=3) of (window - normal) on same poses, w=3",A+,eff,"release-aligned, N=3 free poses, target=ref",16,51,342,16,0,0,0.282013960680872,0.01688625904560723,0.7283486778615926,0.0451211564410268,0.645540113545254,0.06439208984375,0.14860548960676007,0.2620312129656527,0.01624157472417721,0.704223310809437,0.04262115363178712,0.6180899271819041,0.0655517578125,0.15795422892097177,0.34442585800114095,0.10683361606775539,0.625861382200566,0.14086071503865494,0.5790632119367431,0.009735107421875,0.02488309476896885,exact 2^16,,,,
P1B_secondary_freeH_N3_ref_P_self_A+,"early(s=1) - late(s=3) of (window - normal) on same poses, w=3",A+,eff_exceed2,"release-aligned, N=3 free poses, target=ref",16,51,342,10,0,0,0.017040149393090575,-0.053146408211171794,0.10507341059435438,-0.04313114622949206,0.09453976034858384,0.615234375,0.710597660422016,0.011695906432748537,-0.05464508528572377,0.10150584795321634,-0.04584658657763991,0.0912301587301587,0.77734375,0.7967921663378192,0.03750708616780045,-0.009712213010204078,0.08519345238095237,-0.0022852891156462593,0.07775669642857137,0.15234375,0.15710578977788667,exact 2^16,,,,
P1B_secondary_freeH_N3_ref_P_self_A+,"early(s=1) - late(s=3) of (window - normal) on same poses, w=3",A+,eff_exceed3,"release-aligned, N=3 free poses, target=ref",16,51,342,8,0,0,0.01777933395580454,-0.01356504775489305,0.06575999149659863,-0.010080921840666975,0.05673577724358971,0.4921875,0.3986682277816258,0.014619883040935672,-0.01714347026364194,0.0634150891882053,-0.013513513513513514,0.054983676975945,0.59375,0.49527633892572376,0.008769132653061224,-0.03339578018707483,0.05229591836734694,-0.026697137188208618,0.04535324546485258,0.671875,0.7033249430296798,exact 2^16,,,,
P1B_secondary_freeH_N3_ref_P_self_A+,"early(s=1) - late(s=3) of (window - normal) on same poses, w=3",A+,eff_exceed4,"release-aligned, N=3 free poses, target=ref",16,51,342,9,0,0,0.03112356053532524,0.005158730158730159,0.06584929575027683,0.009259259259259259,0.05908878795420606,0.0703125,0.051132143268386415,0.03216374269005848,0.006993006993006993,0.06666666666666667,0.011018980352180192,0.05982905982905983,0.07421875,0.03796326900285014,0.02698235544217687,-0.020267635700113376,0.07866842049319725,-0.01354343820861678,0.06994286777210881,0.328125,0.3215244941640066,exact 2^16,,,,
P1B_secondary_freeH_N3_ref_P_self_A-,"early(s=1) - late(s=3) of (window - normal) on same poses, w=1",A-,eff,"release-aligned, N=3 free poses, target=ref",9,17,116,9,0,0,0.7628778732767538,0.22257889144882512,1.724472440438753,0.2796895041412339,1.5322397972316115,0.01953125,0.08207784188169512,0.923111797616374,0.2597914930999376,2.021367032139212,0.3244266219397198,1.7982941316268992,0.01953125,0.0807604269288614,1.091979586908772,0.2605581452333855,2.3088271500654574,0.32947536187667853,2.1329063210027925,0.0234375,0.09775312519214413,exact 2^9,,,,
P1B_secondary_freeH_N3_ref_P_self_A-,"early(s=1) - late(s=3) of (window - normal) on same poses, w=1",A-,eff_exceed2,"release-aligned, N=3 free poses, target=ref",9,17,116,9,0,0,-0.02836134453781513,-0.12636541595804987,0.10019987161531274,-0.11093424322590989,0.07369723530437813,0.640625,0.6366477427080137,-0.034482758620689655,-0.12631578947368421,0.08413198730382619,-0.11207299387689333,0.05825242718446602,0.640625,0.5354933704958544,-0.014274691358024696,-0.1493634259259259,0.14396770282186938,-0.1319995590828924,0.11772486772486775,0.8671875,0.8651085495917311,exact 2^9,,,,
P1B_secondary_freeH_N3_ref_P_self_A-,"early(s=1) - late(s=3) of (window - normal) on same poses, w=1",A-,eff_exceed3,"release-aligned, N=3 free poses, target=ref",9,17,116,8,0,0,0.01715686274509803,-0.13095982142857143,0.1568627450980392,-0.11197916666666666,0.13815789473684212,0.8828125,0.8370403115737692,0.0,-0.14954439252336446,0.14432989690721648,-0.12871287128712872,0.1230874604847206,1.0,1.0,0.018518518518518514,-0.12968749999999996,0.17129629629629628,-0.10879629629629628,0.14583333333333334,0.859375,0.826950792934562,exact 2^9,,,,
P1B_secondary_freeH_N3_ref_P_self_A-,"early(s=1) - late(s=3) of (window - normal) on same poses, w=1",A-,eff_exceed4,"release-aligned, N=3 free poses, target=ref",9,17,116,6,0,0,-0.04656862745098039,-0.15705128205128205,0.04168709150326768,-0.1398148148148148,0.029513888888888888,0.4375,0.41765312824082956,-0.05172413793103448,-0.1782178217821782,0.047619047619047616,-0.15730337078651685,0.033783783783783786,0.5625,0.4222025871056849,-0.06983024691358025,-0.18404706790123457,0.020061728395061727,-0.16591435185185185,0.010416666666666666,0.28125,0.2539158172045034,exact 2^9,,,,
P1B_secondary_freeH_N3_ref_P_self_A-,"early(s=1) - late(s=3) of (window - normal) on same poses, w=2",A-,eff,"release-aligned, N=3 free poses, target=ref",9,17,116,9,0,0,1.097554794687534,0.5299442589690134,2.1416628878165977,0.5848436822315832,1.9414475457763976,0.00390625,0.029284102246613646,1.2155833306459383,0.5396816155217737,2.475085582452374,0.5889052412287681,2.2338865311740244,0.00390625,0.04665769621843976,1.4686425622840893,0.5983618617967308,2.8777947080495934,0.6527012858609404,2.7664421052030477,0.00390625,0.063473684157731,exact 2^9,,,,
P1B_secondary_freeH_N3_ref_P_self_A-,"early(s=1) - late(s=3) of (window - normal) on same poses, w=2",A-,eff_exceed2,"release-aligned, N=3 free poses, target=ref",9,17,116,7,0,0,0.05952380952380952,-0.04901960784313725,0.18377976190476192,-0.030562865497076014,0.1613408521303258,0.34375,0.3452883165913683,0.04310344827586207,-0.06796281619443893,0.16794399783827596,-0.04895104895104895,0.14563106796116504,0.59375,0.49317599902255926,0.05505952380952381,-0.09722222222222222,0.21544725529100525,-0.07275958994708992,0.19163359788359788,0.5625,0.5339381124207858,exact 2^9,,,,
P1B_secondary_freeH_N3_ref_P_self_A-,"early(s=1) - late(s=3) of (window - normal) on same poses, w=2",A-,eff_exceed3,"release-aligned, N=3 free poses, target=ref",9,17,116,9,0,0,-0.027894491129785245,-0.16759424603174602,0.12698412698412698,-0.14591366236103076,0.09851355820105819,0.71484375,0.7185757089486533,-0.04310344827586207,-0.18446601941747573,0.10975609756097561,-0.16216216216216217,0.08139965546942285,0.6484375,0.5808436657205689,-0.012014991181657855,-0.21274250440917106,0.20701609347442673,-0.1812169312169312,0.17317570546737207,0.921875,0.9194077622637699,exact 2^9,,,,
P1B_secondary_freeH_N3_ref_P_self_A-,"early(s=1) - late(s=3) of (window - normal) on same poses, w=2",A-,eff_exceed4,"release-aligned, N=3 free poses, target=ref",9,17,116,7,0,0,-0.013888888888888885,-0.15818287037037038,0.13095238095238096,-0.13988095238095236,0.10714285714285714,0.875,0.8677136746004827,-0.02586206896551724,-0.1717171717171717,0.12222222222222222,-0.15384615384615385,0.10077519379844961,0.8125,0.7639560541223338,-0.02507716049382715,-0.17939814814814814,0.14699074074074076,-0.15432098765432098,0.11381172839506173,0.78125,0.7840200167530087,exact 2^9,,,,
P1B_secondary_freeH_N3_ref_P_self_A-,"early(s=1) - late(s=3) of (window - normal) on same poses, w=3",A-,eff,"release-aligned, N=3 free poses, target=ref",9,17,116,9,0,0,1.015488533102734,0.6414341025223557,1.5240567852087081,0.6953398353682424,1.4285304988155885,0.00390625,0.0016749446618213265,1.0711836510337351,0.6432549997773201,1.6878975943234737,0.696788586700702,1.5793926212465277,0.00390625,0.004073776937039677,1.152366776349503,0.6382461021455698,1.8933860497838955,0.6839502717102947,1.7791404615359019,0.00390625,0.011485363952834823,exact 2^9,,,,
P1B_secondary_freeH_N3_ref_P_self_A-,"early(s=1) - late(s=3) of (window - normal) on same poses, w=3",A-,eff_exceed2,"release-aligned, N=3 free poses, target=ref",9,17,116,7,0,0,-0.017156862745098048,-0.1276067031926407,0.08556547619047619,-0.11079695767195766,0.07142857142857142,0.78125,0.7756508706299882,-0.034482758620689655,-0.14433276059564717,0.07477219626168215,-0.128,0.05785123966942149,0.671875,0.5744879784666785,-0.044808201058201075,-0.15873015873015872,0.05952380952380952,-0.1412202380952381,0.04431216931216931,0.46875,0.47386391454341814,exact 2^9,,,,
P1B_secondary_freeH_N3_ref_P_self_A-,"early(s=1) - late(s=3) of (window - normal) on same poses, w=3",A-,eff_exceed3,"release-aligned, N=3 free poses, target=ref",9,17,116,8,0,0,-0.014822595704948652,-0.11651682374338625,0.10232426303854873,-0.09991496598639456,0.08002645502645502,0.8046875,0.8021985269294258,-0.034482758620689655,-0.14173375249735573,0.09009009009009009,-0.1232961271774057,0.06604163418057066,0.6796875,0.5823593303740445,-0.0025903880070546783,-0.14853395061728394,0.13051146384479717,-0.12307098765432098,0.11078593474426798,0.9765625,0.9738109632412819,exact 2^9,,,,
P1B_secondary_freeH_N3_ref_P_self_A-,"early(s=1) - late(s=3) of (window - normal) on same poses, w=3",A-,eff_exceed4,"release-aligned, N=3 free poses, target=ref",9,17,116,9,0,0,0.058706816059757236,-0.06979575163398692,0.20437216553287973,-0.04828455687830687,0.17632275132275133,0.39453125,0.40727135002941006,0.034482758620689655,-0.10185657596371882,0.18681318681318682,-0.07843837535014005,0.15789473684210525,0.71875,0.6444298471058114,0.0909942680776014,-0.10703538359788359,0.2901248346560846,-0.07734512786596118,0.25650352733686066,0.4375,0.42444352111711325,exact 2^9,,,,
P1B_secondary_freeH_N3_ref_T_gt_A+,"early(s=1) - late(s=3) of (window - normal) on same poses, w=1",A+,eff,"release-aligned, N=3 free poses, target=ref",16,51,342,16,0,0,0.0834162858689018,-0.037935512425755054,0.23943783810798605,-0.018903349323828783,0.21136879315404228,0.235809326171875,0.24059500377008963,0.09707715021858292,-0.02659000822334221,0.2504792678810162,-0.003995120132163995,0.22208504698895717,0.166351318359375,0.15705230703551537,0.14260059713253243,-0.03722779923496958,0.39945082093105483,-0.016438363782286178,0.3506292634792384,0.251953125,0.24196484094516651,exact 2^16,,,,
P1B_secondary_freeH_N3_ref_T_gt_A+,"early(s=1) - late(s=3) of (window - normal) on same poses, w=1",A+,eff_exceed2,"release-aligned, N=3 free poses, target=ref",16,51,342,9,0,0,-0.00805322128851541,-0.048701574785758456,0.0428326730636513,-0.04250085034013606,0.03323558590102706,0.7421875,0.7300758189590272,-0.008771929824561403,-0.04878048780487805,0.04310344827586207,-0.042403897633579615,0.03333797585886716,0.796875,0.6997931758294975,-0.0031249999999999984,-0.08370597718253968,0.07738095238095237,-0.0692237103174603,0.06272817460317454,0.9375,0.9424958770876163,exact 2^16,,,,
P1B_secondary_freeH_N3_ref_T_gt_A+,"early(s=1) - late(s=3) of (window - normal) on same poses, w=1",A+,eff_exceed3,"release-aligned, N=3 free poses, target=ref",16,51,342,9,0,0,0.019996887643946467,-0.02503085075493612,0.08333333333333333,-0.019002199979978852,0.07376700680272108,0.4765625,0.5040412903170073,0.02046783625730994,-0.022684392495307095,0.08583690987124463,-0.017074213049822807,0.07537853200428368,0.5078125,0.4892304483344473,0.04895301870748299,-0.022434098639455783,0.13428739725056685,-0.012402033730158728,0.11862413194444439,0.29296875,0.25251225189967474,exact 2^16,,,,
P1B_secondary_freeH_N3_ref_T_gt_A+,"early(s=1) - late(s=3) of (window - normal) on same poses, w=1",A+,eff_exceed4,"release-aligned, N=3 free poses, target=ref",16,51,342,9,0,0,-0.012877373171490819,-0.05286352040816327,0.013212562487116055,-0.04514034780578898,0.009719409004366623,0.5390625,0.4458784459219688,-0.008771929824561403,-0.05,0.01639344262295082,-0.0423728813559322,0.012987012987012988,0.75,0.6024539937282211,-0.01290922619047619,-0.053769841269841266,0.028373635912698404,-0.04724764384920635,0.021706349206349132,0.53125,0.5629607216237129,exact 2^16,,,,
P1B_secondary_freeH_N3_ref_T_gt_A+,"early(s=1) - late(s=3) of (window - normal) on same poses, w=2",A+,eff,"release-aligned, N=3 free poses, target=ref",16,51,342,16,0,0,0.09153387874967234,-0.111276396706103,0.3385357794841803,-0.07875725402174664,0.2903829045985888,0.427459716796875,0.4244329717769926,0.10632757389599995,-0.09243102447718428,0.3388496261214654,-0.05969498307152819,0.29127637901416503,0.3360595703125,0.32047935352838147,0.08894522765096272,-0.1318619645442983,0.3222069866057403,-0.10006689657347684,0.2813134789593618,0.46942138671875,0.46958341276555016,exact 2^16,,,,
P1B_secondary_freeH_N3_ref_T_gt_A+,"early(s=1) - late(s=3) of (window - normal) on same poses, w=2",A+,eff_exceed2,"release-aligned, N=3 free poses, target=ref",16,51,342,12,0,0,-0.023965141612200428,-0.07369765684051398,0.04270224394105468,-0.06687347778617618,0.031484788359788324,0.50341796875,0.44495168153428666,-0.029239766081871343,-0.07819905213270142,0.04059190591905917,-0.07143424937542583,0.028985507246376812,0.50390625,0.35705906935201015,-0.03190192743764171,-0.11270859906462584,0.035948926445578226,-0.09851562499999998,0.026350623582766432,0.44677734375,0.42791877476931983,exact 2^16,,,,
P1B_secondary_freeH_N3_ref_T_gt_A+,"early(s=1) - late(s=3) of (window - normal) on same poses, w=2",A+,eff_exceed3,"release-aligned, N=3 free poses, target=ref",16,51,342,10,0,0,0.020424836601307186,-0.021684116354875282,0.06971387987012984,-0.014469359469359469,0.060201410109498324,0.44921875,0.3860450172509948,0.023391812865497075,-0.019801980198019802,0.07251110336457764,-0.012079490557751425,0.06302710273298506,0.427734375,0.31369380711141903,0.007203089569160998,-0.0429953231292517,0.06210379464285713,-0.03568009495464852,0.05269841269841266,0.814453125,0.7999321762453603,exact 2^16,,,,
P1B_secondary_freeH_N3_ref_T_gt_A+,"early(s=1) - late(s=3) of (window - normal) on same poses, w=2",A+,eff_exceed4,"release-aligned, N=3 free poses, target=ref",16,51,342,9,0,0,0.010504201680672266,-0.019770579602808865,0.06233653499278496,-0.0164025888133031,0.052380952380952375,0.64453125,0.6222472958126517,0.011695906432748537,-0.01587619047619047,0.06101734701997294,-0.012740596959412338,0.051587301587301584,0.72265625,0.5497982081104531,0.01643813775510204,-0.029692814625850338,0.0659173044217687,-0.022785395408163257,0.05796130952380951,0.546875,0.5235747265976018,exact 2^16,,,,
P1B_secondary_freeH_N3_ref_T_gt_A+,"early(s=1) - late(s=3) of (window - normal) on same poses, w=3",A+,eff,"release-aligned, N=3 free poses, target=ref",16,51,342,16,0,0,-0.03414242481561613,-0.22563118860036283,0.1951944758884047,-0.1919457013876482,0.1465313278421932,0.749176025390625,0.7340101719953065,-0.01418099681345386,-0.20862637278304566,0.20528396793676604,-0.17355424788805737,0.1609502556236318,0.8883056640625,0.8836064133058006,-0.05103416168182193,-0.30749728127181436,0.2002129328052755,-0.26651689315998,0.1595129454726975,0.71954345703125,0.7091628614908507,exact 2^16,,,,
P1B_secondary_freeH_N3_ref_T_gt_A+,"early(s=1) - late(s=3) of (window - normal) on same poses, w=3",A+,eff_exceed2,"release-aligned, N=3 free poses, target=ref",16,51,342,11,0,0,-0.06006847183317771,-0.11556537249045959,-0.02454018644494841,-0.1037462207105064,-0.03024022827521814,0.01171875,0.011118188948428248,-0.05555555555555555,-0.1159504550050556,-0.020348837209302327,-0.10280539537350036,-0.02577319587628866,0.0234375,0.022067274027262433,-0.10822704081632653,-0.21358542375283446,-0.018998015873015875,-0.19578373015873016,-0.030456349206349206,0.0537109375,0.05396193778816654,exact 2^16,,,,
P1B_secondary_freeH_N3_ref_T_gt_A+,"early(s=1) - late(s=3) of (window - normal) on same poses, w=3",A+,eff_exceed3,"release-aligned, N=3 free poses, target=ref",16,51,342,9,0,0,-0.019919078742608152,-0.07503607503607504,0.0177693924792139,-0.06239848222606844,0.011726319315605003,0.33203125,0.3558369572983271,-0.017543859649122806,-0.07364564355374559,0.021539568345323723,-0.06076019302049094,0.014389229357254927,0.46875,0.4176089479185312,-0.06526183390022676,-0.16681414753401358,0.01578975340136054,-0.14735553075396826,0.006549213435374098,0.2578125,0.2037428295696989,exact 2^16,,,,
P1B_secondary_freeH_N3_ref_T_gt_A+,"early(s=1) - late(s=3) of (window - normal) on same poses, w=3",A+,eff_exceed4,"release-aligned, N=3 free poses, target=ref",16,51,342,10,0,0,0.0016339869281045748,-0.02859273917900493,0.03806469298245613,-0.023399698960043784,0.031096736840474627,0.93359375,0.9202626887206812,0.005847953216374269,-0.02600565159574468,0.044444444444444446,-0.020691441843844915,0.036544850498338874,0.861328125,0.7306676146359639,-0.0026236536281179137,-0.04999468537414966,0.05065706490929702,-0.042534722222222224,0.0409639845521541,0.931640625,0.922040635268184,exact 2^16,,,,
P1B_secondary_freeH_N3_ref_T_gt_A-,"early(s=1) - late(s=3) of (window - normal) on same poses, w=1",A-,eff,"release-aligned, N=3 free poses, target=ref",9,17,116,9,0,0,-0.15606387382184628,-0.5655557990341372,0.43097000565826227,-0.5123320271305113,0.3387359463622918,0.58984375,0.5741688893364468,-0.10132457910780156,-0.5460246755427279,0.47509899942062256,-0.488231008718576,0.386474098631566,0.7265625,0.7228774955386388,0.006753246651172569,-0.4477768434526849,0.4885832145840288,-0.37936310023396214,0.4121633412529669,0.984375,0.9794994327137125,exact 2^9,,,,
P1B_secondary_freeH_N3_ref_T_gt_A-,"early(s=1) - late(s=3) of (window - normal) on same poses, w=1",A-,eff_exceed2,"release-aligned, N=3 free poses, target=ref",9,17,116,8,0,0,-0.1087768440709617,-0.2782779431216931,0.053307291666666666,-0.247875400160064,0.03214912280701745,0.328125,0.264916931927024,-0.10344827586206896,-0.2751726485750413,0.05357142857142857,-0.24409906610510895,0.033707865168539325,0.390625,0.2813765673719893,-0.1258267195767196,-0.3192308752204585,0.03880070546737213,-0.2833994708994709,0.01758432539682536,0.265625,0.2368927785307915,exact 2^9,,,,
P1B_secondary_freeH_N3_ref_T_gt_A-,"early(s=1) - late(s=3) of (window - normal) on same poses, w=1",A-,eff_exceed3,"release-aligned, N=3 free poses, target=ref",9,17,116,4,0,0,-0.040616246498599434,-0.1,-0.005594460006224825,-0.08673469387755102,-0.010416666666666666,0.125,0.11578538382717934,-0.034482758620689655,-0.08860759493670886,0.0,-0.07692307692307693,-0.0078125,0.25,0.13586314784284736,-0.0615079365079365,-0.14021164021164018,-0.0046130952380954784,-0.12962962962962962,-0.007275132275132274,0.125,0.14878999712189966,exact 2^9,,,,
P1B_secondary_freeH_N3_ref_T_gt_A-,"early(s=1) - late(s=3) of (window - normal) on same poses, w=1",A-,eff_exceed4,"release-aligned, N=3 free poses, target=ref",9,17,116,4,0,0,-0.002450980392156864,-0.049019607843137254,0.038461538461538464,-0.041666666666666664,0.031746031746031744,1.0,0.9172846398918356,-0.008620689655172414,-0.05714285714285714,0.03361580587291093,-0.048003846153846154,0.02727272727272727,1.0,0.7292000641750478,0.002314814814814813,-0.04398148148148148,0.05324074074074074,-0.03703703703703704,0.041666666666666664,1.0,0.9314731778513444,exact 2^9,,,,
P1B_secondary_freeH_N3_ref_T_gt_A-,"early(s=1) - late(s=3) of (window - normal) on same poses, w=2",A-,eff,"release-aligned, N=3 free poses, target=ref",9,17,116,9,0,0,-0.5163937225346187,-0.9882496307816411,0.12169922325017926,-0.925012487923449,0.015711684131567868,0.21875,0.10978818212053733,-0.4554076821440718,-0.9755701956970155,0.21422187803908924,-0.8969729638464716,0.10100704427001175,0.26953125,0.18665588981141729,-0.27159262405905393,-0.8465664104102452,0.31331561824708615,-0.7668311321051762,0.229775445553155,0.39453125,0.4111802481631024,exact 2^9,,,,
P1B_secondary_freeH_N3_ref_T_gt_A-,"early(s=1) - late(s=3) of (window - normal) on same poses, w=2",A-,eff_exceed2,"release-aligned, N=3 free poses, target=ref",9,17,116,7,0,0,-0.024276377217553685,-0.10760984949535368,0.06481481481481481,-0.09557930495430494,0.05524140211640187,0.71875,0.6423629652502518,-0.02586206896551724,-0.11029411764705882,0.0594059405940594,-0.09701854803651645,0.05102040816326531,0.84375,0.6171448127757388,-0.00942460317460317,-0.0825617283950617,0.0617283950617284,-0.07115299823633156,0.05114638447971781,0.859375,0.8163834845354787,exact 2^9,,,,
P1B_secondary_freeH_N3_ref_T_gt_A-,"early(s=1) - late(s=3) of (window - normal) on same poses, w=2",A-,eff_exceed3,"release-aligned, N=3 free poses, target=ref",9,17,116,7,0,0,-0.2130018674136321,-0.3640012046485261,-0.06391652494331067,-0.3414735958485959,-0.0857843137254902,0.03125,0.031402047455303624,-0.19827586206896552,-0.35211667733674773,-0.054683948863636415,-0.32800625,-0.07407407407407407,0.046875,0.040397637165137903,-0.24316578483245146,-0.4090608465608465,-0.08454585537918871,-0.38425925925925924,-0.11000881834215168,0.03125,0.024734453043050882,exact 2^9,,,,
P1B_secondary_freeH_N3_ref_T_gt_A-,"early(s=1) - late(s=3) of (window - normal) on same poses, w=2",A-,eff_exceed4,"release-aligned, N=3 free poses, target=ref",9,17,116,7,0,0,-0.12791783380018676,-0.24624364731272627,0.0029761904761904756,-0.22887040043290044,-0.012246413717002075,0.171875,0.0976721500753021,-0.1206896551724138,-0.23880597014925373,0.0,-0.2210576923076923,-0.01,0.25,0.1106734947942065,-0.09518298059964728,-0.2117504409171076,0.010802469135802469,-0.191413139329806,-0.004298941798941799,0.171875,0.14944644720537287,exact 2^9,,,,
P1B_secondary_freeH_N3_ref_T_gt_A-,"early(s=1) - late(s=3) of (window - normal) on same poses, w=3",A-,eff,"release-aligned, N=3 free poses, target=ref",9,17,116,9,0,0,0.16424772733413726,-0.4433137751567689,1.0659797503085753,-0.3728043141417518,0.8989871946010766,0.8984375,0.6973176118374411,0.26590284891712124,-0.44857052010778947,1.2992842680010115,-0.3844585687386611,1.117701047614917,0.890625,0.6081252235543659,0.14450225015336154,-0.4668558540740306,0.9866031861196554,-0.4042548209552871,0.8371471085355032,0.8515625,0.728841682236274,exact 2^9,,,,
P1B_secondary_freeH_N3_ref_T_gt_A-,"early(s=1) - late(s=3) of (window - normal) on same poses, w=3",A-,eff_exceed2,"release-aligned, N=3 free poses, target=ref",9,17,116,4,0,0,0.11764705882352941,-0.01282051282051282,0.21739130434782608,0.0,0.20138888888888892,0.375,0.09818622870010897,0.10344827586206896,-0.01098901098901099,0.2012987012987013,0.0,0.18590488968395935,0.375,0.11405323811933092,0.07407407407407408,-0.009259259259259259,0.16666666666666666,0.0,0.14814814814814814,0.25,0.1535547348702544,exact 2^9,,,,
P1B_secondary_freeH_N3_ref_T_gt_A-,"early(s=1) - late(s=3) of (window - normal) on same poses, w=3",A-,eff_exceed3,"release-aligned, N=3 free poses, target=ref",9,17,116,7,0,0,0.036998132586367874,-0.11782738095238095,0.13690806878306874,-0.08862433862433862,0.12448240165631468,0.625,0.5966268469781585,0.02586206896551724,-0.12037315930388219,0.12371134020618557,-0.09090909090909091,0.1111111111111111,0.75,0.6948282603065634,-0.006999559082892424,-0.15123456790123455,0.11342592592592592,-0.12522045855379188,0.09850363756613736,0.953125,0.9253527349719974,exact 2^9,,,,
P1B_secondary_freeH_N3_ref_T_gt_A-,"early(s=1) - late(s=3) of (window - normal) on same poses, w=3",A-,eff_exceed4,"release-aligned, N=3 free poses, target=ref",9,17,116,8,0,0,-0.09990662931839402,-0.2857181013431013,0.0338627378034546,-0.2534084467120181,0.015246449456975777,0.2265625,0.2602976925063443,-0.09482758620689655,-0.2763227883538634,0.03362056687081602,-0.24348383500557413,0.016129032258064516,0.28125,0.26623642497041256,-0.16429673721340388,-0.3386243386243386,-0.002798445767195944,-0.31216931216931215,-0.025683421516754845,0.140625,0.11112139258278544,exact 2^9,,,,
P1B_secondary_freeH_N3_ref_T_self_A+,"early(s=1) - late(s=3) of (window - normal) on same poses, w=1",A+,eff,"release-aligned, N=3 free poses, target=ref",16,51,342,16,0,0,-0.07204471298296465,-0.2420480968097502,0.15610398454562072,-0.21518025074522923,0.11948077901671815,0.538116455078125,0.4726050171492808,-0.059525316730272095,-0.2139702931386951,0.16041169033387995,-0.18903871856633445,0.1278773487702676,0.588134765625,0.5256781681476352,0.06784210512416536,-0.17184050028957706,0.30043948420831634,-0.13346884957982932,0.26264973049068185,0.601593017578125,0.5957284276099293,exact 2^16,,,,
P1B_secondary_freeH_N3_ref_T_self_A+,"early(s=1) - late(s=3) of (window - normal) on same poses, w=1",A+,eff_exceed2,"release-aligned, N=3 free poses, target=ref",16,51,342,11,0,0,0.028711484593837537,-0.0019409937888198755,0.07490109610917538,0.0023999183006535975,0.0669285857085737,0.1279296875,0.16493122901576937,0.029239766081871343,0.0,0.07462952143198594,0.0044722887741385055,0.06716565394372011,0.1279296875,0.14347897645046853,0.043124645691609974,-0.00048739547902494244,0.08359627444727889,0.007999574829931974,0.07700892857142858,0.08203125,0.06968791010918399,exact 2^16,,,,
P1B_secondary_freeH_N3_ref_T_self_A+,"early(s=1) - late(s=3) of (window - normal) on same poses, w=1",A+,eff_exceed3,"release-aligned, N=3 free poses, target=ref",16,51,342,9,0,0,0.012138188608776843,-0.02364895028957529,0.06214285714285714,-0.018925307019718684,0.05357142857142857,0.5859375,0.5900760983329545,0.011695906432748537,-0.02282276291612391,0.06334841628959276,-0.01832460732984293,0.054498389893485225,0.671875,0.6009373924541523,0.02377940759637188,-0.03251142644557824,0.09317486890589566,-0.0247578302154195,0.08114795918367343,0.55859375,0.4897004664993858,exact 2^16,,,,
P1B_secondary_freeH_N3_ref_T_self_A+,"early(s=1) - late(s=3) of (window - normal) on same poses, w=1",A+,eff_exceed4,"release-aligned, N=3 free poses, target=ref",16,51,342,8,0,0,-0.02201991907874261,-0.058001107419712074,0.0022419847568657,-0.050755716658549076,-0.0015850970017637009,0.1484375,0.14236925479910356,-0.02046783625730994,-0.05483904995236151,0.0031645569620253164,-0.04810170081343251,0.0,0.2265625,0.1464652611574303,-0.018030753968253967,-0.06334325396825397,0.02442956349206349,-0.05555555555555555,0.017757936507936507,0.4140625,0.44998030965377533,exact 2^16,,,,
P1B_secondary_freeH_N3_ref_T_self_A+,"early(s=1) - late(s=3) of (window - normal) on same poses, w=2",A+,eff,"release-aligned, N=3 free poses, target=ref",16,51,342,16,0,0,0.18795474381701924,0.029350750037034995,0.4070519967721757,0.05339673576103402,0.3686285022152286,0.04803466796875,0.06814669446919581,0.18042792561959375,0.029954401801100664,0.4038464767399861,0.05305366711229235,0.3623484360214217,0.045501708984375,0.0683677873836814,0.24232767759956908,0.08215525262943085,0.4251710315873877,0.1029543445296838,0.3965529384118669,0.011474609375,0.01891632400294337,exact 2^16,,,,
P1B_secondary_freeH_N3_ref_T_self_A+,"early(s=1) - late(s=3) of (window - normal) on same poses, w=2",A+,eff_exceed2,"release-aligned, N=3 free poses, target=ref",16,51,342,9,0,0,-0.007858699035169617,-0.0807670012449424,0.09127645502645493,-0.07081166922436762,0.07947232947232946,0.8671875,0.8723488343867408,-0.014619883040935672,-0.09000258493353028,0.09090909090909091,-0.079470810738025,0.07916666666666666,0.9140625,0.7789128329428421,0.01638676303854875,-0.029832766439909293,0.06498015873015872,-0.022285997732426302,0.05691964285714285,0.5,0.5195671649321412,exact 2^16,,,,
P1B_secondary_freeH_N3_ref_T_self_A+,"early(s=1) - late(s=3) of (window - normal) on same poses, w=2",A+,eff_exceed3,"release-aligned, N=3 free poses, target=ref",16,51,342,10,0,0,0.05333800186741362,0.012470422951789411,0.1016275285520712,0.018883415435139574,0.09401282949077067,0.0390625,0.03143777096515624,0.05263157894736842,0.012269000581602598,0.10332421427662548,0.018726091049289992,0.09523809523809523,0.048828125,0.03499281892498587,0.04800170068027211,-0.009821428571428571,0.10885416666666667,-0.0009465348639455796,0.09808035714285708,0.1640625,0.1442813023348636,exact 2^16,,,,
P1B_secondary_freeH_N3_ref_T_self_A+,"early(s=1) - late(s=3) of (window - normal) on same poses, w=2",A+,eff_exceed4,"release-aligned, N=3 free poses, target=ref",16,51,342,9,0,0,0.029022720199190787,-0.0032357201295665533,0.05552161654135337,0.0031727574750830584,0.05092694342694341,0.16015625,0.05788493622344179,0.029239766081871343,-0.0036363636363636364,0.0547945205479452,0.003676470588235294,0.05055006790961846,0.19140625,0.04818173318629888,0.01372236394557823,-0.02510106646825397,0.05197438350340135,-0.01853900935374149,0.045805520124716545,0.52734375,0.5123925220645034,exact 2^16,,,,
P1B_secondary_freeH_N3_ref_T_self_A+,"early(s=1) - late(s=3) of (window - normal) on same poses, w=3",A+,eff,"release-aligned, N=3 free poses, target=ref",16,51,342,16,0,0,0.20032070145257266,0.027899847596646966,0.45886357338096595,0.05008578762453538,0.414057092340484,0.039703369140625,0.08473458841199481,0.19477529094749352,0.03516969507843832,0.44999616029467393,0.05657608023144276,0.4064550196441297,0.02838134765625,0.07688928659943618,0.24941179972961486,0.07145462893662628,0.42871324216218276,0.10198349490506024,0.3993598708260912,0.016510009765625,0.017226125206729625,exact 2^16,,,,
P1B_secondary_freeH_N3_ref_T_self_A+,"early(s=1) - late(s=3) of (window - normal) on same poses, w=3",A+,eff_exceed2,"release-aligned, N=3 free poses, target=ref",16,51,342,8,0,0,0.005135387488328668,-0.041666666666666664,0.06738934118121637,-0.03571428571428571,0.05820453912559171,0.921875,0.8663297823238096,0.0029239766081871343,-0.041975544246536614,0.06666666666666667,-0.03651868747616393,0.057383596082333746,1.0,0.9232526785214139,0.009027777777777775,-0.027529761904761904,0.047025049603174586,-0.022073412698412696,0.04112103174603174,0.65625,0.6535197598286202,exact 2^16,,,,
P1B_secondary_freeH_N3_ref_T_self_A+,"early(s=1) - late(s=3) of (window - normal) on same poses, w=3",A+,eff_exceed3,"release-aligned, N=3 free poses, target=ref",16,51,342,10,0,0,0.010348583877995645,-0.025727701118326115,0.0586734693877551,-0.020560700333773354,0.04978586889301171,0.654296875,0.635150658203326,0.008771929824561403,-0.025897418969654522,0.057971014492753624,-0.020944239007066233,0.04950648315605553,0.783203125,0.6874300609859354,0.008398880385487528,-0.038212337018140585,0.05503512081916099,-0.03128419075963718,0.047594600340136045,0.771484375,0.7388410115969863,exact 2^16,,,,
P1B_secondary_freeH_N3_ref_T_self_A+,"early(s=1) - late(s=3) of (window - normal) on same poses, w=3",A+,eff_exceed4,"release-aligned, N=3 free poses, target=ref",16,51,342,9,0,0,0.04754123871770931,0.014790043290043289,0.07406073065872311,0.021212352462352462,0.06917024911816576,0.0390625,0.003665390228526828,0.049707602339181284,0.016348217761218926,0.0766775613006919,0.023390446521287644,0.07142857142857142,0.04296875,0.0023910928117587197,0.03842297335600907,-0.014801232993197279,0.09564665710034011,-0.0067159155328798195,0.08656285430839002,0.23046875,0.21168132833303924,exact 2^16,,,,
P1B_secondary_freeH_N3_ref_T_self_A-,"early(s=1) - late(s=3) of (window - normal) on same poses, w=1",A-,eff,"release-aligned, N=3 free poses, target=ref",9,17,116,9,0,0,0.892059263696056,0.25653827807623697,2.380225999117394,0.2885130686168836,2.0418573371418614,0.00390625,0.14676225377913368,1.0731884275157946,0.284477122884814,2.8462787904799316,0.31651442960281695,2.4780766860976193,0.00390625,0.16422479626338235,1.416734707918689,0.3025060527478558,3.346389288662492,0.3499574821635385,3.223495173790047,0.00390625,0.16739213469089964,exact 2^9,,,,
P1B_secondary_freeH_N3_ref_T_self_A-,"early(s=1) - late(s=3) of (window - normal) on same poses, w=1",A-,eff_exceed2,"release-aligned, N=3 free poses, target=ref",9,17,116,8,0,0,0.015522875816993461,-0.09892502834467119,0.1689342403628118,-0.08319160997732425,0.141640502354788,0.8125,0.8289239753914472,0.017241379310344827,-0.09000225225225225,0.15789473684210525,-0.07446808510638298,0.13405035685963476,0.890625,0.795159569845684,0.045690035273368595,-0.11376074735449737,0.21412037037037035,-0.08929673721340387,0.18562610229276896,0.625,0.6170192799261578,exact 2^9,,,,
P1B_secondary_freeH_N3_ref_T_self_A-,"early(s=1) - late(s=3) of (window - normal) on same poses, w=1",A-,eff_exceed3,"release-aligned, N=3 free poses, target=ref",9,17,116,9,0,0,0.029995331465919692,-0.10212812208216619,0.16052532123960694,-0.08438703606442575,0.14166666666666666,0.7265625,0.6963601473182954,0.017241379310344827,-0.10679796931742384,0.14789384454877402,-0.09174311926605505,0.12871287128712872,0.91796875,0.8174046268480352,0.03505291005291005,-0.08818893298059965,0.16975308641975306,-0.07253086419753085,0.14969135802469136,0.62109375,0.6337533604407467,exact 2^9,,,,
P1B_secondary_freeH_N3_ref_T_self_A-,"early(s=1) - late(s=3) of (window - normal) on same poses, w=1",A-,eff_exceed4,"release-aligned, N=3 free poses, target=ref",9,17,116,7,0,0,-0.006535947712418302,-0.06666666666666667,0.04977022058823527,-0.05800653594771241,0.041666666666666664,0.890625,0.8461149864721378,-0.008620689655172414,-0.06837606837606838,0.04958824218978956,-0.060007518796992475,0.041237113402061855,1.0,0.8007082998817738,-0.003858024691358026,-0.05864197530864198,0.05555555555555555,-0.05092592592592592,0.046296296296296294,0.90625,0.9052491586197566,exact 2^9,,,,
P1B_secondary_freeH_N3_ref_T_self_A-,"early(s=1) - late(s=3) of (window - normal) on same poses, w=2",A-,eff,"release-aligned, N=3 free poses, target=ref",9,17,116,9,0,0,1.1270660178922396,0.41597520780791275,2.7033091070194954,0.46073466855459383,2.3542020492740847,0.00390625,0.09524775316277788,1.3268236752677105,0.4208712620769597,3.1666191435230373,0.4734799740714958,2.8059072560278366,0.00390625,0.11489357438535432,1.7119617012670536,0.5120722439268073,3.7395086860865203,0.568803209586231,3.5778363806170095,0.00390625,0.11853909991820695,exact 2^9,,,,
P1B_secondary_freeH_N3_ref_T_self_A-,"early(s=1) - late(s=3) of (window - normal) on same poses, w=2",A-,eff_exceed2,"release-aligned, N=3 free poses, target=ref",9,17,116,7,0,0,0.023809523809523805,-0.053579260651629074,0.1278054971988795,-0.04306722689075631,0.10912698412698411,0.640625,0.6239020005709717,0.017241379310344827,-0.056910569105691054,0.1188118811881188,-0.046511627906976744,0.10091743119266056,0.84375,0.7153299919310288,0.039296737213403876,-0.0798638668430335,0.1527819113756613,-0.060074955908289235,0.1349206349206349,0.578125,0.5538787519183954,exact 2^9,,,,
P1B_secondary_freeH_N3_ref_T_self_A-,"early(s=1) - late(s=3) of (window - normal) on same poses, w=2",A-,eff_exceed3,"release-aligned, N=3 free poses, target=ref",9,17,116,8,0,0,0.0023342670401493913,-0.11069340016708439,0.14166666666666666,-0.09266169556590752,0.11554898275099508,0.9921875,0.9715181592811895,-0.008620689655172414,-0.11926605504587157,0.125,-0.1,0.1,1.0,0.8908488630943037,0.03235229276895943,-0.11729083994708994,0.19577408509700164,-0.09662973985890652,0.16701388888888863,0.734375,0.7131101638130879,exact 2^9,,,,
P1B_secondary_freeH_N3_ref_T_self_A-,"early(s=1) - late(s=3) of (window - normal) on same poses, w=2",A-,eff_exceed4,"release-aligned, N=3 free poses, target=ref",9,17,116,6,0,0,-0.008169934640522876,-0.09352430555555555,0.09114893353174598,-0.08169934640522876,0.0727124183006536,0.875,0.8667777609360781,-0.017241379310344827,-0.10091974793809656,0.07913669064748201,-0.08928571428571429,0.061068702290076333,0.875,0.7188162862433118,0.005787037037037041,-0.10031828703703702,0.14737654320987653,-0.08834876543209877,0.12152777777777778,0.96875,0.9345974303725867,exact 2^9,,,,
P1B_secondary_freeH_N3_ref_T_self_A-,"early(s=1) - late(s=3) of (window - normal) on same poses, w=3",A-,eff,"release-aligned, N=3 free poses, target=ref",9,17,116,9,0,0,0.8673472962902041,0.3974761633194999,1.5834268667066815,0.4599030981960567,1.4360485030728305,0.015625,0.019839003730632864,0.9212449392483844,0.35832889825801656,1.790072408958934,0.4286885619637411,1.620978120589265,0.015625,0.03790880299126654,1.1031159762872185,0.3388360806377417,2.1172999264100962,0.4246755380201542,1.9371666327430563,0.01953125,0.056508204536877625,exact 2^9,,,,
P1B_secondary_freeH_N3_ref_T_self_A-,"early(s=1) - late(s=3) of (window - normal) on same poses, w=3",A-,eff_exceed2,"release-aligned, N=3 free poses, target=ref",9,17,116,7,0,0,0.08753501400560225,-0.015567765567765571,0.1929859370648844,-0.0007964852607709732,0.1785714285714286,0.1875,0.1747376418357177,0.07758620689655173,-0.020273717595146165,0.18556701030927836,-0.007352941176470588,0.16883116883116883,0.265625,0.210202362309694,0.08212081128747795,-0.01147486772486771,0.16843033509700175,0.004629629629629632,0.15531305114638447,0.171875,0.12952199905490866,exact 2^9,,,,
P1B_secondary_freeH_N3_ref_T_self_A-,"early(s=1) - late(s=3) of (window - normal) on same poses, w=3",A-,eff_exceed3,"release-aligned, N=3 free poses, target=ref",9,17,116,9,0,0,-0.010737628384687213,-0.14176644536019536,0.1391114672364672,-0.1214849386724387,0.11537344104308372,0.890625,0.8920095933868144,-0.017241379310344827,-0.14166666666666666,0.12659953970080529,-0.12121212121212122,0.10390963203463184,0.90625,0.8184807429156286,0.007826278659611989,-0.13800981040564375,0.15179398148148138,-0.11607142857142855,0.1289737654320987,0.9453125,0.9230088549782793,exact 2^9,,,,
P1B_secondary_freeH_N3_ref_T_self_A-,"early(s=1) - late(s=3) of (window - normal) on same poses, w=3",A-,eff_exceed4,"release-aligned, N=3 free poses, target=ref",9,17,116,9,0,0,0.04096638655462185,-0.07180369543650793,0.19185267857142854,-0.05462513130252101,0.16156462585034012,0.5390625,0.556434427809418,0.02586206896551724,-0.0873871572134219,0.1744186046511628,-0.06896551724137931,0.14564118122977332,0.79296875,0.7060481119000638,0.07330246913580246,-0.10803020282186948,0.2723848104056436,-0.07837852733686067,0.24195877425044085,0.5234375,0.5064134942531562,exact 2^9,,,,
