task_id,seed,episode_id,config,contrast,success_diff,mean_dev_cm,final_dev_cm,max_dev_cm,area_dev_cmstep,post_area_dev_cmstep,cmd_final_m,cmd_max_m,adiff_win,adiff_all,realigned,realign_t80,sticky_onsets_win_diff,sticky_steps_diff
google_robot_move_near,0,google_robot_move_near_s0,r1e4,R-N,-1.0,2.36015,3.26141,3.97434,169.9305,146.57413,0.04887,0.0894,0.01715,0.00482,1.0,24.0,0.0,0.0
google_robot_move_near,0,google_robot_move_near_s0,r1e4,F-C,0.0,5.76301,7.64597,8.02667,414.93669,378.99012,0.15143,0.16019,0.01589,0.00668,0.0,80.0,0.0,0.0
google_robot_move_near,1,google_robot_move_near_s1,r1e4,R-N,0.0,6.61498,7.74591,7.97679,476.27845,428.40046,0.28516,0.29208,0.02581,0.01057,0.0,80.0,1.0,-20.0
google_robot_move_near,1,google_robot_move_near_s1,r1e4,F-C,0.0,7.96888,13.28473,13.28473,573.75959,549.6839,0.37618,0.38595,0.01712,0.02434,0.0,80.0,1.0,58.0
google_robot_move_near,2,google_robot_move_near_s2,r1e4,R-N,1.0,1.0375,0.90706,2.13105,74.70031,55.79451,0.06606,0.07403,0.01443,0.00396,1.0,24.0,0.0,0.0
google_robot_move_near,2,google_robot_move_near_s2,r1e4,F-C,-1.0,1.72918,1.22675,4.67125,124.5009,102.04011,0.10394,0.16255,0.01917,0.00692,1.0,37.0,0.0,0.0
google_robot_move_near,3,google_robot_move_near_s3,r1e4,R-N,1.0,5.9895,3.2988,15.46103,431.24397,412.49138,0.18905,0.65189,0.00927,0.02831,0.0,80.0,1.0,24.0
google_robot_move_near,3,google_robot_move_near_s3,r1e4,F-C,0.0,5.93966,2.7112,10.38721,427.65573,403.66689,0.43682,0.46622,0.00849,0.0204,0.0,80.0,1.0,20.0
google_robot_move_near,4,google_robot_move_near_s4,r1e4,R-N,0.0,3.29696,5.42765,5.42765,237.38133,214.71228,0.24173,0.24173,0.0187,0.00668,1.0,24.0,0.0,0.0
google_robot_move_near,4,google_robot_move_near_s4,r1e4,F-C,0.0,3.18517,3.9546,4.35984,229.33229,208.28445,0.18724,0.18724,0.01515,0.00659,1.0,24.0,1.0,0.0
google_robot_move_near,5,google_robot_move_near_s5,r1e4,R-N,0.0,1.16679,2.58768,2.67115,84.00854,75.47148,0.09171,0.09171,0.00832,0.00296,1.0,24.0,0.0,0.0
google_robot_move_near,5,google_robot_move_near_s5,r1e4,F-C,0.0,2.19385,2.33641,5.25369,157.95719,136.71335,0.10664,0.14965,0.01546,0.01137,1.0,36.0,0.0,0.0
google_robot_move_near,6,google_robot_move_near_s6,r1e4,R-N,0.0,6.49572,11.41007,11.41007,467.69189,431.7466,1.21845,1.21845,0.0283,0.02636,0.0,80.0,1.0,0.0
google_robot_move_near,6,google_robot_move_near_s6,r1e4,F-C,0.0,4.56614,8.2542,8.2542,328.76187,316.45481,0.2684,0.28272,0.01234,0.00861,0.0,80.0,0.0,0.0
google_robot_move_near,7,google_robot_move_near_s7,r1e4,R-N,0.0,0.44311,1.20805,1.26444,31.90406,21.27333,0.0089,0.03463,0.0076,0.00181,1.0,24.0,0.0,0.0
google_robot_move_near,7,google_robot_move_near_s7,r1e4,F-C,0.0,6.37353,6.37129,8.17067,458.89388,398.12939,0.19591,0.23409,0.02013,0.00543,0.0,80.0,0.0,0.0
google_robot_move_near,8,google_robot_move_near_s8,r1e4,R-N,0.0,1.54968,1.93873,3.87201,111.57684,85.49865,0.05355,0.13004,0.0196,0.00498,1.0,24.0,0.0,0.0
google_robot_move_near,8,google_robot_move_near_s8,r1e4,F-C,1.0,1.72679,1.67935,3.63485,124.32856,102.451,0.09754,0.17143,0.02102,0.00599,1.0,28.0,0.0,0.0
google_robot_move_near,9,google_robot_move_near_s9,r1e4,R-N,0.0,0.57437,0.37062,2.29557,41.3548,26.19381,0.05001,0.08059,0.01449,0.00338,1.0,24.0,0.0,0.0
google_robot_move_near,9,google_robot_move_near_s9,r1e4,F-C,0.0,3.77601,6.42581,6.42581,271.87291,241.2676,0.18696,0.18696,0.01462,0.00567,0.0,80.0,0.0,0.0
google_robot_move_near,10,google_robot_move_near_s10,r1e4,R-N,0.0,0.71419,0.71557,1.72304,51.42135,36.8885,0.04435,0.06931,0.01045,0.00262,1.0,24.0,0.0,0.0
google_robot_move_near,10,google_robot_move_near_s10,r1e4,F-C,0.0,1.71531,3.05649,4.73249,123.50246,106.2728,0.12083,0.12083,0.01475,0.01269,1.0,24.0,0.0,0.0
google_robot_move_near,11,google_robot_move_near_s11,r1e4,R-N,0.0,2.34603,3.11037,6.19744,168.91429,138.02732,0.09577,0.20714,0.02423,0.0073,0.0,80.0,0.0,0.0
google_robot_move_near,11,google_robot_move_near_s11,r1e4,F-C,0.0,2.63861,7.23701,7.23701,189.97964,179.84718,0.21509,0.21509,0.00781,0.00657,1.0,24.0,0.0,20.0
google_robot_move_near,12,google_robot_move_near_s12,r1e4,R-N,0.0,2.04556,2.40511,2.40511,147.2805,126.46014,0.0965,0.0965,0.00632,0.00186,0.0,80.0,0.0,0.0
google_robot_move_near,12,google_robot_move_near_s12,r1e4,F-C,1.0,14.55354,24.14165,24.14165,1047.85466,1001.75452,0.85248,0.85248,0.02779,0.01945,0.0,80.0,1.0,0.0
google_robot_move_near,13,google_robot_move_near_s13,r1e4,R-N,1.0,18.14803,31.38745,31.38745,1306.65784,1272.81003,0.84299,0.9238,0.0214,0.03622,0.0,80.0,0.0,-20.0
google_robot_move_near,13,google_robot_move_near_s13,r1e4,F-C,0.0,1.68297,2.36103,3.0225,121.17382,105.85786,0.08099,0.11713,0.01383,0.00512,1.0,28.0,0.0,0.0
google_robot_move_near,14,google_robot_move_near_s14,r1e4,R-N,0.0,2.98434,3.38025,10.20451,214.87264,149.17568,0.09437,0.36555,0.03936,0.01229,0.0,80.0,1.0,0.0
google_robot_move_near,14,google_robot_move_near_s14,r1e4,F-C,0.0,12.04417,27.50278,27.50278,867.18025,836.28709,1.10348,1.10348,0.01706,0.03046,0.0,80.0,0.0,0.0
google_robot_move_near,15,google_robot_move_near_s15,r1e4,R-N,0.0,1.37111,2.93862,3.48562,98.71969,75.02078,0.06836,0.07236,0.01505,0.00394,1.0,24.0,0.0,0.0
google_robot_move_near,15,google_robot_move_near_s15,r1e4,F-C,0.0,6.11224,16.17921,16.17921,440.08117,425.08196,0.51874,0.51874,0.0071,0.01082,1.0,25.0,0.0,0.0
google_robot_move_near,16,google_robot_move_near_s16,r1e4,R-N,0.0,2.82078,3.67193,7.69672,203.09599,161.92365,0.04735,0.18744,0.03012,0.00884,1.0,27.0,-1.0,0.0
google_robot_move_near,16,google_robot_move_near_s16,r1e4,F-C,0.0,2.84918,5.17753,5.47474,205.14105,188.78241,0.08267,0.08766,0.01386,0.00666,1.0,26.0,0.0,0.0
google_robot_move_near,17,google_robot_move_near_s17,r1e4,R-N,0.0,0.44311,1.20805,1.26444,31.90406,21.27333,0.0089,0.03463,0.0076,0.00181,1.0,24.0,0.0,0.0
google_robot_move_near,17,google_robot_move_near_s17,r1e4,F-C,0.0,6.37353,6.37129,8.17067,458.89388,398.12939,0.19591,0.23409,0.02013,0.00543,0.0,80.0,0.0,0.0
google_robot_move_near,18,google_robot_move_near_s18,r1e4,R-N,1.0,5.9895,3.2988,15.46103,431.24397,412.49138,0.18905,0.65189,0.00927,0.02831,0.0,80.0,1.0,24.0
google_robot_move_near,18,google_robot_move_near_s18,r1e4,F-C,0.0,5.93966,2.7112,10.38721,427.65573,403.66689,0.43682,0.46622,0.00849,0.0204,0.0,80.0,1.0,20.0
google_robot_move_near,19,google_robot_move_near_s19,r1e4,R-N,0.0,6.42149,9.44035,9.91676,462.34754,439.99709,0.35454,0.37917,0.02139,0.01047,1.0,27.0,0.0,-20.0
google_robot_move_near,19,google_robot_move_near_s19,r1e4,F-C,0.0,5.90421,12.74237,12.74237,425.1033,391.52315,1.45636,1.45636,0.03723,0.02997,0.0,80.0,0.0,-2.0
google_robot_move_near,20,google_robot_move_near_s20,r1e4,R-N,0.0,1.16679,2.58768,2.67115,84.00854,75.47148,0.09171,0.09171,0.00832,0.00296,1.0,24.0,0.0,0.0
google_robot_move_near,20,google_robot_move_near_s20,r1e4,F-C,0.0,2.19385,2.33641,5.25369,157.95719,136.71335,0.10664,0.14965,0.01546,0.01137,1.0,36.0,0.0,0.0
google_robot_move_near,21,google_robot_move_near_s21,r1e4,R-N,0.0,0.71419,0.71557,1.72304,51.42135,36.8885,0.04435,0.06931,0.01045,0.00262,1.0,24.0,0.0,0.0
google_robot_move_near,21,google_robot_move_near_s21,r1e4,F-C,0.0,1.71531,3.05649,4.73249,123.50246,106.2728,0.12083,0.12083,0.01475,0.01269,1.0,24.0,0.0,0.0
google_robot_move_near,22,google_robot_move_near_s22,r1e4,R-N,-1.0,2.93374,4.77941,4.77941,211.22937,190.37485,0.09984,0.14231,0.02245,0.00842,0.0,80.0,0.0,8.0
google_robot_move_near,22,google_robot_move_near_s22,r1e4,F-C,0.0,2.95006,3.71322,5.68924,212.40452,182.33321,0.10523,0.15866,0.01957,0.00698,0.0,80.0,0.0,0.0
google_robot_move_near,23,google_robot_move_near_s23,r1e4,R-N,1.0,8.96133,6.56784,29.94444,645.21574,611.83925,0.39944,0.74121,0.03695,0.04715,0.0,80.0,0.0,16.0
google_robot_move_near,23,google_robot_move_near_s23,r1e4,F-C,-1.0,16.4148,30.06216,30.06216,1181.86565,1143.53922,0.75965,0.75965,0.02571,0.03818,0.0,80.0,0.0,20.0
google_robot_move_near,24,google_robot_move_near_s24,r1e4,R-N,0.0,4.03935,6.23461,6.23461,290.83326,263.61014,0.92427,0.92427,0.02127,0.01822,1.0,24.0,0.0,0.0
google_robot_move_near,24,google_robot_move_near_s24,r1e4,F-C,0.0,2.61568,5.32863,5.32863,188.32893,167.21224,0.20056,0.33559,0.01364,0.01957,1.0,36.0,0.0,0.0
google_robot_move_near,25,google_robot_move_near_s25,r1e4,R-N,0.0,3.05524,2.30927,4.35903,219.97735,189.45908,0.34744,0.40963,0.02403,0.01254,0.0,80.0,1.0,0.0
google_robot_move_near,25,google_robot_move_near_s25,r1e4,F-C,0.0,3.30408,13.04146,13.04146,237.89347,222.7662,0.25299,0.25299,0.01149,0.00755,1.0,24.0,0.0,0.0
google_robot_move_near,26,google_robot_move_near_s26,r1e4,R-N,-1.0,2.93374,4.77941,4.77941,211.22937,190.37485,0.09984,0.14231,0.02245,0.00842,0.0,80.0,0.0,8.0
google_robot_move_near,26,google_robot_move_near_s26,r1e4,F-C,0.0,2.95006,3.71322,5.68924,212.40452,182.33321,0.10523,0.15866,0.01957,0.00698,0.0,80.0,0.0,0.0
google_robot_move_near,27,google_robot_move_near_s27,r1e4,R-N,1.0,8.96133,6.56784,29.94444,645.21574,611.83925,0.39944,0.74121,0.03695,0.04715,0.0,80.0,0.0,16.0
google_robot_move_near,27,google_robot_move_near_s27,r1e4,F-C,-1.0,16.4148,30.06216,30.06216,1181.86565,1143.53922,0.75965,0.75965,0.02571,0.03818,0.0,80.0,0.0,20.0
google_robot_move_near,28,google_robot_move_near_s28,r1e4,R-N,0.0,0.94679,1.88129,1.88129,68.16854,57.60438,0.05675,0.06244,0.01085,0.00346,1.0,24.0,0.0,0.0
google_robot_move_near,28,google_robot_move_near_s28,r1e4,F-C,0.0,2.27976,2.19327,4.97899,164.14289,154.4842,0.11415,0.19574,0.00835,0.00974,1.0,51.0,0.0,0.0
google_robot_move_near,29,google_robot_move_near_s29,r1e4,R-N,0.0,1.24754,2.07317,2.07317,89.82288,77.99495,0.07421,0.07421,0.00877,0.00265,1.0,24.0,0.0,0.0
google_robot_move_near,29,google_robot_move_near_s29,r1e4,F-C,0.0,2.57389,2.88312,4.30971,185.32043,156.70541,0.09452,0.13404,0.02131,0.00491,0.0,80.0,0.0,0.0
google_robot_move_near,30,google_robot_move_near_s30,r1e4,R-N,0.0,6.61498,7.74591,7.97679,476.27845,428.40046,0.28516,0.29208,0.02581,0.01057,0.0,80.0,1.0,-20.0
google_robot_move_near,30,google_robot_move_near_s30,r1e4,F-C,0.0,7.96888,13.28473,13.28473,573.75959,549.6839,0.37618,0.38595,0.01712,0.02434,0.0,80.0,1.0,58.0
google_robot_move_near,31,google_robot_move_near_s31,r1e4,R-N,1.0,18.14803,31.38745,31.38745,1306.65784,1272.81003,0.84299,0.9238,0.0214,0.03622,0.0,80.0,0.0,-20.0
google_robot_move_near,31,google_robot_move_near_s31,r1e4,F-C,0.0,1.68297,2.36103,3.0225,121.17382,105.85786,0.08099,0.11713,0.01383,0.00512,1.0,28.0,0.0,0.0
google_robot_move_near,32,google_robot_move_near_s32,r1e4,R-N,0.0,2.66443,5.61439,5.61439,191.83904,166.93102,0.16481,0.16481,0.01474,0.00978,0.0,80.0,0.0,20.0
google_robot_move_near,32,google_robot_move_near_s32,r1e4,F-C,0.0,5.38403,9.48486,12.28592,387.65002,334.6413,0.35084,0.367,0.01793,0.02023,0.0,80.0,0.0,15.0
google_robot_move_near,33,google_robot_move_near_s33,r1e4,R-N,0.0,1.51276,2.01115,3.48493,108.91873,83.59364,0.08691,0.12209,0.02294,0.00724,1.0,24.0,0.0,0.0
google_robot_move_near,33,google_robot_move_near_s33,r1e4,F-C,0.0,2.54415,4.14683,4.64947,183.17859,160.97359,0.15524,0.15524,0.01432,0.00525,0.0,80.0,0.0,0.0
google_robot_move_near,34,google_robot_move_near_s34,r1e4,R-N,0.0,5.37891,17.22763,17.22763,387.28178,370.97891,0.55559,0.55559,0.01492,0.0109,0.0,80.0,1.0,-11.0
google_robot_move_near,34,google_robot_move_near_s34,r1e4,F-C,0.0,8.86909,3.95442,29.21067,638.57475,611.93813,0.16545,0.82566,0.02248,0.03196,0.0,80.0,0.0,-20.0
google_robot_move_near,35,google_robot_move_near_s35,r1e4,R-N,0.0,0.71419,0.71557,1.72304,51.42135,36.8885,0.04435,0.06931,0.01045,0.00262,1.0,24.0,0.0,0.0
google_robot_move_near,35,google_robot_move_near_s35,r1e4,F-C,0.0,1.71531,3.05649,4.73249,123.50246,106.2728,0.12083,0.12083,0.01475,0.01269,1.0,24.0,0.0,0.0
google_robot_move_near,36,google_robot_move_near_s36,r1e4,R-N,0.0,9.37658,21.07744,21.07744,675.11411,614.37632,1.43772,1.43772,0.04982,0.03277,1.0,24.0,1.0,20.0
google_robot_move_near,36,google_robot_move_near_s36,r1e4,F-C,0.0,10.21687,9.36056,19.83647,735.61493,722.67288,1.08588,1.08588,0.01289,0.03122,1.0,28.0,0.0,5.0
google_robot_move_near,37,google_robot_move_near_s37,r1e4,R-N,0.0,1.4387,1.92885,1.92885,103.58618,86.33919,0.0465,0.0465,0.01025,0.00244,1.0,24.0,0.0,0.0
google_robot_move_near,37,google_robot_move_near_s37,r1e4,F-C,0.0,7.45939,12.42373,12.45043,537.07624,512.06602,0.34003,0.34003,0.01516,0.01449,0.0,80.0,1.0,20.0
google_robot_move_near,38,google_robot_move_near_s38,r1e4,R-N,0.0,5.37891,17.22763,17.22763,387.28178,370.97891,0.55559,0.55559,0.01492,0.0109,0.0,80.0,1.0,-11.0
google_robot_move_near,38,google_robot_move_near_s38,r1e4,F-C,0.0,8.86909,3.95442,29.21067,638.57475,611.93813,0.16545,0.82566,0.02248,0.03196,0.0,80.0,0.0,-20.0
google_robot_move_near,39,google_robot_move_near_s39,r1e4,R-N,0.0,0.71419,0.71557,1.72304,51.42135,36.8885,0.04435,0.06931,0.01045,0.00262,1.0,24.0,0.0,0.0
google_robot_move_near,39,google_robot_move_near_s39,r1e4,F-C,0.0,1.71531,3.05649,4.73249,123.50246,106.2728,0.12083,0.12083,0.01475,0.01269,1.0,24.0,0.0,0.0
google_robot_pick_coke_can,0,google_robot_pick_coke_can_s0,r1e4,R-N,0.0,1.32704,1.67626,2.00716,95.54684,81.48546,0.04015,0.04589,0.00436,0.00195,1.0,24.0,0.0,0.0
google_robot_pick_coke_can,0,google_robot_pick_coke_can_s0,r1e4,F-C,-1.0,1.76297,2.89052,2.89052,126.93396,116.55382,0.08354,0.08354,0.00407,0.00246,1.0,24.0,0.0,20.0
google_robot_pick_coke_can,1,google_robot_pick_coke_can_s1,r1e4,R-N,0.0,3.69961,4.52833,7.79441,266.37167,246.39188,0.07093,0.31161,0.01037,0.0108,0.0,80.0,-1.0,-20.0
google_robot_pick_coke_can,1,google_robot_pick_coke_can_s1,r1e4,F-C,0.0,5.26903,7.88501,8.23386,379.37006,353.82593,0.14278,0.22768,0.01663,0.02276,0.0,80.0,-1.0,-20.0
google_robot_pick_coke_can,2,google_robot_pick_coke_can_s2,r1e4,R-N,0.0,0.97609,2.4835,2.4835,70.27835,65.69338,0.01859,0.03074,0.00402,0.00161,1.0,24.0,0.0,0.0
google_robot_pick_coke_can,2,google_robot_pick_coke_can_s2,r1e4,F-C,1.0,1.68147,6.53091,6.53091,121.06597,107.57391,0.10577,0.10577,0.01505,0.00524,1.0,24.0,0.0,0.0
google_robot_pick_coke_can,3,google_robot_pick_coke_can_s3,r1e4,R-N,0.0,5.12436,9.38387,9.41509,368.95416,339.4723,0.21049,0.21173,0.01262,0.00572,0.0,80.0,0.0,0.0
google_robot_pick_coke_can,3,google_robot_pick_coke_can_s3,r1e4,F-C,-1.0,4.53549,5.77019,11.07337,326.555,305.60886,0.15924,0.32014,0.01346,0.02037,0.0,80.0,1.0,-10.0
google_robot_pick_coke_can,4,google_robot_pick_coke_can_s4,r1e4,R-N,0.0,4.84255,8.59228,8.64748,348.6633,322.36565,0.13673,0.13673,0.00683,0.00418,0.0,80.0,0.0,0.0
google_robot_pick_coke_can,4,google_robot_pick_coke_can_s4,r1e4,F-C,0.0,4.89617,5.25722,5.96076,352.52429,323.5052,0.18191,0.1942,0.01973,0.00567,0.0,80.0,0.0,0.0
google_robot_pick_coke_can,5,google_robot_pick_coke_can_s5,r1e4,R-N,1.0,6.05551,19.14618,19.2301,435.99692,395.70073,0.62245,0.62531,0.00662,0.00978,0.0,80.0,0.0,-13.0
google_robot_pick_coke_can,5,google_robot_pick_coke_can_s5,r1e4,F-C,-1.0,12.90882,19.023,22.17565,929.43479,913.76229,0.56777,0.66232,0.00538,0.01531,1.0,24.0,0.0,-20.0
google_robot_pick_coke_can,6,google_robot_pick_coke_can_s6,r1e4,R-N,0.0,1.27591,1.36323,1.49538,91.86545,75.91868,0.03774,0.06061,0.00904,0.00224,1.0,24.0,0.0,0.0
google_robot_pick_coke_can,6,google_robot_pick_coke_can_s6,r1e4,F-C,0.0,3.11223,3.39124,4.2561,224.08021,200.65105,0.07503,0.07503,0.01799,0.00454,0.0,80.0,0.0,0.0
google_robot_pick_coke_can,7,google_robot_pick_coke_can_s7,r1e4,R-N,0.0,4.39837,9.19212,9.19212,316.68238,281.26459,0.25388,0.25388,0.01007,0.0046,0.0,80.0,0.0,0.0
google_robot_pick_coke_can,7,google_robot_pick_coke_can_s7,r1e4,F-C,-1.0,4.013,6.18493,6.18493,288.93605,275.21013,0.18183,0.18183,0.00606,0.00363,0.0,80.0,1.0,10.0
google_robot_pick_coke_can,8,google_robot_pick_coke_can_s8,r1e4,R-N,-1.0,2.21217,6.31318,6.31318,159.27618,143.56553,0.19163,0.19163,0.00406,0.0055,1.0,28.0,1.0,0.0
google_robot_pick_coke_can,8,google_robot_pick_coke_can_s8,r1e4,F-C,0.0,2.37116,2.87166,3.416,170.72379,143.52554,0.13643,0.13643,0.00801,0.00401,1.0,60.0,1.0,-10.0
google_robot_pick_coke_can,9,google_robot_pick_coke_can_s9,r1e4,R-N,-1.0,3.80133,8.83856,8.83856,273.69574,237.04335,0.21851,0.21851,0.02678,0.00908,0.0,80.0,0.0,0.0
google_robot_pick_coke_can,9,google_robot_pick_coke_can_s9,r1e4,F-C,0.0,3.59633,5.02659,6.59063,258.93546,228.35588,0.16203,0.19823,0.01835,0.01393,1.0,52.0,0.0,0.0
google_robot_pick_coke_can,10,google_robot_pick_coke_can_s10,r1e4,R-N,-1.0,2.27459,2.9876,4.81181,163.77014,133.97488,0.07292,0.16801,0.0299,0.0081,1.0,24.0,0.0,0.0
google_robot_pick_coke_can,10,google_robot_pick_coke_can_s10,r1e4,F-C,0.0,7.61115,12.09837,12.09837,548.00311,489.25001,0.25305,0.25305,0.01624,0.00615,0.0,80.0,0.0,0.0
google_robot_pick_coke_can,11,google_robot_pick_coke_can_s11,r1e4,R-N,0.0,3.59678,5.60061,6.69791,258.96813,244.14717,0.23382,0.23519,0.01441,0.01033,1.0,24.0,0.0,20.0
google_robot_pick_coke_can,11,google_robot_pick_coke_can_s11,r1e4,F-C,0.0,2.92207,3.22096,3.97334,210.38884,177.50346,0.06166,0.08086,0.01448,0.00374,0.0,80.0,0.0,0.0
google_robot_pick_coke_can,12,google_robot_pick_coke_can_s12,r1e4,R-N,0.0,5.5456,8.68994,9.48914,399.28301,367.53312,0.22036,0.28129,0.02543,0.02,0.0,80.0,1.0,10.0
google_robot_pick_coke_can,12,google_robot_pick_coke_can_s12,r1e4,F-C,-1.0,10.3219,17.91803,19.92663,743.17679,722.82553,0.53872,0.59751,0.0072,0.01398,1.0,24.0,0.0,-20.0
google_robot_pick_coke_can,13,google_robot_pick_coke_can_s13,r1e4,R-N,0.0,3.60101,6.87435,6.87435,259.27289,237.33519,0.13542,0.13587,0.01422,0.00487,0.0,80.0,0.0,0.0
google_robot_pick_coke_can,13,google_robot_pick_coke_can_s13,r1e4,F-C,0.0,7.60486,10.05916,10.37766,547.5499,515.66409,0.1777,0.18617,0.00951,0.00416,0.0,80.0,0.0,0.0
google_robot_pick_coke_can,14,google_robot_pick_coke_can_s14,r1e4,R-N,0.0,1.75823,1.85854,2.15058,126.59269,99.58495,0.06154,0.06154,0.00559,0.00193,1.0,28.0,0.0,0.0
google_robot_pick_coke_can,14,google_robot_pick_coke_can_s14,r1e4,F-C,0.0,1.98406,2.93844,2.96683,142.85209,123.27862,0.07838,0.08054,0.00824,0.00259,1.0,24.0,0.0,0.0
google_robot_pick_coke_can,15,google_robot_pick_coke_can_s15,r1e4,R-N,0.0,5.02506,5.87422,6.85628,361.80423,334.5515,0.18282,0.19363,0.01065,0.00838,0.0,80.0,0.0,-20.0
google_robot_pick_coke_can,15,google_robot_pick_coke_can_s15,r1e4,F-C,1.0,1.76038,2.59292,2.59292,126.74754,110.39055,0.05082,0.07306,0.0159,0.00402,1.0,24.0,0.0,0.0
google_robot_pick_coke_can,16,google_robot_pick_coke_can_s16,r1e4,R-N,0.0,3.87934,9.32382,9.32382,279.31231,257.46259,0.17145,0.17145,0.00846,0.00522,0.0,80.0,0.0,0.0
google_robot_pick_coke_can,16,google_robot_pick_coke_can_s16,r1e4,F-C,0.0,5.8996,5.42594,11.79677,424.77139,399.54051,0.14906,0.3351,0.02281,0.02029,0.0,80.0,0.0,20.0
google_robot_pick_coke_can,17,google_robot_pick_coke_can_s17,r1e4,R-N,0.0,4.96734,7.17773,10.65272,357.64849,343.22599,0.28242,0.44411,0.01584,0.02158,0.0,80.0,-1.0,-45.0
google_robot_pick_coke_can,17,google_robot_pick_coke_can_s17,r1e4,F-C,0.0,4.76727,9.66516,9.66516,343.24338,306.86823,0.41312,0.41312,0.01644,0.02719,0.0,80.0,1.0,-20.0
google_robot_pick_coke_can,18,google_robot_pick_coke_can_s18,r1e4,R-N,0.0,4.50234,7.32385,7.32385,324.16883,279.08831,0.17514,0.17514,0.01598,0.00514,0.0,80.0,0.0,0.0
google_robot_pick_coke_can,18,google_robot_pick_coke_can_s18,r1e4,F-C,0.0,12.93053,40.49339,40.49339,930.99838,916.9,1.20837,1.20837,0.00999,0.02187,1.0,24.0,0.0,-29.0
google_robot_pick_coke_can,19,google_robot_pick_coke_can_s19,r1e4,R-N,0.0,3.70007,9.37579,9.37579,266.40524,244.69129,0.23738,0.23738,0.01048,0.00592,0.0,80.0,0.0,0.0
google_robot_pick_coke_can,19,google_robot_pick_coke_can_s19,r1e4,F-C,0.0,4.07834,5.67283,6.83072,293.64043,273.36549,0.16183,0.18154,0.0179,0.01253,1.0,24.0,-1.0,0.0
google_robot_pick_coke_can,20,google_robot_pick_coke_can_s20,r1e4,R-N,0.0,2.55721,5.03763,5.03763,184.11914,166.73249,0.05402,0.05402,0.00538,0.00248,0.0,80.0,0.0,0.0
google_robot_pick_coke_can,20,google_robot_pick_coke_can_s20,r1e4,F-C,0.0,9.48828,12.17433,14.12949,683.15621,626.24285,0.34677,0.39306,0.02085,0.00975,0.0,80.0,0.0,0.0
google_robot_pick_coke_can,21,google_robot_pick_coke_can_s21,r1e4,R-N,0.0,3.49688,9.74716,9.83547,251.7757,238.22258,0.27555,0.27555,0.0111,0.00579,1.0,27.0,0.0,10.0
google_robot_pick_coke_can,21,google_robot_pick_coke_can_s21,r1e4,F-C,1.0,8.80765,21.23398,25.19353,634.15106,608.91352,0.69184,0.84357,0.01501,0.01892,0.0,80.0,0.0,10.0
google_robot_pick_coke_can,22,google_robot_pick_coke_can_s22,r1e4,R-N,0.0,6.45257,11.37727,12.59941,464.58488,444.43347,0.31745,0.31745,0.0125,0.01302,0.0,80.0,0.0,20.0
google_robot_pick_coke_can,22,google_robot_pick_coke_can_s22,r1e4,F-C,1.0,9.93007,26.12243,26.12243,714.96523,704.22235,0.75161,0.75161,0.01222,0.01755,1.0,25.0,0.0,13.0
google_robot_pick_coke_can,23,google_robot_pick_coke_can_s23,r1e4,R-N,0.0,3.75857,4.08988,7.19356,270.61676,223.42545,0.14528,0.1889,0.02117,0.0097,0.0,80.0,1.0,20.0
google_robot_pick_coke_can,23,google_robot_pick_coke_can_s23,r1e4,F-C,0.0,4.4155,3.95673,4.93041,317.91608,263.46553,0.12691,0.16935,0.01294,0.00381,0.0,80.0,0.0,0.0
google_robot_pick_coke_can,24,google_robot_pick_coke_can_s24,r1e4,R-N,0.0,4.96038,7.12603,8.75767,357.14746,340.50227,0.23385,0.28256,0.01175,0.01663,0.0,80.0,0.0,-20.0
google_robot_pick_coke_can,24,google_robot_pick_coke_can_s24,r1e4,F-C,1.0,21.76762,40.10742,41.10233,1567.26879,1553.7066,1.3064,1.35787,0.01094,0.02837,0.0,80.0,1.0,30.0
google_robot_pick_coke_can,25,google_robot_pick_coke_can_s25,r1e4,R-N,0.0,2.1845,3.91364,4.55899,157.28384,137.52476,0.08912,0.08912,0.0084,0.00316,1.0,24.0,0.0,0.0
google_robot_pick_coke_can,25,google_robot_pick_coke_can_s25,r1e4,F-C,0.0,1.40565,1.47643,1.8394,101.2068,84.83605,0.02715,0.0435,0.00873,0.00305,1.0,24.0,0.0,0.0
google_robot_pick_coke_can,26,google_robot_pick_coke_can_s26,r1e4,R-N,-1.0,5.77199,11.09425,11.09425,415.58327,378.76435,0.25508,0.25508,0.02313,0.00841,0.0,80.0,1.0,26.0
google_robot_pick_coke_can,26,google_robot_pick_coke_can_s26,r1e4,F-C,0.0,6.03266,11.70308,11.70308,434.35184,414.56859,0.37876,0.37876,0.00863,0.01414,1.0,24.0,0.0,10.0
google_robot_pick_coke_can,27,google_robot_pick_coke_can_s27,r1e4,R-N,0.0,3.84607,5.86449,5.86449,276.91729,242.02852,0.15545,0.15545,0.00964,0.00338,0.0,80.0,0.0,0.0
google_robot_pick_coke_can,27,google_robot_pick_coke_can_s27,r1e4,F-C,0.0,2.08917,4.99612,4.99612,150.42036,141.07047,0.1303,0.1303,0.00554,0.00302,1.0,24.0,0.0,0.0
google_robot_pick_coke_can,28,google_robot_pick_coke_can_s28,r1e4,R-N,0.0,2.54995,5.66764,5.66764,183.59614,164.25597,0.12834,0.12834,0.0081,0.00319,0.0,80.0,0.0,0.0
google_robot_pick_coke_can,28,google_robot_pick_coke_can_s28,r1e4,F-C,1.0,3.63069,5.94734,5.94734,261.40934,229.30022,0.06046,0.11634,0.01132,0.00595,0.0,80.0,0.0,0.0
google_robot_pick_coke_can,29,google_robot_pick_coke_can_s29,r1e4,R-N,-1.0,10.92232,21.48468,21.48468,786.40676,750.22071,0.69565,0.69565,0.0278,0.02497,0.0,80.0,0.0,-10.0
google_robot_pick_coke_can,29,google_robot_pick_coke_can_s29,r1e4,F-C,-1.0,4.6502,7.59005,7.59005,334.81458,304.76301,0.11739,0.11739,0.01874,0.0066,0.0,80.0,0.0,0.0
google_robot_pick_coke_can,30,google_robot_pick_coke_can_s30,r1e4,R-N,0.0,2.15262,1.7615,3.93431,154.98863,124.54495,0.09796,0.16251,0.01708,0.00418,1.0,62.0,0.0,0.0
google_robot_pick_coke_can,30,google_robot_pick_coke_can_s30,r1e4,F-C,-1.0,8.32156,14.35084,14.35084,599.15235,555.91179,0.56437,0.58979,0.01549,0.01667,0.0,80.0,0.0,-20.0
google_robot_pick_coke_can,31,google_robot_pick_coke_can_s31,r1e4,R-N,0.0,6.54767,11.36622,11.36622,471.43196,421.72199,0.19995,0.19995,0.01247,0.00532,0.0,80.0,0.0,0.0
google_robot_pick_coke_can,31,google_robot_pick_coke_can_s31,r1e4,F-C,-1.0,12.03921,23.43356,23.91834,866.8229,821.54559,0.68508,0.70059,0.01039,0.01333,0.0,80.0,0.0,-20.0
google_robot_pick_coke_can,32,google_robot_pick_coke_can_s32,r1e4,R-N,0.0,3.95781,4.50611,5.78034,284.96234,255.38707,0.32603,0.39262,0.02551,0.0168,0.0,80.0,0.0,0.0
google_robot_pick_coke_can,32,google_robot_pick_coke_can_s32,r1e4,F-C,0.0,3.57447,4.72264,4.72264,257.36154,225.58809,0.09943,0.09943,0.01344,0.00403,0.0,80.0,0.0,0.0
google_robot_pick_coke_can,33,google_robot_pick_coke_can_s33,r1e4,R-N,0.0,4.12748,6.02457,6.38948,297.17884,258.86836,0.16443,0.1685,0.01813,0.00528,0.0,80.0,0.0,0.0
google_robot_pick_coke_can,33,google_robot_pick_coke_can_s33,r1e4,F-C,-1.0,2.49055,4.41489,4.42122,179.31987,166.52415,0.12401,0.12401,0.0122,0.00466,1.0,24.0,0.0,10.0
google_robot_pick_coke_can,34,google_robot_pick_coke_can_s34,r1e4,R-N,0.0,5.41632,14.16027,14.9929,389.97485,369.08995,0.31918,0.34704,0.00689,0.0087,0.0,80.0,0.0,13.0
google_robot_pick_coke_can,34,google_robot_pick_coke_can_s34,r1e4,F-C,0.0,3.29081,2.97999,7.13516,236.93856,210.08274,0.09009,0.20712,0.01417,0.009,0.0,80.0,0.0,3.0
google_robot_pick_coke_can,35,google_robot_pick_coke_can_s35,r1e4,R-N,0.0,9.97875,20.99715,20.99715,718.47004,699.60484,0.63101,0.63407,0.01459,0.01548,1.0,37.0,0.0,-20.0
google_robot_pick_coke_can,35,google_robot_pick_coke_can_s35,r1e4,F-C,0.0,2.84474,4.19335,4.20445,204.82093,180.47671,0.08005,0.11147,0.01429,0.00446,1.0,33.0,0.0,0.0
google_robot_pick_coke_can,36,google_robot_pick_coke_can_s36,r1e4,R-N,0.0,2.78643,3.48439,3.48439,200.62308,172.29604,0.08316,0.08316,0.00855,0.00233,0.0,80.0,0.0,0.0
google_robot_pick_coke_can,36,google_robot_pick_coke_can_s36,r1e4,F-C,0.0,5.86687,7.82083,7.82083,422.41481,379.67939,0.0868,0.14901,0.01404,0.00669,0.0,80.0,0.0,-9.0
google_robot_pick_coke_can,37,google_robot_pick_coke_can_s37,r1e4,R-N,0.0,6.8175,10.15643,10.18378,490.85996,466.35599,0.29141,0.29159,0.01056,0.01026,0.0,80.0,0.0,0.0
google_robot_pick_coke_can,37,google_robot_pick_coke_can_s37,r1e4,F-C,1.0,3.52384,3.88472,4.81804,253.71672,228.36179,0.14092,0.16129,0.01395,0.0056,0.0,80.0,0.0,0.0
google_robot_pick_coke_can,38,google_robot_pick_coke_can_s38,r1e4,R-N,0.0,6.43518,8.62933,10.94688,463.33282,423.1204,0.2229,0.40597,0.01725,0.02259,0.0,80.0,-1.0,-13.0
google_robot_pick_coke_can,38,google_robot_pick_coke_can_s38,r1e4,F-C,-1.0,4.16923,8.24319,8.24319,300.18468,273.36347,0.28002,0.28002,0.01435,0.00788,0.0,80.0,1.0,20.0
google_robot_pick_coke_can,39,google_robot_pick_coke_can_s39,r1e4,R-N,0.0,5.73638,6.97772,9.77604,413.01942,382.36208,0.2846,0.35289,0.01605,0.0149,0.0,80.0,-1.0,0.0
google_robot_pick_coke_can,39,google_robot_pick_coke_can_s39,r1e4,F-C,0.0,5.75399,12.02427,12.02427,414.28724,389.98516,0.42296,0.42296,0.01481,0.0122,0.0,80.0,1.0,20.0
google_robot_move_near,0,google_robot_move_near_s0,r1e2,R-N,0.0,3.77237,4.98549,5.57126,271.61061,247.30582,0.18352,0.18352,0.01969,0.00593,0.0,80.0,0.0,0.0
google_robot_move_near,0,google_robot_move_near_s0,r1e2,F-C,0.0,4.36697,6.92324,6.99461,314.42209,302.24496,0.23699,0.23699,0.01,0.00665,0.0,80.0,0.0,0.0
google_robot_move_near,1,google_robot_move_near_s1,r1e2,R-N,0.0,8.09934,11.97469,12.01622,583.15217,545.03657,0.45333,0.45351,0.02859,0.01676,0.0,80.0,0.0,-20.0
google_robot_move_near,1,google_robot_move_near_s1,r1e2,F-C,0.0,2.65669,7.49971,7.49971,191.28178,167.8397,0.26012,0.26012,0.01109,0.00623,0.0,80.0,0.0,0.0
google_robot_move_near,2,google_robot_move_near_s2,r1e2,R-N,-1.0,5.02988,5.80877,6.10528,362.15164,335.43603,0.1758,0.20263,0.01874,0.00487,0.0,80.0,-1.0,0.0
google_robot_move_near,2,google_robot_move_near_s2,r1e2,F-C,0.0,8.74573,11.61614,13.9755,629.69287,612.15553,0.54847,0.54876,0.02048,0.01347,0.0,80.0,0.0,0.0
google_robot_move_near,3,google_robot_move_near_s3,r1e2,R-N,1.0,9.41856,12.72549,17.55377,678.13653,649.28279,0.57385,0.73836,0.01077,0.0313,0.0,80.0,1.0,2.0
google_robot_move_near,3,google_robot_move_near_s3,r1e2,F-C,1.0,4.64064,1.18782,12.2701,334.126,319.23859,0.49045,0.70719,0.00502,0.02588,0.0,80.0,1.0,31.0
google_robot_move_near,4,google_robot_move_near_s4,r1e2,R-N,0.0,1.90248,1.87158,2.31773,136.97866,120.14505,0.0638,0.07279,0.01063,0.00265,0.0,80.0,0.0,0.0
google_robot_move_near,4,google_robot_move_near_s4,r1e2,F-C,1.0,9.75373,18.20223,18.20223,702.2687,681.43595,0.91172,0.91172,0.00991,0.01472,0.0,80.0,0.0,0.0
google_robot_move_near,5,google_robot_move_near_s5,r1e2,R-N,0.0,0.78207,1.98373,1.98373,56.30927,44.62434,0.03102,0.03102,0.00592,0.00189,1.0,24.0,0.0,0.0
google_robot_move_near,5,google_robot_move_near_s5,r1e2,F-C,0.0,2.39969,3.25546,4.94959,172.77765,155.31509,0.09506,0.14134,0.01842,0.01109,1.0,26.0,0.0,0.0
google_robot_move_near,6,google_robot_move_near_s6,r1e2,R-N,0.0,3.88465,6.04795,6.60872,279.69471,204.07823,0.73958,0.76796,0.04698,0.01873,0.0,80.0,0.0,0.0
google_robot_move_near,6,google_robot_move_near_s6,r1e2,F-C,0.0,10.50414,12.67816,14.3302,756.29807,724.31876,1.05423,1.05423,0.02139,0.02311,0.0,80.0,0.0,0.0
google_robot_move_near,7,google_robot_move_near_s7,r1e2,R-N,0.0,0.74395,0.8058,0.9527,53.5642,44.99787,0.01883,0.04837,0.0099,0.00227,1.0,24.0,0.0,0.0
google_robot_move_near,7,google_robot_move_near_s7,r1e2,F-C,-1.0,3.35792,7.82644,7.82644,241.77059,219.20686,0.18266,0.18266,0.02511,0.00781,0.0,80.0,0.0,0.0
google_robot_move_near,8,google_robot_move_near_s8,r1e2,R-N,0.0,2.36149,2.57801,4.65788,170.02713,134.67838,0.06505,0.13059,0.02182,0.00592,0.0,80.0,1.0,0.0
google_robot_move_near,8,google_robot_move_near_s8,r1e2,F-C,0.0,6.06191,7.49512,7.5558,436.45733,411.90238,0.15847,0.16162,0.01612,0.0067,0.0,80.0,0.0,0.0
google_robot_move_near,9,google_robot_move_near_s9,r1e2,R-N,0.0,0.99507,0.97526,3.34562,71.64509,51.68072,0.04388,0.08951,0.01879,0.00418,1.0,24.0,0.0,0.0
google_robot_move_near,9,google_robot_move_near_s9,r1e2,F-C,0.0,3.98997,4.29885,7.20274,287.27765,235.84759,0.15424,0.2118,0.03315,0.00987,0.0,80.0,1.0,0.0
google_robot_move_near,10,google_robot_move_near_s10,r1e2,R-N,0.0,1.18759,1.52131,3.69252,85.50659,66.72709,0.03657,0.08821,0.01586,0.00417,1.0,24.0,0.0,0.0
google_robot_move_near,10,google_robot_move_near_s10,r1e2,F-C,0.0,1.188,1.20905,1.92327,85.53584,78.89208,0.05068,0.05335,0.00755,0.00614,1.0,24.0,0.0,0.0
google_robot_move_near,11,google_robot_move_near_s11,r1e2,R-N,0.0,2.19065,2.58683,2.74855,157.72706,147.80434,0.10154,0.10154,0.01042,0.00338,0.0,80.0,0.0,0.0
google_robot_move_near,11,google_robot_move_near_s11,r1e2,F-C,0.0,2.48516,6.84086,6.84086,178.93127,169.28184,0.18658,0.18658,0.00768,0.00859,1.0,25.0,0.0,-4.0
google_robot_move_near,12,google_robot_move_near_s12,r1e2,R-N,1.0,3.48919,5.55701,7.49363,251.22145,229.39936,0.22457,0.22457,0.02077,0.01584,0.0,80.0,0.0,0.0
google_robot_move_near,12,google_robot_move_near_s12,r1e2,F-C,1.0,10.34916,20.60411,22.5089,745.13973,723.02396,0.58444,0.63869,0.02122,0.02069,0.0,80.0,0.0,-20.0
google_robot_move_near,13,google_robot_move_near_s13,r1e2,R-N,0.0,3.08993,2.62786,6.63676,222.47526,208.71705,0.07027,0.22008,0.0166,0.00975,0.0,80.0,0.0,0.0
google_robot_move_near,13,google_robot_move_near_s13,r1e2,F-C,0.0,1.82329,1.05322,13.20722,131.27663,104.31728,0.0671,0.49381,0.02666,0.01532,1.0,31.0,0.0,0.0
google_robot_move_near,14,google_robot_move_near_s14,r1e2,R-N,0.0,8.88596,8.40331,17.22419,639.78897,576.71896,0.30488,0.5551,0.04278,0.02971,0.0,80.0,-1.0,20.0
google_robot_move_near,14,google_robot_move_near_s14,r1e2,F-C,0.0,14.09865,17.38705,20.7769,1015.10306,987.94347,0.81913,0.82055,0.01688,0.02095,0.0,80.0,0.0,0.0
google_robot_move_near,15,google_robot_move_near_s15,r1e2,R-N,0.0,1.42633,4.35027,4.35027,102.69592,77.96131,0.03102,0.12149,0.01827,0.00458,1.0,24.0,0.0,0.0
google_robot_move_near,15,google_robot_move_near_s15,r1e2,F-C,0.0,3.34008,3.88198,5.30446,240.4861,221.59782,0.37787,0.37787,0.01786,0.0123,0.0,80.0,0.0,0.0
google_robot_move_near,16,google_robot_move_near_s16,r1e2,R-N,0.0,6.57188,6.68074,10.65055,473.17504,434.82907,0.16833,0.23813,0.01924,0.0081,0.0,80.0,1.0,0.0
google_robot_move_near,16,google_robot_move_near_s16,r1e2,F-C,0.0,1.30283,1.85777,2.42464,93.8039,83.33275,0.0332,0.09346,0.01608,0.00676,1.0,25.0,0.0,0.0
google_robot_move_near,17,google_robot_move_near_s17,r1e2,R-N,0.0,0.74395,0.8058,0.9527,53.5642,44.99787,0.01883,0.04837,0.0099,0.00227,1.0,24.0,0.0,0.0
google_robot_move_near,17,google_robot_move_near_s17,r1e2,F-C,-1.0,3.35792,7.82644,7.82644,241.77059,219.20686,0.18266,0.18266,0.02511,0.00781,0.0,80.0,0.0,0.0
google_robot_move_near,18,google_robot_move_near_s18,r1e2,R-N,1.0,9.41856,12.72549,17.55377,678.13653,649.28279,0.57385,0.73836,0.01077,0.0313,0.0,80.0,1.0,2.0
google_robot_move_near,18,google_robot_move_near_s18,r1e2,F-C,1.0,4.64064,1.18782,12.2701,334.126,319.23859,0.49045,0.70719,0.00502,0.02588,0.0,80.0,1.0,31.0
google_robot_move_near,19,google_robot_move_near_s19,r1e2,R-N,0.0,6.76612,10.30163,13.48584,487.16099,468.68433,0.43845,0.54072,0.01261,0.01325,0.0,80.0,0.0,-20.0
google_robot_move_near,19,google_robot_move_near_s19,r1e2,F-C,0.0,3.93838,2.71176,9.31473,283.5636,250.99458,0.26524,0.31064,0.02462,0.01623,0.0,80.0,0.0,0.0
google_robot_move_near,20,google_robot_move_near_s20,r1e2,R-N,0.0,0.78207,1.98373,1.98373,56.30927,44.62434,0.03102,0.03102,0.00592,0.00189,1.0,24.0,0.0,0.0
google_robot_move_near,20,google_robot_move_near_s20,r1e2,F-C,0.0,2.39969,3.25546,4.94959,172.77765,155.31509,0.09506,0.14134,0.01842,0.01109,1.0,26.0,0.0,0.0
google_robot_move_near,21,google_robot_move_near_s21,r1e2,R-N,0.0,1.18759,1.52131,3.69252,85.50659,66.72709,0.03657,0.08821,0.01586,0.00417,1.0,24.0,0.0,0.0
google_robot_move_near,21,google_robot_move_near_s21,r1e2,F-C,0.0,1.188,1.20905,1.92327,85.53584,78.89208,0.05068,0.05335,0.00755,0.00614,1.0,24.0,0.0,0.0
google_robot_move_near,22,google_robot_move_near_s22,r1e2,R-N,-1.0,2.24297,2.63391,3.67288,161.49398,132.59049,0.09976,0.11484,0.0204,0.00597,0.0,80.0,-1.0,0.0
google_robot_move_near,22,google_robot_move_near_s22,r1e2,F-C,0.0,2.12781,2.54909,3.98104,153.20262,136.79185,0.04795,0.11845,0.0143,0.00586,0.0,80.0,0.0,0.0
google_robot_move_near,23,google_robot_move_near_s23,r1e2,R-N,1.0,9.05082,6.99351,27.0587,651.65899,624.16742,0.2584,0.81664,0.01491,0.02662,0.0,80.0,0.0,20.0
google_robot_move_near,23,google_robot_move_near_s23,r1e2,F-C,-1.0,22.5708,25.79627,38.92674,1625.09726,1601.57546,0.78219,1.27186,0.03308,0.04204,0.0,80.0,0.0,40.0
google_robot_move_near,24,google_robot_move_near_s24,r1e2,R-N,0.0,2.93634,4.0745,4.41458,211.41641,186.24453,0.12781,0.15983,0.02175,0.00782,1.0,24.0,0.0,0.0
google_robot_move_near,24,google_robot_move_near_s24,r1e2,F-C,0.0,1.66351,1.38755,4.78857,119.77285,98.3898,0.08017,0.19636,0.01029,0.00919,1.0,28.0,0.0,0.0
google_robot_move_near,25,google_robot_move_near_s25,r1e2,R-N,0.0,4.02099,5.03497,5.81358,289.51095,251.3127,0.29576,0.29813,0.03232,0.01193,0.0,80.0,0.0,0.0
google_robot_move_near,25,google_robot_move_near_s25,r1e2,F-C,1.0,5.09792,9.31641,10.85898,367.05046,286.42064,1.11365,1.11365,0.03664,0.03467,1.0,41.0,0.0,-20.0
google_robot_move_near,26,google_robot_move_near_s26,r1e2,R-N,-1.0,2.24297,2.63391,3.67288,161.49398,132.59049,0.09976,0.11484,0.0204,0.00597,0.0,80.0,-1.0,0.0
google_robot_move_near,26,google_robot_move_near_s26,r1e2,F-C,0.0,2.12781,2.54909,3.98104,153.20262,136.79185,0.04795,0.11845,0.0143,0.00586,0.0,80.0,0.0,0.0
google_robot_move_near,27,google_robot_move_near_s27,r1e2,R-N,1.0,9.05082,6.99351,27.0587,651.65899,624.16742,0.2584,0.81664,0.01491,0.02662,0.0,80.0,0.0,20.0
google_robot_move_near,27,google_robot_move_near_s27,r1e2,F-C,-1.0,22.5708,25.79627,38.92674,1625.09726,1601.57546,0.78219,1.27186,0.03308,0.04204,0.0,80.0,0.0,40.0
google_robot_move_near,28,google_robot_move_near_s28,r1e2,R-N,0.0,1.40165,1.54903,3.43536,100.91868,75.49881,0.0564,0.16455,0.02188,0.0053,1.0,24.0,0.0,0.0
google_robot_move_near,28,google_robot_move_near_s28,r1e2,F-C,-1.0,4.19577,9.53995,9.53995,302.09538,291.61876,0.2857,0.28843,0.00894,0.01036,1.0,26.0,0.0,0.0
google_robot_move_near,29,google_robot_move_near_s29,r1e2,R-N,0.0,1.13774,0.95098,5.55072,81.91754,45.92808,0.05398,0.16822,0.02924,0.00664,1.0,24.0,0.0,0.0
google_robot_move_near,29,google_robot_move_near_s29,r1e2,F-C,-1.0,15.12634,22.44471,22.44471,1089.09621,1044.12453,0.61109,0.61109,0.02624,0.01369,0.0,80.0,0.0,0.0
google_robot_move_near,30,google_robot_move_near_s30,r1e2,R-N,0.0,8.09934,11.97469,12.01622,583.15217,545.03657,0.45333,0.45351,0.02859,0.01676,0.0,80.0,0.0,-20.0
google_robot_move_near,30,google_robot_move_near_s30,r1e2,F-C,0.0,2.65669,7.49971,7.49971,191.28178,167.8397,0.26012,0.26012,0.01109,0.00623,0.0,80.0,0.0,0.0
google_robot_move_near,31,google_robot_move_near_s31,r1e2,R-N,0.0,3.08993,2.62786,6.63676,222.47526,208.71705,0.07027,0.22008,0.0166,0.00975,0.0,80.0,0.0,0.0
google_robot_move_near,31,google_robot_move_near_s31,r1e2,F-C,0.0,1.82329,1.05322,13.20722,131.27663,104.31728,0.0671,0.49381,0.02666,0.01532,1.0,31.0,0.0,0.0
google_robot_move_near,32,google_robot_move_near_s32,r1e2,R-N,0.0,4.08854,8.0193,8.03166,294.37505,271.01408,0.19422,0.19422,0.01342,0.00559,1.0,24.0,0.0,0.0
google_robot_move_near,32,google_robot_move_near_s32,r1e2,F-C,0.0,2.69354,3.15592,6.31393,193.93493,175.82392,0.21181,0.21181,0.01465,0.01075,0.0,80.0,0.0,0.0
google_robot_move_near,33,google_robot_move_near_s33,r1e2,R-N,0.0,1.34018,2.16262,2.26611,96.4929,85.2,0.10015,0.10015,0.006,0.00346,1.0,24.0,-1.0,0.0
google_robot_move_near,33,google_robot_move_near_s33,r1e2,F-C,0.0,6.2503,10.84972,10.84972,450.02173,432.31411,0.55751,0.55751,0.01907,0.02049,0.0,80.0,0.0,-20.0
google_robot_move_near,34,google_robot_move_near_s34,r1e2,R-N,0.0,2.27177,3.19934,3.19934,163.56725,145.09032,0.03536,0.03536,0.01152,0.00321,0.0,80.0,1.0,0.0
google_robot_move_near,34,google_robot_move_near_s34,r1e2,F-C,0.0,6.64402,1.03465,26.29215,478.36943,452.46944,0.10145,0.70797,0.02498,0.02939,1.0,57.0,0.0,-20.0
google_robot_move_near,35,google_robot_move_near_s35,r1e2,R-N,0.0,1.18759,1.52131,3.69252,85.50659,66.72709,0.03657,0.08821,0.01586,0.00417,1.0,24.0,0.0,0.0
google_robot_move_near,35,google_robot_move_near_s35,r1e2,F-C,0.0,1.188,1.20905,1.92327,85.53584,78.89208,0.05068,0.05335,0.00755,0.00614,1.0,24.0,0.0,0.0
google_robot_move_near,36,google_robot_move_near_s36,r1e2,R-N,0.0,8.49459,16.42602,16.42602,611.61039,580.68582,1.27015,1.27015,0.03336,0.0234,0.0,80.0,1.0,40.0
google_robot_move_near,36,google_robot_move_near_s36,r1e2,F-C,1.0,5.5394,8.22127,14.63295,398.83681,375.61393,0.82305,0.90547,0.00811,0.03603,0.0,80.0,0.0,-20.0
google_robot_move_near,37,google_robot_move_near_s37,r1e2,R-N,0.0,1.05625,1.13665,3.79875,76.05002,50.84224,0.04375,0.1228,0.0227,0.00512,1.0,24.0,0.0,0.0
google_robot_move_near,37,google_robot_move_near_s37,r1e2,F-C,0.0,7.64176,11.33322,11.33322,550.20679,520.84351,0.2628,0.34071,0.01554,0.01649,0.0,80.0,1.0,20.0
google_robot_move_near,38,google_robot_move_near_s38,r1e2,R-N,0.0,2.27177,3.19934,3.19934,163.56725,145.09032,0.03536,0.03536,0.01152,0.00321,0.0,80.0,1.0,0.0
google_robot_move_near,38,google_robot_move_near_s38,r1e2,F-C,0.0,6.64402,1.03465,26.29215,478.36943,452.46944,0.10145,0.70797,0.02498,0.02939,1.0,57.0,0.0,-20.0
google_robot_move_near,39,google_robot_move_near_s39,r1e2,R-N,0.0,1.18759,1.52131,3.69252,85.50659,66.72709,0.03657,0.08821,0.01586,0.00417,1.0,24.0,0.0,0.0
google_robot_move_near,39,google_robot_move_near_s39,r1e2,F-C,0.0,1.188,1.20905,1.92327,85.53584,78.89208,0.05068,0.05335,0.00755,0.00614,1.0,24.0,0.0,0.0
google_robot_pick_coke_can,0,google_robot_pick_coke_can_s0,r1e2,R-N,0.0,1.26512,1.86316,1.8746,91.0884,73.54376,0.088,0.088,0.00648,0.00242,1.0,24.0,0.0,0.0
google_robot_pick_coke_can,0,google_robot_pick_coke_can_s0,r1e2,F-C,0.0,1.46039,2.27275,2.27275,105.14829,96.15493,0.05362,0.05362,0.00502,0.00148,1.0,24.0,0.0,0.0
google_robot_pick_coke_can,1,google_robot_pick_coke_can_s1,r1e2,R-N,0.0,3.12735,2.97264,8.4786,225.16922,199.60264,0.10003,0.29999,0.02085,0.00958,0.0,80.0,-1.0,-20.0
google_robot_pick_coke_can,1,google_robot_pick_coke_can_s1,r1e2,F-C,0.0,6.97162,6.97021,13.41218,501.95658,460.94062,0.21399,0.44642,0.02066,0.01978,0.0,80.0,1.0,0.0
google_robot_pick_coke_can,2,google_robot_pick_coke_can_s2,r1e2,R-N,0.0,2.28837,4.28942,5.89831,164.76229,132.9755,0.0763,0.17312,0.02321,0.00767,1.0,24.0,0.0,0.0
google_robot_pick_coke_can,2,google_robot_pick_coke_can_s2,r1e2,F-C,0.0,1.77457,2.32654,2.32654,127.76931,114.50415,0.11742,0.13172,0.01312,0.00303,1.0,24.0,0.0,-10.0
google_robot_pick_coke_can,3,google_robot_pick_coke_can_s3,r1e2,R-N,0.0,6.26561,10.39687,10.39687,451.12384,419.36091,0.12253,0.12253,0.01226,0.00518,0.0,80.0,0.0,1.0
google_robot_pick_coke_can,3,google_robot_pick_coke_can_s3,r1e2,F-C,1.0,17.69569,32.31401,32.31401,1274.08983,1224.09217,0.92833,0.92833,0.0137,0.02142,0.0,80.0,1.0,20.0
google_robot_pick_coke_can,4,google_robot_pick_coke_can_s4,r1e2,R-N,0.0,6.70705,10.76217,10.76217,482.90743,441.68738,0.14466,0.14466,0.01064,0.0053,0.0,80.0,0.0,0.0
google_robot_pick_coke_can,4,google_robot_pick_coke_can_s4,r1e2,F-C,0.0,2.06437,2.6123,2.90342,148.63437,136.73843,0.04354,0.04354,0.00572,0.00192,1.0,24.0,0.0,0.0
google_robot_pick_coke_can,5,google_robot_pick_coke_can_s5,r1e2,R-N,-1.0,4.50249,17.40581,17.40581,324.17941,289.32295,0.43984,0.43984,0.0303,0.01684,0.0,80.0,1.0,30.0
google_robot_pick_coke_can,5,google_robot_pick_coke_can_s5,r1e2,F-C,-1.0,9.35026,12.76712,13.32842,673.21895,607.75275,0.38643,0.4114,0.01754,0.01657,0.0,80.0,1.0,0.0
google_robot_pick_coke_can,6,google_robot_pick_coke_can_s6,r1e2,R-N,0.0,3.40837,3.19319,6.20095,245.40252,214.28626,0.10595,0.22242,0.0198,0.00992,0.0,80.0,0.0,20.0
google_robot_pick_coke_can,6,google_robot_pick_coke_can_s6,r1e2,F-C,0.0,5.61689,9.35463,9.35463,404.41575,381.66171,0.22684,0.22684,0.0249,0.00844,0.0,80.0,0.0,0.0
google_robot_pick_coke_can,7,google_robot_pick_coke_can_s7,r1e2,R-N,0.0,3.23374,5.64535,5.64535,232.8293,204.67165,0.1156,0.1156,0.00689,0.00239,0.0,80.0,0.0,0.0
google_robot_pick_coke_can,7,google_robot_pick_coke_can_s7,r1e2,F-C,0.0,3.64579,5.5377,5.5377,262.49661,235.40472,0.14114,0.14114,0.0069,0.00368,0.0,80.0,0.0,0.0
google_robot_pick_coke_can,8,google_robot_pick_coke_can_s8,r1e2,R-N,-1.0,10.5337,17.38419,17.38419,758.42673,727.92765,0.49508,0.49508,0.01892,0.01098,0.0,80.0,1.0,20.0
google_robot_pick_coke_can,8,google_robot_pick_coke_can_s8,r1e2,F-C,0.0,5.27917,7.26255,7.26255,380.10022,356.96974,0.08572,0.08572,0.00878,0.00212,0.0,80.0,1.0,16.0
google_robot_pick_coke_can,9,google_robot_pick_coke_can_s9,r1e2,R-N,0.0,2.25369,2.05111,5.05665,162.26603,137.40651,0.19651,0.20106,0.02904,0.01003,0.0,80.0,1.0,20.0
google_robot_pick_coke_can,9,google_robot_pick_coke_can_s9,r1e2,F-C,1.0,6.42413,14.55786,19.7411,462.53764,431.44724,0.42028,0.55888,0.01477,0.01667,0.0,80.0,0.0,15.0
google_robot_pick_coke_can,10,google_robot_pick_coke_can_s10,r1e2,R-N,0.0,5.48614,7.02177,10.35531,395.0024,347.38689,0.28016,0.31422,0.03876,0.01943,0.0,80.0,1.0,20.0
google_robot_pick_coke_can,10,google_robot_pick_coke_can_s10,r1e2,F-C,1.0,5.28779,4.98296,8.96792,380.72087,300.98785,0.08996,0.156,0.01548,0.0091,0.0,80.0,-1.0,0.0
google_robot_pick_coke_can,11,google_robot_pick_coke_can_s11,r1e2,R-N,0.0,3.3309,4.93289,4.93289,239.82468,209.77192,0.08036,0.08863,0.01511,0.00527,0.0,80.0,0.0,0.0
google_robot_pick_coke_can,11,google_robot_pick_coke_can_s11,r1e2,F-C,0.0,6.05971,7.8112,7.8112,436.29897,402.6112,0.15798,0.15798,0.01623,0.00429,0.0,80.0,0.0,0.0
google_robot_pick_coke_can,12,google_robot_pick_coke_can_s12,r1e2,R-N,-1.0,4.16951,18.73493,18.73493,300.20473,265.91305,0.64615,0.64615,0.01971,0.01378,0.0,80.0,0.0,-6.0
google_robot_pick_coke_can,12,google_robot_pick_coke_can_s12,r1e2,F-C,0.0,3.18084,5.58913,5.66237,229.0204,203.4819,0.10666,0.13598,0.0088,0.00911,1.0,39.0,0.0,0.0
google_robot_pick_coke_can,13,google_robot_pick_coke_can_s13,r1e2,R-N,0.0,2.62453,2.90442,8.30798,188.96619,134.58719,0.0968,0.26754,0.03178,0.00772,0.0,80.0,0.0,0.0
google_robot_pick_coke_can,13,google_robot_pick_coke_can_s13,r1e2,F-C,1.0,8.6568,15.66453,15.66453,623.28942,590.04253,0.26345,0.26345,0.01162,0.00558,0.0,80.0,0.0,0.0
google_robot_pick_coke_can,14,google_robot_pick_coke_can_s14,r1e2,R-N,0.0,1.02387,0.57425,3.33549,73.71839,52.18908,0.06151,0.10823,0.01265,0.00381,1.0,24.0,0.0,0.0
google_robot_pick_coke_can,14,google_robot_pick_coke_can_s14,r1e2,F-C,0.0,3.823,4.8898,4.96383,275.25618,247.6282,0.03658,0.03658,0.00426,0.0012,0.0,80.0,0.0,0.0
google_robot_pick_coke_can,15,google_robot_pick_coke_can_s15,r1e2,R-N,1.0,1.81687,3.83012,3.83012,130.81433,118.16252,0.14311,0.14311,0.00823,0.00347,1.0,24.0,0.0,0.0
google_robot_pick_coke_can,15,google_robot_pick_coke_can_s15,r1e2,F-C,-1.0,2.00938,2.54243,2.54709,144.67517,129.61833,0.10852,0.10874,0.01908,0.00468,0.0,80.0,0.0,0.0
google_robot_pick_coke_can,16,google_robot_pick_coke_can_s16,r1e2,R-N,0.0,3.04214,5.11676,6.61455,219.0343,174.78973,0.10122,0.20937,0.02584,0.00848,1.0,25.0,0.0,0.0
google_robot_pick_coke_can,16,google_robot_pick_coke_can_s16,r1e2,F-C,0.0,2.58709,3.38694,3.97634,186.2702,163.32892,0.08857,0.13459,0.01532,0.00545,0.0,80.0,0.0,0.0
google_robot_pick_coke_can,17,google_robot_pick_coke_can_s17,r1e2,R-N,0.0,7.40222,16.00241,16.30207,532.95979,506.95024,0.42086,0.4236,0.01996,0.02942,0.0,80.0,0.0,-20.0
google_robot_pick_coke_can,17,google_robot_pick_coke_can_s17,r1e2,F-C,1.0,7.76502,9.5118,12.9191,559.08158,536.38951,0.28566,0.35737,0.01737,0.01936,0.0,80.0,1.0,0.0
google_robot_pick_coke_can,18,google_robot_pick_coke_can_s18,r1e2,R-N,0.0,5.09085,8.6166,8.85624,366.54087,319.11192,0.20931,0.25992,0.02655,0.01165,0.0,80.0,1.0,20.0
google_robot_pick_coke_can,18,google_robot_pick_coke_can_s18,r1e2,F-C,0.0,1.8055,1.90583,2.4017,129.99601,117.64796,0.15152,0.15322,0.01408,0.00423,1.0,72.0,0.0,0.0
google_robot_pick_coke_can,19,google_robot_pick_coke_can_s19,r1e2,R-N,0.0,3.7942,7.04717,7.18881,273.18275,248.89343,0.16794,0.20998,0.02178,0.01227,0.0,80.0,0.0,20.0
google_robot_pick_coke_can,19,google_robot_pick_coke_can_s19,r1e2,F-C,0.0,2.96955,3.75741,6.76927,213.80762,199.93834,0.17814,0.33569,0.01256,0.0129,1.0,26.0,1.0,0.0
google_robot_pick_coke_can,20,google_robot_pick_coke_can_s20,r1e2,R-N,0.0,2.8754,3.72324,3.72324,207.02848,188.35686,0.02196,0.03852,0.0054,0.00154,0.0,80.0,0.0,0.0
google_robot_pick_coke_can,20,google_robot_pick_coke_can_s20,r1e2,F-C,0.0,8.67528,13.23315,13.23315,624.62007,577.34158,0.40636,0.40636,0.02098,0.00995,0.0,80.0,1.0,20.0
google_robot_pick_coke_can,21,google_robot_pick_coke_can_s21,r1e2,R-N,0.0,6.96036,9.51781,12.28946,501.14605,465.60565,0.27426,0.32197,0.0236,0.01571,0.0,80.0,0.0,20.0
google_robot_pick_coke_can,21,google_robot_pick_coke_can_s21,r1e2,F-C,1.0,1.07565,1.21283,2.87898,77.44653,63.70333,0.03091,0.08213,0.01369,0.0053,1.0,25.0,0.0,0.0
google_robot_pick_coke_can,22,google_robot_pick_coke_can_s22,r1e2,R-N,0.0,1.94358,2.03498,7.12827,139.93807,95.77043,0.06227,0.30698,0.0343,0.0081,1.0,24.0,0.0,0.0
google_robot_pick_coke_can,22,google_robot_pick_coke_can_s22,r1e2,F-C,-1.0,2.37465,7.20912,7.20912,170.97472,154.14317,0.26249,0.26249,0.01749,0.00713,1.0,24.0,0.0,0.0
google_robot_pick_coke_can,23,google_robot_pick_coke_can_s23,r1e2,R-N,0.0,9.99446,12.00793,12.00793,719.60138,652.37642,0.29958,0.29958,0.01857,0.00471,0.0,80.0,0.0,0.0
google_robot_pick_coke_can,23,google_robot_pick_coke_can_s23,r1e2,F-C,0.0,2.74077,2.85691,3.67614,197.3352,171.74164,0.0546,0.09749,0.01821,0.00507,0.0,80.0,0.0,0.0
google_robot_pick_coke_can,24,google_robot_pick_coke_can_s24,r1e2,R-N,-1.0,12.00461,29.17274,29.17274,864.33205,821.78716,0.86329,0.86329,0.02551,0.02236,0.0,80.0,0.0,-10.0
google_robot_pick_coke_can,24,google_robot_pick_coke_can_s24,r1e2,F-C,1.0,23.48692,31.13306,31.2384,1691.05838,1623.25991,1.0362,1.03911,0.03226,0.01862,0.0,80.0,1.0,10.0
google_robot_pick_coke_can,25,google_robot_pick_coke_can_s25,r1e2,R-N,0.0,1.95048,3.16034,3.79307,140.43472,123.09123,0.10447,0.10447,0.00451,0.00263,1.0,24.0,0.0,0.0
google_robot_pick_coke_can,25,google_robot_pick_coke_can_s25,r1e2,F-C,0.0,1.37543,2.55356,2.55973,99.03101,85.44547,0.06757,0.06757,0.00525,0.00207,1.0,24.0,0.0,0.0
google_robot_pick_coke_can,26,google_robot_pick_coke_can_s26,r1e2,R-N,0.0,3.06685,7.31642,7.31642,220.8132,202.64866,0.10022,0.10022,0.01229,0.00497,0.0,80.0,0.0,0.0
google_robot_pick_coke_can,26,google_robot_pick_coke_can_s26,r1e2,F-C,0.0,3.60204,4.09843,9.63395,259.34653,237.36089,0.11343,0.27534,0.02242,0.01364,0.0,80.0,1.0,20.0
google_robot_pick_coke_can,27,google_robot_pick_coke_can_s27,r1e2,R-N,0.0,3.08795,4.36273,4.71325,222.33221,187.34342,0.08903,0.12707,0.01716,0.00439,0.0,80.0,0.0,0.0
google_robot_pick_coke_can,27,google_robot_pick_coke_can_s27,r1e2,F-C,0.0,2.39027,3.43878,3.50107,172.09934,146.2961,0.07907,0.09352,0.00627,0.00231,0.0,80.0,0.0,0.0
google_robot_pick_coke_can,28,google_robot_pick_coke_can_s28,r1e2,R-N,0.0,2.63165,3.50264,3.50264,189.47894,158.83065,0.11119,0.11119,0.01386,0.00406,0.0,80.0,0.0,0.0
google_robot_pick_coke_can,28,google_robot_pick_coke_can_s28,r1e2,F-C,0.0,2.4032,2.02641,6.30315,173.03031,113.73175,0.15605,0.1632,0.01233,0.00716,1.0,31.0,0.0,0.0
google_robot_pick_coke_can,29,google_robot_pick_coke_can_s29,r1e2,R-N,1.0,5.22239,6.3152,8.57754,376.01193,355.47678,0.27684,0.29565,0.02026,0.02041,0.0,80.0,0.0,-20.0
google_robot_pick_coke_can,29,google_robot_pick_coke_can_s29,r1e2,F-C,-1.0,3.75834,4.05831,5.65185,270.60041,225.52306,0.07683,0.08934,0.0198,0.00612,0.0,80.0,0.0,0.0
google_robot_pick_coke_can,30,google_robot_pick_coke_can_s30,r1e2,R-N,0.0,2.14897,3.51376,3.51376,154.72557,141.11828,0.07539,0.07539,0.01123,0.003,0.0,80.0,0.0,0.0
google_robot_pick_coke_can,30,google_robot_pick_coke_can_s30,r1e2,F-C,-1.0,8.48449,9.82423,9.86755,610.88313,539.30283,0.15988,0.16188,0.02031,0.00499,0.0,80.0,0.0,0.0
google_robot_pick_coke_can,31,google_robot_pick_coke_can_s31,r1e2,R-N,0.0,10.42464,12.00472,12.00472,750.57386,663.2953,0.09155,0.11487,0.00865,0.00207,0.0,80.0,0.0,0.0
google_robot_pick_coke_can,31,google_robot_pick_coke_can_s31,r1e2,F-C,0.0,13.39157,24.22114,24.22114,964.19282,932.58561,0.82297,0.82297,0.01094,0.01742,1.0,31.0,0.0,-20.0
google_robot_pick_coke_can,32,google_robot_pick_coke_can_s32,r1e2,R-N,0.0,3.80472,7.83744,7.83744,273.93986,243.28711,0.32037,0.36979,0.0345,0.02293,1.0,33.0,0.0,0.0
google_robot_pick_coke_can,32,google_robot_pick_coke_can_s32,r1e2,F-C,0.0,6.53442,11.73839,11.73839,470.47857,452.62439,0.19508,0.19508,0.01431,0.00688,0.0,80.0,0.0,0.0
google_robot_pick_coke_can,33,google_robot_pick_coke_can_s33,r1e2,R-N,0.0,0.74417,0.77812,3.68994,53.58053,34.26786,0.03238,0.11118,0.01701,0.00436,1.0,24.0,0.0,0.0
google_robot_pick_coke_can,33,google_robot_pick_coke_can_s33,r1e2,F-C,-1.0,1.20113,1.45667,1.50929,86.48139,73.88805,0.04654,0.04654,0.0104,0.003,1.0,24.0,0.0,0.0
google_robot_pick_coke_can,34,google_robot_pick_coke_can_s34,r1e2,R-N,0.0,1.46634,0.8212,5.34797,105.57632,91.19223,0.09317,0.09468,0.01333,0.00779,1.0,35.0,1.0,20.0
google_robot_pick_coke_can,34,google_robot_pick_coke_can_s34,r1e2,F-C,0.0,4.58655,5.26046,8.37499,330.23166,306.54977,0.19647,0.24148,0.01389,0.00936,0.0,80.0,0.0,0.0
google_robot_pick_coke_can,35,google_robot_pick_coke_can_s35,r1e2,R-N,0.0,1.51534,1.6805,1.81842,109.1045,91.23944,0.02232,0.0394,0.00956,0.0022,1.0,24.0,0.0,0.0
google_robot_pick_coke_can,35,google_robot_pick_coke_can_s35,r1e2,F-C,0.0,2.48334,2.34307,3.31202,178.80031,158.075,0.0564,0.08469,0.01288,0.00331,0.0,80.0,0.0,0.0
google_robot_pick_coke_can,36,google_robot_pick_coke_can_s36,r1e2,R-N,0.0,6.61514,7.78653,9.53909,476.28978,443.40102,0.34146,0.3578,0.0233,0.01429,0.0,80.0,0.0,20.0
google_robot_pick_coke_can,36,google_robot_pick_coke_can_s36,r1e2,F-C,-1.0,4.4878,4.79113,5.39426,323.12145,287.88876,0.05402,0.09536,0.01164,0.00474,0.0,80.0,0.0,0.0
google_robot_pick_coke_can,37,google_robot_pick_coke_can_s37,r1e2,R-N,1.0,7.29039,15.15376,15.15376,524.90779,505.7664,0.41641,0.41641,0.00501,0.01958,0.0,80.0,0.0,-24.0
google_robot_pick_coke_can,37,google_robot_pick_coke_can_s37,r1e2,F-C,1.0,6.3649,8.12731,12.08292,458.27262,440.57707,0.54832,0.54832,0.00342,0.01536,0.0,80.0,0.0,5.0
google_robot_pick_coke_can,38,google_robot_pick_coke_can_s38,r1e2,R-N,0.0,2.91521,2.33058,8.14475,209.89506,190.69191,0.07094,0.28302,0.01806,0.00954,0.0,80.0,-1.0,-20.0
google_robot_pick_coke_can,38,google_robot_pick_coke_can_s38,r1e2,F-C,0.0,5.23759,8.82668,8.82668,377.10639,342.30062,0.31812,0.31812,0.02105,0.01148,0.0,80.0,1.0,20.0
google_robot_pick_coke_can,39,google_robot_pick_coke_can_s39,r1e2,R-N,0.0,6.56241,9.22525,11.80137,472.49343,438.85046,0.29053,0.34618,0.00705,0.01376,0.0,80.0,0.0,12.0
google_robot_pick_coke_can,39,google_robot_pick_coke_can_s39,r1e2,F-C,0.0,5.64356,9.12148,9.12148,406.33617,380.01346,0.29429,0.29429,0.02838,0.01598,0.0,80.0,0.0,20.0
google_robot_move_near,0,google_robot_move_near_s0,r1e1,R-N,0.0,4.24806,5.19224,5.19224,305.86045,275.81149,0.21049,0.21049,0.0249,0.0067,0.0,80.0,-1.0,0.0
google_robot_move_near,0,google_robot_move_near_s0,r1e1,F-C,0.0,2.12293,2.92244,4.63474,152.85132,136.90864,0.0825,0.08531,0.00515,0.00706,1.0,37.0,0.0,0.0
google_robot_move_near,1,google_robot_move_near_s1,r1e1,R-N,0.0,5.83742,7.10157,7.10242,420.29402,392.71813,0.09288,0.09468,0.0152,0.00513,0.0,80.0,0.0,0.0
google_robot_move_near,1,google_robot_move_near_s1,r1e1,F-C,0.0,7.77401,7.68908,13.30223,559.72871,544.03044,0.34393,0.40555,0.00832,0.0158,0.0,80.0,0.0,20.0
google_robot_move_near,2,google_robot_move_near_s2,r1e1,R-N,-1.0,2.8527,4.58013,4.58013,205.39433,192.41545,0.0713,0.08063,0.00887,0.00217,1.0,24.0,0.0,0.0
google_robot_move_near,2,google_robot_move_near_s2,r1e1,F-C,0.0,1.44926,2.35662,2.70867,104.34658,98.53017,0.05305,0.10818,0.00106,0.00562,1.0,24.0,0.0,0.0
google_robot_move_near,3,google_robot_move_near_s3,r1e1,R-N,0.0,9.65155,15.37737,15.37737,694.91129,669.35864,0.24766,0.43094,0.00677,0.03231,0.0,80.0,1.0,24.0
google_robot_move_near,3,google_robot_move_near_s3,r1e1,F-C,1.0,2.5749,3.72553,6.05693,185.39248,182.55296,0.18709,0.19133,0.00054,0.01352,1.0,24.0,0.0,-2.0
google_robot_move_near,4,google_robot_move_near_s4,r1e1,R-N,0.0,4.15469,13.49828,13.49828,299.13734,270.40186,0.53834,0.53834,0.01748,0.01309,0.0,80.0,0.0,-10.0
google_robot_move_near,4,google_robot_move_near_s4,r1e1,F-C,1.0,22.61093,33.23462,33.23766,1627.98689,1503.11825,1.06169,1.11022,0.04405,0.03702,0.0,80.0,0.0,-20.0
google_robot_move_near,5,google_robot_move_near_s5,r1e1,R-N,0.0,1.33656,1.46835,2.25567,96.23265,78.23099,0.02199,0.05809,0.00941,0.00209,1.0,24.0,0.0,0.0
google_robot_move_near,5,google_robot_move_near_s5,r1e1,F-C,0.0,1.68893,1.1059,8.58405,121.60279,98.77239,0.04123,0.26215,0.0127,0.00874,1.0,33.0,1.0,20.0
google_robot_move_near,6,google_robot_move_near_s6,r1e1,R-N,0.0,2.73194,2.99838,3.3065,196.69959,175.79102,0.10721,0.11409,0.01298,0.00358,0.0,80.0,0.0,0.0
google_robot_move_near,6,google_robot_move_near_s6,r1e1,F-C,-1.0,8.59224,8.87669,22.02079,618.64106,613.12136,0.38801,0.69404,0.0004,0.03239,0.0,80.0,1.0,0.0
google_robot_move_near,7,google_robot_move_near_s7,r1e1,R-N,0.0,1.27072,1.53938,3.29306,91.49168,72.03223,0.02165,0.11738,0.01586,0.00352,1.0,24.0,0.0,0.0
google_robot_move_near,7,google_robot_move_near_s7,r1e1,F-C,0.0,1.54446,1.38861,3.59556,111.20088,89.36573,0.0097,0.10949,0.01751,0.01084,1.0,30.0,0.0,0.0
google_robot_move_near,8,google_robot_move_near_s8,r1e1,R-N,0.0,1.72011,2.0054,4.6087,123.84816,95.99724,0.04242,0.14143,0.01967,0.0054,1.0,24.0,1.0,0.0
google_robot_move_near,8,google_robot_move_near_s8,r1e1,F-C,0.0,2.61716,3.37871,5.04887,188.43544,180.13492,0.1357,0.21202,0.00101,0.00699,1.0,24.0,0.0,0.0
google_robot_move_near,9,google_robot_move_near_s9,r1e1,R-N,0.0,3.74196,4.5599,4.5599,269.42103,250.10959,0.16672,0.16672,0.01512,0.00336,0.0,80.0,0.0,0.0
google_robot_move_near,9,google_robot_move_near_s9,r1e1,F-C,0.0,6.46752,6.37943,14.01546,465.66177,387.73279,0.2454,0.47737,0.02991,0.01826,0.0,80.0,2.0,0.0
google_robot_move_near,10,google_robot_move_near_s10,r1e1,R-N,0.0,1.21636,1.06669,2.21881,87.57762,69.06786,0.07437,0.09664,0.00858,0.00209,1.0,24.0,0.0,0.0
google_robot_move_near,10,google_robot_move_near_s10,r1e1,F-C,0.0,1.83172,2.29467,3.2339,131.88411,119.45374,0.05617,0.10143,0.00135,0.00349,1.0,24.0,0.0,0.0
google_robot_move_near,11,google_robot_move_near_s11,r1e1,R-N,0.0,1.87121,1.79454,5.666,134.72717,102.87216,0.03483,0.20095,0.0241,0.00806,1.0,27.0,0.0,0.0
google_robot_move_near,11,google_robot_move_near_s11,r1e1,F-C,0.0,7.99385,5.3039,25.44588,575.55749,558.55032,0.21713,0.7929,0.01018,0.0313,0.0,80.0,1.0,20.0
google_robot_move_near,12,google_robot_move_near_s12,r1e1,R-N,0.0,6.64651,10.26969,10.35468,478.54886,441.58719,0.39717,0.39717,0.01612,0.01131,0.0,80.0,0.0,-20.0
google_robot_move_near,12,google_robot_move_near_s12,r1e1,F-C,-1.0,13.74271,19.25981,19.44739,989.47518,924.85588,0.5615,0.5615,0.05376,0.01596,0.0,80.0,0.0,0.0
google_robot_move_near,13,google_robot_move_near_s13,r1e1,R-N,0.0,4.89616,4.20655,14.40736,352.52365,313.23659,0.13193,0.48036,0.02845,0.01305,0.0,80.0,0.0,0.0
google_robot_move_near,13,google_robot_move_near_s13,r1e1,F-C,0.0,3.29834,2.37671,21.6524,237.48043,231.39071,0.12864,0.78733,0.00287,0.02403,1.0,38.0,1.0,0.0
google_robot_move_near,14,google_robot_move_near_s14,r1e1,R-N,0.0,5.64259,5.14936,15.94277,406.26621,343.83201,0.05196,0.50131,0.03481,0.02057,0.0,80.0,0.0,0.0
google_robot_move_near,14,google_robot_move_near_s14,r1e1,F-C,0.0,6.67461,8.72786,14.48806,480.57195,366.90715,0.62217,0.7036,0.01814,0.01979,0.0,80.0,0.0,5.0
google_robot_move_near,15,google_robot_move_near_s15,r1e1,R-N,0.0,2.30833,2.70853,3.15613,166.19951,147.64144,0.04654,0.07383,0.00548,0.003,1.0,24.0,-1.0,0.0
google_robot_move_near,15,google_robot_move_near_s15,r1e1,F-C,0.0,1.69792,3.18018,3.18018,122.25036,111.35684,0.06473,0.07435,0.00257,0.00296,1.0,24.0,0.0,0.0
google_robot_move_near,16,google_robot_move_near_s16,r1e1,R-N,0.0,1.61002,2.38359,3.53899,115.9216,90.56504,0.16869,0.16926,0.02597,0.00629,1.0,24.0,1.0,0.0
google_robot_move_near,16,google_robot_move_near_s16,r1e1,F-C,-1.0,14.24712,24.29057,27.03212,1025.79293,1007.71535,1.02157,1.02157,0.00128,0.01653,1.0,24.0,0.0,0.0
google_robot_move_near,17,google_robot_move_near_s17,r1e1,R-N,0.0,1.27072,1.53938,3.29306,91.49168,72.03223,0.02165,0.11738,0.01586,0.00352,1.0,24.0,0.0,0.0
google_robot_move_near,17,google_robot_move_near_s17,r1e1,F-C,0.0,1.54446,1.38861,3.59556,111.20088,89.36573,0.0097,0.10949,0.01751,0.01084,1.0,30.0,0.0,0.0
google_robot_move_near,18,google_robot_move_near_s18,r1e1,R-N,0.0,9.65155,15.37737,15.37737,694.91129,669.35864,0.24766,0.43094,0.00677,0.03231,0.0,80.0,1.0,24.0
google_robot_move_near,18,google_robot_move_near_s18,r1e1,F-C,1.0,2.5749,3.72553,6.05693,185.39248,182.55296,0.18709,0.19133,0.00054,0.01352,1.0,24.0,0.0,-2.0
google_robot_move_near,19,google_robot_move_near_s19,r1e1,R-N,1.0,4.11483,5.31232,5.54641,296.268,274.29902,0.25849,0.28062,0.03243,0.0139,1.0,24.0,0.0,0.0
google_robot_move_near,19,google_robot_move_near_s19,r1e1,F-C,-1.0,11.93444,21.27979,21.27979,859.27976,771.25355,1.92176,1.92176,0.03204,0.04335,0.0,80.0,2.0,0.0
google_robot_move_near,20,google_robot_move_near_s20,r1e1,R-N,0.0,1.33656,1.46835,2.25567,96.23265,78.23099,0.02199,0.05809,0.00941,0.00209,1.0,24.0,0.0,0.0
google_robot_move_near,20,google_robot_move_near_s20,r1e1,F-C,0.0,1.68893,1.1059,8.58405,121.60279,98.77239,0.04123,0.26215,0.0127,0.00874,1.0,33.0,1.0,20.0
google_robot_move_near,21,google_robot_move_near_s21,r1e1,R-N,0.0,1.21636,1.06669,2.21881,87.57762,69.06786,0.07437,0.09664,0.00858,0.00209,1.0,24.0,0.0,0.0
google_robot_move_near,21,google_robot_move_near_s21,r1e1,F-C,0.0,1.83172,2.29467,3.2339,131.88411,119.45374,0.05617,0.10143,0.00135,0.00349,1.0,24.0,0.0,0.0
google_robot_move_near,22,google_robot_move_near_s22,r1e1,R-N,0.0,3.18711,3.88303,3.88303,229.47175,208.94988,0.10853,0.10853,0.01802,0.00552,0.0,80.0,0.0,0.0
google_robot_move_near,22,google_robot_move_near_s22,r1e1,F-C,0.0,3.02388,4.72529,6.24128,217.71968,211.64752,0.40514,0.40514,0.00047,0.01422,1.0,24.0,0.0,0.0
google_robot_move_near,23,google_robot_move_near_s23,r1e1,R-N,0.0,18.03271,14.61228,35.21951,1298.35512,1232.43081,0.51105,1.2169,0.04767,0.0366,0.0,80.0,0.0,20.0
google_robot_move_near,23,google_robot_move_near_s23,r1e1,F-C,0.0,9.7689,6.69509,30.11193,703.36055,685.23039,0.26756,0.94933,0.02924,0.04043,0.0,80.0,0.0,20.0
google_robot_move_near,24,google_robot_move_near_s24,r1e1,R-N,0.0,1.20495,1.18582,2.82453,86.75651,70.6389,0.18078,0.18078,0.01152,0.00368,1.0,25.0,0.0,0.0
google_robot_move_near,24,google_robot_move_near_s24,r1e1,F-C,0.0,7.58431,10.62365,16.49575,546.0704,516.57653,0.89436,1.11136,0.0158,0.03519,1.0,25.0,2.0,5.0
google_robot_move_near,25,google_robot_move_near_s25,r1e1,R-N,0.0,6.70148,11.76249,11.85239,482.50659,444.85256,1.08006,1.08006,0.03078,0.02235,0.0,80.0,0.0,0.0
google_robot_move_near,25,google_robot_move_near_s25,r1e1,F-C,0.0,10.48945,8.27276,16.72394,755.24009,689.03917,0.56116,0.56993,0.03576,0.03049,0.0,80.0,0.0,-10.0
google_robot_move_near,26,google_robot_move_near_s26,r1e1,R-N,0.0,3.18711,3.88303,3.88303,229.47175,208.94988,0.10853,0.10853,0.01802,0.00552,0.0,80.0,0.0,0.0
google_robot_move_near,26,google_robot_move_near_s26,r1e1,F-C,0.0,3.02388,4.72529,6.24128,217.71968,211.64752,0.40514,0.40514,0.00047,0.01422,1.0,24.0,0.0,0.0
google_robot_move_near,27,google_robot_move_near_s27,r1e1,R-N,0.0,18.03271,14.61228,35.21951,1298.35512,1232.43081,0.51105,1.2169,0.04767,0.0366,0.0,80.0,0.0,20.0
google_robot_move_near,27,google_robot_move_near_s27,r1e1,F-C,0.0,9.7689,6.69509,30.11193,703.36055,685.23039,0.26756,0.94933,0.02924,0.04043,0.0,80.0,0.0,20.0
google_robot_move_near,28,google_robot_move_near_s28,r1e1,R-N,0.0,1.2358,0.93881,4.19641,88.97753,65.67292,0.06361,0.13089,0.02101,0.00569,1.0,24.0,0.0,0.0
google_robot_move_near,28,google_robot_move_near_s28,r1e1,F-C,0.0,2.14283,2.30443,7.96714,154.2839,147.79659,0.05634,0.22922,0.00155,0.00787,1.0,24.0,0.0,0.0
google_robot_move_near,29,google_robot_move_near_s29,r1e1,R-N,0.0,2.25869,2.12604,6.54269,162.62592,118.45235,0.06582,0.14807,0.03487,0.00775,0.0,80.0,0.0,0.0
google_robot_move_near,29,google_robot_move_near_s29,r1e1,F-C,0.0,3.17925,2.22313,12.51067,228.90605,192.96232,0.10585,0.33467,0.01946,0.01859,0.0,80.0,0.0,0.0
google_robot_move_near,30,google_robot_move_near_s30,r1e1,R-N,0.0,5.83742,7.10157,7.10242,420.29402,392.71813,0.09288,0.09468,0.0152,0.00513,0.0,80.0,0.0,0.0
google_robot_move_near,30,google_robot_move_near_s30,r1e1,F-C,0.0,7.77401,7.68908,13.30223,559.72871,544.03044,0.34393,0.40555,0.00832,0.0158,0.0,80.0,0.0,20.0
google_robot_move_near,31,google_robot_move_near_s31,r1e1,R-N,0.0,4.89616,4.20655,14.40736,352.52365,313.23659,0.13193,0.48036,0.02845,0.01305,0.0,80.0,0.0,0.0
google_robot_move_near,31,google_robot_move_near_s31,r1e1,F-C,0.0,3.29834,2.37671,21.6524,237.48043,231.39071,0.12864,0.78733,0.00287,0.02403,1.0,38.0,1.0,0.0
google_robot_move_near,32,google_robot_move_near_s32,r1e1,R-N,0.0,4.67823,4.90765,7.45548,336.83226,297.72976,0.16068,0.23025,0.02597,0.00877,0.0,80.0,0.0,20.0
google_robot_move_near,32,google_robot_move_near_s32,r1e1,F-C,0.0,4.59316,2.70135,16.16829,330.70764,303.0177,0.49557,0.66963,0.01114,0.02291,0.0,80.0,0.0,-9.0
google_robot_move_near,33,google_robot_move_near_s33,r1e1,R-N,0.0,1.87779,1.92074,4.84041,135.20123,103.39151,0.05229,0.17106,0.02817,0.00855,1.0,27.0,0.0,0.0
google_robot_move_near,33,google_robot_move_near_s33,r1e1,F-C,0.0,5.45438,4.79833,12.46759,392.71538,353.68488,0.12609,0.42038,0.02456,0.03083,0.0,80.0,1.0,20.0
google_robot_move_near,34,google_robot_move_near_s34,r1e1,R-N,0.0,0.82796,4.04397,4.04397,59.61279,46.15939,0.17013,0.17013,0.00776,0.00388,1.0,24.0,0.0,0.0
google_robot_move_near,34,google_robot_move_near_s34,r1e1,F-C,0.0,6.62173,2.7841,25.34139,476.76454,465.11234,0.09221,0.74528,0.00929,0.02614,0.0,80.0,1.0,20.0
google_robot_move_near,35,google_robot_move_near_s35,r1e1,R-N,0.0,1.21636,1.06669,2.21881,87.57762,69.06786,0.07437,0.09664,0.00858,0.00209,1.0,24.0,0.0,0.0
google_robot_move_near,35,google_robot_move_near_s35,r1e1,F-C,0.0,1.83172,2.29467,3.2339,131.88411,119.45374,0.05617,0.10143,0.00135,0.00349,1.0,24.0,0.0,0.0
google_robot_move_near,36,google_robot_move_near_s36,r1e1,R-N,-1.0,8.80777,15.73189,16.89016,634.15939,614.20223,0.69085,0.69085,0.02183,0.02393,0.0,80.0,1.0,-6.0
google_robot_move_near,36,google_robot_move_near_s36,r1e1,F-C,1.0,12.05701,30.77265,30.77265,868.10458,855.7873,1.5003,1.5003,0.0005,0.02865,1.0,34.0,0.0,36.0
google_robot_move_near,37,google_robot_move_near_s37,r1e1,R-N,0.0,1.29381,1.18546,6.13761,93.15445,55.27385,0.0494,0.22119,0.04154,0.00932,1.0,24.0,0.0,0.0
google_robot_move_near,37,google_robot_move_near_s37,r1e1,F-C,1.0,7.21044,9.56129,9.56129,519.15181,500.04898,0.3729,0.3729,0.01591,0.01054,0.0,80.0,1.0,20.0
google_robot_move_near,38,google_robot_move_near_s38,r1e1,R-N,0.0,0.82796,4.04397,4.04397,59.61279,46.15939,0.17013,0.17013,0.00776,0.00388,1.0,24.0,0.0,0.0
google_robot_move_near,38,google_robot_move_near_s38,r1e1,F-C,0.0,6.62173,2.7841,25.34139,476.76454,465.11234,0.09221,0.74528,0.00929,0.02614,0.0,80.0,1.0,20.0
google_robot_move_near,39,google_robot_move_near_s39,r1e1,R-N,0.0,1.21636,1.06669,2.21881,87.57762,69.06786,0.07437,0.09664,0.00858,0.00209,1.0,24.0,0.0,0.0
google_robot_move_near,39,google_robot_move_near_s39,r1e1,F-C,0.0,1.83172,2.29467,3.2339,131.88411,119.45374,0.05617,0.10143,0.00135,0.00349,1.0,24.0,0.0,0.0
google_robot_pick_coke_can,0,google_robot_pick_coke_can_s0,r1e1,R-N,0.0,2.63341,3.35943,3.40404,189.60568,174.87323,0.13948,0.13948,0.00808,0.00408,0.0,80.0,0.0,0.0
google_robot_pick_coke_can,0,google_robot_pick_coke_can_s0,r1e1,F-C,-1.0,12.05593,16.57239,16.57239,868.02722,849.54015,0.41908,0.41908,0.01315,0.00634,0.0,80.0,1.0,10.0
google_robot_pick_coke_can,1,google_robot_pick_coke_can_s1,r1e1,R-N,0.0,3.32773,4.40308,4.40308,239.59635,208.11705,0.08035,0.08035,0.00653,0.00174,0.0,80.0,0.0,0.0
google_robot_pick_coke_can,1,google_robot_pick_coke_can_s1,r1e1,F-C,-1.0,4.31357,5.34211,6.71743,310.57738,271.74129,0.39216,0.504,0.0194,0.01698,0.0,80.0,0.0,0.0
google_robot_pick_coke_can,2,google_robot_pick_coke_can_s2,r1e1,R-N,0.0,1.94599,2.46194,4.41243,140.11146,112.83681,0.08897,0.16726,0.01848,0.00448,1.0,24.0,0.0,0.0
google_robot_pick_coke_can,2,google_robot_pick_coke_can_s2,r1e1,F-C,0.0,1.63715,2.2139,4.59526,117.87508,108.97299,0.07153,0.15296,0.0028,0.00531,1.0,32.0,0.0,0.0
google_robot_pick_coke_can,3,google_robot_pick_coke_can_s3,r1e1,R-N,0.0,5.97292,5.94367,9.65781,430.05023,371.70019,0.15661,0.26202,0.04332,0.01402,0.0,80.0,1.0,20.0
google_robot_pick_coke_can,3,google_robot_pick_coke_can_s3,r1e1,F-C,0.0,14.32385,15.54282,29.39195,1031.31716,823.59625,0.9056,1.00234,0.04411,0.0367,0.0,80.0,2.0,20.0
google_robot_pick_coke_can,4,google_robot_pick_coke_can_s4,r1e1,R-N,0.0,5.51115,5.84754,6.89178,396.80312,363.30183,0.10423,0.10423,0.00336,0.00193,0.0,80.0,0.0,0.0
google_robot_pick_coke_can,4,google_robot_pick_coke_can_s4,r1e1,F-C,1.0,4.19005,5.31816,5.31816,301.68393,264.10531,0.20434,0.20434,0.01371,0.00321,0.0,80.0,0.0,-20.0
google_robot_pick_coke_can,5,google_robot_pick_coke_can_s5,r1e1,R-N,0.0,12.80232,14.5725,14.6206,921.76695,817.29935,0.12551,0.16885,0.01323,0.00294,0.0,80.0,0.0,0.0
google_robot_pick_coke_can,5,google_robot_pick_coke_can_s5,r1e1,F-C,1.0,26.17561,35.64617,36.00909,1884.6442,1823.366,0.89138,0.91761,0.01796,0.0199,0.0,80.0,0.0,-3.0
google_robot_pick_coke_can,6,google_robot_pick_coke_can_s6,r1e1,R-N,0.0,7.95023,9.25325,10.86848,572.41675,533.91518,0.1127,0.13327,0.01097,0.00914,0.0,80.0,1.0,20.0
google_robot_pick_coke_can,6,google_robot_pick_coke_can_s6,r1e1,F-C,0.0,3.61998,4.93271,4.93271,260.6386,227.69087,0.12613,0.12613,0.01289,0.0042,0.0,80.0,0.0,0.0
google_robot_pick_coke_can,7,google_robot_pick_coke_can_s7,r1e1,R-N,0.0,3.30017,4.13996,4.68187,237.61219,202.77206,0.09125,0.11406,0.01222,0.00272,0.0,80.0,0.0,0.0
google_robot_pick_coke_can,7,google_robot_pick_coke_can_s7,r1e1,F-C,1.0,7.68508,9.44655,10.02796,553.32546,517.78998,0.3101,0.31093,0.00951,0.00972,0.0,80.0,0.0,10.0
google_robot_pick_coke_can,8,google_robot_pick_coke_can_s8,r1e1,R-N,-1.0,7.21125,13.65288,13.65288,519.20979,488.74535,0.31047,0.31047,0.00167,0.00522,0.0,80.0,1.0,10.0
google_robot_pick_coke_can,8,google_robot_pick_coke_can_s8,r1e1,F-C,0.0,8.84122,12.06449,12.06449,636.56758,591.23203,0.03247,0.03247,0.0,0.00048,0.0,80.0,1.0,30.0
google_robot_pick_coke_can,9,google_robot_pick_coke_can_s9,r1e1,R-N,0.0,4.18266,4.24163,8.1142,301.15126,268.82858,0.30989,0.30989,0.02484,0.01332,0.0,80.0,1.0,20.0
google_robot_pick_coke_can,9,google_robot_pick_coke_can_s9,r1e1,F-C,-1.0,13.27522,25.18305,25.18305,955.81597,903.43469,0.83954,0.83954,0.03181,0.03058,0.0,80.0,1.0,26.0
google_robot_pick_coke_can,10,google_robot_pick_coke_can_s10,r1e1,R-N,-1.0,8.08384,12.47917,13.01082,582.03634,514.82128,0.71025,0.71025,0.02873,0.02959,0.0,80.0,1.0,40.0
google_robot_pick_coke_can,10,google_robot_pick_coke_can_s10,r1e1,F-C,0.0,10.64074,13.53162,17.98231,766.13301,717.21845,2.44419,2.44419,0.01775,0.0414,0.0,80.0,0.0,-46.0
google_robot_pick_coke_can,11,google_robot_pick_coke_can_s11,r1e1,R-N,0.0,2.39915,2.86572,6.13392,172.73855,137.51036,0.10148,0.21048,0.02603,0.00633,1.0,32.0,0.0,0.0
google_robot_pick_coke_can,11,google_robot_pick_coke_can_s11,r1e1,F-C,0.0,8.53993,10.34919,10.83838,614.87529,564.78519,0.24336,0.28941,0.00905,0.00658,0.0,80.0,0.0,0.0
google_robot_pick_coke_can,12,google_robot_pick_coke_can_s12,r1e1,R-N,0.0,6.18232,6.94328,7.15437,445.12721,394.80617,0.01948,0.11901,0.01538,0.0036,0.0,80.0,0.0,0.0
google_robot_pick_coke_can,12,google_robot_pick_coke_can_s12,r1e1,F-C,0.0,12.59564,15.51373,15.63258,906.88624,786.73932,0.67308,0.67506,0.03334,0.0201,0.0,80.0,1.0,20.0
google_robot_pick_coke_can,13,google_robot_pick_coke_can_s13,r1e1,R-N,0.0,2.93826,1.96105,7.09016,211.55474,152.19073,0.08987,0.29007,0.02371,0.0079,1.0,76.0,0.0,0.0
google_robot_pick_coke_can,13,google_robot_pick_coke_can_s13,r1e1,F-C,1.0,12.0799,14.19347,14.431,869.75283,792.00735,0.43129,0.43458,0.03017,0.01029,0.0,80.0,0.0,0.0
google_robot_pick_coke_can,14,google_robot_pick_coke_can_s14,r1e1,R-N,0.0,1.2145,1.05312,2.49679,87.44417,67.76615,0.13941,0.13941,0.00955,0.00283,1.0,24.0,0.0,0.0
google_robot_pick_coke_can,14,google_robot_pick_coke_can_s14,r1e1,F-C,0.0,20.16462,29.23862,29.35909,1451.85283,1402.24949,1.96485,1.96757,0.01194,0.03008,0.0,80.0,1.0,20.0
google_robot_pick_coke_can,15,google_robot_pick_coke_can_s15,r1e1,R-N,-1.0,13.76867,17.37081,21.29509,991.34448,947.31536,0.51875,0.56803,0.00896,0.01699,0.0,80.0,1.0,20.0
google_robot_pick_coke_can,15,google_robot_pick_coke_can_s15,r1e1,F-C,0.0,1.5835,2.80464,2.83544,114.01207,103.2787,0.07823,0.07823,0.00268,0.00272,1.0,24.0,0.0,0.0
google_robot_pick_coke_can,16,google_robot_pick_coke_can_s16,r1e1,R-N,0.0,2.21606,2.64962,3.50809,159.55654,133.47478,0.05627,0.12482,0.01348,0.00314,0.0,80.0,0.0,0.0
google_robot_pick_coke_can,16,google_robot_pick_coke_can_s16,r1e1,F-C,0.0,5.80929,5.65109,11.09657,418.26893,387.22273,0.21346,0.31756,0.02096,0.02436,0.0,80.0,1.0,0.0
google_robot_pick_coke_can,17,google_robot_pick_coke_can_s17,r1e1,R-N,1.0,14.51212,30.57676,30.57676,1044.87264,1016.50878,0.95222,0.95222,0.02592,0.03123,0.0,80.0,-1.0,-10.0
google_robot_pick_coke_can,17,google_robot_pick_coke_can_s17,r1e1,F-C,0.0,4.36005,4.88238,10.95167,313.92331,291.18727,0.14197,0.3489,0.02185,0.01415,0.0,80.0,0.0,20.0
google_robot_pick_coke_can,18,google_robot_pick_coke_can_s18,r1e1,R-N,0.0,5.08438,5.20374,6.39175,366.07546,322.04717,0.13356,0.13356,0.01174,0.00412,0.0,80.0,0.0,0.0
google_robot_pick_coke_can,18,google_robot_pick_coke_can_s18,r1e1,F-C,1.0,8.87583,10.86455,12.01367,639.06012,598.39816,0.20097,0.20097,0.0182,0.00739,0.0,80.0,0.0,-30.0
google_robot_pick_coke_can,19,google_robot_pick_coke_can_s19,r1e1,R-N,0.0,1.54935,1.853,1.95925,111.5531,101.04453,0.05768,0.05768,0.0039,0.0009,1.0,24.0,0.0,0.0
google_robot_pick_coke_can,19,google_robot_pick_coke_can_s19,r1e1,F-C,-1.0,4.64586,7.04813,15.01618,334.50159,268.78313,0.41324,0.49907,0.03012,0.02138,0.0,80.0,2.0,26.0
google_robot_pick_coke_can,20,google_robot_pick_coke_can_s20,r1e1,R-N,0.0,3.34969,3.6873,3.79622,241.17757,208.92103,0.00911,0.00911,0.00057,0.00013,0.0,80.0,0.0,0.0
google_robot_pick_coke_can,20,google_robot_pick_coke_can_s20,r1e1,F-C,1.0,3.52386,4.15779,4.4907,253.71766,231.59848,0.03857,0.03967,0.006,0.00148,0.0,80.0,0.0,0.0
google_robot_pick_coke_can,21,google_robot_pick_coke_can_s21,r1e1,R-N,1.0,2.49022,1.98863,5.10573,179.29559,139.4455,0.04679,0.18839,0.02672,0.00594,0.0,80.0,0.0,0.0
google_robot_pick_coke_can,21,google_robot_pick_coke_can_s21,r1e1,F-C,1.0,4.56219,23.20538,23.68357,328.47756,319.59307,0.78717,0.8143,0.00207,0.01556,1.0,24.0,0.0,-14.0
google_robot_pick_coke_can,22,google_robot_pick_coke_can_s22,r1e1,R-N,0.0,2.5639,2.59795,7.21269,184.60072,143.57897,0.08762,0.28751,0.03081,0.00692,0.0,80.0,0.0,0.0
google_robot_pick_coke_can,22,google_robot_pick_coke_can_s22,r1e1,F-C,0.0,3.237,3.44997,7.95089,233.06378,223.68657,0.17229,0.26714,0.00947,0.00759,0.0,80.0,1.0,0.0
google_robot_pick_coke_can,23,google_robot_pick_coke_can_s23,r1e1,R-N,0.0,8.32274,12.95796,12.95796,599.23707,527.81057,0.16778,0.20698,0.0088,0.01155,0.0,80.0,1.0,27.0
google_robot_pick_coke_can,23,google_robot_pick_coke_can_s23,r1e1,F-C,0.0,6.39793,7.67027,7.88111,460.65077,420.57951,0.29676,0.29676,0.02728,0.00668,0.0,80.0,0.0,0.0
google_robot_pick_coke_can,24,google_robot_pick_coke_can_s24,r1e1,R-N,0.0,7.2367,9.39089,9.39089,521.04206,487.27569,0.36465,0.36465,0.02471,0.0095,0.0,80.0,0.0,0.0
google_robot_pick_coke_can,24,google_robot_pick_coke_can_s24,r1e1,F-C,1.0,20.34145,23.89972,25.56247,1464.5845,1375.67858,0.54016,0.575,0.02723,0.0145,0.0,80.0,1.0,10.0
google_robot_pick_coke_can,25,google_robot_pick_coke_can_s25,r1e1,R-N,0.0,3.25157,4.12658,4.30364,234.11291,207.24289,0.15481,0.15481,0.00946,0.00556,1.0,24.0,1.0,20.0
google_robot_pick_coke_can,25,google_robot_pick_coke_can_s25,r1e1,F-C,0.0,1.15878,1.52506,1.52506,83.43222,78.76068,0.02806,0.03021,0.00136,0.0007,1.0,24.0,0.0,0.0
google_robot_pick_coke_can,26,google_robot_pick_coke_can_s26,r1e1,R-N,0.0,7.74537,9.77367,12.75621,557.66668,521.89794,0.30144,0.39311,0.01613,0.01199,0.0,80.0,1.0,20.0
google_robot_pick_coke_can,26,google_robot_pick_coke_can_s26,r1e1,F-C,0.0,9.40635,13.07043,16.68778,677.25751,661.6687,0.5195,0.62645,0.01458,0.01651,0.0,80.0,0.0,20.0
google_robot_pick_coke_can,27,google_robot_pick_coke_can_s27,r1e1,R-N,0.0,1.52187,1.13832,5.74629,109.57477,75.97077,0.08969,0.18411,0.02789,0.0062,1.0,24.0,0.0,0.0
google_robot_pick_coke_can,27,google_robot_pick_coke_can_s27,r1e1,F-C,0.0,16.80432,19.93001,20.66306,1209.91119,1068.80943,0.66044,0.66077,0.04172,0.0094,0.0,80.0,2.0,30.0
google_robot_pick_coke_can,28,google_robot_pick_coke_can_s28,r1e1,R-N,0.0,2.90423,3.19253,3.42706,209.10446,179.87312,0.08107,0.1365,0.01756,0.0039,0.0,80.0,0.0,0.0
google_robot_pick_coke_can,28,google_robot_pick_coke_can_s28,r1e1,F-C,-1.0,15.74649,15.05182,18.89196,1133.747,1019.78443,0.42794,0.4989,0.031,0.01775,0.0,80.0,1.0,10.0
google_robot_pick_coke_can,29,google_robot_pick_coke_can_s29,r1e1,R-N,-1.0,5.98062,7.42377,9.10263,430.6043,394.77574,0.27848,0.40358,0.02096,0.01299,0.0,80.0,0.0,-20.0
google_robot_pick_coke_can,29,google_robot_pick_coke_can_s29,r1e1,F-C,-1.0,8.90539,10.39977,10.39977,641.18813,569.64708,0.35586,0.35586,0.01835,0.00976,0.0,80.0,1.0,0.0
google_robot_pick_coke_can,30,google_robot_pick_coke_can_s30,r1e1,R-N,0.0,4.20013,2.88853,12.33553,302.4096,247.39129,0.21097,0.31203,0.02122,0.0148,0.0,80.0,0.0,20.0
google_robot_pick_coke_can,30,google_robot_pick_coke_can_s30,r1e1,F-C,-1.0,11.04673,13.64887,16.33678,795.36472,723.40737,1.50314,1.50314,0.02426,0.0317,0.0,80.0,1.0,-20.0
google_robot_pick_coke_can,31,google_robot_pick_coke_can_s31,r1e1,R-N,0.0,10.76449,12.21239,12.39822,775.04318,686.84094,0.05622,0.05622,0.00384,0.00085,0.0,80.0,0.0,0.0
google_robot_pick_coke_can,31,google_robot_pick_coke_can_s31,r1e1,F-C,0.0,13.26508,31.07886,31.11726,955.08549,900.78419,0.95326,0.96695,0.00644,0.0187,0.0,80.0,0.0,30.0
google_robot_pick_coke_can,32,google_robot_pick_coke_can_s32,r1e1,R-N,0.0,6.28383,7.45517,8.71085,452.4358,383.71078,0.11244,0.16688,0.03277,0.01236,0.0,80.0,0.0,0.0
google_robot_pick_coke_can,32,google_robot_pick_coke_can_s32,r1e1,F-C,-1.0,5.53543,6.26261,6.26261,398.55123,338.18644,0.12318,0.1278,0.01418,0.00569,0.0,80.0,0.0,0.0
google_robot_pick_coke_can,33,google_robot_pick_coke_can_s33,r1e1,R-N,0.0,4.63905,6.33897,6.33897,334.01188,295.55387,0.22216,0.22216,0.01864,0.00414,0.0,80.0,0.0,0.0
google_robot_pick_coke_can,33,google_robot_pick_coke_can_s33,r1e1,F-C,0.0,2.40693,3.09758,7.38277,173.29891,158.08911,0.04255,0.20459,0.00392,0.00766,1.0,24.0,0.0,0.0
google_robot_pick_coke_can,34,google_robot_pick_coke_can_s34,r1e1,R-N,-1.0,5.7549,6.64016,10.7184,414.35279,385.71041,0.48268,0.48268,0.00849,0.01853,0.0,80.0,0.0,-20.0
google_robot_pick_coke_can,34,google_robot_pick_coke_can_s34,r1e1,F-C,-1.0,5.5262,4.78594,13.83062,397.88628,354.60659,0.28513,0.41243,0.02601,0.02125,0.0,80.0,2.0,26.0
google_robot_pick_coke_can,35,google_robot_pick_coke_can_s35,r1e1,R-N,0.0,3.87539,4.26103,4.53012,279.02791,240.50148,0.05254,0.20131,0.02725,0.00606,0.0,80.0,0.0,0.0
google_robot_pick_coke_can,35,google_robot_pick_coke_can_s35,r1e1,F-C,0.0,13.70606,18.03539,18.03539,986.83622,939.61126,0.78353,0.78565,0.01783,0.01517,0.0,80.0,1.0,0.0
google_robot_pick_coke_can,36,google_robot_pick_coke_can_s36,r1e1,R-N,0.0,3.24376,3.60276,4.74181,233.55058,203.17482,0.04307,0.14229,0.02018,0.00448,0.0,80.0,0.0,0.0
google_robot_pick_coke_can,36,google_robot_pick_coke_can_s36,r1e1,F-C,0.0,4.21876,4.06336,9.15012,303.75074,231.91302,0.24821,0.25593,0.02347,0.01126,0.0,80.0,0.0,0.0
google_robot_pick_coke_can,37,google_robot_pick_coke_can_s37,r1e1,R-N,0.0,8.80579,11.90292,13.55801,634.01684,617.03167,0.316,0.39961,0.01733,0.01248,0.0,80.0,1.0,20.0
google_robot_pick_coke_can,37,google_robot_pick_coke_can_s37,r1e1,F-C,0.0,3.75254,5.12878,5.12878,270.18292,260.14589,0.15653,0.17589,0.00448,0.00484,0.0,80.0,0.0,0.0
google_robot_pick_coke_can,38,google_robot_pick_coke_can_s38,r1e1,R-N,0.0,3.42234,3.16759,6.23194,246.40834,223.35823,0.04383,0.22339,0.0221,0.01041,0.0,80.0,1.0,20.0
google_robot_pick_coke_can,38,google_robot_pick_coke_can_s38,r1e1,F-C,-1.0,6.65747,8.27573,16.12747,479.33802,453.69882,0.4946,0.91062,0.01753,0.03066,1.0,30.0,0.0,20.0
google_robot_pick_coke_can,39,google_robot_pick_coke_can_s39,r1e1,R-N,0.0,4.63319,6.56797,9.81444,333.58981,295.0633,0.41092,0.44843,0.00895,0.00834,0.0,80.0,0.0,-20.0
google_robot_pick_coke_can,39,google_robot_pick_coke_can_s39,r1e1,F-C,0.0,7.15052,8.73989,9.28445,514.83773,456.99609,0.49461,0.49848,0.02439,0.01455,0.0,80.0,1.0,20.0
google_robot_move_near,0,google_robot_move_near_s0,r2e2,R-N,-1.0,5.25825,8.32953,10.16176,378.59422,361.13955,0.40408,0.40408,0.01265,0.0072,0.0,80.0,-1.0,0.0
google_robot_move_near,0,google_robot_move_near_s0,r2e2,F-C,0.0,4.50829,5.55335,7.74207,324.59712,278.59468,0.19297,0.19297,0.02266,0.01364,1.0,31.0,0.0,0.0
google_robot_move_near,1,google_robot_move_near_s1,r2e2,R-N,1.0,5.33458,7.79266,9.77789,384.08968,347.23117,0.29722,0.31137,0.02325,0.01972,0.0,80.0,-1.0,-40.0
google_robot_move_near,1,google_robot_move_near_s1,r2e2,F-C,0.0,2.6369,1.55298,6.32522,189.85707,149.22635,0.1383,0.2113,0.02669,0.02519,1.0,24.0,0.0,-3.0
google_robot_move_near,2,google_robot_move_near_s2,r2e2,R-N,0.0,4.3557,13.81907,13.81907,313.61035,279.6045,0.05286,0.31438,0.02342,0.0113,0.0,80.0,0.0,0.0
google_robot_move_near,2,google_robot_move_near_s2,r2e2,F-C,1.0,4.08469,7.05292,7.08815,294.09734,265.18647,0.06956,0.09296,0.01638,0.00595,1.0,26.0,0.0,0.0
google_robot_move_near,3,google_robot_move_near_s3,r2e2,R-N,-1.0,5.88576,13.18694,14.57143,423.77493,401.9968,1.43175,1.43175,0.01267,0.03192,0.0,80.0,1.0,8.0
google_robot_move_near,3,google_robot_move_near_s3,r2e2,F-C,0.0,3.01252,6.88803,6.88803,216.90179,195.94652,0.25352,0.35501,0.01339,0.01795,1.0,40.0,1.0,12.0
google_robot_move_near,4,google_robot_move_near_s4,r2e2,R-N,0.0,1.28311,0.5081,6.37199,92.38394,45.04619,0.05632,0.15118,0.03039,0.00736,1.0,24.0,0.0,0.0
google_robot_move_near,4,google_robot_move_near_s4,r2e2,F-C,0.0,3.73951,4.7773,4.7773,269.24501,233.88466,0.08845,0.11089,0.025,0.00586,0.0,80.0,0.0,0.0
google_robot_move_near,5,google_robot_move_near_s5,r2e2,R-N,0.0,2.2075,4.3478,4.71992,158.94007,137.14871,0.17651,0.17651,0.01821,0.00571,1.0,24.0,0.0,0.0
google_robot_move_near,5,google_robot_move_near_s5,r2e2,F-C,0.0,1.64424,1.99708,2.78033,118.38564,94.35649,0.07182,0.09824,0.02342,0.00535,1.0,24.0,0.0,0.0
google_robot_move_near,6,google_robot_move_near_s6,r2e2,R-N,0.0,2.49019,6.51202,6.51202,179.29343,164.10757,2.43015,2.43015,0.00984,0.04462,1.0,24.0,0.0,10.0
google_robot_move_near,6,google_robot_move_near_s6,r2e2,F-C,0.0,3.67566,5.14345,5.14938,264.64747,239.67604,0.26712,0.26712,0.01563,0.01018,0.0,80.0,0.0,0.0
google_robot_move_near,7,google_robot_move_near_s7,r2e2,R-N,0.0,3.99393,8.24739,8.24739,287.56289,245.51269,0.25144,0.25144,0.03194,0.00999,0.0,80.0,0.0,0.0
google_robot_move_near,7,google_robot_move_near_s7,r2e2,F-C,0.0,2.28156,2.09384,3.03244,164.27208,148.45076,0.03959,0.0864,0.01688,0.00392,0.0,80.0,0.0,0.0
google_robot_move_near,8,google_robot_move_near_s8,r2e2,R-N,0.0,1.6472,2.2294,2.2294,118.59845,103.24125,0.10114,0.10319,0.01458,0.00363,1.0,24.0,0.0,0.0
google_robot_move_near,8,google_robot_move_near_s8,r2e2,F-C,0.0,3.0428,3.60805,4.50836,219.0818,184.46977,0.10942,0.13481,0.02112,0.00631,0.0,80.0,0.0,0.0
google_robot_move_near,9,google_robot_move_near_s9,r2e2,R-N,0.0,1.10056,1.45471,3.26603,79.24047,53.01248,0.03656,0.09933,0.02047,0.00492,1.0,24.0,0.0,0.0
google_robot_move_near,9,google_robot_move_near_s9,r2e2,F-C,0.0,2.01909,3.12967,3.18556,145.37429,126.13194,0.06553,0.08272,0.01811,0.00536,0.0,80.0,-1.0,0.0
google_robot_move_near,10,google_robot_move_near_s10,r2e2,R-N,0.0,2.14378,2.36759,4.11484,154.35223,125.25925,0.12464,0.17003,0.0199,0.00536,0.0,80.0,0.0,0.0
google_robot_move_near,10,google_robot_move_near_s10,r2e2,F-C,0.0,6.38898,5.27799,20.24986,460.00674,430.44327,0.21057,0.63464,0.02967,0.02289,0.0,80.0,0.0,20.0
google_robot_move_near,11,google_robot_move_near_s11,r2e2,R-N,0.0,2.66124,3.24548,4.27473,191.60933,164.26735,0.10922,0.15436,0.02048,0.00605,0.0,80.0,0.0,0.0
google_robot_move_near,11,google_robot_move_near_s11,r2e2,F-C,-1.0,8.7726,28.77395,28.77395,631.62698,615.14695,0.94233,0.94233,0.02119,0.03865,0.0,80.0,0.0,12.0
google_robot_move_near,12,google_robot_move_near_s12,r2e2,R-N,0.0,4.67712,5.68566,6.08034,336.7527,279.90454,0.1777,0.1777,0.02478,0.00719,0.0,80.0,0.0,0.0
google_robot_move_near,12,google_robot_move_near_s12,r2e2,F-C,0.0,1.70828,1.92787,2.23782,122.99599,101.55824,0.0978,0.1273,0.01898,0.00454,1.0,24.0,0.0,0.0
google_robot_move_near,13,google_robot_move_near_s13,r2e2,R-N,1.0,8.06853,8.55429,26.45172,580.9343,525.71928,0.11905,0.8621,0.04347,0.031,0.0,80.0,0.0,0.0
google_robot_move_near,13,google_robot_move_near_s13,r2e2,F-C,0.0,4.60227,6.91405,7.06093,331.36323,307.76927,0.27803,0.27803,0.01866,0.00975,0.0,80.0,0.0,0.0
google_robot_move_near,14,google_robot_move_near_s14,r2e2,R-N,0.0,8.85153,15.81546,15.81546,637.31,616.99664,0.57283,0.57283,0.02502,0.02267,0.0,80.0,0.0,-20.0
google_robot_move_near,14,google_robot_move_near_s14,r2e2,F-C,0.0,11.6382,13.53235,23.97685,837.95029,790.68804,0.51924,0.84298,0.03853,0.03043,0.0,80.0,1.0,0.0
google_robot_move_near,15,google_robot_move_near_s15,r2e2,R-N,-1.0,4.48178,8.58871,9.44064,322.68839,291.93413,0.40614,0.40614,0.01532,0.00915,0.0,80.0,-1.0,0.0
google_robot_move_near,15,google_robot_move_near_s15,r2e2,F-C,-1.0,10.58878,18.45848,18.45848,762.39201,725.05527,0.5905,0.5905,0.02398,0.01518,0.0,80.0,0.0,0.0
google_robot_move_near,16,google_robot_move_near_s16,r2e2,R-N,0.0,5.04975,6.75008,8.28621,363.58203,320.18593,0.21933,0.24086,0.0267,0.00993,0.0,80.0,0.0,0.0
google_robot_move_near,16,google_robot_move_near_s16,r2e2,F-C,0.0,1.37097,1.73088,2.71879,98.7099,80.6701,0.06838,0.10851,0.02049,0.00704,1.0,24.0,0.0,0.0
google_robot_move_near,17,google_robot_move_near_s17,r2e2,R-N,0.0,3.99393,8.24739,8.24739,287.56289,245.51269,0.25144,0.25144,0.03194,0.00999,0.0,80.0,0.0,0.0
google_robot_move_near,17,google_robot_move_near_s17,r2e2,F-C,0.0,2.28156,2.09384,3.03244,164.27208,148.45076,0.03959,0.0864,0.01688,0.00392,0.0,80.0,0.0,0.0
google_robot_move_near,18,google_robot_move_near_s18,r2e2,R-N,-1.0,5.88576,13.18694,14.57143,423.77493,401.9968,1.43175,1.43175,0.01267,0.03192,0.0,80.0,1.0,8.0
google_robot_move_near,18,google_robot_move_near_s18,r2e2,F-C,0.0,3.01252,6.88803,6.88803,216.90179,195.94652,0.25352,0.35501,0.01339,0.01795,1.0,40.0,1.0,12.0
google_robot_move_near,19,google_robot_move_near_s19,r2e2,R-N,0.0,3.77217,5.63488,5.97788,271.59651,249.59168,0.27053,0.31335,0.0189,0.00939,1.0,24.0,0.0,-20.0
google_robot_move_near,19,google_robot_move_near_s19,r2e2,F-C,0.0,2.24797,5.72546,5.72546,161.85391,132.36142,0.14827,0.14827,0.01897,0.00744,1.0,24.0,1.0,0.0
google_robot_move_near,20,google_robot_move_near_s20,r2e2,R-N,0.0,2.2075,4.3478,4.71992,158.94007,137.14871,0.17651,0.17651,0.01821,0.00571,1.0,24.0,0.0,0.0
google_robot_move_near,20,google_robot_move_near_s20,r2e2,F-C,0.0,1.64424,1.99708,2.78033,118.38564,94.35649,0.07182,0.09824,0.02342,0.00535,1.0,24.0,0.0,0.0
google_robot_move_near,21,google_robot_move_near_s21,r2e2,R-N,0.0,2.14378,2.36759,4.11484,154.35223,125.25925,0.12464,0.17003,0.0199,0.00536,0.0,80.0,0.0,0.0
google_robot_move_near,21,google_robot_move_near_s21,r2e2,F-C,0.0,6.38898,5.27799,20.24986,460.00674,430.44327,0.21057,0.63464,0.02967,0.02289,0.0,80.0,0.0,20.0
google_robot_move_near,22,google_robot_move_near_s22,r2e2,R-N,0.0,2.90378,5.13406,5.72819,209.07193,188.61082,0.21821,0.22319,0.01623,0.00649,0.0,80.0,0.0,0.0
google_robot_move_near,22,google_robot_move_near_s22,r2e2,F-C,0.0,3.66,5.8547,5.8547,263.52018,225.34898,0.18047,0.2028,0.02159,0.00963,0.0,80.0,0.0,0.0
google_robot_move_near,23,google_robot_move_near_s23,r2e2,R-N,1.0,14.6295,11.74232,38.13751,1053.32408,1032.22474,0.33693,1.08638,0.02673,0.03776,0.0,80.0,0.0,20.0
google_robot_move_near,23,google_robot_move_near_s23,r2e2,F-C,0.0,3.0752,3.6871,4.7725,221.41475,200.02401,0.09552,0.20566,0.0263,0.00907,0.0,80.0,0.0,0.0
google_robot_move_near,24,google_robot_move_near_s24,r2e2,R-N,0.0,7.0311,6.55947,15.56216,506.23887,455.82677,0.43372,0.71686,0.03729,0.03566,0.0,80.0,0.0,20.0
google_robot_move_near,24,google_robot_move_near_s24,r2e2,F-C,0.0,4.53062,7.84568,7.9448,326.20472,291.05994,1.17416,1.17416,0.04165,0.02731,0.0,80.0,1.0,20.0
google_robot_move_near,25,google_robot_move_near_s25,r2e2,R-N,0.0,8.57673,19.50987,19.50987,617.52478,577.05862,0.6999,0.6999,0.03193,0.01825,0.0,80.0,1.0,0.0
google_robot_move_near,25,google_robot_move_near_s25,r2e2,F-C,0.0,4.64867,7.16774,7.39701,334.70409,300.12421,0.49507,0.51708,0.02524,0.01713,0.0,80.0,0.0,-20.0
google_robot_move_near,26,google_robot_move_near_s26,r2e2,R-N,0.0,2.90378,5.13406,5.72819,209.07193,188.61082,0.21821,0.22319,0.01623,0.00649,0.0,80.0,0.0,0.0
google_robot_move_near,26,google_robot_move_near_s26,r2e2,F-C,0.0,3.66,5.8547,5.8547,263.52018,225.34898,0.18047,0.2028,0.02159,0.00963,0.0,80.0,0.0,0.0
google_robot_move_near,27,google_robot_move_near_s27,r2e2,R-N,1.0,14.6295,11.74232,38.13751,1053.32408,1032.22474,0.33693,1.08638,0.02673,0.03776,0.0,80.0,0.0,20.0
google_robot_move_near,27,google_robot_move_near_s27,r2e2,F-C,0.0,3.0752,3.6871,4.7725,221.41475,200.02401,0.09552,0.20566,0.0263,0.00907,0.0,80.0,0.0,0.0
google_robot_move_near,28,google_robot_move_near_s28,r2e2,R-N,0.0,2.29314,2.38521,4.78182,165.10598,140.25949,0.03144,0.10697,0.02216,0.00721,0.0,80.0,0.0,0.0
google_robot_move_near,28,google_robot_move_near_s28,r2e2,F-C,0.0,9.30238,12.77265,20.74486,669.77148,634.28533,0.42611,0.65806,0.02735,0.02579,0.0,80.0,0.0,20.0
google_robot_move_near,29,google_robot_move_near_s29,r2e2,R-N,0.0,0.769,1.15355,1.81575,55.36768,42.26926,0.08344,0.08344,0.01064,0.00299,1.0,24.0,0.0,0.0
google_robot_move_near,29,google_robot_move_near_s29,r2e2,F-C,0.0,2.59658,4.94116,5.24561,186.95384,172.25159,0.23205,0.23205,0.01294,0.00624,1.0,24.0,0.0,0.0
google_robot_move_near,30,google_robot_move_near_s30,r2e2,R-N,1.0,5.33458,7.79266,9.77789,384.08968,347.23117,0.29722,0.31137,0.02325,0.01972,0.0,80.0,-1.0,-40.0
google_robot_move_near,30,google_robot_move_near_s30,r2e2,F-C,0.0,2.6369,1.55298,6.32522,189.85707,149.22635,0.1383,0.2113,0.02669,0.02519,1.0,24.0,0.0,-3.0
google_robot_move_near,31,google_robot_move_near_s31,r2e2,R-N,1.0,8.06853,8.55429,26.45172,580.9343,525.71928,0.11905,0.8621,0.04347,0.031,0.0,80.0,0.0,0.0
google_robot_move_near,31,google_robot_move_near_s31,r2e2,F-C,0.0,4.60227,6.91405,7.06093,331.36323,307.76927,0.27803,0.27803,0.01866,0.00975,0.0,80.0,0.0,0.0
google_robot_move_near,32,google_robot_move_near_s32,r2e2,R-N,0.0,3.62711,10.28738,10.28738,261.15177,223.83476,0.36829,0.36829,0.02541,0.01498,0.0,80.0,0.0,20.0
google_robot_move_near,32,google_robot_move_near_s32,r2e2,F-C,0.0,2.84668,8.34687,8.35399,204.96088,177.94108,0.26368,0.26368,0.02213,0.01555,1.0,38.0,0.0,0.0
google_robot_move_near,33,google_robot_move_near_s33,r2e2,R-N,0.0,5.66752,11.74225,11.74225,408.06109,383.63571,0.43352,0.43352,0.01944,0.00989,0.0,80.0,0.0,0.0
google_robot_move_near,33,google_robot_move_near_s33,r2e2,F-C,0.0,1.86917,2.18311,3.4369,134.58009,112.07753,0.104,0.104,0.01949,0.00719,1.0,24.0,0.0,0.0
google_robot_move_near,34,google_robot_move_near_s34,r2e2,R-N,0.0,3.82155,3.96966,6.7717,275.15179,224.99414,0.14683,0.24788,0.03376,0.00889,0.0,80.0,0.0,0.0
google_robot_move_near,34,google_robot_move_near_s34,r2e2,F-C,0.0,2.45701,4.69672,4.69672,176.90454,155.16159,0.1406,0.15151,0.02097,0.00698,1.0,24.0,0.0,0.0
google_robot_move_near,35,google_robot_move_near_s35,r2e2,R-N,0.0,2.14378,2.36759,4.11484,154.35223,125.25925,0.12464,0.17003,0.0199,0.00536,0.0,80.0,0.0,0.0
google_robot_move_near,35,google_robot_move_near_s35,r2e2,F-C,0.0,6.38898,5.27799,20.24986,460.00674,430.44327,0.21057,0.63464,0.02967,0.02289,0.0,80.0,0.0,20.0
google_robot_move_near,36,google_robot_move_near_s36,r2e2,R-N,0.0,7.02821,6.4035,12.58958,506.03133,477.59764,0.51762,0.55138,0.03711,0.02521,0.0,80.0,1.0,-20.0
google_robot_move_near,36,google_robot_move_near_s36,r2e2,F-C,0.0,7.70485,7.51943,14.77074,554.74942,457.70119,0.29583,0.923,0.04552,0.02722,0.0,80.0,1.0,0.0
google_robot_move_near,37,google_robot_move_near_s37,r2e2,R-N,0.0,3.74387,4.72667,4.72667,269.55891,229.22212,0.16425,0.16425,0.02055,0.00594,0.0,80.0,0.0,0.0
google_robot_move_near,37,google_robot_move_near_s37,r2e2,F-C,0.0,6.29363,6.0059,12.94108,453.14139,415.78019,0.24615,0.42659,0.02346,0.01744,0.0,80.0,1.0,20.0
google_robot_move_near,38,google_robot_move_near_s38,r2e2,R-N,0.0,3.82155,3.96966,6.7717,275.15179,224.99414,0.14683,0.24788,0.03376,0.00889,0.0,80.0,0.0,0.0
google_robot_move_near,38,google_robot_move_near_s38,r2e2,F-C,0.0,2.45701,4.69672,4.69672,176.90454,155.16159,0.1406,0.15151,0.02097,0.00698,1.0,24.0,0.0,0.0
google_robot_move_near,39,google_robot_move_near_s39,r2e2,R-N,0.0,2.14378,2.36759,4.11484,154.35223,125.25925,0.12464,0.17003,0.0199,0.00536,0.0,80.0,0.0,0.0
google_robot_move_near,39,google_robot_move_near_s39,r2e2,F-C,0.0,6.38898,5.27799,20.24986,460.00674,430.44327,0.21057,0.63464,0.02967,0.02289,0.0,80.0,0.0,20.0
google_robot_pick_coke_can,0,google_robot_pick_coke_can_s0,r2e2,R-N,0.0,1.52698,3.08339,3.16079,109.94291,96.82592,0.08955,0.09997,0.00792,0.00366,1.0,24.0,0.0,0.0
google_robot_pick_coke_can,0,google_robot_pick_coke_can_s0,r2e2,F-C,1.0,5.93307,12.26202,12.39512,427.18084,405.87501,0.28905,0.37887,0.01396,0.01121,0.0,80.0,-1.0,-10.0
google_robot_pick_coke_can,1,google_robot_pick_coke_can_s1,r2e2,R-N,0.0,2.58023,3.53318,6.48189,185.77667,160.21682,0.09781,0.25638,0.01825,0.01396,1.0,40.0,-1.0,0.0
google_robot_pick_coke_can,1,google_robot_pick_coke_can_s1,r2e2,F-C,0.0,3.0552,3.37757,7.38164,219.97452,183.88172,0.28136,0.45294,0.02747,0.01867,0.0,80.0,-1.0,0.0
google_robot_pick_coke_can,2,google_robot_pick_coke_can_s2,r2e2,R-N,0.0,1.95467,5.3868,5.3868,140.73657,130.46587,0.0339,0.09894,0.00977,0.0042,1.0,24.0,0.0,0.0
google_robot_pick_coke_can,2,google_robot_pick_coke_can_s2,r2e2,F-C,0.0,4.61234,7.57041,7.73901,332.08841,299.35348,0.17731,0.18669,0.00911,0.00477,0.0,80.0,0.0,0.0
google_robot_pick_coke_can,3,google_robot_pick_coke_can_s3,r2e2,R-N,0.0,7.30826,14.26261,14.42656,526.19498,481.68049,0.48082,0.48082,0.01216,0.0082,0.0,80.0,0.0,0.0
google_robot_pick_coke_can,3,google_robot_pick_coke_can_s3,r2e2,F-C,0.0,2.61181,2.55456,3.37688,188.05059,167.01367,0.10382,0.10384,0.00826,0.00216,0.0,80.0,0.0,0.0
google_robot_pick_coke_can,4,google_robot_pick_coke_can_s4,r2e2,R-N,0.0,1.07693,1.18131,1.35009,77.53889,60.5729,0.02628,0.07372,0.00859,0.00303,1.0,24.0,0.0,0.0
google_robot_pick_coke_can,4,google_robot_pick_coke_can_s4,r2e2,F-C,0.0,4.6019,5.53177,6.62154,331.33694,304.05141,0.16097,0.16099,0.00941,0.00377,0.0,80.0,0.0,0.0
google_robot_pick_coke_can,5,google_robot_pick_coke_can_s5,r2e2,R-N,0.0,4.84303,21.22931,21.29928,348.69812,321.48094,0.55723,0.55889,0.01277,0.01174,0.0,80.0,0.0,11.0
google_robot_pick_coke_can,5,google_robot_pick_coke_can_s5,r2e2,F-C,-1.0,6.30228,5.58054,12.72477,453.76432,429.09074,0.10176,0.41461,0.00725,0.01717,1.0,24.0,0.0,0.0
google_robot_pick_coke_can,6,google_robot_pick_coke_can_s6,r2e2,R-N,0.0,1.93394,3.41844,3.67775,139.24401,123.55873,0.12551,0.12588,0.01152,0.00345,1.0,25.0,0.0,0.0
google_robot_pick_coke_can,6,google_robot_pick_coke_can_s6,r2e2,F-C,1.0,4.8458,6.97017,7.44789,348.89761,319.79968,0.24767,0.24773,0.01069,0.00533,0.0,80.0,0.0,0.0
google_robot_pick_coke_can,7,google_robot_pick_coke_can_s7,r2e2,R-N,0.0,2.44302,3.98019,4.30502,175.89772,159.74549,0.15076,0.15076,0.01159,0.00402,1.0,24.0,0.0,0.0
google_robot_pick_coke_can,7,google_robot_pick_coke_can_s7,r2e2,F-C,1.0,2.5433,3.54327,3.54327,183.11738,162.38333,0.12402,0.12402,0.01228,0.00316,0.0,80.0,0.0,0.0
google_robot_pick_coke_can,8,google_robot_pick_coke_can_s8,r2e2,R-N,1.0,15.2045,25.24314,25.26502,1094.7242,1075.31271,0.82505,0.82505,0.00549,0.01454,0.0,80.0,-1.0,-20.0
google_robot_pick_coke_can,8,google_robot_pick_coke_can_s8,r2e2,F-C,0.0,7.7529,13.14838,13.56208,558.2089,503.99425,0.35485,0.36524,0.01077,0.01055,0.0,80.0,0.0,10.0
google_robot_pick_coke_can,9,google_robot_pick_coke_can_s9,r2e2,R-N,0.0,4.832,10.77288,10.77288,347.90428,323.44552,0.4071,0.4071,0.01917,0.01262,0.0,80.0,0.0,0.0
google_robot_pick_coke_can,9,google_robot_pick_coke_can_s9,r2e2,F-C,1.0,9.00175,4.1569,19.15631,648.12566,608.22782,0.16629,0.59524,0.01922,0.02256,0.0,80.0,0.0,0.0
google_robot_pick_coke_can,10,google_robot_pick_coke_can_s10,r2e2,R-N,1.0,5.96256,10.38122,10.38122,429.30415,405.17916,0.33691,0.3371,0.0277,0.01056,0.0,80.0,0.0,0.0
google_robot_pick_coke_can,10,google_robot_pick_coke_can_s10,r2e2,F-C,0.0,7.85393,9.6642,10.13391,565.48295,516.39411,0.07111,0.08675,0.02262,0.00705,0.0,80.0,1.0,0.0
google_robot_pick_coke_can,11,google_robot_pick_coke_can_s11,r2e2,R-N,-1.0,1.87281,3.09956,3.09956,134.84199,115.75008,0.104,0.11986,0.02163,0.00633,1.0,24.0,0.0,0.0
google_robot_pick_coke_can,11,google_robot_pick_coke_can_s11,r2e2,F-C,0.0,4.41959,5.23809,5.53766,318.21025,278.4818,0.06998,0.0785,0.01789,0.00417,0.0,80.0,0.0,0.0
google_robot_pick_coke_can,12,google_robot_pick_coke_can_s12,r2e2,R-N,0.0,1.87254,3.05715,3.05752,134.82315,112.57724,0.08205,0.12463,0.0081,0.00249,1.0,24.0,0.0,0.0
google_robot_pick_coke_can,12,google_robot_pick_coke_can_s12,r2e2,F-C,0.0,0.75856,0.88343,2.67953,54.61607,38.3397,0.03768,0.04192,0.00901,0.00221,1.0,24.0,0.0,0.0
google_robot_pick_coke_can,13,google_robot_pick_coke_can_s13,r2e2,R-N,0.0,2.20656,2.55878,3.08994,158.87256,130.61654,0.04185,0.07179,0.01727,0.00514,0.0,80.0,0.0,0.0
google_robot_pick_coke_can,13,google_robot_pick_coke_can_s13,r2e2,F-C,0.0,4.55944,10.04509,10.12014,328.27941,296.05218,0.24509,0.24509,0.01583,0.00657,0.0,80.0,0.0,0.0
google_robot_pick_coke_can,14,google_robot_pick_coke_can_s14,r2e2,R-N,0.0,1.78432,2.14117,2.87321,128.47105,106.80868,0.1058,0.10604,0.00603,0.00299,1.0,24.0,0.0,0.0
google_robot_pick_coke_can,14,google_robot_pick_coke_can_s14,r2e2,F-C,0.0,1.29009,1.73378,1.75123,92.88658,81.74283,0.01747,0.03263,0.00632,0.0026,1.0,24.0,0.0,0.0
google_robot_pick_coke_can,15,google_robot_pick_coke_can_s15,r2e2,R-N,-1.0,2.54956,2.76663,3.42646,183.56865,160.46354,0.07215,0.07236,0.01086,0.00338,0.0,80.0,0.0,0.0
google_robot_pick_coke_can,15,google_robot_pick_coke_can_s15,r2e2,F-C,-1.0,5.8838,12.01026,12.03594,423.63332,402.81116,0.24,0.24,0.01224,0.00674,0.0,80.0,0.0,0.0
google_robot_pick_coke_can,16,google_robot_pick_coke_can_s16,r2e2,R-N,0.0,7.18236,7.67591,9.60341,517.12965,471.14084,0.22054,0.22114,0.01677,0.00672,0.0,80.0,0.0,0.0
google_robot_pick_coke_can,16,google_robot_pick_coke_can_s16,r2e2,F-C,-1.0,7.44744,9.20169,10.87814,536.21591,498.04294,0.21587,0.31143,0.02076,0.01421,0.0,80.0,-1.0,-20.0
google_robot_pick_coke_can,17,google_robot_pick_coke_can_s17,r2e2,R-N,1.0,5.88916,7.61249,8.79804,424.01961,375.7727,0.40267,0.40267,0.02577,0.0115,0.0,80.0,0.0,-10.0
google_robot_pick_coke_can,17,google_robot_pick_coke_can_s17,r2e2,F-C,0.0,1.64528,3.19426,3.19426,118.46047,98.69831,0.06748,0.17109,0.0189,0.00669,1.0,25.0,0.0,0.0
google_robot_pick_coke_can,18,google_robot_pick_coke_can_s18,r2e2,R-N,0.0,3.30881,9.6054,9.6054,238.23437,210.46285,0.31744,0.31744,0.01752,0.00889,1.0,24.0,0.0,0.0
google_robot_pick_coke_can,18,google_robot_pick_coke_can_s18,r2e2,F-C,0.0,6.14444,15.92334,15.92334,442.39992,392.04805,0.55299,0.55299,0.02032,0.01691,0.0,80.0,0.0,-20.0
google_robot_pick_coke_can,19,google_robot_pick_coke_can_s19,r2e2,R-N,0.0,5.23979,8.33277,8.92815,377.26457,351.00703,0.3683,0.36831,0.01397,0.00779,1.0,24.0,0.0,0.0
google_robot_pick_coke_can,19,google_robot_pick_coke_can_s19,r2e2,F-C,0.0,3.71053,4.48057,4.5707,267.15808,230.37428,0.08851,0.09073,0.02014,0.0051,0.0,80.0,0.0,6.0
google_robot_pick_coke_can,20,google_robot_pick_coke_can_s20,r2e2,R-N,0.0,1.95571,3.73254,3.95656,140.81128,114.16586,0.15724,0.15724,0.00981,0.00324,1.0,24.0,0.0,0.0
google_robot_pick_coke_can,20,google_robot_pick_coke_can_s20,r2e2,F-C,0.0,2.27375,3.75661,4.04198,163.71008,142.3417,0.15954,0.1709,0.013,0.00536,1.0,24.0,0.0,0.0
google_robot_pick_coke_can,21,google_robot_pick_coke_can_s21,r2e2,R-N,0.0,5.89572,8.68175,10.65572,424.49189,386.7757,0.5587,0.5587,0.02691,0.02037,1.0,26.0,0.0,-20.0
google_robot_pick_coke_can,21,google_robot_pick_coke_can_s21,r2e2,F-C,0.0,13.80948,24.81146,27.84523,994.28285,972.26107,1.01197,1.0926,0.02415,0.0267,0.0,80.0,0.0,-38.0
google_robot_pick_coke_can,22,google_robot_pick_coke_can_s22,r2e2,R-N,1.0,1.03134,1.5168,2.62837,74.25639,56.12698,0.10165,0.10165,0.01469,0.00493,1.0,24.0,0.0,18.0
google_robot_pick_coke_can,22,google_robot_pick_coke_can_s22,r2e2,F-C,1.0,3.309,4.33624,7.5831,238.24818,219.75254,0.44887,0.53045,0.01531,0.0236,1.0,24.0,0.0,3.0
google_robot_pick_coke_can,23,google_robot_pick_coke_can_s23,r2e2,R-N,0.0,1.69828,2.97816,3.30355,122.27632,107.19486,0.11778,0.11798,0.00895,0.00323,1.0,24.0,0.0,0.0
google_robot_pick_coke_can,23,google_robot_pick_coke_can_s23,r2e2,F-C,-1.0,2.49965,2.55369,3.10028,179.9745,148.49825,0.10424,0.10424,0.00846,0.00423,0.0,80.0,0.0,21.0
google_robot_pick_coke_can,24,google_robot_pick_coke_can_s24,r2e2,R-N,0.0,2.69759,4.00651,4.13348,194.22622,175.6987,0.07156,0.07243,0.01257,0.00425,1.0,24.0,0.0,0.0
google_robot_pick_coke_can,24,google_robot_pick_coke_can_s24,r2e2,F-C,0.0,8.81369,17.17826,17.17826,634.58597,608.02557,0.70611,0.70611,0.02545,0.01654,0.0,80.0,0.0,0.0
google_robot_pick_coke_can,25,google_robot_pick_coke_can_s25,r2e2,R-N,0.0,1.43533,2.62518,2.62518,103.34343,87.61196,0.12018,0.12018,0.00413,0.00238,1.0,24.0,0.0,0.0
google_robot_pick_coke_can,25,google_robot_pick_coke_can_s25,r2e2,F-C,0.0,1.31687,1.81544,1.97785,94.81457,84.2079,0.0559,0.06232,0.00649,0.00238,1.0,24.0,0.0,0.0
google_robot_pick_coke_can,26,google_robot_pick_coke_can_s26,r2e2,R-N,-1.0,4.74527,10.35951,10.58674,341.65957,293.14538,0.46047,0.51933,0.03236,0.01932,1.0,32.0,0.0,-10.0
google_robot_pick_coke_can,26,google_robot_pick_coke_can_s26,r2e2,F-C,1.0,7.10628,10.50483,13.12746,511.65182,478.61205,0.73137,0.73137,0.01995,0.02846,0.0,80.0,0.0,-30.0
google_robot_pick_coke_can,27,google_robot_pick_coke_can_s27,r2e2,R-N,0.0,3.31368,4.90236,4.90236,238.58516,198.17464,0.09286,0.10295,0.01514,0.00385,0.0,80.0,0.0,0.0
google_robot_pick_coke_can,27,google_robot_pick_coke_can_s27,r2e2,F-C,1.0,2.94448,8.20201,8.20201,212.00254,192.87473,0.30358,0.30358,0.00695,0.00532,1.0,24.0,0.0,0.0
google_robot_pick_coke_can,28,google_robot_pick_coke_can_s28,r2e2,R-N,0.0,3.03537,3.19159,3.77048,218.54687,182.48589,0.07946,0.09692,0.01657,0.00434,0.0,80.0,0.0,0.0
google_robot_pick_coke_can,28,google_robot_pick_coke_can_s28,r2e2,F-C,0.0,2.9271,2.98079,5.54843,210.75104,166.07389,0.12957,0.27722,0.02164,0.01089,0.0,80.0,-1.0,0.0
google_robot_pick_coke_can,29,google_robot_pick_coke_can_s29,r2e2,R-N,0.0,9.99719,13.64182,14.71538,719.79794,653.80079,0.32763,0.32787,0.03646,0.02214,0.0,80.0,0.0,-20.0
google_robot_pick_coke_can,29,google_robot_pick_coke_can_s29,r2e2,F-C,-1.0,5.38638,8.84195,8.8629,387.8194,342.20918,0.08047,0.21311,0.03118,0.01215,0.0,80.0,0.0,0.0
google_robot_pick_coke_can,30,google_robot_pick_coke_can_s30,r2e2,R-N,-1.0,3.80095,5.01477,6.02592,273.66875,226.00047,0.17362,0.17973,0.02827,0.00882,0.0,80.0,0.0,0.0
google_robot_pick_coke_can,30,google_robot_pick_coke_can_s30,r2e2,F-C,0.0,2.60687,3.27543,3.57379,187.69445,172.5984,0.10633,0.13826,0.01613,0.00424,0.0,80.0,0.0,0.0
google_robot_pick_coke_can,31,google_robot_pick_coke_can_s31,r2e2,R-N,0.0,6.21487,9.82189,9.96077,447.47083,405.79902,0.21811,0.22961,0.01354,0.00606,0.0,80.0,0.0,0.0
google_robot_pick_coke_can,31,google_robot_pick_coke_can_s31,r2e2,F-C,1.0,5.32938,19.62101,19.62101,383.71537,354.82141,0.53665,0.53665,0.00866,0.01059,1.0,24.0,0.0,-20.0
google_robot_pick_coke_can,32,google_robot_pick_coke_can_s32,r2e2,R-N,0.0,5.46768,11.62658,12.5566,393.67263,354.53033,0.53846,0.53964,0.03819,0.02648,0.0,80.0,0.0,0.0
google_robot_pick_coke_can,32,google_robot_pick_coke_can_s32,r2e2,F-C,0.0,2.58045,2.60737,5.43167,185.79204,153.52035,0.06868,0.18081,0.03077,0.008,0.0,80.0,0.0,0.0
google_robot_pick_coke_can,33,google_robot_pick_coke_can_s33,r2e2,R-N,0.0,2.98205,3.42886,4.59919,214.70748,176.56353,0.09548,0.12175,0.0165,0.00492,0.0,80.0,0.0,0.0
google_robot_pick_coke_can,33,google_robot_pick_coke_can_s33,r2e2,F-C,0.0,6.33245,9.38785,9.39098,455.93636,404.62206,0.36079,0.36079,0.02469,0.01035,0.0,80.0,1.0,0.0
google_robot_pick_coke_can,34,google_robot_pick_coke_can_s34,r2e2,R-N,0.0,5.22123,8.35216,8.4306,375.92839,339.37696,0.31597,0.31597,0.03841,0.01695,0.0,80.0,-1.0,-20.0
google_robot_pick_coke_can,34,google_robot_pick_coke_can_s34,r2e2,F-C,-1.0,6.0104,6.28591,10.65115,432.74848,402.97296,0.24806,0.30809,0.02442,0.01571,0.0,80.0,-1.0,30.0
google_robot_pick_coke_can,35,google_robot_pick_coke_can_s35,r2e2,R-N,0.0,2.522,3.56436,4.09516,181.58365,165.11589,0.10538,0.10538,0.01441,0.00504,1.0,24.0,0.0,0.0
google_robot_pick_coke_can,35,google_robot_pick_coke_can_s35,r2e2,F-C,0.0,4.40526,7.42361,7.42361,317.17896,293.72475,0.19473,0.19473,0.02028,0.00742,0.0,80.0,0.0,0.0
google_robot_pick_coke_can,36,google_robot_pick_coke_can_s36,r2e2,R-N,0.0,2.24941,2.3743,5.36807,161.95744,122.3152,0.10999,0.15769,0.02397,0.00685,1.0,54.0,0.0,0.0
google_robot_pick_coke_can,36,google_robot_pick_coke_can_s36,r2e2,F-C,0.0,4.7327,5.70878,8.17062,340.7547,318.59184,0.22099,0.33886,0.02409,0.01214,0.0,80.0,1.0,20.0
google_robot_pick_coke_can,37,google_robot_pick_coke_can_s37,r2e2,R-N,0.0,2.77875,3.60245,3.805,200.07029,176.77203,0.14186,0.14257,0.00546,0.00661,1.0,24.0,1.0,0.0
google_robot_pick_coke_can,37,google_robot_pick_coke_can_s37,r2e2,F-C,0.0,3.30944,4.79887,4.91066,238.27952,217.9262,0.08911,0.08911,0.00835,0.00392,0.0,80.0,0.0,0.0
google_robot_pick_coke_can,38,google_robot_pick_coke_can_s38,r2e2,R-N,0.0,4.62401,10.7667,10.88034,332.92875,305.77613,0.45415,0.45415,0.01389,0.01045,0.0,80.0,0.0,50.0
google_robot_pick_coke_can,38,google_robot_pick_coke_can_s38,r2e2,F-C,-1.0,5.50982,4.79173,11.41289,396.70718,363.18231,0.11366,0.3881,0.02291,0.0162,0.0,80.0,1.0,0.0
google_robot_pick_coke_can,39,google_robot_pick_coke_can_s39,r2e2,R-N,-1.0,4.31323,7.63091,7.82779,310.55247,275.70949,0.31381,0.31381,0.01774,0.00839,0.0,80.0,1.0,54.0
google_robot_pick_coke_can,39,google_robot_pick_coke_can_s39,r2e2,F-C,0.0,4.18076,11.78946,11.98034,301.01443,287.3237,0.4909,0.4909,0.01836,0.01969,1.0,24.0,0.0,-29.0
google_robot_move_near,0,google_robot_move_near_s0,r2e1,R-N,1.0,5.48184,14.70288,14.70288,394.69216,371.42303,0.40105,0.40105,0.01825,0.00853,0.0,80.0,-1.0,0.0
google_robot_move_near,0,google_robot_move_near_s0,r2e1,F-C,0.0,7.15724,8.4751,9.74016,515.32131,451.25041,0.30581,0.34238,0.02764,0.01244,0.0,80.0,0.0,0.0
google_robot_move_near,1,google_robot_move_near_s1,r2e1,R-N,-1.0,15.81867,25.30777,25.30777,1138.94439,1103.9772,0.4051,0.47267,0.03954,0.03357,0.0,80.0,0.0,38.0
google_robot_move_near,1,google_robot_move_near_s1,r2e1,F-C,0.0,4.56871,6.93114,7.36521,328.94746,288.79854,0.26792,0.42407,0.02984,0.02796,0.0,80.0,0.0,6.0
google_robot_move_near,2,google_robot_move_near_s2,r2e1,R-N,1.0,3.0151,3.83682,4.37569,217.08751,201.34185,0.18927,0.20522,0.02579,0.00792,0.0,80.0,1.0,0.0
google_robot_move_near,2,google_robot_move_near_s2,r2e1,F-C,0.0,6.09878,10.78614,10.78614,439.11192,416.90334,0.47737,0.47737,0.01673,0.0129,0.0,80.0,0.0,0.0
google_robot_move_near,3,google_robot_move_near_s3,r2e1,R-N,1.0,5.31391,1.57821,16.91845,382.60158,369.41405,0.26186,0.73352,0.01547,0.0319,1.0,70.0,1.0,14.0
google_robot_move_near,3,google_robot_move_near_s3,r2e1,F-C,1.0,2.90978,13.38698,13.38698,209.50441,194.19867,0.50852,0.50852,0.01037,0.0194,1.0,24.0,0.0,0.0
google_robot_move_near,4,google_robot_move_near_s4,r2e1,R-N,0.0,2.14956,2.18583,5.03104,154.76805,117.5839,0.09471,0.14688,0.02648,0.00635,1.0,44.0,0.0,0.0
google_robot_move_near,4,google_robot_move_near_s4,r2e1,F-C,1.0,3.38914,4.8313,8.5946,244.01794,177.93708,0.26913,0.3436,0.05045,0.01376,0.0,80.0,1.0,0.0
google_robot_move_near,5,google_robot_move_near_s5,r2e1,R-N,0.0,0.6697,0.92636,3.91791,48.21868,24.43369,0.02037,0.11187,0.01852,0.00435,1.0,24.0,0.0,0.0
google_robot_move_near,5,google_robot_move_near_s5,r2e1,F-C,0.0,3.92856,6.52217,6.58319,282.8565,260.04313,0.5444,0.57036,0.03093,0.016,0.0,80.0,0.0,-20.0
google_robot_move_near,6,google_robot_move_near_s6,r2e1,R-N,0.0,2.18415,2.61781,3.19685,157.25908,135.06347,0.07314,0.10762,0.01612,0.00537,1.0,24.0,0.0,0.0
google_robot_move_near,6,google_robot_move_near_s6,r2e1,F-C,1.0,7.27864,6.86657,25.10896,524.06178,494.72556,0.32614,0.68726,0.03094,0.03683,0.0,80.0,1.0,0.0
google_robot_move_near,7,google_robot_move_near_s7,r2e1,R-N,0.0,0.83865,1.11961,2.36111,60.38277,44.24108,0.01875,0.05299,0.01064,0.00236,1.0,24.0,0.0,0.0
google_robot_move_near,7,google_robot_move_near_s7,r2e1,F-C,0.0,20.54631,24.71177,24.71177,1479.33453,1332.65981,0.73351,0.73351,0.04977,0.01361,0.0,80.0,0.0,0.0
google_robot_move_near,8,google_robot_move_near_s8,r2e1,R-N,0.0,2.59168,3.72797,3.74203,186.60078,167.5186,0.16117,0.16117,0.01731,0.00536,0.0,80.0,1.0,0.0
google_robot_move_near,8,google_robot_move_near_s8,r2e1,F-C,0.0,3.40448,5.69705,5.69705,245.12288,209.36987,0.21185,0.21185,0.01149,0.00629,0.0,80.0,0.0,0.0
google_robot_move_near,9,google_robot_move_near_s9,r2e1,R-N,0.0,4.39326,3.80092,13.31558,316.31483,226.47566,0.15401,0.41429,0.05206,0.01506,0.0,80.0,-1.0,0.0
google_robot_move_near,9,google_robot_move_near_s9,r2e1,F-C,0.0,3.85614,3.01465,13.73885,277.64242,211.24371,0.36659,0.36659,0.03555,0.01629,0.0,80.0,1.0,0.0
google_robot_move_near,10,google_robot_move_near_s10,r2e1,R-N,0.0,1.38659,1.72651,2.11153,99.83445,75.91457,0.14629,0.14629,0.01852,0.00509,1.0,24.0,0.0,0.0
google_robot_move_near,10,google_robot_move_near_s10,r2e1,F-C,0.0,6.08202,6.16122,21.31189,437.90554,409.53146,0.25008,0.73024,0.0193,0.02697,0.0,80.0,0.0,-20.0
google_robot_move_near,11,google_robot_move_near_s11,r2e1,R-N,0.0,1.16253,2.16032,2.75677,83.7025,66.3701,0.06034,0.07404,0.0178,0.00496,1.0,24.0,0.0,0.0
google_robot_move_near,11,google_robot_move_near_s11,r2e1,F-C,0.0,3.06493,3.15386,4.8102,220.67493,192.36011,0.06226,0.20528,0.0217,0.00869,0.0,80.0,0.0,0.0
google_robot_move_near,12,google_robot_move_near_s12,r2e1,R-N,0.0,9.24433,21.7439,21.7439,665.59152,600.44729,0.8791,0.8791,0.01595,0.0163,0.0,80.0,0.0,-6.0
google_robot_move_near,12,google_robot_move_near_s12,r2e1,F-C,0.0,7.75255,21.15064,21.15064,558.18358,530.17999,0.80274,0.80274,0.01688,0.01588,0.0,80.0,0.0,20.0
google_robot_move_near,13,google_robot_move_near_s13,r2e1,R-N,0.0,14.50616,20.55079,35.50501,1044.44347,1002.79779,1.25513,1.73625,0.0242,0.04081,0.0,80.0,0.0,0.0
google_robot_move_near,13,google_robot_move_near_s13,r2e1,F-C,0.0,3.14347,2.86768,11.76934,226.32986,191.80587,0.06261,0.34598,0.03074,0.01551,0.0,80.0,0.0,0.0
google_robot_move_near,14,google_robot_move_near_s14,r2e1,R-N,0.0,17.69057,21.10891,24.20088,1273.72083,1166.87896,1.11295,1.11295,0.05805,0.02901,0.0,80.0,0.0,20.0
google_robot_move_near,14,google_robot_move_near_s14,r2e1,F-C,0.0,6.68931,3.23645,15.33468,481.63007,439.53149,0.43818,0.59178,0.03027,0.05194,0.0,80.0,1.0,8.0
google_robot_move_near,15,google_robot_move_near_s15,r2e1,R-N,0.0,0.96962,2.04712,4.06703,69.81252,45.23656,0.07017,0.10397,0.02268,0.00607,1.0,24.0,-1.0,0.0
google_robot_move_near,15,google_robot_move_near_s15,r2e1,F-C,1.0,6.89381,9.74931,9.74931,496.35411,471.79166,0.30207,0.30207,0.02524,0.01011,0.0,80.0,0.0,0.0
google_robot_move_near,16,google_robot_move_near_s16,r2e1,R-N,0.0,2.80543,4.01696,8.08379,201.99125,154.11781,0.20341,0.22143,0.04355,0.01246,0.0,80.0,0.0,0.0
google_robot_move_near,16,google_robot_move_near_s16,r2e1,F-C,0.0,2.7816,6.7704,6.7704,200.27548,185.1218,0.09051,0.22963,0.01353,0.00976,1.0,24.0,0.0,0.0
google_robot_move_near,17,google_robot_move_near_s17,r2e1,R-N,0.0,0.83865,1.11961,2.36111,60.38277,44.24108,0.01875,0.05299,0.01064,0.00236,1.0,24.0,0.0,0.0
google_robot_move_near,17,google_robot_move_near_s17,r2e1,F-C,0.0,20.54631,24.71177,24.71177,1479.33453,1332.65981,0.73351,0.73351,0.04977,0.01361,0.0,80.0,0.0,0.0
google_robot_move_near,18,google_robot_move_near_s18,r2e1,R-N,1.0,5.31391,1.57821,16.91845,382.60158,369.41405,0.26186,0.73352,0.01547,0.0319,1.0,70.0,1.0,14.0
google_robot_move_near,18,google_robot_move_near_s18,r2e1,F-C,1.0,2.90978,13.38698,13.38698,209.50441,194.19867,0.50852,0.50852,0.01037,0.0194,1.0,24.0,0.0,0.0
google_robot_move_near,19,google_robot_move_near_s19,r2e1,R-N,0.0,5.01936,3.73016,8.74414,361.39395,315.10404,0.2096,0.3082,0.06697,0.0214,0.0,80.0,0.0,-20.0
google_robot_move_near,19,google_robot_move_near_s19,r2e1,F-C,0.0,11.69287,15.12616,19.48047,841.88683,746.49901,2.03025,2.03025,0.05168,0.05239,0.0,80.0,1.0,20.0
google_robot_move_near,20,google_robot_move_near_s20,r2e1,R-N,0.0,0.6697,0.92636,3.91791,48.21868,24.43369,0.02037,0.11187,0.01852,0.00435,1.0,24.0,0.0,0.0
google_robot_move_near,20,google_robot_move_near_s20,r2e1,F-C,0.0,3.92856,6.52217,6.58319,282.8565,260.04313,0.5444,0.57036,0.03093,0.016,0.0,80.0,0.0,-20.0
google_robot_move_near,21,google_robot_move_near_s21,r2e1,R-N,0.0,1.38659,1.72651,2.11153,99.83445,75.91457,0.14629,0.14629,0.01852,0.00509,1.0,24.0,0.0,0.0
google_robot_move_near,21,google_robot_move_near_s21,r2e1,F-C,0.0,6.08202,6.16122,21.31189,437.90554,409.53146,0.25008,0.73024,0.0193,0.02697,0.0,80.0,0.0,-20.0
google_robot_move_near,22,google_robot_move_near_s22,r2e1,R-N,0.0,3.83339,4.96151,5.24403,276.00434,243.80562,0.20058,0.2123,0.02544,0.00791,0.0,80.0,0.0,0.0
google_robot_move_near,22,google_robot_move_near_s22,r2e1,F-C,0.0,4.72374,6.23756,6.23756,340.10953,301.27724,0.13833,0.13965,0.02053,0.00696,0.0,80.0,0.0,0.0
google_robot_move_near,23,google_robot_move_near_s23,r2e1,R-N,-1.0,13.51507,13.49181,36.75765,973.08518,957.90886,0.54421,1.17012,0.0144,0.0438,0.0,80.0,0.0,20.0
google_robot_move_near,23,google_robot_move_near_s23,r2e1,F-C,-1.0,14.33075,17.37067,27.58812,1031.81393,1015.57288,0.59446,0.93773,0.02526,0.03154,0.0,80.0,0.0,20.0
google_robot_move_near,24,google_robot_move_near_s24,r2e1,R-N,0.0,7.78624,7.68379,10.33531,560.60913,504.24329,1.16094,1.16764,0.02282,0.01996,0.0,80.0,-1.0,0.0
google_robot_move_near,24,google_robot_move_near_s24,r2e1,F-C,1.0,17.62197,24.3638,25.62534,1268.7821,1197.34971,0.49524,0.49524,0.03281,0.02095,0.0,80.0,0.0,0.0
google_robot_move_near,25,google_robot_move_near_s25,r2e1,R-N,0.0,6.24843,8.42591,8.50222,449.88698,408.35913,0.39105,0.39105,0.02867,0.01733,0.0,80.0,1.0,0.0
google_robot_move_near,25,google_robot_move_near_s25,r2e1,F-C,1.0,10.3852,11.91524,16.91983,747.73464,717.60582,1.06887,1.21787,0.02891,0.0353,0.0,80.0,0.0,-20.0
google_robot_move_near,26,google_robot_move_near_s26,r2e1,R-N,0.0,3.83339,4.96151,5.24403,276.00434,243.80562,0.20058,0.2123,0.02544,0.00791,0.0,80.0,0.0,0.0
google_robot_move_near,26,google_robot_move_near_s26,r2e1,F-C,0.0,4.72374,6.23756,6.23756,340.10953,301.27724,0.13833,0.13965,0.02053,0.00696,0.0,80.0,0.0,0.0
google_robot_move_near,27,google_robot_move_near_s27,r2e1,R-N,-1.0,13.51507,13.49181,36.75765,973.08518,957.90886,0.54421,1.17012,0.0144,0.0438,0.0,80.0,0.0,20.0
google_robot_move_near,27,google_robot_move_near_s27,r2e1,F-C,-1.0,14.33075,17.37067,27.58812,1031.81393,1015.57288,0.59446,0.93773,0.02526,0.03154,0.0,80.0,0.0,20.0
google_robot_move_near,28,google_robot_move_near_s28,r2e1,R-N,0.0,1.17848,0.63013,2.7027,84.8507,70.79973,0.05673,0.10467,0.0107,0.00411,1.0,24.0,0.0,0.0
google_robot_move_near,28,google_robot_move_near_s28,r2e1,F-C,0.0,1.99725,0.92586,12.2387,143.80175,109.75602,0.14858,0.46681,0.01701,0.01539,1.0,34.0,-1.0,0.0
google_robot_move_near,29,google_robot_move_near_s29,r2e1,R-N,0.0,2.30762,5.18312,5.20099,166.14829,148.00646,0.24877,0.24877,0.00677,0.00429,1.0,24.0,0.0,0.0
google_robot_move_near,29,google_robot_move_near_s29,r2e1,F-C,0.0,2.5341,2.00635,3.18756,182.45527,163.31461,0.08816,0.08816,0.01702,0.00541,1.0,74.0,0.0,0.0
google_robot_move_near,30,google_robot_move_near_s30,r2e1,R-N,-1.0,15.81867,25.30777,25.30777,1138.94439,1103.9772,0.4051,0.47267,0.03954,0.03357,0.0,80.0,0.0,38.0
google_robot_move_near,30,google_robot_move_near_s30,r2e1,F-C,0.0,4.56871,6.93114,7.36521,328.94746,288.79854,0.26792,0.42407,0.02984,0.02796,0.0,80.0,0.0,6.0
google_robot_move_near,31,google_robot_move_near_s31,r2e1,R-N,0.0,14.50616,20.55079,35.50501,1044.44347,1002.79779,1.25513,1.73625,0.0242,0.04081,0.0,80.0,0.0,0.0
google_robot_move_near,31,google_robot_move_near_s31,r2e1,F-C,0.0,3.14347,2.86768,11.76934,226.32986,191.80587,0.06261,0.34598,0.03074,0.01551,0.0,80.0,0.0,0.0
google_robot_move_near,32,google_robot_move_near_s32,r2e1,R-N,0.0,2.20921,9.03051,9.03051,159.06282,133.93304,0.34214,0.34214,0.02422,0.01376,1.0,26.0,0.0,0.0
google_robot_move_near,32,google_robot_move_near_s32,r2e1,F-C,0.0,3.36619,6.73815,7.12675,242.36583,215.03688,0.3064,0.3064,0.02512,0.02025,1.0,54.0,0.0,-20.0
google_robot_move_near,33,google_robot_move_near_s33,r2e1,R-N,0.0,1.82959,2.86608,4.05102,131.73013,102.97659,0.06804,0.1195,0.02732,0.00837,1.0,25.0,0.0,0.0
google_robot_move_near,33,google_robot_move_near_s33,r2e1,F-C,1.0,6.70783,11.49114,11.49114,482.96378,452.85473,0.53121,0.53121,0.02763,0.01484,0.0,80.0,0.0,0.0
google_robot_move_near,34,google_robot_move_near_s34,r2e1,R-N,0.0,2.23091,8.0543,8.08788,160.62541,144.62376,0.29751,0.29751,0.00396,0.00535,1.0,24.0,0.0,0.0
google_robot_move_near,34,google_robot_move_near_s34,r2e1,F-C,0.0,4.86892,7.55474,9.7731,350.56225,319.7248,0.27818,0.27818,0.02712,0.01856,0.0,80.0,0.0,0.0
google_robot_move_near,35,google_robot_move_near_s35,r2e1,R-N,0.0,1.38659,1.72651,2.11153,99.83445,75.91457,0.14629,0.14629,0.01852,0.00509,1.0,24.0,0.0,0.0
google_robot_move_near,35,google_robot_move_near_s35,r2e1,F-C,0.0,6.08202,6.16122,21.31189,437.90554,409.53146,0.25008,0.73024,0.0193,0.02697,0.0,80.0,0.0,-20.0
google_robot_move_near,36,google_robot_move_near_s36,r2e1,R-N,1.0,6.74766,11.56005,12.01183,485.83159,465.18295,1.02476,1.02476,0.03197,0.02278,1.0,24.0,0.0,-40.0
google_robot_move_near,36,google_robot_move_near_s36,r2e1,F-C,-1.0,5.70996,12.14016,12.14016,411.11727,350.58226,1.42382,1.42382,0.06169,0.0411,1.0,35.0,0.0,22.0
google_robot_move_near,37,google_robot_move_near_s37,r2e1,R-N,0.0,3.41074,3.45392,4.25295,245.57334,201.09173,0.08802,0.11681,0.01913,0.00448,0.0,80.0,0.0,0.0
google_robot_move_near,37,google_robot_move_near_s37,r2e1,F-C,1.0,6.4338,10.38516,10.77889,463.23326,439.29129,0.56178,0.56178,0.01659,0.01915,0.0,80.0,0.0,20.0
google_robot_move_near,38,google_robot_move_near_s38,r2e1,R-N,0.0,2.23091,8.0543,8.08788,160.62541,144.62376,0.29751,0.29751,0.00396,0.00535,1.0,24.0,0.0,0.0
google_robot_move_near,38,google_robot_move_near_s38,r2e1,F-C,0.0,4.86892,7.55474,9.7731,350.56225,319.7248,0.27818,0.27818,0.02712,0.01856,0.0,80.0,0.0,0.0
google_robot_move_near,39,google_robot_move_near_s39,r2e1,R-N,0.0,1.38659,1.72651,2.11153,99.83445,75.91457,0.14629,0.14629,0.01852,0.00509,1.0,24.0,0.0,0.0
google_robot_move_near,39,google_robot_move_near_s39,r2e1,F-C,0.0,6.08202,6.16122,21.31189,437.90554,409.53146,0.25008,0.73024,0.0193,0.02697,0.0,80.0,0.0,-20.0
google_robot_pick_coke_can,0,google_robot_pick_coke_can_s0,r2e1,R-N,0.0,3.41031,3.72532,4.18428,245.54239,202.66356,0.09547,0.09547,0.01661,0.00413,0.0,80.0,0.0,0.0
google_robot_pick_coke_can,0,google_robot_pick_coke_can_s0,r2e1,F-C,0.0,2.66053,3.30696,3.30696,191.55815,168.98368,0.06581,0.06581,0.00787,0.00175,0.0,80.0,0.0,0.0
google_robot_pick_coke_can,1,google_robot_pick_coke_can_s1,r2e1,R-N,0.0,5.71851,6.34162,9.36023,411.73297,353.12028,0.14903,0.38323,0.03097,0.01543,0.0,80.0,-1.0,-10.0
google_robot_pick_coke_can,1,google_robot_pick_coke_can_s1,r2e1,F-C,0.0,3.28907,1.65502,10.58305,236.81279,139.49463,0.37782,0.44264,0.04006,0.02161,1.0,43.0,1.0,0.0
google_robot_pick_coke_can,2,google_robot_pick_coke_can_s2,r2e1,R-N,0.0,2.99386,3.10482,4.39343,215.55794,190.19726,0.09843,0.12876,0.01273,0.0043,0.0,80.0,0.0,0.0
google_robot_pick_coke_can,2,google_robot_pick_coke_can_s2,r2e1,F-C,0.0,1.88066,2.25796,3.2894,135.40729,107.23999,0.13451,0.18521,0.02203,0.00576,1.0,24.0,0.0,0.0
google_robot_pick_coke_can,3,google_robot_pick_coke_can_s3,r2e1,R-N,0.0,5.42837,6.30249,8.12072,390.84233,336.88868,0.25923,0.25924,0.01475,0.00639,0.0,80.0,0.0,0.0
google_robot_pick_coke_can,3,google_robot_pick_coke_can_s3,r2e1,F-C,0.0,8.49363,25.67449,25.67449,611.54127,577.80681,0.97218,0.97218,0.03513,0.02402,0.0,80.0,0.0,20.0
google_robot_pick_coke_can,4,google_robot_pick_coke_can_s4,r2e1,R-N,0.0,2.24921,3.70257,3.72908,161.94284,142.87943,0.11933,0.11952,0.00642,0.00346,0.0,80.0,0.0,0.0
google_robot_pick_coke_can,4,google_robot_pick_coke_can_s4,r2e1,F-C,0.0,2.88976,2.74773,4.0703,208.06271,182.55665,0.13112,0.14353,0.01183,0.00313,0.0,80.0,0.0,0.0
google_robot_pick_coke_can,5,google_robot_pick_coke_can_s5,r2e1,R-N,0.0,10.10633,16.17647,16.22665,727.65554,675.40025,0.338,0.338,0.0112,0.01314,0.0,80.0,0.0,20.0
google_robot_pick_coke_can,5,google_robot_pick_coke_can_s5,r2e1,F-C,0.0,6.55222,4.97913,13.64181,471.75994,378.12397,0.43497,0.43497,0.02544,0.02558,0.0,80.0,1.0,0.0
google_robot_pick_coke_can,6,google_robot_pick_coke_can_s6,r2e1,R-N,0.0,1.40337,1.41107,3.50233,101.04295,78.53105,0.0435,0.1159,0.02272,0.00528,1.0,24.0,0.0,0.0
google_robot_pick_coke_can,6,google_robot_pick_coke_can_s6,r2e1,F-C,1.0,4.79806,4.90249,7.32984,345.46042,302.8368,0.27595,0.27595,0.02695,0.00951,0.0,80.0,0.0,0.0
google_robot_pick_coke_can,7,google_robot_pick_coke_can_s7,r2e1,R-N,0.0,4.99402,6.68925,6.69849,359.56963,305.02278,0.16317,0.16317,0.01708,0.00449,0.0,80.0,0.0,0.0
google_robot_pick_coke_can,7,google_robot_pick_coke_can_s7,r2e1,F-C,0.0,5.08142,6.56276,6.56276,365.86255,325.84662,0.18307,0.18307,0.00943,0.00465,0.0,80.0,0.0,10.0
google_robot_pick_coke_can,8,google_robot_pick_coke_can_s8,r2e1,R-N,-1.0,12.47966,27.55893,27.55893,898.53554,879.99327,0.80273,0.80273,0.0044,0.01736,0.0,80.0,1.0,30.0
google_robot_pick_coke_can,8,google_robot_pick_coke_can_s8,r2e1,F-C,0.0,4.76695,5.8524,5.9383,343.22073,304.05748,0.22097,0.22097,0.00946,0.00698,0.0,80.0,1.0,10.0
google_robot_pick_coke_can,9,google_robot_pick_coke_can_s9,r2e1,R-N,0.0,1.46693,0.99776,6.92233,105.61899,88.42087,0.13391,0.19354,0.01354,0.01173,1.0,29.0,1.0,0.0
google_robot_pick_coke_can,9,google_robot_pick_coke_can_s9,r2e1,F-C,0.0,3.45242,3.50785,7.28621,248.57408,226.26719,0.20122,0.4176,0.03062,0.01481,0.0,80.0,1.0,20.0
google_robot_pick_coke_can,10,google_robot_pick_coke_can_s10,r2e1,R-N,0.0,2.50801,5.81125,6.97087,180.57651,151.34068,0.25181,0.25181,0.02604,0.01626,1.0,25.0,0.0,20.0
google_robot_pick_coke_can,10,google_robot_pick_coke_can_s10,r2e1,F-C,0.0,6.64343,8.03782,9.40437,478.32731,446.67162,0.46349,0.46469,0.02621,0.01123,0.0,80.0,0.0,0.0
google_robot_pick_coke_can,11,google_robot_pick_coke_can_s11,r2e1,R-N,-1.0,4.74516,7.96095,8.03712,341.65177,293.20695,0.45114,0.45114,0.04454,0.02425,0.0,80.0,0.0,-20.0
google_robot_pick_coke_can,11,google_robot_pick_coke_can_s11,r2e1,F-C,0.0,5.62141,5.41491,6.83134,404.74171,344.0356,0.12738,0.14257,0.02634,0.00668,0.0,80.0,0.0,0.0
google_robot_pick_coke_can,12,google_robot_pick_coke_can_s12,r2e1,R-N,0.0,4.14405,8.01264,8.07125,298.37168,252.94847,0.11679,0.15435,0.02066,0.00906,0.0,80.0,0.0,0.0
google_robot_pick_coke_can,12,google_robot_pick_coke_can_s12,r2e1,F-C,1.0,18.84119,25.27706,28.1644,1356.56546,1252.38604,0.69694,0.73631,0.03922,0.03201,0.0,80.0,0.0,-36.0
google_robot_pick_coke_can,13,google_robot_pick_coke_can_s13,r2e1,R-N,0.0,2.96821,3.60448,5.99056,213.71107,164.56901,0.05157,0.13264,0.02779,0.00814,0.0,80.0,0.0,0.0
google_robot_pick_coke_can,13,google_robot_pick_coke_can_s13,r2e1,F-C,1.0,5.87409,8.9387,9.19354,422.93437,370.09322,0.48844,0.48844,0.02047,0.01499,0.0,80.0,0.0,20.0
google_robot_pick_coke_can,14,google_robot_pick_coke_can_s14,r2e1,R-N,0.0,1.36371,1.78801,4.14104,98.18683,79.04016,0.11788,0.14281,0.01433,0.00442,1.0,24.0,0.0,0.0
google_robot_pick_coke_can,14,google_robot_pick_coke_can_s14,r2e1,F-C,0.0,1.95613,2.40246,2.45623,140.84167,117.89994,0.06018,0.06018,0.00392,0.00212,1.0,45.0,0.0,0.0
google_robot_pick_coke_can,15,google_robot_pick_coke_can_s15,r2e1,R-N,0.0,1.24968,1.39731,2.94342,89.97682,74.74263,0.09709,0.12822,0.01433,0.00586,1.0,24.0,0.0,0.0
google_robot_pick_coke_can,15,google_robot_pick_coke_can_s15,r2e1,F-C,0.0,4.05578,6.18346,6.18346,292.01624,248.69709,0.2458,0.2458,0.02802,0.01029,0.0,80.0,0.0,0.0
google_robot_pick_coke_can,16,google_robot_pick_coke_can_s16,r2e1,R-N,0.0,4.76461,8.91965,9.02455,343.05217,299.04816,0.25523,0.25523,0.02429,0.01148,0.0,80.0,0.0,0.0
google_robot_pick_coke_can,16,google_robot_pick_coke_can_s16,r2e1,F-C,-1.0,8.60073,18.98838,21.04244,619.25292,590.91729,0.9045,0.92338,0.02034,0.02131,0.0,80.0,0.0,20.0
google_robot_pick_coke_can,17,google_robot_pick_coke_can_s17,r2e1,R-N,0.0,6.73346,6.53531,14.05313,484.80888,443.29463,0.21694,0.42749,0.03915,0.03621,0.0,80.0,0.0,-22.0
google_robot_pick_coke_can,17,google_robot_pick_coke_can_s17,r2e1,F-C,0.0,1.87445,1.12025,7.35711,134.96007,113.81567,0.06986,0.261,0.02098,0.01711,1.0,36.0,0.0,0.0
google_robot_pick_coke_can,18,google_robot_pick_coke_can_s18,r2e1,R-N,0.0,3.87884,5.63161,8.40106,279.27644,257.9115,0.14681,0.16027,0.02591,0.01337,0.0,80.0,1.0,20.0
google_robot_pick_coke_can,18,google_robot_pick_coke_can_s18,r2e1,F-C,1.0,2.24921,2.41141,3.62269,161.94294,124.43614,0.04897,0.17494,0.01946,0.00661,1.0,58.0,0.0,0.0
google_robot_pick_coke_can,19,google_robot_pick_coke_can_s19,r2e1,R-N,0.0,3.36976,3.62472,9.50518,242.6226,214.1827,0.29664,0.40099,0.02582,0.01435,0.0,80.0,1.0,20.0
google_robot_pick_coke_can,19,google_robot_pick_coke_can_s19,r2e1,F-C,0.0,4.49892,4.11806,9.07987,323.92189,292.47675,0.10855,0.27211,0.0148,0.01719,0.0,80.0,1.0,0.0
google_robot_pick_coke_can,20,google_robot_pick_coke_can_s20,r2e1,R-N,0.0,2.53964,2.81968,3.55393,182.85427,151.45521,0.15688,0.15888,0.02075,0.00771,0.0,80.0,1.0,20.0
google_robot_pick_coke_can,20,google_robot_pick_coke_can_s20,r2e1,F-C,-1.0,10.52035,15.41711,17.7233,757.46521,733.45698,0.59098,0.60108,0.01487,0.01429,1.0,24.0,1.0,-10.0
google_robot_pick_coke_can,21,google_robot_pick_coke_can_s21,r2e1,R-N,0.0,3.81792,8.24905,9.49086,274.8902,256.44049,0.20557,0.38607,0.01607,0.0169,1.0,24.0,0.0,-15.0
google_robot_pick_coke_can,21,google_robot_pick_coke_can_s21,r2e1,F-C,-1.0,3.63982,4.05476,5.86798,262.06709,218.09303,0.20734,0.20734,0.02664,0.00929,0.0,80.0,0.0,0.0
google_robot_pick_coke_can,22,google_robot_pick_coke_can_s22,r2e1,R-N,0.0,3.75283,3.71738,8.58303,270.20381,237.3401,0.32148,0.35756,0.0351,0.02017,1.0,24.0,0.0,20.0
google_robot_pick_coke_can,22,google_robot_pick_coke_can_s22,r2e1,F-C,0.0,4.44321,7.28249,8.1686,319.91077,274.2323,0.26215,0.28175,0.02789,0.02063,0.0,80.0,1.0,20.0
google_robot_pick_coke_can,23,google_robot_pick_coke_can_s23,r2e1,R-N,0.0,2.40598,3.15626,3.89322,173.23055,140.33368,0.14201,0.14201,0.01007,0.0034,0.0,80.0,0.0,0.0
google_robot_pick_coke_can,23,google_robot_pick_coke_can_s23,r2e1,F-C,-1.0,4.92693,3.17996,6.98918,354.73903,282.06914,0.16229,0.16229,0.02135,0.00902,0.0,80.0,1.0,30.0
google_robot_pick_coke_can,24,google_robot_pick_coke_can_s24,r2e1,R-N,0.0,2.57328,4.40145,5.61514,185.27604,160.03508,0.09237,0.12537,0.01956,0.00667,0.0,80.0,0.0,0.0
google_robot_pick_coke_can,24,google_robot_pick_coke_can_s24,r2e1,F-C,1.0,16.50829,23.37486,24.04485,1188.59702,1142.80566,0.82264,0.84513,0.02994,0.02587,0.0,80.0,1.0,20.0
google_robot_pick_coke_can,25,google_robot_pick_coke_can_s25,r2e1,R-N,0.0,0.91371,0.9594,3.16253,65.78694,35.53163,0.04382,0.1022,0.00846,0.0044,1.0,25.0,0.0,0.0
google_robot_pick_coke_can,25,google_robot_pick_coke_can_s25,r2e1,F-C,0.0,0.53837,1.13873,1.18996,38.7627,33.49301,0.02699,0.02826,0.00385,0.00128,1.0,24.0,0.0,0.0
google_robot_pick_coke_can,26,google_robot_pick_coke_can_s26,r2e1,R-N,0.0,6.80511,13.04962,13.34061,489.96817,456.97137,0.54538,0.57405,0.01925,0.01534,0.0,80.0,1.0,30.0
google_robot_pick_coke_can,26,google_robot_pick_coke_can_s26,r2e1,F-C,0.0,3.46407,4.50576,9.26204,249.41337,185.76859,0.23078,0.25421,0.02924,0.01368,0.0,80.0,0.0,0.0
google_robot_pick_coke_can,27,google_robot_pick_coke_can_s27,r2e1,R-N,0.0,4.4996,4.91958,6.43659,323.97104,262.60952,0.096,0.12877,0.01632,0.00479,0.0,80.0,0.0,0.0
google_robot_pick_coke_can,27,google_robot_pick_coke_can_s27,r2e1,F-C,1.0,3.29569,6.53028,6.53028,237.28934,207.93149,0.30747,0.30747,0.01607,0.00612,0.0,80.0,0.0,0.0
google_robot_pick_coke_can,28,google_robot_pick_coke_can_s28,r2e1,R-N,0.0,5.32767,5.98043,11.25503,383.59217,361.77105,0.21134,0.32675,0.00994,0.01075,0.0,80.0,0.0,20.0
google_robot_pick_coke_can,28,google_robot_pick_coke_can_s28,r2e1,F-C,-1.0,6.64808,9.28157,9.28157,478.66148,436.05102,0.15659,0.15659,0.02321,0.00753,0.0,80.0,0.0,0.0
google_robot_pick_coke_can,29,google_robot_pick_coke_can_s29,r2e1,R-N,-1.0,7.98909,10.78143,10.88071,575.2146,517.34921,0.22449,0.27621,0.05027,0.02385,0.0,80.0,1.0,0.0
google_robot_pick_coke_can,29,google_robot_pick_coke_can_s29,r2e1,F-C,0.0,13.25101,20.10884,22.15193,954.07281,918.1888,0.31507,0.60303,0.02675,0.03941,0.0,80.0,-1.0,-40.0
google_robot_pick_coke_can,30,google_robot_pick_coke_can_s30,r2e1,R-N,0.0,4.91949,5.6242,7.11876,354.20332,307.22648,0.08175,0.17072,0.03522,0.00927,0.0,80.0,0.0,0.0
google_robot_pick_coke_can,30,google_robot_pick_coke_can_s30,r2e1,F-C,0.0,2.51976,2.14097,7.49716,181.42268,139.93589,0.07476,0.33377,0.03032,0.01329,1.0,31.0,-1.0,0.0
google_robot_pick_coke_can,31,google_robot_pick_coke_can_s31,r2e1,R-N,0.0,1.87553,2.01712,2.63835,135.03788,109.67503,0.07205,0.07205,0.01002,0.00223,1.0,24.0,0.0,0.0
google_robot_pick_coke_can,31,google_robot_pick_coke_can_s31,r2e1,F-C,0.0,3.06624,5.04952,5.49708,220.76951,198.76457,0.13031,0.13041,0.00894,0.00371,0.0,80.0,0.0,0.0
google_robot_pick_coke_can,32,google_robot_pick_coke_can_s32,r2e1,R-N,0.0,10.05831,10.21578,13.96501,724.19806,666.01594,0.3564,0.47533,0.0518,0.0249,0.0,80.0,-1.0,-22.0
google_robot_pick_coke_can,32,google_robot_pick_coke_can_s32,r2e1,F-C,0.0,13.97127,15.90916,22.07311,1005.93141,924.59476,0.72361,0.75755,0.05358,0.03127,0.0,80.0,0.0,0.0
google_robot_pick_coke_can,33,google_robot_pick_coke_can_s33,r2e1,R-N,0.0,3.13056,5.39882,5.39882,225.40008,203.56113,0.27372,0.27372,0.01538,0.00622,0.0,80.0,0.0,0.0
google_robot_pick_coke_can,33,google_robot_pick_coke_can_s33,r2e1,F-C,0.0,3.05761,5.09805,5.41138,220.14788,203.61873,0.32901,0.32901,0.01691,0.01106,0.0,80.0,0.0,0.0
google_robot_pick_coke_can,34,google_robot_pick_coke_can_s34,r2e1,R-N,0.0,2.68226,3.5907,7.58826,193.12305,163.12163,0.13232,0.17205,0.02111,0.01334,1.0,47.0,0.0,20.0
google_robot_pick_coke_can,34,google_robot_pick_coke_can_s34,r2e1,F-C,0.0,6.72954,8.51647,9.10462,484.52659,449.33378,0.278,0.37772,0.01498,0.01257,0.0,80.0,-1.0,-20.0
google_robot_pick_coke_can,35,google_robot_pick_coke_can_s35,r2e1,R-N,0.0,2.79007,3.21473,5.3984,200.88505,163.32031,0.20575,0.20575,0.03301,0.00809,0.0,80.0,0.0,0.0
google_robot_pick_coke_can,35,google_robot_pick_coke_can_s35,r2e1,F-C,-1.0,7.60081,8.37965,12.28729,547.25823,479.00952,0.64008,0.706,0.03416,0.02194,0.0,80.0,0.0,-20.0
google_robot_pick_coke_can,36,google_robot_pick_coke_can_s36,r2e1,R-N,-1.0,4.68999,5.38778,5.67816,337.67914,296.39985,0.12908,0.12908,0.0245,0.00696,0.0,80.0,0.0,36.0
google_robot_pick_coke_can,36,google_robot_pick_coke_can_s36,r2e1,F-C,0.0,5.10136,8.56692,8.9405,367.29772,331.16806,0.3369,0.3369,0.02969,0.01479,0.0,80.0,-1.0,0.0
google_robot_pick_coke_can,37,google_robot_pick_coke_can_s37,r2e1,R-N,0.0,1.65202,2.79912,2.79912,118.94509,96.55099,0.20276,0.20276,0.00503,0.0037,1.0,24.0,0.0,0.0
google_robot_pick_coke_can,37,google_robot_pick_coke_can_s37,r2e1,F-C,0.0,13.55574,20.75647,20.75647,976.01303,959.50396,0.63817,0.63817,0.0199,0.01876,0.0,80.0,0.0,20.0
google_robot_pick_coke_can,38,google_robot_pick_coke_can_s38,r2e1,R-N,1.0,5.29172,12.64862,12.70015,381.00354,350.20853,0.54287,0.54287,0.02377,0.0157,0.0,80.0,-1.0,-52.0
google_robot_pick_coke_can,38,google_robot_pick_coke_can_s38,r2e1,F-C,0.0,4.77607,8.8161,8.85149,343.8772,311.31252,0.26526,0.26526,0.02081,0.00795,0.0,80.0,0.0,0.0
google_robot_pick_coke_can,39,google_robot_pick_coke_can_s39,r2e1,R-N,0.0,4.54636,1.90484,8.96927,327.33791,298.48315,0.28036,0.40204,0.01534,0.01213,1.0,72.0,1.0,30.0
google_robot_pick_coke_can,39,google_robot_pick_coke_can_s39,r2e1,F-C,0.0,3.36941,2.64133,7.42397,242.59726,198.46297,0.11762,0.2361,0.02793,0.02003,1.0,54.0,-1.0,0.0
google_robot_move_near,0,google_robot_move_near_s0,r4e1,R-N,0.0,4.82585,9.59761,13.88364,347.46094,328.95359,0.15459,0.15459,0.01809,0.00744,0.0,80.0,0.0,0.0
google_robot_move_near,0,google_robot_move_near_s0,r4e1,F-C,0.0,9.88649,11.73053,14.9552,711.82731,644.76797,0.46352,0.50616,0.03341,0.01969,0.0,80.0,0.0,-20.0
google_robot_move_near,1,google_robot_move_near_s1,r4e1,R-N,0.0,8.85426,18.00254,18.00254,637.50706,571.89152,0.7008,0.71473,0.03974,0.0352,0.0,80.0,-1.0,-20.0
google_robot_move_near,1,google_robot_move_near_s1,r4e1,F-C,0.0,6.84127,13.5446,13.97203,492.57117,394.81101,0.47195,0.49321,0.04818,0.03041,0.0,80.0,-1.0,4.0
google_robot_move_near,2,google_robot_move_near_s2,r4e1,R-N,0.0,5.59897,11.78251,11.78251,403.1259,360.79573,0.17562,0.17562,0.03099,0.01175,0.0,80.0,1.0,0.0
google_robot_move_near,2,google_robot_move_near_s2,r4e1,F-C,0.0,7.56604,9.9623,9.9623,544.755,490.65328,0.31228,0.31892,0.05108,0.02081,0.0,80.0,1.0,0.0
google_robot_move_near,3,google_robot_move_near_s3,r4e1,R-N,-1.0,5.55116,12.74642,12.74642,399.68327,331.86608,0.6041,0.6041,0.04449,0.03656,1.0,38.0,1.0,21.0
google_robot_move_near,3,google_robot_move_near_s3,r4e1,F-C,0.0,4.95069,7.08093,8.06001,356.44957,303.2214,0.2114,0.34418,0.03772,0.03101,0.0,80.0,1.0,45.0
google_robot_move_near,4,google_robot_move_near_s4,r4e1,R-N,0.0,6.64449,8.32166,9.48519,478.40326,393.19561,0.53852,0.53852,0.03945,0.01621,0.0,80.0,-1.0,0.0
google_robot_move_near,4,google_robot_move_near_s4,r4e1,F-C,0.0,7.06154,7.74714,9.61302,508.43096,470.68689,0.3088,0.3088,0.02951,0.00903,0.0,80.0,0.0,0.0
google_robot_move_near,5,google_robot_move_near_s5,r4e1,R-N,0.0,6.99395,17.59225,17.59225,503.56424,474.14831,0.60068,0.60068,0.02832,0.01712,1.0,24.0,0.0,20.0
google_robot_move_near,5,google_robot_move_near_s5,r4e1,F-C,0.0,8.12333,15.69712,15.69712,584.87979,553.02549,0.59205,0.59205,0.0385,0.0199,1.0,24.0,0.0,-20.0
google_robot_move_near,6,google_robot_move_near_s6,r4e1,R-N,1.0,4.76833,2.78149,11.02983,343.31984,295.31702,1.53235,1.53235,0.02805,0.03937,1.0,25.0,0.0,-5.0
google_robot_move_near,6,google_robot_move_near_s6,r4e1,F-C,0.0,7.29186,10.34917,10.34917,525.01406,486.98335,0.45473,0.48615,0.03064,0.01048,0.0,80.0,0.0,0.0
google_robot_move_near,7,google_robot_move_near_s7,r4e1,R-N,-1.0,5.1073,11.27779,11.27779,367.7258,346.00262,0.34194,0.34194,0.02448,0.0108,0.0,80.0,0.0,0.0
google_robot_move_near,7,google_robot_move_near_s7,r4e1,F-C,0.0,10.9926,14.16191,14.16191,791.46724,703.4648,0.38629,0.3944,0.03848,0.01079,0.0,80.0,0.0,4.0
google_robot_move_near,8,google_robot_move_near_s8,r4e1,R-N,0.0,2.6126,3.51066,3.51066,188.10697,175.16484,0.08179,0.08179,0.01856,0.00477,0.0,80.0,0.0,0.0
google_robot_move_near,8,google_robot_move_near_s8,r4e1,F-C,0.0,8.48852,15.36152,15.36152,611.17378,588.11065,0.55386,0.55386,0.01551,0.02304,0.0,80.0,0.0,20.0
google_robot_move_near,9,google_robot_move_near_s9,r4e1,R-N,0.0,3.3097,4.98758,5.74618,238.29809,203.24209,0.25263,0.29257,0.03921,0.01184,0.0,80.0,0.0,0.0
google_robot_move_near,9,google_robot_move_near_s9,r4e1,F-C,0.0,8.16765,11.06853,11.06853,588.07062,518.13125,0.2456,0.43399,0.04484,0.0159,0.0,80.0,0.0,0.0
google_robot_move_near,10,google_robot_move_near_s10,r4e1,R-N,0.0,2.50793,2.50153,6.64018,180.57115,128.91308,0.13799,0.24581,0.03635,0.01298,1.0,26.0,0.0,0.0
google_robot_move_near,10,google_robot_move_near_s10,r4e1,F-C,0.0,1.85096,1.71382,2.92573,133.26898,104.89747,0.06381,0.07265,0.02075,0.00691,1.0,25.0,0.0,0.0
google_robot_move_near,11,google_robot_move_near_s11,r4e1,R-N,0.0,6.28961,12.96819,13.01249,452.85166,425.65991,0.38547,0.38547,0.03128,0.01734,0.0,80.0,0.0,0.0
google_robot_move_near,11,google_robot_move_near_s11,r4e1,F-C,0.0,19.3084,18.7596,37.51975,1390.20504,1356.99348,0.64053,1.14214,0.03714,0.04138,0.0,80.0,0.0,-20.0
google_robot_move_near,12,google_robot_move_near_s12,r4e1,R-N,0.0,8.19216,12.82988,13.41592,589.83579,483.26887,0.5216,0.5216,0.05073,0.02423,0.0,80.0,0.0,20.0
google_robot_move_near,12,google_robot_move_near_s12,r4e1,F-C,0.0,12.90424,23.78472,23.78472,929.10531,809.21804,0.72991,0.72991,0.0437,0.02661,0.0,80.0,0.0,20.0
google_robot_move_near,13,google_robot_move_near_s13,r4e1,R-N,0.0,5.9433,15.54549,15.54549,427.91774,406.27152,0.18574,0.40578,0.02682,0.01873,1.0,35.0,0.0,0.0
google_robot_move_near,13,google_robot_move_near_s13,r4e1,F-C,0.0,7.8004,10.19942,10.33782,561.62899,516.67711,0.72628,0.72628,0.03071,0.02326,0.0,80.0,0.0,0.0
google_robot_move_near,14,google_robot_move_near_s14,r4e1,R-N,0.0,8.96207,12.12648,18.57353,645.2693,577.79473,0.40482,0.64177,0.07103,0.04915,0.0,80.0,1.0,2.0
google_robot_move_near,14,google_robot_move_near_s14,r4e1,F-C,0.0,9.86706,7.0873,18.95024,710.42816,657.28068,0.20555,0.65029,0.04707,0.04775,0.0,80.0,1.0,0.0
google_robot_move_near,15,google_robot_move_near_s15,r4e1,R-N,0.0,6.81053,9.68378,10.59305,490.35826,461.36045,0.40599,0.40599,0.01765,0.00687,0.0,80.0,-1.0,0.0
google_robot_move_near,15,google_robot_move_near_s15,r4e1,F-C,0.0,9.35661,17.28571,17.28571,673.676,636.32339,0.5949,0.62193,0.03439,0.01455,0.0,80.0,1.0,0.0
google_robot_move_near,16,google_robot_move_near_s16,r4e1,R-N,1.0,21.95601,35.14386,35.14386,1580.83287,1542.47554,1.61417,1.61417,0.03695,0.04404,0.0,80.0,-1.0,-20.0
google_robot_move_near,16,google_robot_move_near_s16,r4e1,F-C,0.0,7.9635,14.46965,15.79886,573.3721,493.78012,0.37482,0.48058,0.0534,0.02763,0.0,80.0,0.0,14.0
google_robot_move_near,17,google_robot_move_near_s17,r4e1,R-N,-1.0,5.1073,11.27779,11.27779,367.7258,346.00262,0.34194,0.34194,0.02448,0.0108,0.0,80.0,0.0,0.0
google_robot_move_near,17,google_robot_move_near_s17,r4e1,F-C,0.0,10.9926,14.16191,14.16191,791.46724,703.4648,0.38629,0.3944,0.03848,0.01079,0.0,80.0,0.0,4.0
google_robot_move_near,18,google_robot_move_near_s18,r4e1,R-N,-1.0,5.55116,12.74642,12.74642,399.68327,331.86608,0.6041,0.6041,0.04449,0.03656,1.0,38.0,1.0,21.0
google_robot_move_near,18,google_robot_move_near_s18,r4e1,F-C,0.0,4.95069,7.08093,8.06001,356.44957,303.2214,0.2114,0.34418,0.03772,0.03101,0.0,80.0,1.0,45.0
google_robot_move_near,19,google_robot_move_near_s19,r4e1,R-N,0.0,4.36924,5.66651,13.5598,314.58507,226.44848,0.3525,0.41303,0.05635,0.02501,1.0,35.0,0.0,20.0
google_robot_move_near,19,google_robot_move_near_s19,r4e1,F-C,0.0,4.21257,7.55685,7.64163,303.30522,273.31022,0.16542,0.16562,0.0438,0.01448,0.0,80.0,1.0,0.0
google_robot_move_near,20,google_robot_move_near_s20,r4e1,R-N,0.0,6.99395,17.59225,17.59225,503.56424,474.14831,0.60068,0.60068,0.02832,0.01712,1.0,24.0,0.0,20.0
google_robot_move_near,20,google_robot_move_near_s20,r4e1,F-C,0.0,8.12333,15.69712,15.69712,584.87979,553.02549,0.59205,0.59205,0.0385,0.0199,1.0,24.0,0.0,-20.0
google_robot_move_near,21,google_robot_move_near_s21,r4e1,R-N,0.0,2.50793,2.50153,6.64018,180.57115,128.91308,0.13799,0.24581,0.03635,0.01298,1.0,26.0,0.0,0.0
google_robot_move_near,21,google_robot_move_near_s21,r4e1,F-C,0.0,1.85096,1.71382,2.92573,133.26898,104.89747,0.06381,0.07265,0.02075,0.00691,1.0,25.0,0.0,0.0
google_robot_move_near,22,google_robot_move_near_s22,r4e1,R-N,0.0,8.01233,11.02251,11.02251,576.88754,490.37025,0.18104,0.3043,0.04318,0.0127,0.0,80.0,-1.0,0.0
google_robot_move_near,22,google_robot_move_near_s22,r4e1,F-C,1.0,4.65098,9.83717,9.83717,334.87021,305.15495,0.03099,0.1788,0.02829,0.01426,0.0,80.0,0.0,0.0
google_robot_move_near,23,google_robot_move_near_s23,r4e1,R-N,0.0,17.45545,22.76636,39.83192,1256.79209,1196.54042,0.61063,1.41599,0.04739,0.06008,0.0,80.0,0.0,-16.0
google_robot_move_near,23,google_robot_move_near_s23,r4e1,F-C,-1.0,13.86136,18.25078,19.03465,998.01803,966.34133,0.67097,0.67097,0.03839,0.02063,0.0,80.0,0.0,0.0
google_robot_move_near,24,google_robot_move_near_s24,r4e1,R-N,0.0,7.79678,13.0341,13.0341,561.36825,533.40504,0.44205,1.00682,0.06487,0.03548,0.0,80.0,1.0,20.0
google_robot_move_near,24,google_robot_move_near_s24,r4e1,F-C,-1.0,15.13353,18.26994,25.00146,1089.61448,1055.35212,2.10919,2.14625,0.09867,0.06243,0.0,80.0,1.0,18.0
google_robot_move_near,25,google_robot_move_near_s25,r4e1,R-N,0.0,9.86831,19.12305,20.12979,710.5181,685.79309,1.17361,1.18165,0.03941,0.0407,0.0,80.0,0.0,-6.0
google_robot_move_near,25,google_robot_move_near_s25,r4e1,F-C,1.0,14.81554,24.60331,25.62256,1066.71874,986.54403,0.72528,0.72528,0.03921,0.04123,0.0,80.0,-1.0,0.0
google_robot_move_near,26,google_robot_move_near_s26,r4e1,R-N,0.0,8.01233,11.02251,11.02251,576.88754,490.37025,0.18104,0.3043,0.04318,0.0127,0.0,80.0,-1.0,0.0
google_robot_move_near,26,google_robot_move_near_s26,r4e1,F-C,1.0,4.65098,9.83717,9.83717,334.87021,305.15495,0.03099,0.1788,0.02829,0.01426,0.0,80.0,0.0,0.0
google_robot_move_near,27,google_robot_move_near_s27,r4e1,R-N,0.0,17.45545,22.76636,39.83192,1256.79209,1196.54042,0.61063,1.41599,0.04739,0.06008,0.0,80.0,0.0,-16.0
google_robot_move_near,27,google_robot_move_near_s27,r4e1,F-C,-1.0,13.86136,18.25078,19.03465,998.01803,966.34133,0.67097,0.67097,0.03839,0.02063,0.0,80.0,0.0,0.0
google_robot_move_near,28,google_robot_move_near_s28,r4e1,R-N,0.0,2.58211,3.41304,5.6118,185.91224,149.96443,0.06278,0.11461,0.02999,0.00768,0.0,80.0,0.0,0.0
google_robot_move_near,28,google_robot_move_near_s28,r4e1,F-C,0.0,17.02285,20.20366,33.15098,1225.64538,1201.95565,0.75608,1.10614,0.02047,0.03483,0.0,80.0,0.0,18.0
google_robot_move_near,29,google_robot_move_near_s29,r4e1,R-N,0.0,3.45268,4.64761,10.41519,248.593,178.99563,0.1988,0.27221,0.05025,0.01233,0.0,80.0,0.0,0.0
google_robot_move_near,29,google_robot_move_near_s29,r4e1,F-C,0.0,3.60794,4.11587,4.94199,259.77144,212.91231,0.09394,0.10402,0.01588,0.00422,0.0,80.0,0.0,0.0
google_robot_move_near,30,google_robot_move_near_s30,r4e1,R-N,0.0,8.85426,18.00254,18.00254,637.50706,571.89152,0.7008,0.71473,0.03974,0.0352,0.0,80.0,-1.0,-20.0
google_robot_move_near,30,google_robot_move_near_s30,r4e1,F-C,0.0,6.84127,13.5446,13.97203,492.57117,394.81101,0.47195,0.49321,0.04818,0.03041,0.0,80.0,-1.0,4.0
google_robot_move_near,31,google_robot_move_near_s31,r4e1,R-N,0.0,5.9433,15.54549,15.54549,427.91774,406.27152,0.18574,0.40578,0.02682,0.01873,1.0,35.0,0.0,0.0
google_robot_move_near,31,google_robot_move_near_s31,r4e1,F-C,0.0,7.8004,10.19942,10.33782,561.62899,516.67711,0.72628,0.72628,0.03071,0.02326,0.0,80.0,0.0,0.0
google_robot_move_near,32,google_robot_move_near_s32,r4e1,R-N,0.0,4.13193,4.74316,6.50637,297.49903,251.44062,0.25004,0.27887,0.03204,0.01637,0.0,80.0,0.0,0.0
google_robot_move_near,32,google_robot_move_near_s32,r4e1,F-C,0.0,5.56232,5.1887,12.28711,400.48735,378.17727,0.27235,0.53556,0.03222,0.02932,0.0,80.0,0.0,-20.0
google_robot_move_near,33,google_robot_move_near_s33,r4e1,R-N,0.0,3.6214,3.72768,8.81122,260.74088,185.03564,0.12595,0.33209,0.06419,0.01706,0.0,80.0,0.0,0.0
google_robot_move_near,33,google_robot_move_near_s33,r4e1,F-C,0.0,12.82061,17.48511,18.30582,923.08409,825.71334,0.57543,0.61342,0.05603,0.03147,0.0,80.0,-1.0,-20.0
google_robot_move_near,34,google_robot_move_near_s34,r4e1,R-N,0.0,3.34267,5.48805,5.82712,240.67225,201.10396,0.15143,0.16704,0.02802,0.00917,0.0,80.0,-1.0,0.0
google_robot_move_near,34,google_robot_move_near_s34,r4e1,F-C,0.0,6.75625,8.21271,19.34917,486.45016,455.40371,0.30629,0.42823,0.03812,0.02912,0.0,80.0,0.0,20.0
google_robot_move_near,35,google_robot_move_near_s35,r4e1,R-N,0.0,2.50793,2.50153,6.64018,180.57115,128.91308,0.13799,0.24581,0.03635,0.01298,1.0,26.0,0.0,0.0
google_robot_move_near,35,google_robot_move_near_s35,r4e1,F-C,0.0,1.85096,1.71382,2.92573,133.26898,104.89747,0.06381,0.07265,0.02075,0.00691,1.0,25.0,0.0,0.0
google_robot_move_near,36,google_robot_move_near_s36,r4e1,R-N,0.0,4.11277,7.61626,7.61626,296.11947,259.37542,0.11454,0.28896,0.03056,0.01837,1.0,25.0,0.0,20.0
google_robot_move_near,36,google_robot_move_near_s36,r4e1,F-C,0.0,6.58424,6.84116,16.20717,474.06543,427.67959,0.24356,0.69539,0.02982,0.03044,0.0,80.0,1.0,0.0
google_robot_move_near,37,google_robot_move_near_s37,r4e1,R-N,-1.0,6.05534,7.27795,10.16729,435.9844,359.86513,0.18637,0.33444,0.06033,0.01838,0.0,80.0,-1.0,0.0
google_robot_move_near,37,google_robot_move_near_s37,r4e1,F-C,0.0,2.78654,4.33025,6.44918,200.63071,158.47819,0.12925,0.19503,0.05898,0.01535,1.0,31.0,0.0,0.0
google_robot_move_near,38,google_robot_move_near_s38,r4e1,R-N,0.0,3.34267,5.48805,5.82712,240.67225,201.10396,0.15143,0.16704,0.02802,0.00917,0.0,80.0,-1.0,0.0
google_robot_move_near,38,google_robot_move_near_s38,r4e1,F-C,0.0,6.75625,8.21271,19.34917,486.45016,455.40371,0.30629,0.42823,0.03812,0.02912,0.0,80.0,0.0,20.0
google_robot_move_near,39,google_robot_move_near_s39,r4e1,R-N,0.0,2.50793,2.50153,6.64018,180.57115,128.91308,0.13799,0.24581,0.03635,0.01298,1.0,26.0,0.0,0.0
google_robot_move_near,39,google_robot_move_near_s39,r4e1,F-C,0.0,1.85096,1.71382,2.92573,133.26898,104.89747,0.06381,0.07265,0.02075,0.00691,1.0,25.0,0.0,0.0
google_robot_pick_coke_can,0,google_robot_pick_coke_can_s0,r4e1,R-N,0.0,2.15402,6.67939,6.67939,155.0895,138.38758,0.15548,0.15548,0.01722,0.00573,1.0,24.0,0.0,0.0
google_robot_pick_coke_can,0,google_robot_pick_coke_can_s0,r4e1,F-C,-1.0,10.36845,20.95817,20.95817,746.52823,676.89507,0.54102,0.62907,0.01685,0.01978,0.0,80.0,-1.0,-20.0
google_robot_pick_coke_can,1,google_robot_pick_coke_can_s1,r4e1,R-N,0.0,5.48486,10.46777,10.46777,394.90992,338.08475,0.35394,0.35394,0.04038,0.02122,0.0,80.0,1.0,32.0
google_robot_pick_coke_can,1,google_robot_pick_coke_can_s1,r4e1,F-C,1.0,5.06698,6.68438,6.76613,364.82283,307.15711,0.25565,0.25565,0.03523,0.01315,0.0,80.0,-1.0,-40.0
google_robot_pick_coke_can,2,google_robot_pick_coke_can_s2,r4e1,R-N,1.0,7.42301,8.93452,11.33159,534.45684,479.49701,0.44415,0.47325,0.0304,0.01096,0.0,80.0,0.0,-10.0
google_robot_pick_coke_can,2,google_robot_pick_coke_can_s2,r4e1,F-C,0.0,3.62378,2.58236,10.22911,260.912,199.26514,0.22129,0.22224,0.02482,0.01615,0.0,80.0,0.0,0.0
google_robot_pick_coke_can,3,google_robot_pick_coke_can_s3,r4e1,R-N,0.0,11.52481,24.05623,24.05623,829.7865,772.15461,0.82212,0.82212,0.01356,0.01256,0.0,80.0,0.0,0.0
google_robot_pick_coke_can,3,google_robot_pick_coke_can_s3,r4e1,F-C,0.0,2.68824,3.16972,3.16972,193.55344,161.0058,0.0953,0.12899,0.01123,0.00321,0.0,80.0,0.0,0.0
google_robot_pick_coke_can,4,google_robot_pick_coke_can_s4,r4e1,R-N,0.0,8.80831,12.5004,12.54771,634.1984,581.59688,0.42484,0.42484,0.0239,0.00935,0.0,80.0,0.0,0.0
google_robot_pick_coke_can,4,google_robot_pick_coke_can_s4,r4e1,F-C,0.0,6.88502,8.2417,8.67532,495.72136,420.98803,0.41096,0.42363,0.01792,0.01266,0.0,80.0,1.0,20.0
google_robot_pick_coke_can,5,google_robot_pick_coke_can_s5,r4e1,R-N,-1.0,8.15768,19.21989,19.21989,587.35304,544.91638,0.62901,0.62901,0.05097,0.02378,0.0,80.0,0.0,20.0
google_robot_pick_coke_can,5,google_robot_pick_coke_can_s5,r4e1,F-C,0.0,6.96986,11.7145,11.7145,501.82979,416.76913,0.44593,0.44593,0.04866,0.02304,0.0,80.0,-1.0,-20.0
google_robot_pick_coke_can,6,google_robot_pick_coke_can_s6,r4e1,R-N,0.0,3.04958,3.59107,4.49174,219.56941,175.19616,0.21011,0.21011,0.01464,0.00632,0.0,80.0,0.0,0.0
google_robot_pick_coke_can,6,google_robot_pick_coke_can_s6,r4e1,F-C,0.0,2.18511,2.43469,4.05292,157.32758,122.32884,0.08598,0.11134,0.01632,0.00409,1.0,32.0,0.0,0.0
google_robot_pick_coke_can,7,google_robot_pick_coke_can_s7,r4e1,R-N,1.0,6.25874,13.59904,14.49192,450.62943,432.01526,0.37743,0.37743,0.01862,0.01604,1.0,24.0,0.0,-30.0
google_robot_pick_coke_can,7,google_robot_pick_coke_can_s7,r4e1,F-C,0.0,7.72468,16.92297,16.92297,556.17673,491.6556,0.51875,0.51875,0.03544,0.01876,1.0,26.0,1.0,22.0
google_robot_pick_coke_can,8,google_robot_pick_coke_can_s8,r4e1,R-N,0.0,5.70015,6.62065,9.61179,410.41111,386.16873,0.21051,0.3079,0.00571,0.00676,1.0,24.0,0.0,0.0
google_robot_pick_coke_can,8,google_robot_pick_coke_can_s8,r4e1,F-C,-1.0,2.96655,4.80222,4.80222,213.59142,190.42968,0.19352,0.1938,0.0098,0.00668,1.0,53.0,0.0,0.0
google_robot_pick_coke_can,9,google_robot_pick_coke_can_s9,r4e1,R-N,0.0,2.298,1.85842,3.6243,165.45591,129.15482,0.07576,0.10566,0.02794,0.00651,1.0,68.0,0.0,0.0
google_robot_pick_coke_can,9,google_robot_pick_coke_can_s9,r4e1,F-C,1.0,4.7212,8.35148,10.04231,339.92675,321.43247,0.35197,0.36243,0.01683,0.02551,0.0,80.0,1.0,23.0
google_robot_pick_coke_can,10,google_robot_pick_coke_can_s10,r4e1,R-N,0.0,5.15718,5.49069,9.05032,371.31702,328.67296,0.15007,0.28596,0.02404,0.01295,0.0,80.0,0.0,20.0
google_robot_pick_coke_can,10,google_robot_pick_coke_can_s10,r4e1,F-C,-1.0,5.314,7.24695,8.57178,382.60813,353.51245,0.23795,0.23795,0.02753,0.01247,0.0,80.0,1.0,0.0
google_robot_pick_coke_can,11,google_robot_pick_coke_can_s11,r4e1,R-N,1.0,6.81284,18.81837,19.86296,490.52454,447.32834,0.76763,0.79159,0.03609,0.0265,0.0,80.0,0.0,20.0
google_robot_pick_coke_can,11,google_robot_pick_coke_can_s11,r4e1,F-C,1.0,3.89605,3.68893,5.56576,280.51547,246.28312,0.15984,0.25458,0.02994,0.01111,0.0,80.0,-1.0,0.0
google_robot_pick_coke_can,12,google_robot_pick_coke_can_s12,r4e1,R-N,0.0,2.85505,3.10089,3.53775,205.56375,167.35638,0.11171,0.14446,0.00956,0.00265,0.0,80.0,0.0,0.0
google_robot_pick_coke_can,12,google_robot_pick_coke_can_s12,r4e1,F-C,0.0,5.09942,7.84283,8.35595,367.15838,340.03455,0.37902,0.37902,0.01849,0.02231,0.0,80.0,1.0,0.0
google_robot_pick_coke_can,13,google_robot_pick_coke_can_s13,r4e1,R-N,0.0,1.37958,1.46878,1.53055,99.32994,82.45093,0.03197,0.05214,0.01316,0.00293,1.0,24.0,0.0,0.0
google_robot_pick_coke_can,13,google_robot_pick_coke_can_s13,r4e1,F-C,0.0,7.47996,10.518,12.10555,538.55714,521.48284,0.36933,0.36933,0.01895,0.01605,0.0,80.0,1.0,20.0
google_robot_pick_coke_can,14,google_robot_pick_coke_can_s14,r4e1,R-N,0.0,1.37158,4.31778,4.31778,98.75407,77.92212,0.04395,0.07729,0.00748,0.00242,1.0,24.0,0.0,0.0
google_robot_pick_coke_can,14,google_robot_pick_coke_can_s14,r4e1,F-C,0.0,3.00754,4.31244,4.31244,216.5426,189.98437,0.16131,0.16131,0.01334,0.00514,0.0,80.0,0.0,0.0
google_robot_pick_coke_can,15,google_robot_pick_coke_can_s15,r4e1,R-N,0.0,5.07322,9.56552,9.56552,365.27176,347.73998,0.22333,0.22333,0.0149,0.00594,0.0,80.0,0.0,0.0
google_robot_pick_coke_can,15,google_robot_pick_coke_can_s15,r4e1,F-C,1.0,2.38661,7.66742,7.70441,171.83595,147.95842,0.11673,0.11673,0.02597,0.00833,1.0,24.0,0.0,0.0
google_robot_pick_coke_can,16,google_robot_pick_coke_can_s16,r4e1,R-N,0.0,5.30708,15.21353,15.21353,382.10994,350.96655,0.92361,0.92361,0.01538,0.02362,0.0,80.0,0.0,0.0
google_robot_pick_coke_can,16,google_robot_pick_coke_can_s16,r4e1,F-C,-1.0,6.58349,19.68082,20.02521,474.01151,450.7488,1.04373,1.04373,0.01197,0.02319,0.0,80.0,0.0,-4.0
google_robot_pick_coke_can,17,google_robot_pick_coke_can_s17,r4e1,R-N,0.0,3.38651,4.53455,5.66746,243.82904,215.43306,0.13894,0.275,0.01936,0.01818,0.0,80.0,-1.0,0.0
google_robot_pick_coke_can,17,google_robot_pick_coke_can_s17,r4e1,F-C,1.0,5.25555,8.48291,8.53302,378.39966,348.94116,0.53571,0.53571,0.02485,0.01882,1.0,25.0,1.0,-10.0
google_robot_pick_coke_can,18,google_robot_pick_coke_can_s18,r4e1,R-N,0.0,9.41887,18.41777,18.41777,678.15859,628.82095,0.57125,0.57125,0.03523,0.02008,0.0,80.0,1.0,20.0
google_robot_pick_coke_can,18,google_robot_pick_coke_can_s18,r4e1,F-C,0.0,4.56712,5.57952,6.87902,328.83237,303.98755,0.3665,0.42686,0.02074,0.01107,0.0,80.0,1.0,20.0
google_robot_pick_coke_can,19,google_robot_pick_coke_can_s19,r4e1,R-N,0.0,1.85558,2.44723,2.7902,133.60147,115.69765,0.09757,0.1041,0.00836,0.0028,1.0,29.0,0.0,0.0
google_robot_pick_coke_can,19,google_robot_pick_coke_can_s19,r4e1,F-C,0.0,4.5282,7.01285,7.06881,326.03019,282.68403,0.45019,0.45019,0.01677,0.01438,0.0,80.0,0.0,20.0
google_robot_pick_coke_can,20,google_robot_pick_coke_can_s20,r4e1,R-N,0.0,6.29673,12.13758,12.13758,453.36481,408.78959,0.3511,0.3511,0.00983,0.00999,0.0,80.0,0.0,20.0
google_robot_pick_coke_can,20,google_robot_pick_coke_can_s20,r4e1,F-C,-1.0,8.53257,10.09533,12.92038,614.3448,547.96951,0.2917,0.38689,0.01239,0.01282,0.0,80.0,0.0,10.0
google_robot_pick_coke_can,21,google_robot_pick_coke_can_s21,r4e1,R-N,0.0,5.10915,8.57747,8.57747,367.85915,297.16541,0.42868,0.45381,0.02639,0.01826,0.0,80.0,0.0,10.0
google_robot_pick_coke_can,21,google_robot_pick_coke_can_s21,r4e1,F-C,0.0,3.94935,4.25068,8.13663,284.35347,223.21366,0.16703,0.27947,0.02082,0.02374,0.0,80.0,0.0,0.0
google_robot_pick_coke_can,22,google_robot_pick_coke_can_s22,r4e1,R-N,1.0,9.94807,16.07465,16.19436,716.26092,663.6758,0.54527,0.54527,0.02094,0.02222,0.0,80.0,0.0,0.0
google_robot_pick_coke_can,22,google_robot_pick_coke_can_s22,r4e1,F-C,-1.0,5.57652,7.74198,8.27957,401.5095,339.06812,0.41705,0.41705,0.02894,0.01266,0.0,80.0,1.0,50.0
google_robot_pick_coke_can,23,google_robot_pick_coke_can_s23,r4e1,R-N,0.0,10.20668,17.63261,17.84219,734.88131,699.28994,0.6248,0.6248,0.02253,0.01537,0.0,80.0,1.0,20.0
google_robot_pick_coke_can,23,google_robot_pick_coke_can_s23,r4e1,F-C,-1.0,7.17369,6.93184,11.45431,516.50585,453.98012,0.25554,0.36988,0.01399,0.01085,0.0,80.0,0.0,10.0
google_robot_pick_coke_can,24,google_robot_pick_coke_can_s24,r4e1,R-N,0.0,1.66468,3.23096,3.23096,119.85672,111.46448,0.11806,0.1182,0.00734,0.00312,1.0,24.0,0.0,0.0
google_robot_pick_coke_can,24,google_robot_pick_coke_can_s24,r4e1,F-C,0.0,7.88167,9.85942,10.52197,567.48029,518.0206,0.36803,0.38203,0.01721,0.01199,0.0,80.0,1.0,20.0
google_robot_pick_coke_can,25,google_robot_pick_coke_can_s25,r4e1,R-N,0.0,2.35495,2.75761,4.23679,169.55674,144.6739,0.08462,0.08462,0.00701,0.00303,1.0,24.0,0.0,0.0
google_robot_pick_coke_can,25,google_robot_pick_coke_can_s25,r4e1,F-C,0.0,3.16372,3.74798,4.06934,227.7881,190.54489,0.0671,0.08663,0.01231,0.00378,0.0,80.0,0.0,0.0
google_robot_pick_coke_can,26,google_robot_pick_coke_can_s26,r4e1,R-N,1.0,2.85123,2.69378,3.84112,205.28862,176.8242,0.17114,0.18881,0.04807,0.01307,0.0,80.0,0.0,-20.0
google_robot_pick_coke_can,26,google_robot_pick_coke_can_s26,r4e1,F-C,1.0,5.24779,13.43174,13.43174,377.84092,352.5196,0.90377,0.90377,0.03207,0.02428,0.0,80.0,0.0,-22.0
google_robot_pick_coke_can,27,google_robot_pick_coke_can_s27,r4e1,R-N,0.0,2.74705,4.63943,4.66778,197.78791,174.25109,0.04181,0.10568,0.01747,0.00458,1.0,24.0,0.0,0.0
google_robot_pick_coke_can,27,google_robot_pick_coke_can_s27,r4e1,F-C,0.0,1.49288,2.38518,2.89951,107.48712,89.21877,0.0592,0.10568,0.0184,0.00432,1.0,24.0,0.0,0.0
google_robot_pick_coke_can,28,google_robot_pick_coke_can_s28,r4e1,R-N,-1.0,2.06262,5.96007,5.96007,148.50833,116.04404,0.1255,0.22551,0.03082,0.01012,1.0,24.0,0.0,0.0
google_robot_pick_coke_can,28,google_robot_pick_coke_can_s28,r4e1,F-C,0.0,6.16277,8.03252,10.54563,443.71924,408.89974,0.60749,0.72813,0.02817,0.02485,0.0,80.0,0.0,-20.0
google_robot_pick_coke_can,29,google_robot_pick_coke_can_s29,r4e1,R-N,0.0,5.45702,7.24616,15.25487,392.90514,361.461,0.32481,0.45513,0.04184,0.03264,0.0,80.0,0.0,0.0
google_robot_pick_coke_can,29,google_robot_pick_coke_can_s29,r4e1,F-C,1.0,3.19048,3.18265,6.30786,229.71462,186.03501,0.13297,0.24894,0.02731,0.01037,0.0,80.0,-1.0,0.0
google_robot_pick_coke_can,30,google_robot_pick_coke_can_s30,r4e1,R-N,0.0,3.35915,3.8971,5.41424,241.85911,208.08706,0.19189,0.19189,0.03455,0.00913,0.0,80.0,0.0,0.0
google_robot_pick_coke_can,30,google_robot_pick_coke_can_s30,r4e1,F-C,0.0,2.78304,3.82908,3.93992,200.37879,164.60694,0.247,0.247,0.02847,0.00846,1.0,24.0,0.0,0.0
google_robot_pick_coke_can,31,google_robot_pick_coke_can_s31,r4e1,R-N,0.0,3.39743,6.62338,6.75762,244.61488,207.53624,0.21246,0.24427,0.01018,0.00667,0.0,80.0,0.0,0.0
google_robot_pick_coke_can,31,google_robot_pick_coke_can_s31,r4e1,F-C,0.0,8.25048,16.42807,16.42807,594.03465,563.4252,1.31906,1.33655,0.00833,0.03026,0.0,80.0,1.0,-10.0
google_robot_pick_coke_can,32,google_robot_pick_coke_can_s32,r4e1,R-N,0.0,5.06818,3.99216,10.09591,364.90926,314.33641,0.09618,0.34198,0.04162,0.01984,0.0,80.0,1.0,20.0
google_robot_pick_coke_can,32,google_robot_pick_coke_can_s32,r4e1,F-C,-1.0,14.79562,25.51637,25.81599,1065.28487,1015.16795,0.97354,0.99252,0.04198,0.02303,0.0,80.0,0.0,-12.0
google_robot_pick_coke_can,33,google_robot_pick_coke_can_s33,r4e1,R-N,0.0,2.2949,3.6407,3.6407,165.23316,144.09932,0.0191,0.04437,0.00788,0.00279,0.0,80.0,0.0,0.0
google_robot_pick_coke_can,33,google_robot_pick_coke_can_s33,r4e1,F-C,0.0,3.68029,7.09953,7.40979,264.98124,247.37125,0.19651,0.19651,0.0134,0.00566,0.0,80.0,0.0,0.0
google_robot_pick_coke_can,34,google_robot_pick_coke_can_s34,r4e1,R-N,-1.0,5.71323,9.13924,9.14469,411.35289,354.4139,0.28918,0.28918,0.02744,0.01457,0.0,80.0,1.0,45.0
google_robot_pick_coke_can,34,google_robot_pick_coke_can_s34,r4e1,F-C,0.0,3.60899,4.11821,5.61681,259.84722,225.15334,0.32034,0.33627,0.02038,0.01165,1.0,26.0,-1.0,0.0
google_robot_pick_coke_can,35,google_robot_pick_coke_can_s35,r4e1,R-N,0.0,3.94071,5.11443,5.11443,283.73124,243.04628,0.16005,0.18146,0.02478,0.00673,0.0,80.0,0.0,0.0
google_robot_pick_coke_can,35,google_robot_pick_coke_can_s35,r4e1,F-C,0.0,3.23277,3.48737,5.0477,232.75942,194.28465,0.18055,0.19685,0.02759,0.01267,0.0,80.0,-1.0,0.0
google_robot_pick_coke_can,36,google_robot_pick_coke_can_s36,r4e1,R-N,0.0,1.93431,2.81441,3.15754,139.27006,116.15114,0.14757,0.14757,0.02763,0.00685,1.0,24.0,0.0,0.0
google_robot_pick_coke_can,36,google_robot_pick_coke_can_s36,r4e1,F-C,0.0,3.82593,5.71748,5.71748,275.46669,237.87635,0.22632,0.22727,0.01669,0.00859,0.0,80.0,0.0,-4.0
google_robot_pick_coke_can,37,google_robot_pick_coke_can_s37,r4e1,R-N,0.0,1.83691,2.6331,2.6331,132.25743,112.78672,0.04962,0.07978,0.00642,0.00217,1.0,24.0,0.0,0.0
google_robot_pick_coke_can,37,google_robot_pick_coke_can_s37,r4e1,F-C,0.0,3.9343,4.68428,6.5021,283.26927,272.52168,0.19678,0.22484,0.00845,0.00801,1.0,24.0,-1.0,0.0
google_robot_pick_coke_can,38,google_robot_pick_coke_can_s38,r4e1,R-N,0.0,3.68279,4.21882,7.78098,265.16078,208.15278,0.0783,0.24969,0.03043,0.00775,0.0,80.0,0.0,0.0
google_robot_pick_coke_can,38,google_robot_pick_coke_can_s38,r4e1,F-C,0.0,2.40726,3.05395,4.2566,173.32305,137.98575,0.27834,0.27834,0.01824,0.00811,1.0,57.0,0.0,14.0
google_robot_pick_coke_can,39,google_robot_pick_coke_can_s39,r4e1,R-N,0.0,3.80958,11.83552,11.83552,274.28947,248.67187,0.43467,0.43467,0.00688,0.00782,1.0,43.0,0.0,0.0
google_robot_pick_coke_can,39,google_robot_pick_coke_can_s39,r4e1,F-C,0.0,5.65276,10.31341,10.31341,406.99885,373.02166,0.51468,0.51487,0.0156,0.01738,1.0,25.0,0.0,24.0
