panel,subset,group,condition,metric,value,CI_low,CI_high,unit,n,n_scenes,CI_method,source
summary_table,full,A-,original,recovery_mean,17.3077,7.6902,33.3333,%,52,52,log-cluster bootstrap 2000 reps seed 0 (percentile),autovla_misalignment_poc/outputs/equal_distance_perturbation/summary.json :: table/A-/original/recovery
summary_table,full,A-,original,amplification_mean,67.3077,51.1603,80.4917,%,52,52,log-cluster bootstrap 2000 reps seed 0 (percentile),autovla_misalignment_poc/outputs/equal_distance_perturbation/summary.json :: table/A-/original/amplification
summary_table,full,A-,original,fde5_mean,8.182,6.3943,9.4848,m,52,52,log-cluster bootstrap 2000 reps seed 0 (percentile),autovla_misalignment_poc/outputs/equal_distance_perturbation/summary.json :: table/A-/original/fde5
summary_table,full,A-,original,ade5_mean,2.9097,2.3384,3.2783,m,52,52,log-cluster bootstrap 2000 reps seed 0 (percentile),autovla_misalignment_poc/outputs/equal_distance_perturbation/summary.json :: table/A-/original/ade5
summary_table,full,A-,original,downstream_err_mean,94.5513,88.3547,99.1071,%,52,52,log-cluster bootstrap 2000 reps seed 0 (percentile),autovla_misalignment_poc/outputs/equal_distance_perturbation/summary.json :: table/A-/original/downstream_err
summary_table,full,A-,original,entropy_mean,1.3232,1.1044,1.5439,nat,52,52,log-cluster bootstrap 2000 reps seed 0 (percentile),autovla_misalignment_poc/outputs/equal_distance_perturbation/summary.json :: table/A-/original/entropy
summary_table,full,A-,original,perturbation_distance_median,0.1126,,,m,52,52,,autovla_misalignment_poc/outputs/equal_distance_perturbation/summary.json :: table/A-/original/dist/median
summary_table,full,A-,original,perturbation_distance_mean,0.161,0.1291,0.1984,m,52,52,log-cluster bootstrap of the mean,autovla_misalignment_poc/outputs/equal_distance_perturbation/summary.json :: table/A-/original/dist/mean
summary_table,full,A-,original_reseed,recovery_mean,15.3846,6.8966,30.3063,%,52,52,log-cluster bootstrap 2000 reps seed 0 (percentile),autovla_misalignment_poc/outputs/equal_distance_perturbation/summary.json :: table/A-/original_reseed/recovery
summary_table,full,A-,original_reseed,amplification_mean,69.2308,53.8462,80.8226,%,52,52,log-cluster bootstrap 2000 reps seed 0 (percentile),autovla_misalignment_poc/outputs/equal_distance_perturbation/summary.json :: table/A-/original_reseed/amplification
summary_table,full,A-,original_reseed,fde5_mean,8.261,6.5549,9.5094,m,52,52,log-cluster bootstrap 2000 reps seed 0 (percentile),autovla_misalignment_poc/outputs/equal_distance_perturbation/summary.json :: table/A-/original_reseed/fde5
summary_table,full,A-,original_reseed,ade5_mean,2.9229,2.3728,3.2796,m,52,52,log-cluster bootstrap 2000 reps seed 0 (percentile),autovla_misalignment_poc/outputs/equal_distance_perturbation/summary.json :: table/A-/original_reseed/ade5
summary_table,full,A-,original_reseed,downstream_err_mean,95.406,91.1835,99.1071,%,52,52,log-cluster bootstrap 2000 reps seed 0 (percentile),autovla_misalignment_poc/outputs/equal_distance_perturbation/summary.json :: table/A-/original_reseed/downstream_err
summary_table,full,A-,original_reseed,entropy_mean,1.3013,1.0762,1.5174,nat,52,52,log-cluster bootstrap 2000 reps seed 0 (percentile),autovla_misalignment_poc/outputs/equal_distance_perturbation/summary.json :: table/A-/original_reseed/entropy
summary_table,full,A-,original_reseed,perturbation_distance_median,0.1126,,,m,52,52,,autovla_misalignment_poc/outputs/equal_distance_perturbation/summary.json :: table/A-/original_reseed/dist/median
summary_table,full,A-,original_reseed,perturbation_distance_mean,0.161,0.1291,0.1984,m,52,52,log-cluster bootstrap of the mean,autovla_misalignment_poc/outputs/equal_distance_perturbation/summary.json :: table/A-/original_reseed/dist/mean
summary_table,full,A-,gt,recovery_mean,73.0769,63.6364,84.4487,%,52,52,log-cluster bootstrap 2000 reps seed 0 (percentile),autovla_misalignment_poc/outputs/equal_distance_perturbation/summary.json :: table/A-/gt/recovery
summary_table,full,A-,gt,amplification_mean,17.3077,9.375,22.8571,%,52,52,log-cluster bootstrap 2000 reps seed 0 (percentile),autovla_misalignment_poc/outputs/equal_distance_perturbation/summary.json :: table/A-/gt/amplification
summary_table,full,A-,gt,fde5_mean,2.0871,1.1463,3.0137,m,52,52,log-cluster bootstrap 2000 reps seed 0 (percentile),autovla_misalignment_poc/outputs/equal_distance_perturbation/summary.json :: table/A-/gt/fde5
summary_table,full,A-,gt,ade5_mean,0.6777,0.3927,0.9432,m,52,52,log-cluster bootstrap 2000 reps seed 0 (percentile),autovla_misalignment_poc/outputs/equal_distance_perturbation/summary.json :: table/A-/gt/ade5
summary_table,full,A-,gt,downstream_err_mean,43.5401,30.4648,54.8318,%,52,52,log-cluster bootstrap 2000 reps seed 0 (percentile),autovla_misalignment_poc/outputs/equal_distance_perturbation/summary.json :: table/A-/gt/downstream_err
summary_table,full,A-,gt,entropy_mean,0.8681,0.6913,1.0832,nat,52,52,log-cluster bootstrap 2000 reps seed 0 (percentile),autovla_misalignment_poc/outputs/equal_distance_perturbation/summary.json :: table/A-/gt/entropy
summary_table,full,A-,alt (all),recovery_mean,49.2013,41.0237,56.4418,%,313,52,log-cluster bootstrap 2000 reps seed 0 (percentile),autovla_misalignment_poc/outputs/equal_distance_perturbation/summary.json :: table/A-/alt (all)/recovery
summary_table,full,A-,alt (all),amplification_mean,45.0479,37.0145,54.8397,%,313,52,log-cluster bootstrap 2000 reps seed 0 (percentile),autovla_misalignment_poc/outputs/equal_distance_perturbation/summary.json :: table/A-/alt (all)/amplification
summary_table,full,A-,alt (all),fde5_mean,6.1947,5.038,7.1221,m,313,52,log-cluster bootstrap 2000 reps seed 0 (percentile),autovla_misalignment_poc/outputs/equal_distance_perturbation/summary.json :: table/A-/alt (all)/fde5
summary_table,full,A-,alt (all),ade5_mean,2.3442,1.9516,2.653,m,313,52,log-cluster bootstrap 2000 reps seed 0 (percentile),autovla_misalignment_poc/outputs/equal_distance_perturbation/summary.json :: table/A-/alt (all)/ade5
summary_table,full,A-,alt (all),downstream_err_mean,90.6992,87.0359,93.6468,%,313,52,log-cluster bootstrap 2000 reps seed 0 (percentile),autovla_misalignment_poc/outputs/equal_distance_perturbation/summary.json :: table/A-/alt (all)/downstream_err
summary_table,full,A-,alt (all),entropy_mean,1.4489,1.3146,1.5939,nat,313,52,log-cluster bootstrap 2000 reps seed 0 (percentile),autovla_misalignment_poc/outputs/equal_distance_perturbation/summary.json :: table/A-/alt (all)/entropy
summary_table,full,A-,alt (all),perturbation_distance_median,0.1287,,,m,313,52,,autovla_misalignment_poc/outputs/equal_distance_perturbation/summary.json :: table/A-/alt (all)/dist/median
summary_table,full,A-,alt (all),perturbation_distance_mean,0.1791,0.1389,0.2248,m,313,52,log-cluster bootstrap of the mean,autovla_misalignment_poc/outputs/equal_distance_perturbation/summary.json :: table/A-/alt (all)/dist/mean
summary_table,full,A-,alt same direction as original,recovery_mean,38.4615,29.1667,52.6316,%,39,52,log-cluster bootstrap 2000 reps seed 0 (percentile),autovla_misalignment_poc/outputs/equal_distance_perturbation/summary.json :: table/A-/alt same direction as original/recovery
summary_table,full,A-,alt same direction as original,amplification_mean,53.8462,39.3912,64.2857,%,39,52,log-cluster bootstrap 2000 reps seed 0 (percentile),autovla_misalignment_poc/outputs/equal_distance_perturbation/summary.json :: table/A-/alt same direction as original/amplification
summary_table,full,A-,alt same direction as original,fde5_mean,6.4731,4.5761,7.7307,m,39,52,log-cluster bootstrap 2000 reps seed 0 (percentile),autovla_misalignment_poc/outputs/equal_distance_perturbation/summary.json :: table/A-/alt same direction as original/fde5
summary_table,full,A-,alt same direction as original,ade5_mean,2.412,1.8842,2.7484,m,39,52,log-cluster bootstrap 2000 reps seed 0 (percentile),autovla_misalignment_poc/outputs/equal_distance_perturbation/summary.json :: table/A-/alt same direction as original/ade5
summary_table,full,A-,alt same direction as original,downstream_err_mean,93.0342,84.985,97.8758,%,39,52,log-cluster bootstrap 2000 reps seed 0 (percentile),autovla_misalignment_poc/outputs/equal_distance_perturbation/summary.json :: table/A-/alt same direction as original/downstream_err
summary_table,full,A-,alt same direction as original,entropy_mean,1.3898,1.1275,1.635,nat,39,52,log-cluster bootstrap 2000 reps seed 0 (percentile),autovla_misalignment_poc/outputs/equal_distance_perturbation/summary.json :: table/A-/alt same direction as original/entropy
summary_table,full,A-,alt same direction as original,perturbation_distance_median,0.1299,,,m,39,52,,autovla_misalignment_poc/outputs/equal_distance_perturbation/summary.json :: table/A-/alt same direction as original/dist/median
summary_table,full,A-,alt same direction as original,perturbation_distance_mean,0.186,0.1416,0.2463,m,39,52,log-cluster bootstrap of the mean,autovla_misalignment_poc/outputs/equal_distance_perturbation/summary.json :: table/A-/alt same direction as original/dist/mean
summary_table,full,A-,alt other directions,recovery_mean,50.7299,41.0624,58.3347,%,274,52,log-cluster bootstrap 2000 reps seed 0 (percentile),autovla_misalignment_poc/outputs/equal_distance_perturbation/summary.json :: table/A-/alt other directions/recovery
summary_table,full,A-,alt other directions,amplification_mean,43.7956,35.8352,54.2561,%,274,52,log-cluster bootstrap 2000 reps seed 0 (percentile),autovla_misalignment_poc/outputs/equal_distance_perturbation/summary.json :: table/A-/alt other directions/amplification
summary_table,full,A-,alt other directions,fde5_mean,6.1549,5.0071,7.1906,m,274,52,log-cluster bootstrap 2000 reps seed 0 (percentile),autovla_misalignment_poc/outputs/equal_distance_perturbation/summary.json :: table/A-/alt other directions/fde5
summary_table,full,A-,alt other directions,ade5_mean,2.3345,1.9208,2.691,m,274,52,log-cluster bootstrap 2000 reps seed 0 (percentile),autovla_misalignment_poc/outputs/equal_distance_perturbation/summary.json :: table/A-/alt other directions/ade5
summary_table,full,A-,alt other directions,downstream_err_mean,90.3668,86.7862,93.5198,%,274,52,log-cluster bootstrap 2000 reps seed 0 (percentile),autovla_misalignment_poc/outputs/equal_distance_perturbation/summary.json :: table/A-/alt other directions/downstream_err
summary_table,full,A-,alt other directions,entropy_mean,1.4574,1.3377,1.5959,nat,274,52,log-cluster bootstrap 2000 reps seed 0 (percentile),autovla_misalignment_poc/outputs/equal_distance_perturbation/summary.json :: table/A-/alt other directions/entropy
summary_table,full,A-,alt other directions,perturbation_distance_median,0.1274,,,m,274,52,,autovla_misalignment_poc/outputs/equal_distance_perturbation/summary.json :: table/A-/alt other directions/dist/median
summary_table,full,A-,alt other directions,perturbation_distance_mean,0.1782,0.1381,0.2231,m,274,52,log-cluster bootstrap of the mean,autovla_misalignment_poc/outputs/equal_distance_perturbation/summary.json :: table/A-/alt other directions/dist/mean
summary_table,full,A-,alt: faster,recovery_mean,58.1395,45.2362,73.8121,%,43,52,log-cluster bootstrap 2000 reps seed 0 (percentile),autovla_misalignment_poc/outputs/equal_distance_perturbation/summary.json :: table/A-/alt: faster/recovery
summary_table,full,A-,alt: faster,amplification_mean,34.8837,21.4286,45.1613,%,43,52,log-cluster bootstrap 2000 reps seed 0 (percentile),autovla_misalignment_poc/outputs/equal_distance_perturbation/summary.json :: table/A-/alt: faster/amplification
summary_table,full,A-,alt: faster,fde5_mean,5.5815,3.7855,7.4041,m,43,52,log-cluster bootstrap 2000 reps seed 0 (percentile),autovla_misalignment_poc/outputs/equal_distance_perturbation/summary.json :: table/A-/alt: faster/fde5
summary_table,full,A-,alt: faster,ade5_mean,2.0501,1.4173,2.7576,m,43,52,log-cluster bootstrap 2000 reps seed 0 (percentile),autovla_misalignment_poc/outputs/equal_distance_perturbation/summary.json :: table/A-/alt: faster/ade5
summary_table,full,A-,alt: faster,downstream_err_mean,87.4585,81.7318,92.9029,%,43,52,log-cluster bootstrap 2000 reps seed 0 (percentile),autovla_misalignment_poc/outputs/equal_distance_perturbation/summary.json :: table/A-/alt: faster/downstream_err
summary_table,full,A-,alt: faster,entropy_mean,1.3284,1.1302,1.514,nat,43,52,log-cluster bootstrap 2000 reps seed 0 (percentile),autovla_misalignment_poc/outputs/equal_distance_perturbation/summary.json :: table/A-/alt: faster/entropy
summary_table,full,A-,alt: faster,perturbation_distance_median,0.123,,,m,43,52,,autovla_misalignment_poc/outputs/equal_distance_perturbation/summary.json :: table/A-/alt: faster/dist/median
summary_table,full,A-,alt: faster,perturbation_distance_mean,0.1785,0.1406,0.2191,m,43,52,log-cluster bootstrap of the mean,autovla_misalignment_poc/outputs/equal_distance_perturbation/summary.json :: table/A-/alt: faster/dist/mean
summary_table,full,A-,alt: faster-left,recovery_mean,52.7778,33.3333,65.8563,%,36,52,log-cluster bootstrap 2000 reps seed 0 (percentile),autovla_misalignment_poc/outputs/equal_distance_perturbation/summary.json :: table/A-/alt: faster-left/recovery
summary_table,full,A-,alt: faster-left,amplification_mean,41.6667,29.1633,63.6364,%,36,52,log-cluster bootstrap 2000 reps seed 0 (percentile),autovla_misalignment_poc/outputs/equal_distance_perturbation/summary.json :: table/A-/alt: faster-left/amplification
summary_table,full,A-,alt: faster-left,fde5_mean,5.991,4.509,7.4313,m,36,52,log-cluster bootstrap 2000 reps seed 0 (percentile),autovla_misalignment_poc/outputs/equal_distance_perturbation/summary.json :: table/A-/alt: faster-left/fde5
summary_table,full,A-,alt: faster-left,ade5_mean,2.2728,1.8073,2.678,m,36,52,log-cluster bootstrap 2000 reps seed 0 (percentile),autovla_misalignment_poc/outputs/equal_distance_perturbation/summary.json :: table/A-/alt: faster-left/ade5
summary_table,full,A-,alt: faster-left,downstream_err_mean,86.4749,80.6758,93.9909,%,36,52,log-cluster bootstrap 2000 reps seed 0 (percentile),autovla_misalignment_poc/outputs/equal_distance_perturbation/summary.json :: table/A-/alt: faster-left/downstream_err
summary_table,full,A-,alt: faster-left,entropy_mean,1.4426,1.3174,1.6105,nat,36,52,log-cluster bootstrap 2000 reps seed 0 (percentile),autovla_misalignment_poc/outputs/equal_distance_perturbation/summary.json :: table/A-/alt: faster-left/entropy
summary_table,full,A-,alt: faster-left,perturbation_distance_median,0.1385,,,m,36,52,,autovla_misalignment_poc/outputs/equal_distance_perturbation/summary.json :: table/A-/alt: faster-left/dist/median
summary_table,full,A-,alt: faster-left,perturbation_distance_mean,0.2004,0.1565,0.2387,m,36,52,log-cluster bootstrap of the mean,autovla_misalignment_poc/outputs/equal_distance_perturbation/summary.json :: table/A-/alt: faster-left/dist/mean
summary_table,full,A-,alt: left,recovery_mean,51.5152,30.0,66.6667,%,33,52,log-cluster bootstrap 2000 reps seed 0 (percentile),autovla_misalignment_poc/outputs/equal_distance_perturbation/summary.json :: table/A-/alt: left/recovery
summary_table,full,A-,alt: left,amplification_mean,39.3939,20.7506,61.1111,%,33,52,log-cluster bootstrap 2000 reps seed 0 (percentile),autovla_misalignment_poc/outputs/equal_distance_perturbation/summary.json :: table/A-/alt: left/amplification
summary_table,full,A-,alt: left,fde5_mean,6.0167,4.1297,7.6153,m,33,52,log-cluster bootstrap 2000 reps seed 0 (percentile),autovla_misalignment_poc/outputs/equal_distance_perturbation/summary.json :: table/A-/alt: left/fde5
summary_table,full,A-,alt: left,ade5_mean,2.5216,1.7281,3.2216,m,33,52,log-cluster bootstrap 2000 reps seed 0 (percentile),autovla_misalignment_poc/outputs/equal_distance_perturbation/summary.json :: table/A-/alt: left/ade5
summary_table,full,A-,alt: left,downstream_err_mean,87.9149,76.1892,94.9266,%,33,52,log-cluster bootstrap 2000 reps seed 0 (percentile),autovla_misalignment_poc/outputs/equal_distance_perturbation/summary.json :: table/A-/alt: left/downstream_err
summary_table,full,A-,alt: left,entropy_mean,1.5526,1.2689,1.7656,nat,33,52,log-cluster bootstrap 2000 reps seed 0 (percentile),autovla_misalignment_poc/outputs/equal_distance_perturbation/summary.json :: table/A-/alt: left/entropy
summary_table,full,A-,alt: left,perturbation_distance_median,0.1276,,,m,33,52,,autovla_misalignment_poc/outputs/equal_distance_perturbation/summary.json :: table/A-/alt: left/dist/median
summary_table,full,A-,alt: left,perturbation_distance_mean,0.1671,0.1259,0.2063,m,33,52,log-cluster bootstrap of the mean,autovla_misalignment_poc/outputs/equal_distance_perturbation/summary.json :: table/A-/alt: left/dist/mean
summary_table,full,A-,alt: slower-left,recovery_mean,43.5897,26.9231,55.1038,%,39,52,log-cluster bootstrap 2000 reps seed 0 (percentile),autovla_misalignment_poc/outputs/equal_distance_perturbation/summary.json :: table/A-/alt: slower-left/recovery
summary_table,full,A-,alt: slower-left,amplification_mean,43.5897,32.4304,61.1218,%,39,52,log-cluster bootstrap 2000 reps seed 0 (percentile),autovla_misalignment_poc/outputs/equal_distance_perturbation/summary.json :: table/A-/alt: slower-left/amplification
summary_table,full,A-,alt: slower-left,fde5_mean,5.6011,4.4686,6.9002,m,39,52,log-cluster bootstrap 2000 reps seed 0 (percentile),autovla_misalignment_poc/outputs/equal_distance_perturbation/summary.json :: table/A-/alt: slower-left/fde5
summary_table,full,A-,alt: slower-left,ade5_mean,2.0748,1.7147,2.442,m,39,52,log-cluster bootstrap 2000 reps seed 0 (percentile),autovla_misalignment_poc/outputs/equal_distance_perturbation/summary.json :: table/A-/alt: slower-left/ade5
summary_table,full,A-,alt: slower-left,downstream_err_mean,95.3032,89.195,98.8959,%,39,52,log-cluster bootstrap 2000 reps seed 0 (percentile),autovla_misalignment_poc/outputs/equal_distance_perturbation/summary.json :: table/A-/alt: slower-left/downstream_err
summary_table,full,A-,alt: slower-left,entropy_mean,1.5291,1.2867,1.8058,nat,39,52,log-cluster bootstrap 2000 reps seed 0 (percentile),autovla_misalignment_poc/outputs/equal_distance_perturbation/summary.json :: table/A-/alt: slower-left/entropy
summary_table,full,A-,alt: slower-left,perturbation_distance_median,0.1437,,,m,39,52,,autovla_misalignment_poc/outputs/equal_distance_perturbation/summary.json :: table/A-/alt: slower-left/dist/median
summary_table,full,A-,alt: slower-left,perturbation_distance_mean,0.1832,0.1369,0.2338,m,39,52,log-cluster bootstrap of the mean,autovla_misalignment_poc/outputs/equal_distance_perturbation/summary.json :: table/A-/alt: slower-left/dist/mean
summary_table,full,A-,alt: slower,recovery_mean,43.75,31.7063,58.3333,%,48,52,log-cluster bootstrap 2000 reps seed 0 (percentile),autovla_misalignment_poc/outputs/equal_distance_perturbation/summary.json :: table/A-/alt: slower/recovery
summary_table,full,A-,alt: slower,amplification_mean,52.0833,36.5854,65.6272,%,48,52,log-cluster bootstrap 2000 reps seed 0 (percentile),autovla_misalignment_poc/outputs/equal_distance_perturbation/summary.json :: table/A-/alt: slower/amplification
summary_table,full,A-,alt: slower,fde5_mean,5.9001,4.4565,7.2364,m,48,52,log-cluster bootstrap 2000 reps seed 0 (percentile),autovla_misalignment_poc/outputs/equal_distance_perturbation/summary.json :: table/A-/alt: slower/fde5
summary_table,full,A-,alt: slower,ade5_mean,2.1063,1.6847,2.5713,m,48,52,log-cluster bootstrap 2000 reps seed 0 (percentile),autovla_misalignment_poc/outputs/equal_distance_perturbation/summary.json :: table/A-/alt: slower/ade5
summary_table,full,A-,alt: slower,downstream_err_mean,93.8492,89.0291,97.7314,%,48,52,log-cluster bootstrap 2000 reps seed 0 (percentile),autovla_misalignment_poc/outputs/equal_distance_perturbation/summary.json :: table/A-/alt: slower/downstream_err
summary_table,full,A-,alt: slower,entropy_mean,1.3158,1.1638,1.5041,nat,48,52,log-cluster bootstrap 2000 reps seed 0 (percentile),autovla_misalignment_poc/outputs/equal_distance_perturbation/summary.json :: table/A-/alt: slower/entropy
summary_table,full,A-,alt: slower,perturbation_distance_median,0.1231,,,m,48,52,,autovla_misalignment_poc/outputs/equal_distance_perturbation/summary.json :: table/A-/alt: slower/dist/median
summary_table,full,A-,alt: slower,perturbation_distance_mean,0.1705,0.1303,0.2127,m,48,52,log-cluster bootstrap of the mean,autovla_misalignment_poc/outputs/equal_distance_perturbation/summary.json :: table/A-/alt: slower/dist/mean
summary_table,full,A-,alt: slower-right,recovery_mean,37.1429,18.1818,52.2754,%,35,52,log-cluster bootstrap 2000 reps seed 0 (percentile),autovla_misalignment_poc/outputs/equal_distance_perturbation/summary.json :: table/A-/alt: slower-right/recovery
summary_table,full,A-,alt: slower-right,amplification_mean,60.0,43.3333,78.7919,%,35,52,log-cluster bootstrap 2000 reps seed 0 (percentile),autovla_misalignment_poc/outputs/equal_distance_perturbation/summary.json :: table/A-/alt: slower-right/amplification
summary_table,full,A-,alt: slower-right,fde5_mean,6.8223,5.2357,8.4071,m,35,52,log-cluster bootstrap 2000 reps seed 0 (percentile),autovla_misalignment_poc/outputs/equal_distance_perturbation/summary.json :: table/A-/alt: slower-right/fde5
summary_table,full,A-,alt: slower-right,ade5_mean,2.5968,2.0463,3.2218,m,35,52,log-cluster bootstrap 2000 reps seed 0 (percentile),autovla_misalignment_poc/outputs/equal_distance_perturbation/summary.json :: table/A-/alt: slower-right/ade5
summary_table,full,A-,alt: slower-right,downstream_err_mean,90.1757,78.995,97.882,%,35,52,log-cluster bootstrap 2000 reps seed 0 (percentile),autovla_misalignment_poc/outputs/equal_distance_perturbation/summary.json :: table/A-/alt: slower-right/downstream_err
summary_table,full,A-,alt: slower-right,entropy_mean,1.4434,1.233,1.6581,nat,35,52,log-cluster bootstrap 2000 reps seed 0 (percentile),autovla_misalignment_poc/outputs/equal_distance_perturbation/summary.json :: table/A-/alt: slower-right/entropy
summary_table,full,A-,alt: slower-right,perturbation_distance_median,0.1191,,,m,35,52,,autovla_misalignment_poc/outputs/equal_distance_perturbation/summary.json :: table/A-/alt: slower-right/dist/median
summary_table,full,A-,alt: slower-right,perturbation_distance_mean,0.1831,0.1357,0.2422,m,35,52,log-cluster bootstrap of the mean,autovla_misalignment_poc/outputs/equal_distance_perturbation/summary.json :: table/A-/alt: slower-right/dist/mean
summary_table,full,A-,alt: right,recovery_mean,59.4595,46.4253,77.7778,%,37,52,log-cluster bootstrap 2000 reps seed 0 (percentile),autovla_misalignment_poc/outputs/equal_distance_perturbation/summary.json :: table/A-/alt: right/recovery
summary_table,full,A-,alt: right,amplification_mean,37.8378,21.7362,52.9412,%,37,52,log-cluster bootstrap 2000 reps seed 0 (percentile),autovla_misalignment_poc/outputs/equal_distance_perturbation/summary.json :: table/A-/alt: right/amplification
summary_table,full,A-,alt: right,fde5_mean,6.3475,3.9066,7.8132,m,37,52,log-cluster bootstrap 2000 reps seed 0 (percentile),autovla_misalignment_poc/outputs/equal_distance_perturbation/summary.json :: table/A-/alt: right/fde5
summary_table,full,A-,alt: right,ade5_mean,2.545,1.6504,3.2119,m,37,52,log-cluster bootstrap 2000 reps seed 0 (percentile),autovla_misalignment_poc/outputs/equal_distance_perturbation/summary.json :: table/A-/alt: right/ade5
summary_table,full,A-,alt: right,downstream_err_mean,92.6158,84.4452,96.9982,%,37,52,log-cluster bootstrap 2000 reps seed 0 (percentile),autovla_misalignment_poc/outputs/equal_distance_perturbation/summary.json :: table/A-/alt: right/downstream_err
summary_table,full,A-,alt: right,entropy_mean,1.6234,1.4095,1.8949,nat,37,52,log-cluster bootstrap 2000 reps seed 0 (percentile),autovla_misalignment_poc/outputs/equal_distance_perturbation/summary.json :: table/A-/alt: right/entropy
summary_table,full,A-,alt: right,perturbation_distance_median,0.1252,,,m,37,52,,autovla_misalignment_poc/outputs/equal_distance_perturbation/summary.json :: table/A-/alt: right/dist/median
summary_table,full,A-,alt: right,perturbation_distance_mean,0.1721,0.1228,0.235,m,37,52,log-cluster bootstrap of the mean,autovla_misalignment_poc/outputs/equal_distance_perturbation/summary.json :: table/A-/alt: right/dist/mean
summary_table,full,A-,alt: faster-right,recovery_mean,47.619,36.6667,63.8889,%,42,52,log-cluster bootstrap 2000 reps seed 0 (percentile),autovla_misalignment_poc/outputs/equal_distance_perturbation/summary.json :: table/A-/alt: faster-right/recovery
summary_table,full,A-,alt: faster-right,amplification_mean,50.0,33.3333,61.9112,%,42,52,log-cluster bootstrap 2000 reps seed 0 (percentile),autovla_misalignment_poc/outputs/equal_distance_perturbation/summary.json :: table/A-/alt: faster-right/amplification
summary_table,full,A-,alt: faster-right,fde5_mean,7.3709,5.0303,8.998,m,42,52,log-cluster bootstrap 2000 reps seed 0 (percentile),autovla_misalignment_poc/outputs/equal_distance_perturbation/summary.json :: table/A-/alt: faster-right/fde5
summary_table,full,A-,alt: faster-right,ade5_mean,2.7069,1.8245,3.3549,m,42,52,log-cluster bootstrap 2000 reps seed 0 (percentile),autovla_misalignment_poc/outputs/equal_distance_perturbation/summary.json :: table/A-/alt: faster-right/ade5
summary_table,full,A-,alt: faster-right,downstream_err_mean,90.6982,84.5063,96.1787,%,42,52,log-cluster bootstrap 2000 reps seed 0 (percentile),autovla_misalignment_poc/outputs/equal_distance_perturbation/summary.json :: table/A-/alt: faster-right/downstream_err
summary_table,full,A-,alt: faster-right,entropy_mean,1.4292,1.2927,1.5628,nat,42,52,log-cluster bootstrap 2000 reps seed 0 (percentile),autovla_misalignment_poc/outputs/equal_distance_perturbation/summary.json :: table/A-/alt: faster-right/entropy
summary_table,full,A-,alt: faster-right,perturbation_distance_median,0.1345,,,m,42,52,,autovla_misalignment_poc/outputs/equal_distance_perturbation/summary.json :: table/A-/alt: faster-right/dist/median
summary_table,full,A-,alt: faster-right,perturbation_distance_mean,0.1799,0.1375,0.2285,m,42,52,log-cluster bootstrap of the mean,autovla_misalignment_poc/outputs/equal_distance_perturbation/summary.json :: table/A-/alt: faster-right/dist/mean
summary_table,full,A+,original,recovery_mean,98.7179,96.2957,100.0,%,156,156,log-cluster bootstrap 2000 reps seed 0 (percentile),autovla_misalignment_poc/outputs/equal_distance_perturbation/summary.json :: table/A+/original/recovery
summary_table,full,A+,original,amplification_mean,0.0,0.0,0.0,%,156,156,log-cluster bootstrap 2000 reps seed 0 (percentile),autovla_misalignment_poc/outputs/equal_distance_perturbation/summary.json :: table/A+/original/amplification
summary_table,full,A+,original,fde5_mean,1.804,1.3009,2.1835,m,156,156,log-cluster bootstrap 2000 reps seed 0 (percentile),autovla_misalignment_poc/outputs/equal_distance_perturbation/summary.json :: table/A+/original/fde5
summary_table,full,A+,original,ade5_mean,0.7889,0.5696,0.9578,m,156,156,log-cluster bootstrap 2000 reps seed 0 (percentile),autovla_misalignment_poc/outputs/equal_distance_perturbation/summary.json :: table/A+/original/ade5
summary_table,full,A+,original,downstream_err_mean,70.536,63.9509,75.8311,%,156,156,log-cluster bootstrap 2000 reps seed 0 (percentile),autovla_misalignment_poc/outputs/equal_distance_perturbation/summary.json :: table/A+/original/downstream_err
summary_table,full,A+,original,entropy_mean,0.846,0.762,0.9157,nat,156,156,log-cluster bootstrap 2000 reps seed 0 (percentile),autovla_misalignment_poc/outputs/equal_distance_perturbation/summary.json :: table/A+/original/entropy
summary_table,full,A+,original,perturbation_distance_median,0.0768,,,m,156,156,,autovla_misalignment_poc/outputs/equal_distance_perturbation/summary.json :: table/A+/original/dist/median
summary_table,full,A+,original,perturbation_distance_mean,0.1093,0.0922,0.1302,m,156,156,log-cluster bootstrap of the mean,autovla_misalignment_poc/outputs/equal_distance_perturbation/summary.json :: table/A+/original/dist/mean
summary_table,full,A+,original_reseed,recovery_mean,98.0769,95.4887,100.0,%,156,156,log-cluster bootstrap 2000 reps seed 0 (percentile),autovla_misalignment_poc/outputs/equal_distance_perturbation/summary.json :: table/A+/original_reseed/recovery
summary_table,full,A+,original_reseed,amplification_mean,0.641,0.0,2.0517,%,156,156,log-cluster bootstrap 2000 reps seed 0 (percentile),autovla_misalignment_poc/outputs/equal_distance_perturbation/summary.json :: table/A+/original_reseed/amplification
summary_table,full,A+,original_reseed,fde5_mean,1.8323,1.348,2.193,m,156,156,log-cluster bootstrap 2000 reps seed 0 (percentile),autovla_misalignment_poc/outputs/equal_distance_perturbation/summary.json :: table/A+/original_reseed/fde5
summary_table,full,A+,original_reseed,ade5_mean,0.7998,0.5873,0.9624,m,156,156,log-cluster bootstrap 2000 reps seed 0 (percentile),autovla_misalignment_poc/outputs/equal_distance_perturbation/summary.json :: table/A+/original_reseed/ade5
summary_table,full,A+,original_reseed,downstream_err_mean,71.6043,64.652,77.1571,%,156,156,log-cluster bootstrap 2000 reps seed 0 (percentile),autovla_misalignment_poc/outputs/equal_distance_perturbation/summary.json :: table/A+/original_reseed/downstream_err
summary_table,full,A+,original_reseed,entropy_mean,0.8599,0.7808,0.9299,nat,156,156,log-cluster bootstrap 2000 reps seed 0 (percentile),autovla_misalignment_poc/outputs/equal_distance_perturbation/summary.json :: table/A+/original_reseed/entropy
summary_table,full,A+,original_reseed,perturbation_distance_median,0.0768,,,m,156,156,,autovla_misalignment_poc/outputs/equal_distance_perturbation/summary.json :: table/A+/original_reseed/dist/median
summary_table,full,A+,original_reseed,perturbation_distance_mean,0.1093,0.0922,0.1302,m,156,156,log-cluster bootstrap of the mean,autovla_misalignment_poc/outputs/equal_distance_perturbation/summary.json :: table/A+/original_reseed/dist/mean
summary_table,full,A+,gt,recovery_mean,99.359,97.8564,100.0,%,156,156,log-cluster bootstrap 2000 reps seed 0 (percentile),autovla_misalignment_poc/outputs/equal_distance_perturbation/summary.json :: table/A+/gt/recovery
summary_table,full,A+,gt,amplification_mean,0.641,0.0,2.1436,%,156,156,log-cluster bootstrap 2000 reps seed 0 (percentile),autovla_misalignment_poc/outputs/equal_distance_perturbation/summary.json :: table/A+/gt/amplification
summary_table,full,A+,gt,fde5_mean,0.6004,0.3288,0.8145,m,156,156,log-cluster bootstrap 2000 reps seed 0 (percentile),autovla_misalignment_poc/outputs/equal_distance_perturbation/summary.json :: table/A+/gt/fde5
summary_table,full,A+,gt,ade5_mean,0.2388,0.1378,0.3178,m,156,156,log-cluster bootstrap 2000 reps seed 0 (percentile),autovla_misalignment_poc/outputs/equal_distance_perturbation/summary.json :: table/A+/gt/ade5
summary_table,full,A+,gt,downstream_err_mean,28.5615,21.304,34.8792,%,156,156,log-cluster bootstrap 2000 reps seed 0 (percentile),autovla_misalignment_poc/outputs/equal_distance_perturbation/summary.json :: table/A+/gt/downstream_err
summary_table,full,A+,gt,entropy_mean,0.5305,0.4282,0.6267,nat,156,156,log-cluster bootstrap 2000 reps seed 0 (percentile),autovla_misalignment_poc/outputs/equal_distance_perturbation/summary.json :: table/A+/gt/entropy
summary_table,full,A+,alt (all),recovery_mean,93.5738,91.1164,95.9753,%,887,156,log-cluster bootstrap 2000 reps seed 0 (percentile),autovla_misalignment_poc/outputs/equal_distance_perturbation/summary.json :: table/A+/alt (all)/recovery
summary_table,full,A+,alt (all),amplification_mean,4.8478,2.9282,6.7431,%,887,156,log-cluster bootstrap 2000 reps seed 0 (percentile),autovla_misalignment_poc/outputs/equal_distance_perturbation/summary.json :: table/A+/alt (all)/amplification
summary_table,full,A+,alt (all),fde5_mean,2.3495,1.8553,2.7238,m,887,156,log-cluster bootstrap 2000 reps seed 0 (percentile),autovla_misalignment_poc/outputs/equal_distance_perturbation/summary.json :: table/A+/alt (all)/fde5
summary_table,full,A+,alt (all),ade5_mean,0.999,0.7926,1.1663,m,887,156,log-cluster bootstrap 2000 reps seed 0 (percentile),autovla_misalignment_poc/outputs/equal_distance_perturbation/summary.json :: table/A+/alt (all)/ade5
summary_table,full,A+,alt (all),downstream_err_mean,71.7403,66.3254,76.4417,%,887,156,log-cluster bootstrap 2000 reps seed 0 (percentile),autovla_misalignment_poc/outputs/equal_distance_perturbation/summary.json :: table/A+/alt (all)/downstream_err
summary_table,full,A+,alt (all),entropy_mean,1.0393,0.9282,1.1287,nat,887,156,log-cluster bootstrap 2000 reps seed 0 (percentile),autovla_misalignment_poc/outputs/equal_distance_perturbation/summary.json :: table/A+/alt (all)/entropy
summary_table,full,A+,alt (all),perturbation_distance_median,0.0868,,,m,887,156,,autovla_misalignment_poc/outputs/equal_distance_perturbation/summary.json :: table/A+/alt (all)/dist/median
summary_table,full,A+,alt (all),perturbation_distance_mean,0.1197,0.1017,0.1396,m,887,156,log-cluster bootstrap of the mean,autovla_misalignment_poc/outputs/equal_distance_perturbation/summary.json :: table/A+/alt (all)/dist/mean
summary_table,full,A+,alt same direction as original,recovery_mean,93.9759,87.7186,98.2759,%,83,156,log-cluster bootstrap 2000 reps seed 0 (percentile),autovla_misalignment_poc/outputs/equal_distance_perturbation/summary.json :: table/A+/alt same direction as original/recovery
summary_table,full,A+,alt same direction as original,amplification_mean,4.8193,0.9432,11.5385,%,83,156,log-cluster bootstrap 2000 reps seed 0 (percentile),autovla_misalignment_poc/outputs/equal_distance_perturbation/summary.json :: table/A+/alt same direction as original/amplification
summary_table,full,A+,alt same direction as original,fde5_mean,3.5286,2.3975,4.7717,m,83,156,log-cluster bootstrap 2000 reps seed 0 (percentile),autovla_misalignment_poc/outputs/equal_distance_perturbation/summary.json :: table/A+/alt same direction as original/fde5
summary_table,full,A+,alt same direction as original,ade5_mean,1.6059,1.1048,2.1485,m,83,156,log-cluster bootstrap 2000 reps seed 0 (percentile),autovla_misalignment_poc/outputs/equal_distance_perturbation/summary.json :: table/A+/alt same direction as original/ade5
summary_table,full,A+,alt same direction as original,downstream_err_mean,76.8144,69.2975,84.0735,%,83,156,log-cluster bootstrap 2000 reps seed 0 (percentile),autovla_misalignment_poc/outputs/equal_distance_perturbation/summary.json :: table/A+/alt same direction as original/downstream_err
summary_table,full,A+,alt same direction as original,entropy_mean,1.0596,0.9398,1.172,nat,83,156,log-cluster bootstrap 2000 reps seed 0 (percentile),autovla_misalignment_poc/outputs/equal_distance_perturbation/summary.json :: table/A+/alt same direction as original/entropy
summary_table,full,A+,alt same direction as original,perturbation_distance_median,0.1227,,,m,83,156,,autovla_misalignment_poc/outputs/equal_distance_perturbation/summary.json :: table/A+/alt same direction as original/dist/median
summary_table,full,A+,alt same direction as original,perturbation_distance_mean,0.1456,0.1189,0.1798,m,83,156,log-cluster bootstrap of the mean,autovla_misalignment_poc/outputs/equal_distance_perturbation/summary.json :: table/A+/alt same direction as original/dist/mean
summary_table,full,A+,alt other directions,recovery_mean,93.5323,90.813,96.1772,%,804,156,log-cluster bootstrap 2000 reps seed 0 (percentile),autovla_misalignment_poc/outputs/equal_distance_perturbation/summary.json :: table/A+/alt other directions/recovery
summary_table,full,A+,alt other directions,amplification_mean,4.8507,2.6687,6.9519,%,804,156,log-cluster bootstrap 2000 reps seed 0 (percentile),autovla_misalignment_poc/outputs/equal_distance_perturbation/summary.json :: table/A+/alt other directions/amplification
summary_table,full,A+,alt other directions,fde5_mean,2.2278,1.7148,2.6256,m,804,156,log-cluster bootstrap 2000 reps seed 0 (percentile),autovla_misalignment_poc/outputs/equal_distance_perturbation/summary.json :: table/A+/alt other directions/fde5
summary_table,full,A+,alt other directions,ade5_mean,0.9363,0.7232,1.1104,m,804,156,log-cluster bootstrap 2000 reps seed 0 (percentile),autovla_misalignment_poc/outputs/equal_distance_perturbation/summary.json :: table/A+/alt other directions/ade5
summary_table,full,A+,alt other directions,downstream_err_mean,71.2164,65.2092,76.1059,%,804,156,log-cluster bootstrap 2000 reps seed 0 (percentile),autovla_misalignment_poc/outputs/equal_distance_perturbation/summary.json :: table/A+/alt other directions/downstream_err
summary_table,full,A+,alt other directions,entropy_mean,1.0371,0.921,1.127,nat,804,156,log-cluster bootstrap 2000 reps seed 0 (percentile),autovla_misalignment_poc/outputs/equal_distance_perturbation/summary.json :: table/A+/alt other directions/entropy
summary_table,full,A+,alt other directions,perturbation_distance_median,0.0856,,,m,804,156,,autovla_misalignment_poc/outputs/equal_distance_perturbation/summary.json :: table/A+/alt other directions/dist/median
summary_table,full,A+,alt other directions,perturbation_distance_mean,0.117,0.1002,0.1355,m,804,156,log-cluster bootstrap of the mean,autovla_misalignment_poc/outputs/equal_distance_perturbation/summary.json :: table/A+/alt other directions/dist/mean
summary_table,full,A+,alt: faster,recovery_mean,95.9677,90.2424,100.0,%,124,156,log-cluster bootstrap 2000 reps seed 0 (percentile),autovla_misalignment_poc/outputs/equal_distance_perturbation/summary.json :: table/A+/alt: faster/recovery
summary_table,full,A+,alt: faster,amplification_mean,2.4194,0.0,6.9307,%,124,156,log-cluster bootstrap 2000 reps seed 0 (percentile),autovla_misalignment_poc/outputs/equal_distance_perturbation/summary.json :: table/A+/alt: faster/amplification
summary_table,full,A+,alt: faster,fde5_mean,2.1921,1.5871,2.8118,m,124,156,log-cluster bootstrap 2000 reps seed 0 (percentile),autovla_misalignment_poc/outputs/equal_distance_perturbation/summary.json :: table/A+/alt: faster/fde5
summary_table,full,A+,alt: faster,ade5_mean,0.9486,0.6842,1.2067,m,124,156,log-cluster bootstrap 2000 reps seed 0 (percentile),autovla_misalignment_poc/outputs/equal_distance_perturbation/summary.json :: table/A+/alt: faster/ade5
summary_table,full,A+,alt: faster,downstream_err_mean,69.4572,63.2299,76.4771,%,124,156,log-cluster bootstrap 2000 reps seed 0 (percentile),autovla_misalignment_poc/outputs/equal_distance_perturbation/summary.json :: table/A+/alt: faster/downstream_err
summary_table,full,A+,alt: faster,entropy_mean,1.0095,0.8952,1.1183,nat,124,156,log-cluster bootstrap 2000 reps seed 0 (percentile),autovla_misalignment_poc/outputs/equal_distance_perturbation/summary.json :: table/A+/alt: faster/entropy
summary_table,full,A+,alt: faster,perturbation_distance_median,0.0856,,,m,124,156,,autovla_misalignment_poc/outputs/equal_distance_perturbation/summary.json :: table/A+/alt: faster/dist/median
summary_table,full,A+,alt: faster,perturbation_distance_mean,0.1205,0.1012,0.1475,m,124,156,log-cluster bootstrap of the mean,autovla_misalignment_poc/outputs/equal_distance_perturbation/summary.json :: table/A+/alt: faster/dist/mean
summary_table,full,A+,alt: faster-left,recovery_mean,91.9192,86.456,97.5617,%,99,156,log-cluster bootstrap 2000 reps seed 0 (percentile),autovla_misalignment_poc/outputs/equal_distance_perturbation/summary.json :: table/A+/alt: faster-left/recovery
summary_table,full,A+,alt: faster-left,amplification_mean,6.0606,0.0,10.8706,%,99,156,log-cluster bootstrap 2000 reps seed 0 (percentile),autovla_misalignment_poc/outputs/equal_distance_perturbation/summary.json :: table/A+/alt: faster-left/amplification
summary_table,full,A+,alt: faster-left,fde5_mean,2.1729,1.6033,2.7029,m,99,156,log-cluster bootstrap 2000 reps seed 0 (percentile),autovla_misalignment_poc/outputs/equal_distance_perturbation/summary.json :: table/A+/alt: faster-left/fde5
summary_table,full,A+,alt: faster-left,ade5_mean,0.9549,0.6746,1.184,m,99,156,log-cluster bootstrap 2000 reps seed 0 (percentile),autovla_misalignment_poc/outputs/equal_distance_perturbation/summary.json :: table/A+/alt: faster-left/ade5
summary_table,full,A+,alt: faster-left,downstream_err_mean,71.1091,65.056,76.3203,%,99,156,log-cluster bootstrap 2000 reps seed 0 (percentile),autovla_misalignment_poc/outputs/equal_distance_perturbation/summary.json :: table/A+/alt: faster-left/downstream_err
summary_table,full,A+,alt: faster-left,entropy_mean,1.1377,0.9831,1.2597,nat,99,156,log-cluster bootstrap 2000 reps seed 0 (percentile),autovla_misalignment_poc/outputs/equal_distance_perturbation/summary.json :: table/A+/alt: faster-left/entropy
summary_table,full,A+,alt: faster-left,perturbation_distance_median,0.089,,,m,99,156,,autovla_misalignment_poc/outputs/equal_distance_perturbation/summary.json :: table/A+/alt: faster-left/dist/median
summary_table,full,A+,alt: faster-left,perturbation_distance_mean,0.1166,0.1026,0.1343,m,99,156,log-cluster bootstrap of the mean,autovla_misalignment_poc/outputs/equal_distance_perturbation/summary.json :: table/A+/alt: faster-left/dist/mean
summary_table,full,A+,alt: left,recovery_mean,98.0769,94.9991,100.0,%,104,156,log-cluster bootstrap 2000 reps seed 0 (percentile),autovla_misalignment_poc/outputs/equal_distance_perturbation/summary.json :: table/A+/alt: left/recovery
summary_table,full,A+,alt: left,amplification_mean,1.9231,0.0,5.0009,%,104,156,log-cluster bootstrap 2000 reps seed 0 (percentile),autovla_misalignment_poc/outputs/equal_distance_perturbation/summary.json :: table/A+/alt: left/amplification
summary_table,full,A+,alt: left,fde5_mean,2.1606,1.48,2.8015,m,104,156,log-cluster bootstrap 2000 reps seed 0 (percentile),autovla_misalignment_poc/outputs/equal_distance_perturbation/summary.json :: table/A+/alt: left/fde5
summary_table,full,A+,alt: left,ade5_mean,0.926,0.6418,1.2158,m,104,156,log-cluster bootstrap 2000 reps seed 0 (percentile),autovla_misalignment_poc/outputs/equal_distance_perturbation/summary.json :: table/A+/alt: left/ade5
summary_table,full,A+,alt: left,downstream_err_mean,73.2448,64.5068,79.5863,%,104,156,log-cluster bootstrap 2000 reps seed 0 (percentile),autovla_misalignment_poc/outputs/equal_distance_perturbation/summary.json :: table/A+/alt: left/downstream_err
summary_table,full,A+,alt: left,entropy_mean,1.0846,0.9597,1.1937,nat,104,156,log-cluster bootstrap 2000 reps seed 0 (percentile),autovla_misalignment_poc/outputs/equal_distance_perturbation/summary.json :: table/A+/alt: left/entropy
summary_table,full,A+,alt: left,perturbation_distance_median,0.0868,,,m,104,156,,autovla_misalignment_poc/outputs/equal_distance_perturbation/summary.json :: table/A+/alt: left/dist/median
summary_table,full,A+,alt: left,perturbation_distance_mean,0.1166,0.1015,0.1306,m,104,156,log-cluster bootstrap of the mean,autovla_misalignment_poc/outputs/equal_distance_perturbation/summary.json :: table/A+/alt: left/dist/mean
summary_table,full,A+,alt: slower-left,recovery_mean,95.3704,92.1739,98.6842,%,108,156,log-cluster bootstrap 2000 reps seed 0 (percentile),autovla_misalignment_poc/outputs/equal_distance_perturbation/summary.json :: table/A+/alt: slower-left/recovery
summary_table,full,A+,alt: slower-left,amplification_mean,3.7037,0.8848,7.0186,%,108,156,log-cluster bootstrap 2000 reps seed 0 (percentile),autovla_misalignment_poc/outputs/equal_distance_perturbation/summary.json :: table/A+/alt: slower-left/amplification
summary_table,full,A+,alt: slower-left,fde5_mean,1.963,1.5749,2.3155,m,108,156,log-cluster bootstrap 2000 reps seed 0 (percentile),autovla_misalignment_poc/outputs/equal_distance_perturbation/summary.json :: table/A+/alt: slower-left/fde5
summary_table,full,A+,alt: slower-left,ade5_mean,0.8457,0.6876,0.99,m,108,156,log-cluster bootstrap 2000 reps seed 0 (percentile),autovla_misalignment_poc/outputs/equal_distance_perturbation/summary.json :: table/A+/alt: slower-left/ade5
summary_table,full,A+,alt: slower-left,downstream_err_mean,69.6469,62.5154,76.6105,%,108,156,log-cluster bootstrap 2000 reps seed 0 (percentile),autovla_misalignment_poc/outputs/equal_distance_perturbation/summary.json :: table/A+/alt: slower-left/downstream_err
summary_table,full,A+,alt: slower-left,entropy_mean,0.9788,0.8595,1.0764,nat,108,156,log-cluster bootstrap 2000 reps seed 0 (percentile),autovla_misalignment_poc/outputs/equal_distance_perturbation/summary.json :: table/A+/alt: slower-left/entropy
summary_table,full,A+,alt: slower-left,perturbation_distance_median,0.0855,,,m,108,156,,autovla_misalignment_poc/outputs/equal_distance_perturbation/summary.json :: table/A+/alt: slower-left/dist/median
summary_table,full,A+,alt: slower-left,perturbation_distance_mean,0.1122,0.0981,0.1242,m,108,156,log-cluster bootstrap of the mean,autovla_misalignment_poc/outputs/equal_distance_perturbation/summary.json :: table/A+/alt: slower-left/dist/mean
summary_table,full,A+,alt: slower,recovery_mean,93.8053,89.4307,98.1986,%,113,156,log-cluster bootstrap 2000 reps seed 0 (percentile),autovla_misalignment_poc/outputs/equal_distance_perturbation/summary.json :: table/A+/alt: slower/recovery
summary_table,full,A+,alt: slower,amplification_mean,5.3097,1.7234,8.3353,%,113,156,log-cluster bootstrap 2000 reps seed 0 (percentile),autovla_misalignment_poc/outputs/equal_distance_perturbation/summary.json :: table/A+/alt: slower/amplification
summary_table,full,A+,alt: slower,fde5_mean,2.455,1.8037,3.1731,m,113,156,log-cluster bootstrap 2000 reps seed 0 (percentile),autovla_misalignment_poc/outputs/equal_distance_perturbation/summary.json :: table/A+/alt: slower/fde5
summary_table,full,A+,alt: slower,ade5_mean,1.058,0.7918,1.3855,m,113,156,log-cluster bootstrap 2000 reps seed 0 (percentile),autovla_misalignment_poc/outputs/equal_distance_perturbation/summary.json :: table/A+/alt: slower/ade5
summary_table,full,A+,alt: slower,downstream_err_mean,70.3786,63.8793,76.633,%,113,156,log-cluster bootstrap 2000 reps seed 0 (percentile),autovla_misalignment_poc/outputs/equal_distance_perturbation/summary.json :: table/A+/alt: slower/downstream_err
summary_table,full,A+,alt: slower,entropy_mean,0.9505,0.813,1.0787,nat,113,156,log-cluster bootstrap 2000 reps seed 0 (percentile),autovla_misalignment_poc/outputs/equal_distance_perturbation/summary.json :: table/A+/alt: slower/entropy
summary_table,full,A+,alt: slower,perturbation_distance_median,0.0859,,,m,113,156,,autovla_misalignment_poc/outputs/equal_distance_perturbation/summary.json :: table/A+/alt: slower/dist/median
summary_table,full,A+,alt: slower,perturbation_distance_mean,0.1246,0.103,0.1537,m,113,156,log-cluster bootstrap of the mean,autovla_misalignment_poc/outputs/equal_distance_perturbation/summary.json :: table/A+/alt: slower/dist/mean
summary_table,full,A+,alt: slower-right,recovery_mean,92.3077,87.1795,100.0,%,117,156,log-cluster bootstrap 2000 reps seed 0 (percentile),autovla_misalignment_poc/outputs/equal_distance_perturbation/summary.json :: table/A+/alt: slower-right/recovery
summary_table,full,A+,alt: slower-right,amplification_mean,7.6923,0.0,12.8205,%,117,156,log-cluster bootstrap 2000 reps seed 0 (percentile),autovla_misalignment_poc/outputs/equal_distance_perturbation/summary.json :: table/A+/alt: slower-right/amplification
summary_table,full,A+,alt: slower-right,fde5_mean,2.81,1.728,3.5035,m,117,156,log-cluster bootstrap 2000 reps seed 0 (percentile),autovla_misalignment_poc/outputs/equal_distance_perturbation/summary.json :: table/A+/alt: slower-right/fde5
summary_table,full,A+,alt: slower-right,ade5_mean,1.1512,0.7474,1.4453,m,117,156,log-cluster bootstrap 2000 reps seed 0 (percentile),autovla_misalignment_poc/outputs/equal_distance_perturbation/summary.json :: table/A+/alt: slower-right/ade5
summary_table,full,A+,alt: slower-right,downstream_err_mean,70.8886,61.7126,77.3846,%,117,156,log-cluster bootstrap 2000 reps seed 0 (percentile),autovla_misalignment_poc/outputs/equal_distance_perturbation/summary.json :: table/A+/alt: slower-right/downstream_err
summary_table,full,A+,alt: slower-right,entropy_mean,1.0276,0.833,1.1493,nat,117,156,log-cluster bootstrap 2000 reps seed 0 (percentile),autovla_misalignment_poc/outputs/equal_distance_perturbation/summary.json :: table/A+/alt: slower-right/entropy
summary_table,full,A+,alt: slower-right,perturbation_distance_median,0.0889,,,m,117,156,,autovla_misalignment_poc/outputs/equal_distance_perturbation/summary.json :: table/A+/alt: slower-right/dist/median
summary_table,full,A+,alt: slower-right,perturbation_distance_mean,0.1213,0.1014,0.149,m,117,156,log-cluster bootstrap of the mean,autovla_misalignment_poc/outputs/equal_distance_perturbation/summary.json :: table/A+/alt: slower-right/dist/mean
summary_table,full,A+,alt: right,recovery_mean,86.9159,80.8506,92.3095,%,107,156,log-cluster bootstrap 2000 reps seed 0 (percentile),autovla_misalignment_poc/outputs/equal_distance_perturbation/summary.json :: table/A+/alt: right/recovery
summary_table,full,A+,alt: right,amplification_mean,8.4112,3.1571,15.2391,%,107,156,log-cluster bootstrap 2000 reps seed 0 (percentile),autovla_misalignment_poc/outputs/equal_distance_perturbation/summary.json :: table/A+/alt: right/amplification
summary_table,full,A+,alt: right,fde5_mean,2.7599,1.9088,3.6685,m,107,156,log-cluster bootstrap 2000 reps seed 0 (percentile),autovla_misalignment_poc/outputs/equal_distance_perturbation/summary.json :: table/A+/alt: right/fde5
summary_table,full,A+,alt: right,ade5_mean,1.1285,0.7893,1.5525,m,107,156,log-cluster bootstrap 2000 reps seed 0 (percentile),autovla_misalignment_poc/outputs/equal_distance_perturbation/summary.json :: table/A+/alt: right/ade5
summary_table,full,A+,alt: right,downstream_err_mean,76.0688,67.4545,85.6048,%,107,156,log-cluster bootstrap 2000 reps seed 0 (percentile),autovla_misalignment_poc/outputs/equal_distance_perturbation/summary.json :: table/A+/alt: right/downstream_err
summary_table,full,A+,alt: right,entropy_mean,1.1017,0.9801,1.2304,nat,107,156,log-cluster bootstrap 2000 reps seed 0 (percentile),autovla_misalignment_poc/outputs/equal_distance_perturbation/summary.json :: table/A+/alt: right/entropy
summary_table,full,A+,alt: right,perturbation_distance_median,0.0801,,,m,107,156,,autovla_misalignment_poc/outputs/equal_distance_perturbation/summary.json :: table/A+/alt: right/dist/median
summary_table,full,A+,alt: right,perturbation_distance_mean,0.1184,0.0964,0.1482,m,107,156,log-cluster bootstrap of the mean,autovla_misalignment_poc/outputs/equal_distance_perturbation/summary.json :: table/A+/alt: right/dist/mean
summary_table,full,A+,alt: faster-right,recovery_mean,93.913,88.3113,98.0769,%,115,156,log-cluster bootstrap 2000 reps seed 0 (percentile),autovla_misalignment_poc/outputs/equal_distance_perturbation/summary.json :: table/A+/alt: faster-right/recovery
summary_table,full,A+,alt: faster-right,amplification_mean,3.4783,0.0,8.2474,%,115,156,log-cluster bootstrap 2000 reps seed 0 (percentile),autovla_misalignment_poc/outputs/equal_distance_perturbation/summary.json :: table/A+/alt: faster-right/amplification
summary_table,full,A+,alt: faster-right,fde5_mean,2.2513,1.5843,2.7991,m,115,156,log-cluster bootstrap 2000 reps seed 0 (percentile),autovla_misalignment_poc/outputs/equal_distance_perturbation/summary.json :: table/A+/alt: faster-right/fde5
summary_table,full,A+,alt: faster-right,ade5_mean,0.9678,0.6689,1.21,m,115,156,log-cluster bootstrap 2000 reps seed 0 (percentile),autovla_misalignment_poc/outputs/equal_distance_perturbation/summary.json :: table/A+/alt: faster-right/ade5
summary_table,full,A+,alt: faster-right,downstream_err_mean,73.5276,64.7174,80.1648,%,115,156,log-cluster bootstrap 2000 reps seed 0 (percentile),autovla_misalignment_poc/outputs/equal_distance_perturbation/summary.json :: table/A+/alt: faster-right/downstream_err
summary_table,full,A+,alt: faster-right,entropy_mean,1.0433,0.9356,1.1291,nat,115,156,log-cluster bootstrap 2000 reps seed 0 (percentile),autovla_misalignment_poc/outputs/equal_distance_perturbation/summary.json :: table/A+/alt: faster-right/entropy
summary_table,full,A+,alt: faster-right,perturbation_distance_median,0.0902,,,m,115,156,,autovla_misalignment_poc/outputs/equal_distance_perturbation/summary.json :: table/A+/alt: faster-right/dist/median
summary_table,full,A+,alt: faster-right,perturbation_distance_mean,0.1259,0.1029,0.1511,m,115,156,log-cluster bootstrap of the mean,autovla_misalignment_poc/outputs/equal_distance_perturbation/summary.json :: table/A+/alt: faster-right/dist/mean
Q1_distance_vs_FDE,full,A-,original+alternatives,spearman_dist_fde_pooled,0.3104,0.0537,0.5638,rho,364,,log-cluster bootstrap 2000 reps seed 0; p not computed by script,autovla_misalignment_poc/outputs/equal_distance_perturbation/summary.json :: Q1/A-/spearman_dist_fde_pooled
Q1_distance_vs_FDE,full,A-,original+alternatives,spearman_dist_fde_within_scene,0.0857,-0.0131,0.1879,rho,364,,log-cluster bootstrap 2000 reps seed 0; p not computed by script,autovla_misalignment_poc/outputs/equal_distance_perturbation/summary.json :: Q1/A-/spearman_dist_fde_within_scene
Q2_mixing_and_noise,full,A-,alternatives,scenes_with_mixed_alt_outcomes,71.1538,60.0,82.7586,% of scenes,52,52,log-cluster bootstrap 2000 reps seed 0,autovla_misalignment_poc/outputs/equal_distance_perturbation/summary.json :: Q2/A-/scenes_with_mixed_alt_outcomes
Q2_mixing_and_noise,full,A-,alternatives,scenes_all_alts_recover,15.3846,7.6923,27.027,% of scenes,52,52,log-cluster bootstrap 2000 reps seed 0,autovla_misalignment_poc/outputs/equal_distance_perturbation/summary.json :: Q2/A-/scenes_all_alts_recover
Q2_mixing_and_noise,full,A-,alternatives,scenes_all_alts_amplify,9.6154,2.7027,16.2803,% of scenes,52,52,log-cluster bootstrap 2000 reps seed 0,autovla_misalignment_poc/outputs/equal_distance_perturbation/summary.json :: Q2/A-/scenes_all_alts_amplify
Q2_mixing_and_noise,full,A-,original vs original_reseed,noise_floor_outcome_flip_rate,1.9231,0.0,6.4534,% of scenes,52,52,log-cluster bootstrap 2000 reps seed 0,autovla_misalignment_poc/outputs/equal_distance_perturbation/summary.json :: Q2/A-/noise_floor_outcome_flip_rate
Q2_mixing_and_noise,full,A-,alternatives,within_scene_alt_fde_sd(mean over scenes),2.7738,2.3696,3.2547,m,52,52,log-cluster bootstrap 2000 reps seed 0,autovla_misalignment_poc/outputs/equal_distance_perturbation/summary.json :: Q2/A-/within_scene_alt_fde_sd
Q2_mixing_and_noise,full,A-,alternatives,within_scene_alt_fde_range(median over scenes),5.2537,4.5281,10.0497,m,52,52,log-cluster bootstrap 2000 reps seed 0,autovla_misalignment_poc/outputs/equal_distance_perturbation/summary.json :: Q2/A-/within_scene_alt_fde_range
Q2_mixing_and_noise,full,A-,original vs original_reseed,noise_floor_original_vs_reseed_fde_absdiff(mean over scenes),0.1105,0.0129,0.2662,m,52,52,log-cluster bootstrap 2000 reps seed 0,autovla_misalignment_poc/outputs/equal_distance_perturbation/summary.json :: Q2/A-/noise_floor_original_vs_reseed_fde_absdiff
Q2_variance_decomposition,full,A-,original+alternatives,share_between_distance_buckets,16.9567,,,% of FDE variance,,,no CI reported,autovla_misalignment_poc/outputs/equal_distance_perturbation/summary.json :: Q2/A-/share_between_distance_buckets
Q2_variance_decomposition,full,A-,original+alternatives,share_between_scenes,53.7598,,,% of FDE variance,,,no CI reported,autovla_misalignment_poc/outputs/equal_distance_perturbation/summary.json :: Q2/A-/share_between_scenes
Q2_variance_decomposition,full,A-,original+alternatives,share_within_scene,46.2402,,,% of FDE variance,,,no CI reported,autovla_misalignment_poc/outputs/equal_distance_perturbation/summary.json :: Q2/A-/share_within_scene
Q2_distance_quintile,full,A-,quintile0 [0.027-0.068 m],fde_mean,5.7358,,,m,73,,no CI reported,autovla_misalignment_poc/outputs/equal_distance_perturbation/summary.json :: Q2/A-/buckets/0/fde_mean
Q2_distance_quintile,full,A-,quintile0 [0.027-0.068 m],fde_sd,4.8422,,,m,73,,no CI reported,autovla_misalignment_poc/outputs/equal_distance_perturbation/summary.json :: Q2/A-/buckets/0/fde_sd
Q2_distance_quintile,full,A-,quintile0 [0.027-0.068 m],fde_p10,0.327,,,m,73,,no CI reported,autovla_misalignment_poc/outputs/equal_distance_perturbation/summary.json :: Q2/A-/buckets/0/fde_p10
Q2_distance_quintile,full,A-,quintile0 [0.027-0.068 m],fde_p90,12.2709,,,m,73,,no CI reported,autovla_misalignment_poc/outputs/equal_distance_perturbation/summary.json :: Q2/A-/buckets/0/fde_p90
Q2_distance_quintile,full,A-,quintile0 [0.027-0.068 m],amplification_rate,50.6849,,,%,73,,no CI reported,autovla_misalignment_poc/outputs/equal_distance_perturbation/summary.json :: Q2/A-/buckets/0/amplification_rate
Q2_distance_quintile,full,A-,quintile0 [0.027-0.068 m],recovery_rate,42.4658,,,%,73,,no CI reported,autovla_misalignment_poc/outputs/equal_distance_perturbation/summary.json :: Q2/A-/buckets/0/recovery_rate
Q2_distance_quintile,full,A-,quintile1 [0.068-0.105 m],fde_mean,4.3683,,,m,73,,no CI reported,autovla_misalignment_poc/outputs/equal_distance_perturbation/summary.json :: Q2/A-/buckets/1/fde_mean
Q2_distance_quintile,full,A-,quintile1 [0.068-0.105 m],fde_sd,4.0747,,,m,73,,no CI reported,autovla_misalignment_poc/outputs/equal_distance_perturbation/summary.json :: Q2/A-/buckets/1/fde_sd
Q2_distance_quintile,full,A-,quintile1 [0.068-0.105 m],fde_p10,0.451,,,m,73,,no CI reported,autovla_misalignment_poc/outputs/equal_distance_perturbation/summary.json :: Q2/A-/buckets/1/fde_p10
Q2_distance_quintile,full,A-,quintile1 [0.068-0.105 m],fde_p90,11.2888,,,m,73,,no CI reported,autovla_misalignment_poc/outputs/equal_distance_perturbation/summary.json :: Q2/A-/buckets/1/fde_p90
Q2_distance_quintile,full,A-,quintile1 [0.068-0.105 m],amplification_rate,31.5068,,,%,73,,no CI reported,autovla_misalignment_poc/outputs/equal_distance_perturbation/summary.json :: Q2/A-/buckets/1/amplification_rate
Q2_distance_quintile,full,A-,quintile1 [0.068-0.105 m],recovery_rate,53.4247,,,%,73,,no CI reported,autovla_misalignment_poc/outputs/equal_distance_perturbation/summary.json :: Q2/A-/buckets/1/recovery_rate
Q2_distance_quintile,full,A-,quintile2 [0.106-0.147 m],fde_mean,4.3686,,,m,72,,no CI reported,autovla_misalignment_poc/outputs/equal_distance_perturbation/summary.json :: Q2/A-/buckets/2/fde_mean
Q2_distance_quintile,full,A-,quintile2 [0.106-0.147 m],fde_sd,3.5366,,,m,72,,no CI reported,autovla_misalignment_poc/outputs/equal_distance_perturbation/summary.json :: Q2/A-/buckets/2/fde_sd
Q2_distance_quintile,full,A-,quintile2 [0.106-0.147 m],fde_p10,0.5171,,,m,72,,no CI reported,autovla_misalignment_poc/outputs/equal_distance_perturbation/summary.json :: Q2/A-/buckets/2/fde_p10
Q2_distance_quintile,full,A-,quintile2 [0.106-0.147 m],fde_p90,9.578,,,m,72,,no CI reported,autovla_misalignment_poc/outputs/equal_distance_perturbation/summary.json :: Q2/A-/buckets/2/fde_p90
Q2_distance_quintile,full,A-,quintile2 [0.106-0.147 m],amplification_rate,29.1667,,,%,72,,no CI reported,autovla_misalignment_poc/outputs/equal_distance_perturbation/summary.json :: Q2/A-/buckets/2/amplification_rate
Q2_distance_quintile,full,A-,quintile2 [0.106-0.147 m],recovery_rate,65.2778,,,%,72,,no CI reported,autovla_misalignment_poc/outputs/equal_distance_perturbation/summary.json :: Q2/A-/buckets/2/recovery_rate
Q2_distance_quintile,full,A-,quintile3 [0.148-0.256 m],fde_mean,7.4397,,,m,73,,no CI reported,autovla_misalignment_poc/outputs/equal_distance_perturbation/summary.json :: Q2/A-/buckets/3/fde_mean
Q2_distance_quintile,full,A-,quintile3 [0.148-0.256 m],fde_sd,5.7821,,,m,73,,no CI reported,autovla_misalignment_poc/outputs/equal_distance_perturbation/summary.json :: Q2/A-/buckets/3/fde_sd
Q2_distance_quintile,full,A-,quintile3 [0.148-0.256 m],fde_p10,1.3401,,,m,73,,no CI reported,autovla_misalignment_poc/outputs/equal_distance_perturbation/summary.json :: Q2/A-/buckets/3/fde_p10
Q2_distance_quintile,full,A-,quintile3 [0.148-0.256 m],fde_p90,15.517,,,m,73,,no CI reported,autovla_misalignment_poc/outputs/equal_distance_perturbation/summary.json :: Q2/A-/buckets/3/fde_p90
Q2_distance_quintile,full,A-,quintile3 [0.148-0.256 m],amplification_rate,53.4247,,,%,73,,no CI reported,autovla_misalignment_poc/outputs/equal_distance_perturbation/summary.json :: Q2/A-/buckets/3/amplification_rate
Q2_distance_quintile,full,A-,quintile3 [0.148-0.256 m],recovery_rate,41.0959,,,%,73,,no CI reported,autovla_misalignment_poc/outputs/equal_distance_perturbation/summary.json :: Q2/A-/buckets/3/recovery_rate
Q2_distance_quintile,full,A-,quintile4 [0.261-0.669 m],fde_mean,10.4517,,,m,73,,no CI reported,autovla_misalignment_poc/outputs/equal_distance_perturbation/summary.json :: Q2/A-/buckets/4/fde_mean
Q2_distance_quintile,full,A-,quintile4 [0.261-0.669 m],fde_sd,6.4831,,,m,73,,no CI reported,autovla_misalignment_poc/outputs/equal_distance_perturbation/summary.json :: Q2/A-/buckets/4/fde_sd
Q2_distance_quintile,full,A-,quintile4 [0.261-0.669 m],fde_p10,3.0834,,,m,73,,no CI reported,autovla_misalignment_poc/outputs/equal_distance_perturbation/summary.json :: Q2/A-/buckets/4/fde_p10
Q2_distance_quintile,full,A-,quintile4 [0.261-0.669 m],fde_p90,17.0461,,,m,73,,no CI reported,autovla_misalignment_poc/outputs/equal_distance_perturbation/summary.json :: Q2/A-/buckets/4/fde_p90
Q2_distance_quintile,full,A-,quintile4 [0.261-0.669 m],amplification_rate,75.3425,,,%,73,,no CI reported,autovla_misalignment_poc/outputs/equal_distance_perturbation/summary.json :: Q2/A-/buckets/4/amplification_rate
Q2_distance_quintile,full,A-,quintile4 [0.261-0.669 m],recovery_rate,21.9178,,,%,73,,no CI reported,autovla_misalignment_poc/outputs/equal_distance_perturbation/summary.json :: Q2/A-/buckets/4/recovery_rate
Q5_original_vs_alternatives,full,A-,original - alternatives,recovery_original_minus_alts,-32.8228,-43.1738,-14.8729,%,52,,log-cluster bootstrap 2000 reps seed 0,autovla_misalignment_poc/outputs/equal_distance_perturbation/summary.json :: Q5/A-/recovery_original_minus_alts
Q5_original_vs_alternatives,full,A-,original - alternatives,amplification_original_minus_alts,23.5005,7.6957,34.137,%,52,,log-cluster bootstrap 2000 reps seed 0,autovla_misalignment_poc/outputs/equal_distance_perturbation/summary.json :: Q5/A-/amplification_original_minus_alts
Q5_original_vs_alternatives,full,A-,original - alternatives,fde_original_minus_alt_median_m,2.366,1.3566,3.1102,m or nat,52,,log-cluster bootstrap 2000 reps seed 0,autovla_misalignment_poc/outputs/equal_distance_perturbation/summary.json :: Q5/A-/fde_original_minus_alt_median_m
Q5_original_vs_alternatives,full,A-,original - alternatives,original_fde_percentile_among_alts,61.9574,54.1665,68.8756,%,52,,log-cluster bootstrap 2000 reps seed 0,autovla_misalignment_poc/outputs/equal_distance_perturbation/summary.json :: Q5/A-/original_fde_percentile_among_alts
Q5_original_vs_alternatives,full,A-,original - alternatives,entropy_original_minus_alts,-0.1033,-0.2735,0.0505,m or nat,52,,log-cluster bootstrap 2000 reps seed 0,autovla_misalignment_poc/outputs/equal_distance_perturbation/summary.json :: Q5/A-/entropy_original_minus_alts
Q5_original_vs_alternatives,full,A-,original - alternatives,wilcoxon_p_fde,0.00130561993476953,,,"p (Wilcoxon signed-rank, scene units)",,,,autovla_misalignment_poc/outputs/equal_distance_perturbation/summary.json :: Q5/A-/wilcoxon_p_fde
Q1_distance_vs_FDE,full,A+,original+alternatives,spearman_dist_fde_pooled,0.4719,0.3697,0.5634,rho,1043,,log-cluster bootstrap 2000 reps seed 0; p not computed by script,autovla_misalignment_poc/outputs/equal_distance_perturbation/summary.json :: Q1/A+/spearman_dist_fde_pooled
Q1_distance_vs_FDE,full,A+,original+alternatives,spearman_dist_fde_within_scene,0.0978,0.0577,0.1478,rho,1043,,log-cluster bootstrap 2000 reps seed 0; p not computed by script,autovla_misalignment_poc/outputs/equal_distance_perturbation/summary.json :: Q1/A+/spearman_dist_fde_within_scene
Q2_mixing_and_noise,full,A+,alternatives,scenes_with_mixed_alt_outcomes,19.8718,12.9997,25.5646,% of scenes,156,156,log-cluster bootstrap 2000 reps seed 0,autovla_misalignment_poc/outputs/equal_distance_perturbation/summary.json :: Q2/A+/scenes_with_mixed_alt_outcomes
Q2_mixing_and_noise,full,A+,alternatives,scenes_all_alts_recover,75.641,69.3543,83.2033,% of scenes,156,156,log-cluster bootstrap 2000 reps seed 0,autovla_misalignment_poc/outputs/equal_distance_perturbation/summary.json :: Q2/A+/scenes_all_alts_recover
Q2_mixing_and_noise,full,A+,alternatives,scenes_all_alts_amplify,0.0,0.0,0.0,% of scenes,156,156,log-cluster bootstrap 2000 reps seed 0,autovla_misalignment_poc/outputs/equal_distance_perturbation/summary.json :: Q2/A+/scenes_all_alts_amplify
Q2_mixing_and_noise,full,A+,original vs original_reseed,noise_floor_outcome_flip_rate,0.641,0.0,2.0517,% of scenes,156,156,log-cluster bootstrap 2000 reps seed 0,autovla_misalignment_poc/outputs/equal_distance_perturbation/summary.json :: Q2/A+/noise_floor_outcome_flip_rate
Q2_mixing_and_noise,full,A+,alternatives,within_scene_alt_fde_sd(mean over scenes),1.6501,1.2878,1.9411,m,156,156,log-cluster bootstrap 2000 reps seed 0,autovla_misalignment_poc/outputs/equal_distance_perturbation/summary.json :: Q2/A+/within_scene_alt_fde_sd
Q2_mixing_and_noise,full,A+,alternatives,within_scene_alt_fde_range(median over scenes),2.7338,1.8774,3.4099,m,156,156,log-cluster bootstrap 2000 reps seed 0,autovla_misalignment_poc/outputs/equal_distance_perturbation/summary.json :: Q2/A+/within_scene_alt_fde_range
Q2_mixing_and_noise,full,A+,original vs original_reseed,noise_floor_original_vs_reseed_fde_absdiff(mean over scenes),0.0515,0.0102,0.1165,m,156,156,log-cluster bootstrap 2000 reps seed 0,autovla_misalignment_poc/outputs/equal_distance_perturbation/summary.json :: Q2/A+/noise_floor_original_vs_reseed_fde_absdiff
Q2_variance_decomposition,full,A+,original+alternatives,share_between_distance_buckets,11.2292,,,% of FDE variance,,,no CI reported,autovla_misalignment_poc/outputs/equal_distance_perturbation/summary.json :: Q2/A+/share_between_distance_buckets
Q2_variance_decomposition,full,A+,original+alternatives,share_between_scenes,35.4759,,,% of FDE variance,,,no CI reported,autovla_misalignment_poc/outputs/equal_distance_perturbation/summary.json :: Q2/A+/share_between_scenes
Q2_variance_decomposition,full,A+,original+alternatives,share_within_scene,64.5241,,,% of FDE variance,,,no CI reported,autovla_misalignment_poc/outputs/equal_distance_perturbation/summary.json :: Q2/A+/share_within_scene
Q2_distance_quintile,full,A+,quintile0 [0.014-0.058 m],fde_mean,1.1842,,,m,209,,no CI reported,autovla_misalignment_poc/outputs/equal_distance_perturbation/summary.json :: Q2/A+/buckets/0/fde_mean
Q2_distance_quintile,full,A+,quintile0 [0.014-0.058 m],fde_sd,2.0947,,,m,209,,no CI reported,autovla_misalignment_poc/outputs/equal_distance_perturbation/summary.json :: Q2/A+/buckets/0/fde_sd
Q2_distance_quintile,full,A+,quintile0 [0.014-0.058 m],fde_p10,0.0662,,,m,209,,no CI reported,autovla_misalignment_poc/outputs/equal_distance_perturbation/summary.json :: Q2/A+/buckets/0/fde_p10
Q2_distance_quintile,full,A+,quintile0 [0.014-0.058 m],fde_p90,2.8564,,,m,209,,no CI reported,autovla_misalignment_poc/outputs/equal_distance_perturbation/summary.json :: Q2/A+/buckets/0/fde_p90
Q2_distance_quintile,full,A+,quintile0 [0.014-0.058 m],amplification_rate,1.4354,,,%,209,,no CI reported,autovla_misalignment_poc/outputs/equal_distance_perturbation/summary.json :: Q2/A+/buckets/0/amplification_rate
Q2_distance_quintile,full,A+,quintile0 [0.014-0.058 m],recovery_rate,98.0861,,,%,209,,no CI reported,autovla_misalignment_poc/outputs/equal_distance_perturbation/summary.json :: Q2/A+/buckets/0/recovery_rate
Q2_distance_quintile,full,A+,quintile1 [0.058-0.076 m],fde_mean,1.6588,,,m,208,,no CI reported,autovla_misalignment_poc/outputs/equal_distance_perturbation/summary.json :: Q2/A+/buckets/1/fde_mean
Q2_distance_quintile,full,A+,quintile1 [0.058-0.076 m],fde_sd,3.2323,,,m,208,,no CI reported,autovla_misalignment_poc/outputs/equal_distance_perturbation/summary.json :: Q2/A+/buckets/1/fde_sd
Q2_distance_quintile,full,A+,quintile1 [0.058-0.076 m],fde_p10,0.0807,,,m,208,,no CI reported,autovla_misalignment_poc/outputs/equal_distance_perturbation/summary.json :: Q2/A+/buckets/1/fde_p10
Q2_distance_quintile,full,A+,quintile1 [0.058-0.076 m],fde_p90,3.5656,,,m,208,,no CI reported,autovla_misalignment_poc/outputs/equal_distance_perturbation/summary.json :: Q2/A+/buckets/1/fde_p90
Q2_distance_quintile,full,A+,quintile1 [0.058-0.076 m],amplification_rate,5.7692,,,%,208,,no CI reported,autovla_misalignment_poc/outputs/equal_distance_perturbation/summary.json :: Q2/A+/buckets/1/amplification_rate
Q2_distance_quintile,full,A+,quintile1 [0.058-0.076 m],recovery_rate,92.3077,,,%,208,,no CI reported,autovla_misalignment_poc/outputs/equal_distance_perturbation/summary.json :: Q2/A+/buckets/1/recovery_rate
Q2_distance_quintile,full,A+,quintile2 [0.076-0.107 m],fde_mean,1.654,,,m,209,,no CI reported,autovla_misalignment_poc/outputs/equal_distance_perturbation/summary.json :: Q2/A+/buckets/2/fde_mean
Q2_distance_quintile,full,A+,quintile2 [0.076-0.107 m],fde_sd,1.7555,,,m,209,,no CI reported,autovla_misalignment_poc/outputs/equal_distance_perturbation/summary.json :: Q2/A+/buckets/2/fde_sd
Q2_distance_quintile,full,A+,quintile2 [0.076-0.107 m],fde_p10,0.1626,,,m,209,,no CI reported,autovla_misalignment_poc/outputs/equal_distance_perturbation/summary.json :: Q2/A+/buckets/2/fde_p10
Q2_distance_quintile,full,A+,quintile2 [0.076-0.107 m],fde_p90,4.1485,,,m,209,,no CI reported,autovla_misalignment_poc/outputs/equal_distance_perturbation/summary.json :: Q2/A+/buckets/2/fde_p90
Q2_distance_quintile,full,A+,quintile2 [0.076-0.107 m],amplification_rate,2.3923,,,%,209,,no CI reported,autovla_misalignment_poc/outputs/equal_distance_perturbation/summary.json :: Q2/A+/buckets/2/amplification_rate
Q2_distance_quintile,full,A+,quintile2 [0.076-0.107 m],recovery_rate,96.6507,,,%,209,,no CI reported,autovla_misalignment_poc/outputs/equal_distance_perturbation/summary.json :: Q2/A+/buckets/2/recovery_rate
Q2_distance_quintile,full,A+,quintile3 [0.108-0.165 m],fde_mean,2.7125,,,m,209,,no CI reported,autovla_misalignment_poc/outputs/equal_distance_perturbation/summary.json :: Q2/A+/buckets/3/fde_mean
Q2_distance_quintile,full,A+,quintile3 [0.108-0.165 m],fde_sd,3.1988,,,m,209,,no CI reported,autovla_misalignment_poc/outputs/equal_distance_perturbation/summary.json :: Q2/A+/buckets/3/fde_sd
Q2_distance_quintile,full,A+,quintile3 [0.108-0.165 m],fde_p10,0.4629,,,m,209,,no CI reported,autovla_misalignment_poc/outputs/equal_distance_perturbation/summary.json :: Q2/A+/buckets/3/fde_p10
Q2_distance_quintile,full,A+,quintile3 [0.108-0.165 m],fde_p90,5.4556,,,m,209,,no CI reported,autovla_misalignment_poc/outputs/equal_distance_perturbation/summary.json :: Q2/A+/buckets/3/fde_p90
Q2_distance_quintile,full,A+,quintile3 [0.108-0.165 m],amplification_rate,4.3062,,,%,209,,no CI reported,autovla_misalignment_poc/outputs/equal_distance_perturbation/summary.json :: Q2/A+/buckets/3/amplification_rate
Q2_distance_quintile,full,A+,quintile3 [0.108-0.165 m],recovery_rate,93.3014,,,%,209,,no CI reported,autovla_misalignment_poc/outputs/equal_distance_perturbation/summary.json :: Q2/A+/buckets/3/recovery_rate
Q2_distance_quintile,full,A+,quintile4 [0.166-0.635 m],fde_mean,4.1362,,,m,208,,no CI reported,autovla_misalignment_poc/outputs/equal_distance_perturbation/summary.json :: Q2/A+/buckets/4/fde_mean
Q2_distance_quintile,full,A+,quintile4 [0.166-0.635 m],fde_sd,4.0232,,,m,208,,no CI reported,autovla_misalignment_poc/outputs/equal_distance_perturbation/summary.json :: Q2/A+/buckets/4/fde_sd
Q2_distance_quintile,full,A+,quintile4 [0.166-0.635 m],fde_p10,0.8457,,,m,208,,no CI reported,autovla_misalignment_poc/outputs/equal_distance_perturbation/summary.json :: Q2/A+/buckets/4/fde_p10
Q2_distance_quintile,full,A+,quintile4 [0.166-0.635 m],fde_p90,8.7605,,,m,208,,no CI reported,autovla_misalignment_poc/outputs/equal_distance_perturbation/summary.json :: Q2/A+/buckets/4/fde_p90
Q2_distance_quintile,full,A+,quintile4 [0.166-0.635 m],amplification_rate,6.7308,,,%,208,,no CI reported,autovla_misalignment_poc/outputs/equal_distance_perturbation/summary.json :: Q2/A+/buckets/4/amplification_rate
Q2_distance_quintile,full,A+,quintile4 [0.166-0.635 m],recovery_rate,91.3462,,,%,208,,no CI reported,autovla_misalignment_poc/outputs/equal_distance_perturbation/summary.json :: Q2/A+/buckets/4/recovery_rate
Q5_original_vs_alternatives,full,A+,original - alternatives,recovery_original_minus_alts,4.8237,2.0193,7.349,%,156,,log-cluster bootstrap 2000 reps seed 0,autovla_misalignment_poc/outputs/equal_distance_perturbation/summary.json :: Q5/A+/recovery_original_minus_alts
Q5_original_vs_alternatives,full,A+,original - alternatives,amplification_original_minus_alts,-4.668,-6.6956,-2.7259,%,156,,log-cluster bootstrap 2000 reps seed 0,autovla_misalignment_poc/outputs/equal_distance_perturbation/summary.json :: Q5/A+/amplification_original_minus_alts
Q5_original_vs_alternatives,full,A+,original - alternatives,fde_original_minus_alt_median_m,0.0283,-0.3438,0.3441,m or nat,156,,log-cluster bootstrap 2000 reps seed 0,autovla_misalignment_poc/outputs/equal_distance_perturbation/summary.json :: Q5/A+/fde_original_minus_alt_median_m
Q5_original_vs_alternatives,full,A+,original - alternatives,original_fde_percentile_among_alts,40.5319,33.9575,46.1852,%,156,,log-cluster bootstrap 2000 reps seed 0,autovla_misalignment_poc/outputs/equal_distance_perturbation/summary.json :: Q5/A+/original_fde_percentile_among_alts
Q5_original_vs_alternatives,full,A+,original - alternatives,entropy_original_minus_alts,-0.1786,-0.2271,-0.1173,m or nat,156,,log-cluster bootstrap 2000 reps seed 0,autovla_misalignment_poc/outputs/equal_distance_perturbation/summary.json :: Q5/A+/entropy_original_minus_alts
Q5_original_vs_alternatives,full,A+,original - alternatives,wilcoxon_p_fde,0.09073598398180263,,,"p (Wilcoxon signed-rank, scene units)",,,,autovla_misalignment_poc/outputs/equal_distance_perturbation/summary.json :: Q5/A+/wilcoxon_p_fde
Q1_distance_vs_FDE,full,ALL,original+alternatives,spearman_dist_fde_pooled,0.4555,0.3602,0.5572,rho,1407,,log-cluster bootstrap 2000 reps seed 0; p not computed by script,autovla_misalignment_poc/outputs/equal_distance_perturbation/summary.json :: Q1/ALL/spearman_dist_fde_pooled
Q1_distance_vs_FDE,full,ALL,original+alternatives,spearman_dist_fde_within_scene,0.0944,0.0546,0.1507,rho,1407,,log-cluster bootstrap 2000 reps seed 0; p not computed by script,autovla_misalignment_poc/outputs/equal_distance_perturbation/summary.json :: Q1/ALL/spearman_dist_fde_within_scene
Q2_mixing_and_noise,full,ALL,alternatives,scenes_with_mixed_alt_outcomes,32.6923,23.2394,39.5142,% of scenes,208,208,log-cluster bootstrap 2000 reps seed 0,autovla_misalignment_poc/outputs/equal_distance_perturbation/summary.json :: Q2/ALL/scenes_with_mixed_alt_outcomes
Q2_mixing_and_noise,full,ALL,alternatives,scenes_all_alts_recover,60.5769,51.9466,72.1979,% of scenes,208,208,log-cluster bootstrap 2000 reps seed 0,autovla_misalignment_poc/outputs/equal_distance_perturbation/summary.json :: Q2/ALL/scenes_all_alts_recover
Q2_mixing_and_noise,full,ALL,alternatives,scenes_all_alts_amplify,2.4038,0.5848,4.3253,% of scenes,208,208,log-cluster bootstrap 2000 reps seed 0,autovla_misalignment_poc/outputs/equal_distance_perturbation/summary.json :: Q2/ALL/scenes_all_alts_amplify
Q2_mixing_and_noise,full,ALL,original vs original_reseed,noise_floor_outcome_flip_rate,0.9615,0.0,2.5,% of scenes,208,208,log-cluster bootstrap 2000 reps seed 0,autovla_misalignment_poc/outputs/equal_distance_perturbation/summary.json :: Q2/ALL/noise_floor_outcome_flip_rate
Q2_mixing_and_noise,full,ALL,alternatives,within_scene_alt_fde_sd(mean over scenes),1.931,1.5929,2.1777,m,208,208,log-cluster bootstrap 2000 reps seed 0,autovla_misalignment_poc/outputs/equal_distance_perturbation/summary.json :: Q2/ALL/within_scene_alt_fde_sd
Q2_mixing_and_noise,full,ALL,alternatives,within_scene_alt_fde_range(median over scenes),3.4015,2.5286,3.8782,m,208,208,log-cluster bootstrap 2000 reps seed 0,autovla_misalignment_poc/outputs/equal_distance_perturbation/summary.json :: Q2/ALL/within_scene_alt_fde_range
Q2_mixing_and_noise,full,ALL,original vs original_reseed,noise_floor_original_vs_reseed_fde_absdiff(mean over scenes),0.0662,0.0165,0.1383,m,208,208,log-cluster bootstrap 2000 reps seed 0,autovla_misalignment_poc/outputs/equal_distance_perturbation/summary.json :: Q2/ALL/noise_floor_original_vs_reseed_fde_absdiff
Q2_variance_decomposition,full,ALL,original+alternatives,share_between_distance_buckets,13.0919,,,% of FDE variance,,,no CI reported,autovla_misalignment_poc/outputs/equal_distance_perturbation/summary.json :: Q2/ALL/share_between_distance_buckets
Q2_variance_decomposition,full,ALL,original+alternatives,share_between_scenes,54.9293,,,% of FDE variance,,,no CI reported,autovla_misalignment_poc/outputs/equal_distance_perturbation/summary.json :: Q2/ALL/share_between_scenes
Q2_variance_decomposition,full,ALL,original+alternatives,share_within_scene,45.0707,,,% of FDE variance,,,no CI reported,autovla_misalignment_poc/outputs/equal_distance_perturbation/summary.json :: Q2/ALL/share_within_scene
Q2_distance_quintile,full,ALL,quintile0 [0.014-0.061 m],fde_mean,1.854,,,m,282,,no CI reported,autovla_misalignment_poc/outputs/equal_distance_perturbation/summary.json :: Q2/ALL/buckets/0/fde_mean
Q2_distance_quintile,full,ALL,quintile0 [0.014-0.061 m],fde_sd,3.1003,,,m,282,,no CI reported,autovla_misalignment_poc/outputs/equal_distance_perturbation/summary.json :: Q2/ALL/buckets/0/fde_sd
Q2_distance_quintile,full,ALL,quintile0 [0.014-0.061 m],fde_p10,0.0724,,,m,282,,no CI reported,autovla_misalignment_poc/outputs/equal_distance_perturbation/summary.json :: Q2/ALL/buckets/0/fde_p10
Q2_distance_quintile,full,ALL,quintile0 [0.014-0.061 m],fde_p90,4.3217,,,m,282,,no CI reported,autovla_misalignment_poc/outputs/equal_distance_perturbation/summary.json :: Q2/ALL/buckets/0/fde_p90
Q2_distance_quintile,full,ALL,quintile0 [0.014-0.061 m],amplification_rate,9.2199,,,%,282,,no CI reported,autovla_misalignment_poc/outputs/equal_distance_perturbation/summary.json :: Q2/ALL/buckets/0/amplification_rate
Q2_distance_quintile,full,ALL,quintile0 [0.014-0.061 m],recovery_rate,89.0071,,,%,282,,no CI reported,autovla_misalignment_poc/outputs/equal_distance_perturbation/summary.json :: Q2/ALL/buckets/0/recovery_rate
Q2_distance_quintile,full,ALL,quintile1 [0.061-0.080 m],fde_mean,2.5615,,,m,281,,no CI reported,autovla_misalignment_poc/outputs/equal_distance_perturbation/summary.json :: Q2/ALL/buckets/1/fde_mean
Q2_distance_quintile,full,ALL,quintile1 [0.061-0.080 m],fde_sd,3.9324,,,m,281,,no CI reported,autovla_misalignment_poc/outputs/equal_distance_perturbation/summary.json :: Q2/ALL/buckets/1/fde_sd
Q2_distance_quintile,full,ALL,quintile1 [0.061-0.080 m],fde_p10,0.1092,,,m,281,,no CI reported,autovla_misalignment_poc/outputs/equal_distance_perturbation/summary.json :: Q2/ALL/buckets/1/fde_p10
Q2_distance_quintile,full,ALL,quintile1 [0.061-0.080 m],fde_p90,7.7782,,,m,281,,no CI reported,autovla_misalignment_poc/outputs/equal_distance_perturbation/summary.json :: Q2/ALL/buckets/1/fde_p90
Q2_distance_quintile,full,ALL,quintile1 [0.061-0.080 m],amplification_rate,14.2349,,,%,281,,no CI reported,autovla_misalignment_poc/outputs/equal_distance_perturbation/summary.json :: Q2/ALL/buckets/1/amplification_rate
Q2_distance_quintile,full,ALL,quintile1 [0.061-0.080 m],recovery_rate,81.1388,,,%,281,,no CI reported,autovla_misalignment_poc/outputs/equal_distance_perturbation/summary.json :: Q2/ALL/buckets/1/recovery_rate
Q2_distance_quintile,full,ALL,quintile2 [0.080-0.122 m],fde_mean,2.2753,,,m,281,,no CI reported,autovla_misalignment_poc/outputs/equal_distance_perturbation/summary.json :: Q2/ALL/buckets/2/fde_mean
Q2_distance_quintile,full,ALL,quintile2 [0.080-0.122 m],fde_sd,2.4616,,,m,281,,no CI reported,autovla_misalignment_poc/outputs/equal_distance_perturbation/summary.json :: Q2/ALL/buckets/2/fde_sd
Q2_distance_quintile,full,ALL,quintile2 [0.080-0.122 m],fde_p10,0.2305,,,m,281,,no CI reported,autovla_misalignment_poc/outputs/equal_distance_perturbation/summary.json :: Q2/ALL/buckets/2/fde_p10
Q2_distance_quintile,full,ALL,quintile2 [0.080-0.122 m],fde_p90,5.0499,,,m,281,,no CI reported,autovla_misalignment_poc/outputs/equal_distance_perturbation/summary.json :: Q2/ALL/buckets/2/fde_p90
Q2_distance_quintile,full,ALL,quintile2 [0.080-0.122 m],amplification_rate,7.1174,,,%,281,,no CI reported,autovla_misalignment_poc/outputs/equal_distance_perturbation/summary.json :: Q2/ALL/buckets/2/amplification_rate
Q2_distance_quintile,full,ALL,quintile2 [0.080-0.122 m],recovery_rate,90.0356,,,%,281,,no CI reported,autovla_misalignment_poc/outputs/equal_distance_perturbation/summary.json :: Q2/ALL/buckets/2/recovery_rate
Q2_distance_quintile,full,ALL,quintile3 [0.122-0.178 m],fde_mean,3.9242,,,m,281,,no CI reported,autovla_misalignment_poc/outputs/equal_distance_perturbation/summary.json :: Q2/ALL/buckets/3/fde_mean
Q2_distance_quintile,full,ALL,quintile3 [0.122-0.178 m],fde_sd,4.4729,,,m,281,,no CI reported,autovla_misalignment_poc/outputs/equal_distance_perturbation/summary.json :: Q2/ALL/buckets/3/fde_sd
Q2_distance_quintile,full,ALL,quintile3 [0.122-0.178 m],fde_p10,0.4835,,,m,281,,no CI reported,autovla_misalignment_poc/outputs/equal_distance_perturbation/summary.json :: Q2/ALL/buckets/3/fde_p10
Q2_distance_quintile,full,ALL,quintile3 [0.122-0.178 m],fde_p90,8.4702,,,m,281,,no CI reported,autovla_misalignment_poc/outputs/equal_distance_perturbation/summary.json :: Q2/ALL/buckets/3/fde_p90
Q2_distance_quintile,full,ALL,quintile3 [0.122-0.178 m],amplification_rate,16.3701,,,%,281,,no CI reported,autovla_misalignment_poc/outputs/equal_distance_perturbation/summary.json :: Q2/ALL/buckets/3/amplification_rate
Q2_distance_quintile,full,ALL,quintile3 [0.122-0.178 m],recovery_rate,80.7829,,,%,281,,no CI reported,autovla_misalignment_poc/outputs/equal_distance_perturbation/summary.json :: Q2/ALL/buckets/3/recovery_rate
Q2_distance_quintile,full,ALL,quintile4 [0.178-0.669 m],fde_mean,6.1667,,,m,282,,no CI reported,autovla_misalignment_poc/outputs/equal_distance_perturbation/summary.json :: Q2/ALL/buckets/4/fde_mean
Q2_distance_quintile,full,ALL,quintile4 [0.178-0.669 m],fde_sd,5.5192,,,m,282,,no CI reported,autovla_misalignment_poc/outputs/equal_distance_perturbation/summary.json :: Q2/ALL/buckets/4/fde_sd
Q2_distance_quintile,full,ALL,quintile4 [0.178-0.669 m],fde_p10,1.2441,,,m,282,,no CI reported,autovla_misalignment_poc/outputs/equal_distance_perturbation/summary.json :: Q2/ALL/buckets/4/fde_p10
Q2_distance_quintile,full,ALL,quintile4 [0.178-0.669 m],fde_p90,13.8693,,,m,282,,no CI reported,autovla_misalignment_poc/outputs/equal_distance_perturbation/summary.json :: Q2/ALL/buckets/4/fde_p90
Q2_distance_quintile,full,ALL,quintile4 [0.178-0.669 m],amplification_rate,30.4965,,,%,282,,no CI reported,autovla_misalignment_poc/outputs/equal_distance_perturbation/summary.json :: Q2/ALL/buckets/4/amplification_rate
Q2_distance_quintile,full,ALL,quintile4 [0.178-0.669 m],recovery_rate,66.6667,,,%,282,,no CI reported,autovla_misalignment_poc/outputs/equal_distance_perturbation/summary.json :: Q2/ALL/buckets/4/recovery_rate
Q5_original_vs_alternatives,full,ALL,original - alternatives,recovery_original_minus_alts,-4.5879,-7.0876,-0.4069,%,208,,log-cluster bootstrap 2000 reps seed 0,autovla_misalignment_poc/outputs/equal_distance_perturbation/summary.json :: Q5/ALL/recovery_original_minus_alts
Q5_original_vs_alternatives,full,ALL,original - alternatives,amplification_original_minus_alts,2.3741,-1.6518,5.2207,%,208,,log-cluster bootstrap 2000 reps seed 0,autovla_misalignment_poc/outputs/equal_distance_perturbation/summary.json :: Q5/ALL/amplification_original_minus_alts
Q5_original_vs_alternatives,full,ALL,original - alternatives,fde_original_minus_alt_median_m,0.6127,0.114,0.956,m or nat,208,,log-cluster bootstrap 2000 reps seed 0,autovla_misalignment_poc/outputs/equal_distance_perturbation/summary.json :: Q5/ALL/fde_original_minus_alt_median_m
Q5_original_vs_alternatives,full,ALL,original - alternatives,original_fde_percentile_among_alts,45.8883,39.807,50.1805,%,208,,log-cluster bootstrap 2000 reps seed 0,autovla_misalignment_poc/outputs/equal_distance_perturbation/summary.json :: Q5/ALL/original_fde_percentile_among_alts
Q5_original_vs_alternatives,full,ALL,original - alternatives,entropy_original_minus_alts,-0.1598,-0.2016,-0.1157,m or nat,208,,log-cluster bootstrap 2000 reps seed 0,autovla_misalignment_poc/outputs/equal_distance_perturbation/summary.json :: Q5/ALL/entropy_original_minus_alts
Q5_original_vs_alternatives,full,ALL,original - alternatives,wilcoxon_p_fde,0.470638735698088,,,"p (Wilcoxon signed-rank, scene units)",,,,autovla_misalignment_poc/outputs/equal_distance_perturbation/summary.json :: Q5/ALL/wilcoxon_p_fde
summary_table,strict,A-,original,recovery_mean,17.3077,7.6902,33.3333,%,52,52,log-cluster bootstrap 2000 reps seed 0 (percentile),"autovla_misalignment_poc/outputs/paper_quantitative_package/_parts/recomputed/equal_distance_summary_strict_rerun.json (recomputed: rerun_equal_distance_analysis.sh, original script STRICT=1) :: table/A-/original/recovery"
summary_table,strict,A-,original,amplification_mean,67.3077,51.1603,80.4917,%,52,52,log-cluster bootstrap 2000 reps seed 0 (percentile),"autovla_misalignment_poc/outputs/paper_quantitative_package/_parts/recomputed/equal_distance_summary_strict_rerun.json (recomputed: rerun_equal_distance_analysis.sh, original script STRICT=1) :: table/A-/original/amplification"
summary_table,strict,A-,original,fde5_mean,8.182,6.3943,9.4848,m,52,52,log-cluster bootstrap 2000 reps seed 0 (percentile),"autovla_misalignment_poc/outputs/paper_quantitative_package/_parts/recomputed/equal_distance_summary_strict_rerun.json (recomputed: rerun_equal_distance_analysis.sh, original script STRICT=1) :: table/A-/original/fde5"
summary_table,strict,A-,original,ade5_mean,2.9097,2.3384,3.2783,m,52,52,log-cluster bootstrap 2000 reps seed 0 (percentile),"autovla_misalignment_poc/outputs/paper_quantitative_package/_parts/recomputed/equal_distance_summary_strict_rerun.json (recomputed: rerun_equal_distance_analysis.sh, original script STRICT=1) :: table/A-/original/ade5"
summary_table,strict,A-,original,downstream_err_mean,94.5513,88.3547,99.1071,%,52,52,log-cluster bootstrap 2000 reps seed 0 (percentile),"autovla_misalignment_poc/outputs/paper_quantitative_package/_parts/recomputed/equal_distance_summary_strict_rerun.json (recomputed: rerun_equal_distance_analysis.sh, original script STRICT=1) :: table/A-/original/downstream_err"
summary_table,strict,A-,original,entropy_mean,1.3232,1.1044,1.5439,nat,52,52,log-cluster bootstrap 2000 reps seed 0 (percentile),"autovla_misalignment_poc/outputs/paper_quantitative_package/_parts/recomputed/equal_distance_summary_strict_rerun.json (recomputed: rerun_equal_distance_analysis.sh, original script STRICT=1) :: table/A-/original/entropy"
summary_table,strict,A-,original,perturbation_distance_median,0.1126,,,m,52,52,,"autovla_misalignment_poc/outputs/paper_quantitative_package/_parts/recomputed/equal_distance_summary_strict_rerun.json (recomputed: rerun_equal_distance_analysis.sh, original script STRICT=1) :: table/A-/original/dist/median"
summary_table,strict,A-,original,perturbation_distance_mean,0.161,0.1291,0.1984,m,52,52,log-cluster bootstrap of the mean,"autovla_misalignment_poc/outputs/paper_quantitative_package/_parts/recomputed/equal_distance_summary_strict_rerun.json (recomputed: rerun_equal_distance_analysis.sh, original script STRICT=1) :: table/A-/original/dist/mean"
summary_table,strict,A-,original_reseed,recovery_mean,15.3846,6.8966,30.3063,%,52,52,log-cluster bootstrap 2000 reps seed 0 (percentile),"autovla_misalignment_poc/outputs/paper_quantitative_package/_parts/recomputed/equal_distance_summary_strict_rerun.json (recomputed: rerun_equal_distance_analysis.sh, original script STRICT=1) :: table/A-/original_reseed/recovery"
summary_table,strict,A-,original_reseed,amplification_mean,69.2308,53.8462,80.8226,%,52,52,log-cluster bootstrap 2000 reps seed 0 (percentile),"autovla_misalignment_poc/outputs/paper_quantitative_package/_parts/recomputed/equal_distance_summary_strict_rerun.json (recomputed: rerun_equal_distance_analysis.sh, original script STRICT=1) :: table/A-/original_reseed/amplification"
summary_table,strict,A-,original_reseed,fde5_mean,8.261,6.5549,9.5094,m,52,52,log-cluster bootstrap 2000 reps seed 0 (percentile),"autovla_misalignment_poc/outputs/paper_quantitative_package/_parts/recomputed/equal_distance_summary_strict_rerun.json (recomputed: rerun_equal_distance_analysis.sh, original script STRICT=1) :: table/A-/original_reseed/fde5"
summary_table,strict,A-,original_reseed,ade5_mean,2.9229,2.3728,3.2796,m,52,52,log-cluster bootstrap 2000 reps seed 0 (percentile),"autovla_misalignment_poc/outputs/paper_quantitative_package/_parts/recomputed/equal_distance_summary_strict_rerun.json (recomputed: rerun_equal_distance_analysis.sh, original script STRICT=1) :: table/A-/original_reseed/ade5"
summary_table,strict,A-,original_reseed,downstream_err_mean,95.406,91.1835,99.1071,%,52,52,log-cluster bootstrap 2000 reps seed 0 (percentile),"autovla_misalignment_poc/outputs/paper_quantitative_package/_parts/recomputed/equal_distance_summary_strict_rerun.json (recomputed: rerun_equal_distance_analysis.sh, original script STRICT=1) :: table/A-/original_reseed/downstream_err"
summary_table,strict,A-,original_reseed,entropy_mean,1.3013,1.0762,1.5174,nat,52,52,log-cluster bootstrap 2000 reps seed 0 (percentile),"autovla_misalignment_poc/outputs/paper_quantitative_package/_parts/recomputed/equal_distance_summary_strict_rerun.json (recomputed: rerun_equal_distance_analysis.sh, original script STRICT=1) :: table/A-/original_reseed/entropy"
summary_table,strict,A-,original_reseed,perturbation_distance_median,0.1126,,,m,52,52,,"autovla_misalignment_poc/outputs/paper_quantitative_package/_parts/recomputed/equal_distance_summary_strict_rerun.json (recomputed: rerun_equal_distance_analysis.sh, original script STRICT=1) :: table/A-/original_reseed/dist/median"
summary_table,strict,A-,original_reseed,perturbation_distance_mean,0.161,0.1291,0.1984,m,52,52,log-cluster bootstrap of the mean,"autovla_misalignment_poc/outputs/paper_quantitative_package/_parts/recomputed/equal_distance_summary_strict_rerun.json (recomputed: rerun_equal_distance_analysis.sh, original script STRICT=1) :: table/A-/original_reseed/dist/mean"
summary_table,strict,A-,gt,recovery_mean,73.0769,63.6364,84.4487,%,52,52,log-cluster bootstrap 2000 reps seed 0 (percentile),"autovla_misalignment_poc/outputs/paper_quantitative_package/_parts/recomputed/equal_distance_summary_strict_rerun.json (recomputed: rerun_equal_distance_analysis.sh, original script STRICT=1) :: table/A-/gt/recovery"
summary_table,strict,A-,gt,amplification_mean,17.3077,9.375,22.8571,%,52,52,log-cluster bootstrap 2000 reps seed 0 (percentile),"autovla_misalignment_poc/outputs/paper_quantitative_package/_parts/recomputed/equal_distance_summary_strict_rerun.json (recomputed: rerun_equal_distance_analysis.sh, original script STRICT=1) :: table/A-/gt/amplification"
summary_table,strict,A-,gt,fde5_mean,2.0871,1.1463,3.0137,m,52,52,log-cluster bootstrap 2000 reps seed 0 (percentile),"autovla_misalignment_poc/outputs/paper_quantitative_package/_parts/recomputed/equal_distance_summary_strict_rerun.json (recomputed: rerun_equal_distance_analysis.sh, original script STRICT=1) :: table/A-/gt/fde5"
summary_table,strict,A-,gt,ade5_mean,0.6777,0.3927,0.9432,m,52,52,log-cluster bootstrap 2000 reps seed 0 (percentile),"autovla_misalignment_poc/outputs/paper_quantitative_package/_parts/recomputed/equal_distance_summary_strict_rerun.json (recomputed: rerun_equal_distance_analysis.sh, original script STRICT=1) :: table/A-/gt/ade5"
summary_table,strict,A-,gt,downstream_err_mean,43.5401,30.4648,54.8318,%,52,52,log-cluster bootstrap 2000 reps seed 0 (percentile),"autovla_misalignment_poc/outputs/paper_quantitative_package/_parts/recomputed/equal_distance_summary_strict_rerun.json (recomputed: rerun_equal_distance_analysis.sh, original script STRICT=1) :: table/A-/gt/downstream_err"
summary_table,strict,A-,gt,entropy_mean,0.8681,0.6913,1.0832,nat,52,52,log-cluster bootstrap 2000 reps seed 0 (percentile),"autovla_misalignment_poc/outputs/paper_quantitative_package/_parts/recomputed/equal_distance_summary_strict_rerun.json (recomputed: rerun_equal_distance_analysis.sh, original script STRICT=1) :: table/A-/gt/entropy"
summary_table,strict,A-,alt (all),recovery_mean,48.2877,40.1102,54.9398,%,292,52,log-cluster bootstrap 2000 reps seed 0 (percentile),"autovla_misalignment_poc/outputs/paper_quantitative_package/_parts/recomputed/equal_distance_summary_strict_rerun.json (recomputed: rerun_equal_distance_analysis.sh, original script STRICT=1) :: table/A-/alt (all)/recovery"
summary_table,strict,A-,alt (all),amplification_mean,46.2329,38.8348,55.6113,%,292,52,log-cluster bootstrap 2000 reps seed 0 (percentile),"autovla_misalignment_poc/outputs/paper_quantitative_package/_parts/recomputed/equal_distance_summary_strict_rerun.json (recomputed: rerun_equal_distance_analysis.sh, original script STRICT=1) :: table/A-/alt (all)/amplification"
summary_table,strict,A-,alt (all),fde5_mean,6.395,5.2645,7.3599,m,292,52,log-cluster bootstrap 2000 reps seed 0 (percentile),"autovla_misalignment_poc/outputs/paper_quantitative_package/_parts/recomputed/equal_distance_summary_strict_rerun.json (recomputed: rerun_equal_distance_analysis.sh, original script STRICT=1) :: table/A-/alt (all)/fde5"
summary_table,strict,A-,alt (all),ade5_mean,2.4269,2.0424,2.7938,m,292,52,log-cluster bootstrap 2000 reps seed 0 (percentile),"autovla_misalignment_poc/outputs/paper_quantitative_package/_parts/recomputed/equal_distance_summary_strict_rerun.json (recomputed: rerun_equal_distance_analysis.sh, original script STRICT=1) :: table/A-/alt (all)/ade5"
summary_table,strict,A-,alt (all),downstream_err_mean,91.1148,87.7127,94.0897,%,292,52,log-cluster bootstrap 2000 reps seed 0 (percentile),"autovla_misalignment_poc/outputs/paper_quantitative_package/_parts/recomputed/equal_distance_summary_strict_rerun.json (recomputed: rerun_equal_distance_analysis.sh, original script STRICT=1) :: table/A-/alt (all)/downstream_err"
summary_table,strict,A-,alt (all),entropy_mean,1.4741,1.3298,1.6391,nat,292,52,log-cluster bootstrap 2000 reps seed 0 (percentile),"autovla_misalignment_poc/outputs/paper_quantitative_package/_parts/recomputed/equal_distance_summary_strict_rerun.json (recomputed: rerun_equal_distance_analysis.sh, original script STRICT=1) :: table/A-/alt (all)/entropy"
summary_table,strict,A-,alt (all),perturbation_distance_median,0.1362,,,m,292,52,,"autovla_misalignment_poc/outputs/paper_quantitative_package/_parts/recomputed/equal_distance_summary_strict_rerun.json (recomputed: rerun_equal_distance_analysis.sh, original script STRICT=1) :: table/A-/alt (all)/dist/median"
summary_table,strict,A-,alt (all),perturbation_distance_mean,0.1862,0.1434,0.237,m,292,52,log-cluster bootstrap of the mean,"autovla_misalignment_poc/outputs/paper_quantitative_package/_parts/recomputed/equal_distance_summary_strict_rerun.json (recomputed: rerun_equal_distance_analysis.sh, original script STRICT=1) :: table/A-/alt (all)/dist/mean"
summary_table,strict,A-,alt same direction as original,recovery_mean,36.8421,26.5291,51.8519,%,38,52,log-cluster bootstrap 2000 reps seed 0 (percentile),"autovla_misalignment_poc/outputs/paper_quantitative_package/_parts/recomputed/equal_distance_summary_strict_rerun.json (recomputed: rerun_equal_distance_analysis.sh, original script STRICT=1) :: table/A-/alt same direction as original/recovery"
summary_table,strict,A-,alt same direction as original,amplification_mean,55.2632,40.625,64.7059,%,38,52,log-cluster bootstrap 2000 reps seed 0 (percentile),"autovla_misalignment_poc/outputs/paper_quantitative_package/_parts/recomputed/equal_distance_summary_strict_rerun.json (recomputed: rerun_equal_distance_analysis.sh, original script STRICT=1) :: table/A-/alt same direction as original/amplification"
summary_table,strict,A-,alt same direction as original,fde5_mean,6.617,4.7109,7.8304,m,38,52,log-cluster bootstrap 2000 reps seed 0 (percentile),"autovla_misalignment_poc/outputs/paper_quantitative_package/_parts/recomputed/equal_distance_summary_strict_rerun.json (recomputed: rerun_equal_distance_analysis.sh, original script STRICT=1) :: table/A-/alt same direction as original/fde5"
summary_table,strict,A-,alt same direction as original,ade5_mean,2.4639,1.9368,2.7897,m,38,52,log-cluster bootstrap 2000 reps seed 0 (percentile),"autovla_misalignment_poc/outputs/paper_quantitative_package/_parts/recomputed/equal_distance_summary_strict_rerun.json (recomputed: rerun_equal_distance_analysis.sh, original script STRICT=1) :: table/A-/alt same direction as original/ade5"
summary_table,strict,A-,alt same direction as original,downstream_err_mean,93.1798,85.2497,98.125,%,38,52,log-cluster bootstrap 2000 reps seed 0 (percentile),"autovla_misalignment_poc/outputs/paper_quantitative_package/_parts/recomputed/equal_distance_summary_strict_rerun.json (recomputed: rerun_equal_distance_analysis.sh, original script STRICT=1) :: table/A-/alt same direction as original/downstream_err"
summary_table,strict,A-,alt same direction as original,entropy_mean,1.3953,1.1268,1.6623,nat,38,52,log-cluster bootstrap 2000 reps seed 0 (percentile),"autovla_misalignment_poc/outputs/paper_quantitative_package/_parts/recomputed/equal_distance_summary_strict_rerun.json (recomputed: rerun_equal_distance_analysis.sh, original script STRICT=1) :: table/A-/alt same direction as original/entropy"
summary_table,strict,A-,alt same direction as original,perturbation_distance_median,0.1342,,,m,38,52,,"autovla_misalignment_poc/outputs/paper_quantitative_package/_parts/recomputed/equal_distance_summary_strict_rerun.json (recomputed: rerun_equal_distance_analysis.sh, original script STRICT=1) :: table/A-/alt same direction as original/dist/median"
summary_table,strict,A-,alt same direction as original,perturbation_distance_mean,0.1881,0.1423,0.2514,m,38,52,log-cluster bootstrap of the mean,"autovla_misalignment_poc/outputs/paper_quantitative_package/_parts/recomputed/equal_distance_summary_strict_rerun.json (recomputed: rerun_equal_distance_analysis.sh, original script STRICT=1) :: table/A-/alt same direction as original/dist/mean"
summary_table,strict,A-,alt other directions,recovery_mean,50.0,40.5587,56.8627,%,254,52,log-cluster bootstrap 2000 reps seed 0 (percentile),"autovla_misalignment_poc/outputs/paper_quantitative_package/_parts/recomputed/equal_distance_summary_strict_rerun.json (recomputed: rerun_equal_distance_analysis.sh, original script STRICT=1) :: table/A-/alt other directions/recovery"
summary_table,strict,A-,alt other directions,amplification_mean,44.8819,37.2544,55.3977,%,254,52,log-cluster bootstrap 2000 reps seed 0 (percentile),"autovla_misalignment_poc/outputs/paper_quantitative_package/_parts/recomputed/equal_distance_summary_strict_rerun.json (recomputed: rerun_equal_distance_analysis.sh, original script STRICT=1) :: table/A-/alt other directions/amplification"
summary_table,strict,A-,alt other directions,fde5_mean,6.3616,5.2525,7.4955,m,254,52,log-cluster bootstrap 2000 reps seed 0 (percentile),"autovla_misalignment_poc/outputs/paper_quantitative_package/_parts/recomputed/equal_distance_summary_strict_rerun.json (recomputed: rerun_equal_distance_analysis.sh, original script STRICT=1) :: table/A-/alt other directions/fde5"
summary_table,strict,A-,alt other directions,ade5_mean,2.4213,2.0138,2.8228,m,254,52,log-cluster bootstrap 2000 reps seed 0 (percentile),"autovla_misalignment_poc/outputs/paper_quantitative_package/_parts/recomputed/equal_distance_summary_strict_rerun.json (recomputed: rerun_equal_distance_analysis.sh, original script STRICT=1) :: table/A-/alt other directions/ade5"
summary_table,strict,A-,alt other directions,downstream_err_mean,90.8058,87.5501,93.923,%,254,52,log-cluster bootstrap 2000 reps seed 0 (percentile),"autovla_misalignment_poc/outputs/paper_quantitative_package/_parts/recomputed/equal_distance_summary_strict_rerun.json (recomputed: rerun_equal_distance_analysis.sh, original script STRICT=1) :: table/A-/alt other directions/downstream_err"
summary_table,strict,A-,alt other directions,entropy_mean,1.486,1.3582,1.6428,nat,254,52,log-cluster bootstrap 2000 reps seed 0 (percentile),"autovla_misalignment_poc/outputs/paper_quantitative_package/_parts/recomputed/equal_distance_summary_strict_rerun.json (recomputed: rerun_equal_distance_analysis.sh, original script STRICT=1) :: table/A-/alt other directions/entropy"
summary_table,strict,A-,alt other directions,perturbation_distance_median,0.1362,,,m,254,52,,"autovla_misalignment_poc/outputs/paper_quantitative_package/_parts/recomputed/equal_distance_summary_strict_rerun.json (recomputed: rerun_equal_distance_analysis.sh, original script STRICT=1) :: table/A-/alt other directions/dist/median"
summary_table,strict,A-,alt other directions,perturbation_distance_mean,0.1859,0.1423,0.2355,m,254,52,log-cluster bootstrap of the mean,"autovla_misalignment_poc/outputs/paper_quantitative_package/_parts/recomputed/equal_distance_summary_strict_rerun.json (recomputed: rerun_equal_distance_analysis.sh, original script STRICT=1) :: table/A-/alt other directions/dist/mean"
summary_table,strict,A-,alt: faster,recovery_mean,56.4103,39.4737,73.0793,%,39,52,log-cluster bootstrap 2000 reps seed 0 (percentile),"autovla_misalignment_poc/outputs/paper_quantitative_package/_parts/recomputed/equal_distance_summary_strict_rerun.json (recomputed: rerun_equal_distance_analysis.sh, original script STRICT=1) :: table/A-/alt: faster/recovery"
summary_table,strict,A-,alt: faster,amplification_mean,35.8974,21.7391,48.7195,%,39,52,log-cluster bootstrap 2000 reps seed 0 (percentile),"autovla_misalignment_poc/outputs/paper_quantitative_package/_parts/recomputed/equal_distance_summary_strict_rerun.json (recomputed: rerun_equal_distance_analysis.sh, original script STRICT=1) :: table/A-/alt: faster/amplification"
summary_table,strict,A-,alt: faster,fde5_mean,5.7863,3.8984,8.0355,m,39,52,log-cluster bootstrap 2000 reps seed 0 (percentile),"autovla_misalignment_poc/outputs/paper_quantitative_package/_parts/recomputed/equal_distance_summary_strict_rerun.json (recomputed: rerun_equal_distance_analysis.sh, original script STRICT=1) :: table/A-/alt: faster/fde5"
summary_table,strict,A-,alt: faster,ade5_mean,2.1514,1.4694,3.0084,m,39,52,log-cluster bootstrap 2000 reps seed 0 (percentile),"autovla_misalignment_poc/outputs/paper_quantitative_package/_parts/recomputed/equal_distance_summary_strict_rerun.json (recomputed: rerun_equal_distance_analysis.sh, original script STRICT=1) :: table/A-/alt: faster/ade5"
summary_table,strict,A-,alt: faster,downstream_err_mean,88.0342,81.6137,94.6085,%,39,52,log-cluster bootstrap 2000 reps seed 0 (percentile),"autovla_misalignment_poc/outputs/paper_quantitative_package/_parts/recomputed/equal_distance_summary_strict_rerun.json (recomputed: rerun_equal_distance_analysis.sh, original script STRICT=1) :: table/A-/alt: faster/downstream_err"
summary_table,strict,A-,alt: faster,entropy_mean,1.3504,1.1307,1.5754,nat,39,52,log-cluster bootstrap 2000 reps seed 0 (percentile),"autovla_misalignment_poc/outputs/paper_quantitative_package/_parts/recomputed/equal_distance_summary_strict_rerun.json (recomputed: rerun_equal_distance_analysis.sh, original script STRICT=1) :: table/A-/alt: faster/entropy"
summary_table,strict,A-,alt: faster,perturbation_distance_median,0.134,,,m,39,52,,"autovla_misalignment_poc/outputs/paper_quantitative_package/_parts/recomputed/equal_distance_summary_strict_rerun.json (recomputed: rerun_equal_distance_analysis.sh, original script STRICT=1) :: table/A-/alt: faster/dist/median"
summary_table,strict,A-,alt: faster,perturbation_distance_mean,0.1889,0.1479,0.2336,m,39,52,log-cluster bootstrap of the mean,"autovla_misalignment_poc/outputs/paper_quantitative_package/_parts/recomputed/equal_distance_summary_strict_rerun.json (recomputed: rerun_equal_distance_analysis.sh, original script STRICT=1) :: table/A-/alt: faster/dist/mean"
summary_table,strict,A-,alt: faster-left,recovery_mean,54.5455,33.3333,67.348,%,33,52,log-cluster bootstrap 2000 reps seed 0 (percentile),"autovla_misalignment_poc/outputs/paper_quantitative_package/_parts/recomputed/equal_distance_summary_strict_rerun.json (recomputed: rerun_equal_distance_analysis.sh, original script STRICT=1) :: table/A-/alt: faster-left/recovery"
summary_table,strict,A-,alt: faster-left,amplification_mean,45.4545,32.652,66.6667,%,33,52,log-cluster bootstrap 2000 reps seed 0 (percentile),"autovla_misalignment_poc/outputs/paper_quantitative_package/_parts/recomputed/equal_distance_summary_strict_rerun.json (recomputed: rerun_equal_distance_analysis.sh, original script STRICT=1) :: table/A-/alt: faster-left/amplification"
summary_table,strict,A-,alt: faster-left,fde5_mean,6.4436,4.8623,7.9067,m,33,52,log-cluster bootstrap 2000 reps seed 0 (percentile),"autovla_misalignment_poc/outputs/paper_quantitative_package/_parts/recomputed/equal_distance_summary_strict_rerun.json (recomputed: rerun_equal_distance_analysis.sh, original script STRICT=1) :: table/A-/alt: faster-left/fde5"
summary_table,strict,A-,alt: faster-left,ade5_mean,2.4446,1.955,2.8588,m,33,52,log-cluster bootstrap 2000 reps seed 0 (percentile),"autovla_misalignment_poc/outputs/paper_quantitative_package/_parts/recomputed/equal_distance_summary_strict_rerun.json (recomputed: rerun_equal_distance_analysis.sh, original script STRICT=1) :: table/A-/alt: faster-left/ade5"
summary_table,strict,A-,alt: faster-left,downstream_err_mean,86.9769,80.6733,95.5564,%,33,52,log-cluster bootstrap 2000 reps seed 0 (percentile),"autovla_misalignment_poc/outputs/paper_quantitative_package/_parts/recomputed/equal_distance_summary_strict_rerun.json (recomputed: rerun_equal_distance_analysis.sh, original script STRICT=1) :: table/A-/alt: faster-left/downstream_err"
summary_table,strict,A-,alt: faster-left,entropy_mean,1.4816,1.346,1.6732,nat,33,52,log-cluster bootstrap 2000 reps seed 0 (percentile),"autovla_misalignment_poc/outputs/paper_quantitative_package/_parts/recomputed/equal_distance_summary_strict_rerun.json (recomputed: rerun_equal_distance_analysis.sh, original script STRICT=1) :: table/A-/alt: faster-left/entropy"
summary_table,strict,A-,alt: faster-left,perturbation_distance_median,0.1462,,,m,33,52,,"autovla_misalignment_poc/outputs/paper_quantitative_package/_parts/recomputed/equal_distance_summary_strict_rerun.json (recomputed: rerun_equal_distance_analysis.sh, original script STRICT=1) :: table/A-/alt: faster-left/dist/median"
summary_table,strict,A-,alt: faster-left,perturbation_distance_mean,0.2103,0.1619,0.2616,m,33,52,log-cluster bootstrap of the mean,"autovla_misalignment_poc/outputs/paper_quantitative_package/_parts/recomputed/equal_distance_summary_strict_rerun.json (recomputed: rerun_equal_distance_analysis.sh, original script STRICT=1) :: table/A-/alt: faster-left/dist/mean"
summary_table,strict,A-,alt: left,recovery_mean,54.8387,34.6154,69.4475,%,31,52,log-cluster bootstrap 2000 reps seed 0 (percentile),"autovla_misalignment_poc/outputs/paper_quantitative_package/_parts/recomputed/equal_distance_summary_strict_rerun.json (recomputed: rerun_equal_distance_analysis.sh, original script STRICT=1) :: table/A-/alt: left/recovery"
summary_table,strict,A-,alt: left,amplification_mean,35.4839,17.3913,54.1761,%,31,52,log-cluster bootstrap 2000 reps seed 0 (percentile),"autovla_misalignment_poc/outputs/paper_quantitative_package/_parts/recomputed/equal_distance_summary_strict_rerun.json (recomputed: rerun_equal_distance_analysis.sh, original script STRICT=1) :: table/A-/alt: left/amplification"
summary_table,strict,A-,alt: left,fde5_mean,5.9629,4.1638,7.6998,m,31,52,log-cluster bootstrap 2000 reps seed 0 (percentile),"autovla_misalignment_poc/outputs/paper_quantitative_package/_parts/recomputed/equal_distance_summary_strict_rerun.json (recomputed: rerun_equal_distance_analysis.sh, original script STRICT=1) :: table/A-/alt: left/fde5"
summary_table,strict,A-,alt: left,ade5_mean,2.5353,1.7637,3.3331,m,31,52,log-cluster bootstrap 2000 reps seed 0 (percentile),"autovla_misalignment_poc/outputs/paper_quantitative_package/_parts/recomputed/equal_distance_summary_strict_rerun.json (recomputed: rerun_equal_distance_analysis.sh, original script STRICT=1) :: table/A-/alt: left/ade5"
summary_table,strict,A-,alt: left,downstream_err_mean,87.1352,74.7881,94.4138,%,31,52,log-cluster bootstrap 2000 reps seed 0 (percentile),"autovla_misalignment_poc/outputs/paper_quantitative_package/_parts/recomputed/equal_distance_summary_strict_rerun.json (recomputed: rerun_equal_distance_analysis.sh, original script STRICT=1) :: table/A-/alt: left/downstream_err"
summary_table,strict,A-,alt: left,entropy_mean,1.5637,1.2853,1.8276,nat,31,52,log-cluster bootstrap 2000 reps seed 0 (percentile),"autovla_misalignment_poc/outputs/paper_quantitative_package/_parts/recomputed/equal_distance_summary_strict_rerun.json (recomputed: rerun_equal_distance_analysis.sh, original script STRICT=1) :: table/A-/alt: left/entropy"
summary_table,strict,A-,alt: left,perturbation_distance_median,0.1289,,,m,31,52,,"autovla_misalignment_poc/outputs/paper_quantitative_package/_parts/recomputed/equal_distance_summary_strict_rerun.json (recomputed: rerun_equal_distance_analysis.sh, original script STRICT=1) :: table/A-/alt: left/dist/median"
summary_table,strict,A-,alt: left,perturbation_distance_mean,0.1728,0.1319,0.2206,m,31,52,log-cluster bootstrap of the mean,"autovla_misalignment_poc/outputs/paper_quantitative_package/_parts/recomputed/equal_distance_summary_strict_rerun.json (recomputed: rerun_equal_distance_analysis.sh, original script STRICT=1) :: table/A-/alt: left/dist/mean"
summary_table,strict,A-,alt: slower-left,recovery_mean,40.5405,22.7236,52.634,%,37,52,log-cluster bootstrap 2000 reps seed 0 (percentile),"autovla_misalignment_poc/outputs/paper_quantitative_package/_parts/recomputed/equal_distance_summary_strict_rerun.json (recomputed: rerun_equal_distance_analysis.sh, original script STRICT=1) :: table/A-/alt: slower-left/recovery"
summary_table,strict,A-,alt: slower-left,amplification_mean,45.9459,35.0,65.0,%,37,52,log-cluster bootstrap 2000 reps seed 0 (percentile),"autovla_misalignment_poc/outputs/paper_quantitative_package/_parts/recomputed/equal_distance_summary_strict_rerun.json (recomputed: rerun_equal_distance_analysis.sh, original script STRICT=1) :: table/A-/alt: slower-left/amplification"
summary_table,strict,A-,alt: slower-left,fde5_mean,5.6637,4.5392,6.9803,m,37,52,log-cluster bootstrap 2000 reps seed 0 (percentile),"autovla_misalignment_poc/outputs/paper_quantitative_package/_parts/recomputed/equal_distance_summary_strict_rerun.json (recomputed: rerun_equal_distance_analysis.sh, original script STRICT=1) :: table/A-/alt: slower-left/fde5"
summary_table,strict,A-,alt: slower-left,ade5_mean,2.0888,1.733,2.4943,m,37,52,log-cluster bootstrap 2000 reps seed 0 (percentile),"autovla_misalignment_poc/outputs/paper_quantitative_package/_parts/recomputed/equal_distance_summary_strict_rerun.json (recomputed: rerun_equal_distance_analysis.sh, original script STRICT=1) :: table/A-/alt: slower-left/ade5"
summary_table,strict,A-,alt: slower-left,downstream_err_mean,95.3496,89.6733,99.3789,%,37,52,log-cluster bootstrap 2000 reps seed 0 (percentile),"autovla_misalignment_poc/outputs/paper_quantitative_package/_parts/recomputed/equal_distance_summary_strict_rerun.json (recomputed: rerun_equal_distance_analysis.sh, original script STRICT=1) :: table/A-/alt: slower-left/downstream_err"
summary_table,strict,A-,alt: slower-left,entropy_mean,1.5658,1.339,1.8851,nat,37,52,log-cluster bootstrap 2000 reps seed 0 (percentile),"autovla_misalignment_poc/outputs/paper_quantitative_package/_parts/recomputed/equal_distance_summary_strict_rerun.json (recomputed: rerun_equal_distance_analysis.sh, original script STRICT=1) :: table/A-/alt: slower-left/entropy"
summary_table,strict,A-,alt: slower-left,perturbation_distance_median,0.1446,,,m,37,52,,"autovla_misalignment_poc/outputs/paper_quantitative_package/_parts/recomputed/equal_distance_summary_strict_rerun.json (recomputed: rerun_equal_distance_analysis.sh, original script STRICT=1) :: table/A-/alt: slower-left/dist/median"
summary_table,strict,A-,alt: slower-left,perturbation_distance_mean,0.1888,0.1412,0.2527,m,37,52,log-cluster bootstrap of the mean,"autovla_misalignment_poc/outputs/paper_quantitative_package/_parts/recomputed/equal_distance_summary_strict_rerun.json (recomputed: rerun_equal_distance_analysis.sh, original script STRICT=1) :: table/A-/alt: slower-left/dist/mean"
summary_table,strict,A-,alt: slower,recovery_mean,39.5349,29.2683,53.125,%,43,52,log-cluster bootstrap 2000 reps seed 0 (percentile),"autovla_misalignment_poc/outputs/paper_quantitative_package/_parts/recomputed/equal_distance_summary_strict_rerun.json (recomputed: rerun_equal_distance_analysis.sh, original script STRICT=1) :: table/A-/alt: slower/recovery"
summary_table,strict,A-,alt: slower,amplification_mean,55.814,40.0,67.5719,%,43,52,log-cluster bootstrap 2000 reps seed 0 (percentile),"autovla_misalignment_poc/outputs/paper_quantitative_package/_parts/recomputed/equal_distance_summary_strict_rerun.json (recomputed: rerun_equal_distance_analysis.sh, original script STRICT=1) :: table/A-/alt: slower/amplification"
summary_table,strict,A-,alt: slower,fde5_mean,6.4331,5.1694,7.6763,m,43,52,log-cluster bootstrap 2000 reps seed 0 (percentile),"autovla_misalignment_poc/outputs/paper_quantitative_package/_parts/recomputed/equal_distance_summary_strict_rerun.json (recomputed: rerun_equal_distance_analysis.sh, original script STRICT=1) :: table/A-/alt: slower/fde5"
summary_table,strict,A-,alt: slower,ade5_mean,2.2812,1.9072,2.741,m,43,52,log-cluster bootstrap 2000 reps seed 0 (percentile),"autovla_misalignment_poc/outputs/paper_quantitative_package/_parts/recomputed/equal_distance_summary_strict_rerun.json (recomputed: rerun_equal_distance_analysis.sh, original script STRICT=1) :: table/A-/alt: slower/ade5"
summary_table,strict,A-,alt: slower,downstream_err_mean,95.8979,91.9702,98.9486,%,43,52,log-cluster bootstrap 2000 reps seed 0 (percentile),"autovla_misalignment_poc/outputs/paper_quantitative_package/_parts/recomputed/equal_distance_summary_strict_rerun.json (recomputed: rerun_equal_distance_analysis.sh, original script STRICT=1) :: table/A-/alt: slower/downstream_err"
summary_table,strict,A-,alt: slower,entropy_mean,1.36,1.1931,1.5879,nat,43,52,log-cluster bootstrap 2000 reps seed 0 (percentile),"autovla_misalignment_poc/outputs/paper_quantitative_package/_parts/recomputed/equal_distance_summary_strict_rerun.json (recomputed: rerun_equal_distance_analysis.sh, original script STRICT=1) :: table/A-/alt: slower/entropy"
summary_table,strict,A-,alt: slower,perturbation_distance_median,0.1418,,,m,43,52,,"autovla_misalignment_poc/outputs/paper_quantitative_package/_parts/recomputed/equal_distance_summary_strict_rerun.json (recomputed: rerun_equal_distance_analysis.sh, original script STRICT=1) :: table/A-/alt: slower/dist/median"
summary_table,strict,A-,alt: slower,perturbation_distance_mean,0.1809,0.1366,0.2385,m,43,52,log-cluster bootstrap of the mean,"autovla_misalignment_poc/outputs/paper_quantitative_package/_parts/recomputed/equal_distance_summary_strict_rerun.json (recomputed: rerun_equal_distance_analysis.sh, original script STRICT=1) :: table/A-/alt: slower/dist/mean"
summary_table,strict,A-,alt: slower-right,recovery_mean,39.3939,20.0,54.0569,%,33,52,log-cluster bootstrap 2000 reps seed 0 (percentile),"autovla_misalignment_poc/outputs/paper_quantitative_package/_parts/recomputed/equal_distance_summary_strict_rerun.json (recomputed: rerun_equal_distance_analysis.sh, original script STRICT=1) :: table/A-/alt: slower-right/recovery"
summary_table,strict,A-,alt: slower-right,amplification_mean,57.5758,41.4613,76.4706,%,33,52,log-cluster bootstrap 2000 reps seed 0 (percentile),"autovla_misalignment_poc/outputs/paper_quantitative_package/_parts/recomputed/equal_distance_summary_strict_rerun.json (recomputed: rerun_equal_distance_analysis.sh, original script STRICT=1) :: table/A-/alt: slower-right/amplification"
summary_table,strict,A-,alt: slower-right,fde5_mean,6.7976,5.2524,8.6748,m,33,52,log-cluster bootstrap 2000 reps seed 0 (percentile),"autovla_misalignment_poc/outputs/paper_quantitative_package/_parts/recomputed/equal_distance_summary_strict_rerun.json (recomputed: rerun_equal_distance_analysis.sh, original script STRICT=1) :: table/A-/alt: slower-right/fde5"
summary_table,strict,A-,alt: slower-right,ade5_mean,2.6188,2.0463,3.3739,m,33,52,log-cluster bootstrap 2000 reps seed 0 (percentile),"autovla_misalignment_poc/outputs/paper_quantitative_package/_parts/recomputed/equal_distance_summary_strict_rerun.json (recomputed: rerun_equal_distance_analysis.sh, original script STRICT=1) :: table/A-/alt: slower-right/ade5"
summary_table,strict,A-,alt: slower-right,downstream_err_mean,89.917,78.4929,98.2511,%,33,52,log-cluster bootstrap 2000 reps seed 0 (percentile),"autovla_misalignment_poc/outputs/paper_quantitative_package/_parts/recomputed/equal_distance_summary_strict_rerun.json (recomputed: rerun_equal_distance_analysis.sh, original script STRICT=1) :: table/A-/alt: slower-right/downstream_err"
summary_table,strict,A-,alt: slower-right,entropy_mean,1.4618,1.2523,1.6696,nat,33,52,log-cluster bootstrap 2000 reps seed 0 (percentile),"autovla_misalignment_poc/outputs/paper_quantitative_package/_parts/recomputed/equal_distance_summary_strict_rerun.json (recomputed: rerun_equal_distance_analysis.sh, original script STRICT=1) :: table/A-/alt: slower-right/entropy"
summary_table,strict,A-,alt: slower-right,perturbation_distance_median,0.1252,,,m,33,52,,"autovla_misalignment_poc/outputs/paper_quantitative_package/_parts/recomputed/equal_distance_summary_strict_rerun.json (recomputed: rerun_equal_distance_analysis.sh, original script STRICT=1) :: table/A-/alt: slower-right/dist/median"
summary_table,strict,A-,alt: slower-right,perturbation_distance_mean,0.1898,0.1389,0.2504,m,33,52,log-cluster bootstrap of the mean,"autovla_misalignment_poc/outputs/paper_quantitative_package/_parts/recomputed/equal_distance_summary_strict_rerun.json (recomputed: rerun_equal_distance_analysis.sh, original script STRICT=1) :: table/A-/alt: slower-right/dist/mean"
summary_table,strict,A-,alt: right,recovery_mean,55.8824,40.8144,75.0,%,34,52,log-cluster bootstrap 2000 reps seed 0 (percentile),"autovla_misalignment_poc/outputs/paper_quantitative_package/_parts/recomputed/equal_distance_summary_strict_rerun.json (recomputed: rerun_equal_distance_analysis.sh, original script STRICT=1) :: table/A-/alt: right/recovery"
summary_table,strict,A-,alt: right,amplification_mean,41.1765,24.0,57.5787,%,34,52,log-cluster bootstrap 2000 reps seed 0 (percentile),"autovla_misalignment_poc/outputs/paper_quantitative_package/_parts/recomputed/equal_distance_summary_strict_rerun.json (recomputed: rerun_equal_distance_analysis.sh, original script STRICT=1) :: table/A-/alt: right/amplification"
summary_table,strict,A-,alt: right,fde5_mean,6.5973,4.1782,8.5033,m,34,52,log-cluster bootstrap 2000 reps seed 0 (percentile),"autovla_misalignment_poc/outputs/paper_quantitative_package/_parts/recomputed/equal_distance_summary_strict_rerun.json (recomputed: rerun_equal_distance_analysis.sh, original script STRICT=1) :: table/A-/alt: right/fde5"
summary_table,strict,A-,alt: right,ade5_mean,2.6535,1.7111,3.5773,m,34,52,log-cluster bootstrap 2000 reps seed 0 (percentile),"autovla_misalignment_poc/outputs/paper_quantitative_package/_parts/recomputed/equal_distance_summary_strict_rerun.json (recomputed: rerun_equal_distance_analysis.sh, original script STRICT=1) :: table/A-/alt: right/ade5"
summary_table,strict,A-,alt: right,downstream_err_mean,93.3123,85.0966,98.5224,%,34,52,log-cluster bootstrap 2000 reps seed 0 (percentile),"autovla_misalignment_poc/outputs/paper_quantitative_package/_parts/recomputed/equal_distance_summary_strict_rerun.json (recomputed: rerun_equal_distance_analysis.sh, original script STRICT=1) :: table/A-/alt: right/downstream_err"
summary_table,strict,A-,alt: right,entropy_mean,1.6442,1.4075,1.9546,nat,34,52,log-cluster bootstrap 2000 reps seed 0 (percentile),"autovla_misalignment_poc/outputs/paper_quantitative_package/_parts/recomputed/equal_distance_summary_strict_rerun.json (recomputed: rerun_equal_distance_analysis.sh, original script STRICT=1) :: table/A-/alt: right/entropy"
summary_table,strict,A-,alt: right,perturbation_distance_median,0.1311,,,m,34,52,,"autovla_misalignment_poc/outputs/paper_quantitative_package/_parts/recomputed/equal_distance_summary_strict_rerun.json (recomputed: rerun_equal_distance_analysis.sh, original script STRICT=1) :: table/A-/alt: right/dist/median"
summary_table,strict,A-,alt: right,perturbation_distance_mean,0.1801,0.1279,0.2522,m,34,52,log-cluster bootstrap of the mean,"autovla_misalignment_poc/outputs/paper_quantitative_package/_parts/recomputed/equal_distance_summary_strict_rerun.json (recomputed: rerun_equal_distance_analysis.sh, original script STRICT=1) :: table/A-/alt: right/dist/mean"
summary_table,strict,A-,alt: faster-right,recovery_mean,47.619,36.6667,63.8889,%,42,52,log-cluster bootstrap 2000 reps seed 0 (percentile),"autovla_misalignment_poc/outputs/paper_quantitative_package/_parts/recomputed/equal_distance_summary_strict_rerun.json (recomputed: rerun_equal_distance_analysis.sh, original script STRICT=1) :: table/A-/alt: faster-right/recovery"
summary_table,strict,A-,alt: faster-right,amplification_mean,50.0,33.3333,61.9112,%,42,52,log-cluster bootstrap 2000 reps seed 0 (percentile),"autovla_misalignment_poc/outputs/paper_quantitative_package/_parts/recomputed/equal_distance_summary_strict_rerun.json (recomputed: rerun_equal_distance_analysis.sh, original script STRICT=1) :: table/A-/alt: faster-right/amplification"
summary_table,strict,A-,alt: faster-right,fde5_mean,7.3709,5.0303,8.998,m,42,52,log-cluster bootstrap 2000 reps seed 0 (percentile),"autovla_misalignment_poc/outputs/paper_quantitative_package/_parts/recomputed/equal_distance_summary_strict_rerun.json (recomputed: rerun_equal_distance_analysis.sh, original script STRICT=1) :: table/A-/alt: faster-right/fde5"
summary_table,strict,A-,alt: faster-right,ade5_mean,2.7069,1.8245,3.3549,m,42,52,log-cluster bootstrap 2000 reps seed 0 (percentile),"autovla_misalignment_poc/outputs/paper_quantitative_package/_parts/recomputed/equal_distance_summary_strict_rerun.json (recomputed: rerun_equal_distance_analysis.sh, original script STRICT=1) :: table/A-/alt: faster-right/ade5"
summary_table,strict,A-,alt: faster-right,downstream_err_mean,90.6982,84.5063,96.1787,%,42,52,log-cluster bootstrap 2000 reps seed 0 (percentile),"autovla_misalignment_poc/outputs/paper_quantitative_package/_parts/recomputed/equal_distance_summary_strict_rerun.json (recomputed: rerun_equal_distance_analysis.sh, original script STRICT=1) :: table/A-/alt: faster-right/downstream_err"
summary_table,strict,A-,alt: faster-right,entropy_mean,1.4292,1.2927,1.5628,nat,42,52,log-cluster bootstrap 2000 reps seed 0 (percentile),"autovla_misalignment_poc/outputs/paper_quantitative_package/_parts/recomputed/equal_distance_summary_strict_rerun.json (recomputed: rerun_equal_distance_analysis.sh, original script STRICT=1) :: table/A-/alt: faster-right/entropy"
summary_table,strict,A-,alt: faster-right,perturbation_distance_median,0.1345,,,m,42,52,,"autovla_misalignment_poc/outputs/paper_quantitative_package/_parts/recomputed/equal_distance_summary_strict_rerun.json (recomputed: rerun_equal_distance_analysis.sh, original script STRICT=1) :: table/A-/alt: faster-right/dist/median"
summary_table,strict,A-,alt: faster-right,perturbation_distance_mean,0.1799,0.1375,0.2285,m,42,52,log-cluster bootstrap of the mean,"autovla_misalignment_poc/outputs/paper_quantitative_package/_parts/recomputed/equal_distance_summary_strict_rerun.json (recomputed: rerun_equal_distance_analysis.sh, original script STRICT=1) :: table/A-/alt: faster-right/dist/mean"
summary_table,strict,A+,original,recovery_mean,98.7179,96.2957,100.0,%,156,156,log-cluster bootstrap 2000 reps seed 0 (percentile),"autovla_misalignment_poc/outputs/paper_quantitative_package/_parts/recomputed/equal_distance_summary_strict_rerun.json (recomputed: rerun_equal_distance_analysis.sh, original script STRICT=1) :: table/A+/original/recovery"
summary_table,strict,A+,original,amplification_mean,0.0,0.0,0.0,%,156,156,log-cluster bootstrap 2000 reps seed 0 (percentile),"autovla_misalignment_poc/outputs/paper_quantitative_package/_parts/recomputed/equal_distance_summary_strict_rerun.json (recomputed: rerun_equal_distance_analysis.sh, original script STRICT=1) :: table/A+/original/amplification"
summary_table,strict,A+,original,fde5_mean,1.804,1.3009,2.1835,m,156,156,log-cluster bootstrap 2000 reps seed 0 (percentile),"autovla_misalignment_poc/outputs/paper_quantitative_package/_parts/recomputed/equal_distance_summary_strict_rerun.json (recomputed: rerun_equal_distance_analysis.sh, original script STRICT=1) :: table/A+/original/fde5"
summary_table,strict,A+,original,ade5_mean,0.7889,0.5696,0.9578,m,156,156,log-cluster bootstrap 2000 reps seed 0 (percentile),"autovla_misalignment_poc/outputs/paper_quantitative_package/_parts/recomputed/equal_distance_summary_strict_rerun.json (recomputed: rerun_equal_distance_analysis.sh, original script STRICT=1) :: table/A+/original/ade5"
summary_table,strict,A+,original,downstream_err_mean,70.536,63.9509,75.8311,%,156,156,log-cluster bootstrap 2000 reps seed 0 (percentile),"autovla_misalignment_poc/outputs/paper_quantitative_package/_parts/recomputed/equal_distance_summary_strict_rerun.json (recomputed: rerun_equal_distance_analysis.sh, original script STRICT=1) :: table/A+/original/downstream_err"
summary_table,strict,A+,original,entropy_mean,0.846,0.762,0.9157,nat,156,156,log-cluster bootstrap 2000 reps seed 0 (percentile),"autovla_misalignment_poc/outputs/paper_quantitative_package/_parts/recomputed/equal_distance_summary_strict_rerun.json (recomputed: rerun_equal_distance_analysis.sh, original script STRICT=1) :: table/A+/original/entropy"
summary_table,strict,A+,original,perturbation_distance_median,0.0768,,,m,156,156,,"autovla_misalignment_poc/outputs/paper_quantitative_package/_parts/recomputed/equal_distance_summary_strict_rerun.json (recomputed: rerun_equal_distance_analysis.sh, original script STRICT=1) :: table/A+/original/dist/median"
summary_table,strict,A+,original,perturbation_distance_mean,0.1093,0.0922,0.1302,m,156,156,log-cluster bootstrap of the mean,"autovla_misalignment_poc/outputs/paper_quantitative_package/_parts/recomputed/equal_distance_summary_strict_rerun.json (recomputed: rerun_equal_distance_analysis.sh, original script STRICT=1) :: table/A+/original/dist/mean"
summary_table,strict,A+,original_reseed,recovery_mean,98.0769,95.4887,100.0,%,156,156,log-cluster bootstrap 2000 reps seed 0 (percentile),"autovla_misalignment_poc/outputs/paper_quantitative_package/_parts/recomputed/equal_distance_summary_strict_rerun.json (recomputed: rerun_equal_distance_analysis.sh, original script STRICT=1) :: table/A+/original_reseed/recovery"
summary_table,strict,A+,original_reseed,amplification_mean,0.641,0.0,2.0517,%,156,156,log-cluster bootstrap 2000 reps seed 0 (percentile),"autovla_misalignment_poc/outputs/paper_quantitative_package/_parts/recomputed/equal_distance_summary_strict_rerun.json (recomputed: rerun_equal_distance_analysis.sh, original script STRICT=1) :: table/A+/original_reseed/amplification"
summary_table,strict,A+,original_reseed,fde5_mean,1.8323,1.348,2.193,m,156,156,log-cluster bootstrap 2000 reps seed 0 (percentile),"autovla_misalignment_poc/outputs/paper_quantitative_package/_parts/recomputed/equal_distance_summary_strict_rerun.json (recomputed: rerun_equal_distance_analysis.sh, original script STRICT=1) :: table/A+/original_reseed/fde5"
summary_table,strict,A+,original_reseed,ade5_mean,0.7998,0.5873,0.9624,m,156,156,log-cluster bootstrap 2000 reps seed 0 (percentile),"autovla_misalignment_poc/outputs/paper_quantitative_package/_parts/recomputed/equal_distance_summary_strict_rerun.json (recomputed: rerun_equal_distance_analysis.sh, original script STRICT=1) :: table/A+/original_reseed/ade5"
summary_table,strict,A+,original_reseed,downstream_err_mean,71.6043,64.652,77.1571,%,156,156,log-cluster bootstrap 2000 reps seed 0 (percentile),"autovla_misalignment_poc/outputs/paper_quantitative_package/_parts/recomputed/equal_distance_summary_strict_rerun.json (recomputed: rerun_equal_distance_analysis.sh, original script STRICT=1) :: table/A+/original_reseed/downstream_err"
summary_table,strict,A+,original_reseed,entropy_mean,0.8599,0.7808,0.9299,nat,156,156,log-cluster bootstrap 2000 reps seed 0 (percentile),"autovla_misalignment_poc/outputs/paper_quantitative_package/_parts/recomputed/equal_distance_summary_strict_rerun.json (recomputed: rerun_equal_distance_analysis.sh, original script STRICT=1) :: table/A+/original_reseed/entropy"
summary_table,strict,A+,original_reseed,perturbation_distance_median,0.0768,,,m,156,156,,"autovla_misalignment_poc/outputs/paper_quantitative_package/_parts/recomputed/equal_distance_summary_strict_rerun.json (recomputed: rerun_equal_distance_analysis.sh, original script STRICT=1) :: table/A+/original_reseed/dist/median"
summary_table,strict,A+,original_reseed,perturbation_distance_mean,0.1093,0.0922,0.1302,m,156,156,log-cluster bootstrap of the mean,"autovla_misalignment_poc/outputs/paper_quantitative_package/_parts/recomputed/equal_distance_summary_strict_rerun.json (recomputed: rerun_equal_distance_analysis.sh, original script STRICT=1) :: table/A+/original_reseed/dist/mean"
summary_table,strict,A+,gt,recovery_mean,99.359,97.8564,100.0,%,156,156,log-cluster bootstrap 2000 reps seed 0 (percentile),"autovla_misalignment_poc/outputs/paper_quantitative_package/_parts/recomputed/equal_distance_summary_strict_rerun.json (recomputed: rerun_equal_distance_analysis.sh, original script STRICT=1) :: table/A+/gt/recovery"
summary_table,strict,A+,gt,amplification_mean,0.641,0.0,2.1436,%,156,156,log-cluster bootstrap 2000 reps seed 0 (percentile),"autovla_misalignment_poc/outputs/paper_quantitative_package/_parts/recomputed/equal_distance_summary_strict_rerun.json (recomputed: rerun_equal_distance_analysis.sh, original script STRICT=1) :: table/A+/gt/amplification"
summary_table,strict,A+,gt,fde5_mean,0.6004,0.3288,0.8145,m,156,156,log-cluster bootstrap 2000 reps seed 0 (percentile),"autovla_misalignment_poc/outputs/paper_quantitative_package/_parts/recomputed/equal_distance_summary_strict_rerun.json (recomputed: rerun_equal_distance_analysis.sh, original script STRICT=1) :: table/A+/gt/fde5"
summary_table,strict,A+,gt,ade5_mean,0.2388,0.1378,0.3178,m,156,156,log-cluster bootstrap 2000 reps seed 0 (percentile),"autovla_misalignment_poc/outputs/paper_quantitative_package/_parts/recomputed/equal_distance_summary_strict_rerun.json (recomputed: rerun_equal_distance_analysis.sh, original script STRICT=1) :: table/A+/gt/ade5"
summary_table,strict,A+,gt,downstream_err_mean,28.5615,21.304,34.8792,%,156,156,log-cluster bootstrap 2000 reps seed 0 (percentile),"autovla_misalignment_poc/outputs/paper_quantitative_package/_parts/recomputed/equal_distance_summary_strict_rerun.json (recomputed: rerun_equal_distance_analysis.sh, original script STRICT=1) :: table/A+/gt/downstream_err"
summary_table,strict,A+,gt,entropy_mean,0.5305,0.4282,0.6267,nat,156,156,log-cluster bootstrap 2000 reps seed 0 (percentile),"autovla_misalignment_poc/outputs/paper_quantitative_package/_parts/recomputed/equal_distance_summary_strict_rerun.json (recomputed: rerun_equal_distance_analysis.sh, original script STRICT=1) :: table/A+/gt/entropy"
summary_table,strict,A+,alt (all),recovery_mean,93.1258,90.59,95.7779,%,771,156,log-cluster bootstrap 2000 reps seed 0 (percentile),"autovla_misalignment_poc/outputs/paper_quantitative_package/_parts/recomputed/equal_distance_summary_strict_rerun.json (recomputed: rerun_equal_distance_analysis.sh, original script STRICT=1) :: table/A+/alt (all)/recovery"
summary_table,strict,A+,alt (all),amplification_mean,5.0584,2.9628,7.0077,%,771,156,log-cluster bootstrap 2000 reps seed 0 (percentile),"autovla_misalignment_poc/outputs/paper_quantitative_package/_parts/recomputed/equal_distance_summary_strict_rerun.json (recomputed: rerun_equal_distance_analysis.sh, original script STRICT=1) :: table/A+/alt (all)/amplification"
summary_table,strict,A+,alt (all),fde5_mean,2.4813,1.9534,2.8635,m,771,156,log-cluster bootstrap 2000 reps seed 0 (percentile),"autovla_misalignment_poc/outputs/paper_quantitative_package/_parts/recomputed/equal_distance_summary_strict_rerun.json (recomputed: rerun_equal_distance_analysis.sh, original script STRICT=1) :: table/A+/alt (all)/fde5"
summary_table,strict,A+,alt (all),ade5_mean,1.059,0.832,1.2296,m,771,156,log-cluster bootstrap 2000 reps seed 0 (percentile),"autovla_misalignment_poc/outputs/paper_quantitative_package/_parts/recomputed/equal_distance_summary_strict_rerun.json (recomputed: rerun_equal_distance_analysis.sh, original script STRICT=1) :: table/A+/alt (all)/ade5"
summary_table,strict,A+,alt (all),downstream_err_mean,73.3977,67.7931,77.9486,%,771,156,log-cluster bootstrap 2000 reps seed 0 (percentile),"autovla_misalignment_poc/outputs/paper_quantitative_package/_parts/recomputed/equal_distance_summary_strict_rerun.json (recomputed: rerun_equal_distance_analysis.sh, original script STRICT=1) :: table/A+/alt (all)/downstream_err"
summary_table,strict,A+,alt (all),entropy_mean,1.066,0.9438,1.1538,nat,771,156,log-cluster bootstrap 2000 reps seed 0 (percentile),"autovla_misalignment_poc/outputs/paper_quantitative_package/_parts/recomputed/equal_distance_summary_strict_rerun.json (recomputed: rerun_equal_distance_analysis.sh, original script STRICT=1) :: table/A+/alt (all)/entropy"
summary_table,strict,A+,alt (all),perturbation_distance_median,0.0952,,,m,771,156,,"autovla_misalignment_poc/outputs/paper_quantitative_package/_parts/recomputed/equal_distance_summary_strict_rerun.json (recomputed: rerun_equal_distance_analysis.sh, original script STRICT=1) :: table/A+/alt (all)/dist/median"
summary_table,strict,A+,alt (all),perturbation_distance_mean,0.127,0.1078,0.1487,m,771,156,log-cluster bootstrap of the mean,"autovla_misalignment_poc/outputs/paper_quantitative_package/_parts/recomputed/equal_distance_summary_strict_rerun.json (recomputed: rerun_equal_distance_analysis.sh, original script STRICT=1) :: table/A+/alt (all)/dist/mean"
summary_table,strict,A+,alt same direction as original,recovery_mean,94.6667,89.0909,98.6846,%,75,156,log-cluster bootstrap 2000 reps seed 0 (percentile),"autovla_misalignment_poc/outputs/paper_quantitative_package/_parts/recomputed/equal_distance_summary_strict_rerun.json (recomputed: rerun_equal_distance_analysis.sh, original script STRICT=1) :: table/A+/alt same direction as original/recovery"
summary_table,strict,A+,alt same direction as original,amplification_mean,4.0,0.0,10.4174,%,75,156,log-cluster bootstrap 2000 reps seed 0 (percentile),"autovla_misalignment_poc/outputs/paper_quantitative_package/_parts/recomputed/equal_distance_summary_strict_rerun.json (recomputed: rerun_equal_distance_analysis.sh, original script STRICT=1) :: table/A+/alt same direction as original/amplification"
summary_table,strict,A+,alt same direction as original,fde5_mean,3.6926,2.4644,5.0909,m,75,156,log-cluster bootstrap 2000 reps seed 0 (percentile),"autovla_misalignment_poc/outputs/paper_quantitative_package/_parts/recomputed/equal_distance_summary_strict_rerun.json (recomputed: rerun_equal_distance_analysis.sh, original script STRICT=1) :: table/A+/alt same direction as original/fde5"
summary_table,strict,A+,alt same direction as original,ade5_mean,1.6863,1.1243,2.2906,m,75,156,log-cluster bootstrap 2000 reps seed 0 (percentile),"autovla_misalignment_poc/outputs/paper_quantitative_package/_parts/recomputed/equal_distance_summary_strict_rerun.json (recomputed: rerun_equal_distance_analysis.sh, original script STRICT=1) :: table/A+/alt same direction as original/ade5"
summary_table,strict,A+,alt same direction as original,downstream_err_mean,76.9153,68.429,84.4363,%,75,156,log-cluster bootstrap 2000 reps seed 0 (percentile),"autovla_misalignment_poc/outputs/paper_quantitative_package/_parts/recomputed/equal_distance_summary_strict_rerun.json (recomputed: rerun_equal_distance_analysis.sh, original script STRICT=1) :: table/A+/alt same direction as original/downstream_err"
summary_table,strict,A+,alt same direction as original,entropy_mean,1.0843,0.9387,1.1988,nat,75,156,log-cluster bootstrap 2000 reps seed 0 (percentile),"autovla_misalignment_poc/outputs/paper_quantitative_package/_parts/recomputed/equal_distance_summary_strict_rerun.json (recomputed: rerun_equal_distance_analysis.sh, original script STRICT=1) :: table/A+/alt same direction as original/entropy"
summary_table,strict,A+,alt same direction as original,perturbation_distance_median,0.1357,,,m,75,156,,"autovla_misalignment_poc/outputs/paper_quantitative_package/_parts/recomputed/equal_distance_summary_strict_rerun.json (recomputed: rerun_equal_distance_analysis.sh, original script STRICT=1) :: table/A+/alt same direction as original/dist/median"
summary_table,strict,A+,alt same direction as original,perturbation_distance_mean,0.1522,0.123,0.1861,m,75,156,log-cluster bootstrap of the mean,"autovla_misalignment_poc/outputs/paper_quantitative_package/_parts/recomputed/equal_distance_summary_strict_rerun.json (recomputed: rerun_equal_distance_analysis.sh, original script STRICT=1) :: table/A+/alt same direction as original/dist/mean"
summary_table,strict,A+,alt other directions,recovery_mean,92.9598,90.1161,95.7296,%,696,156,log-cluster bootstrap 2000 reps seed 0 (percentile),"autovla_misalignment_poc/outputs/paper_quantitative_package/_parts/recomputed/equal_distance_summary_strict_rerun.json (recomputed: rerun_equal_distance_analysis.sh, original script STRICT=1) :: table/A+/alt other directions/recovery"
summary_table,strict,A+,alt other directions,amplification_mean,5.1724,2.7957,7.3531,%,696,156,log-cluster bootstrap 2000 reps seed 0 (percentile),"autovla_misalignment_poc/outputs/paper_quantitative_package/_parts/recomputed/equal_distance_summary_strict_rerun.json (recomputed: rerun_equal_distance_analysis.sh, original script STRICT=1) :: table/A+/alt other directions/amplification"
summary_table,strict,A+,alt other directions,fde5_mean,2.3508,1.8043,2.7567,m,696,156,log-cluster bootstrap 2000 reps seed 0 (percentile),"autovla_misalignment_poc/outputs/paper_quantitative_package/_parts/recomputed/equal_distance_summary_strict_rerun.json (recomputed: rerun_equal_distance_analysis.sh, original script STRICT=1) :: table/A+/alt other directions/fde5"
summary_table,strict,A+,alt other directions,ade5_mean,0.9914,0.7599,1.1686,m,696,156,log-cluster bootstrap 2000 reps seed 0 (percentile),"autovla_misalignment_poc/outputs/paper_quantitative_package/_parts/recomputed/equal_distance_summary_strict_rerun.json (recomputed: rerun_equal_distance_analysis.sh, original script STRICT=1) :: table/A+/alt other directions/ade5"
summary_table,strict,A+,alt other directions,downstream_err_mean,73.0187,66.8316,77.6432,%,696,156,log-cluster bootstrap 2000 reps seed 0 (percentile),"autovla_misalignment_poc/outputs/paper_quantitative_package/_parts/recomputed/equal_distance_summary_strict_rerun.json (recomputed: rerun_equal_distance_analysis.sh, original script STRICT=1) :: table/A+/alt other directions/downstream_err"
summary_table,strict,A+,alt other directions,entropy_mean,1.064,0.9377,1.1511,nat,696,156,log-cluster bootstrap 2000 reps seed 0 (percentile),"autovla_misalignment_poc/outputs/paper_quantitative_package/_parts/recomputed/equal_distance_summary_strict_rerun.json (recomputed: rerun_equal_distance_analysis.sh, original script STRICT=1) :: table/A+/alt other directions/entropy"
summary_table,strict,A+,alt other directions,perturbation_distance_median,0.092,,,m,696,156,,"autovla_misalignment_poc/outputs/paper_quantitative_package/_parts/recomputed/equal_distance_summary_strict_rerun.json (recomputed: rerun_equal_distance_analysis.sh, original script STRICT=1) :: table/A+/alt other directions/dist/median"
summary_table,strict,A+,alt other directions,perturbation_distance_mean,0.1243,0.1062,0.1445,m,696,156,log-cluster bootstrap of the mean,"autovla_misalignment_poc/outputs/paper_quantitative_package/_parts/recomputed/equal_distance_summary_strict_rerun.json (recomputed: rerun_equal_distance_analysis.sh, original script STRICT=1) :: table/A+/alt other directions/dist/mean"
summary_table,strict,A+,alt: faster,recovery_mean,95.283,89.256,100.0,%,106,156,log-cluster bootstrap 2000 reps seed 0 (percentile),"autovla_misalignment_poc/outputs/paper_quantitative_package/_parts/recomputed/equal_distance_summary_strict_rerun.json (recomputed: rerun_equal_distance_analysis.sh, original script STRICT=1) :: table/A+/alt: faster/recovery"
summary_table,strict,A+,alt: faster,amplification_mean,2.8302,0.0,7.5953,%,106,156,log-cluster bootstrap 2000 reps seed 0 (percentile),"autovla_misalignment_poc/outputs/paper_quantitative_package/_parts/recomputed/equal_distance_summary_strict_rerun.json (recomputed: rerun_equal_distance_analysis.sh, original script STRICT=1) :: table/A+/alt: faster/amplification"
summary_table,strict,A+,alt: faster,fde5_mean,2.3463,1.6385,3.0493,m,106,156,log-cluster bootstrap 2000 reps seed 0 (percentile),"autovla_misalignment_poc/outputs/paper_quantitative_package/_parts/recomputed/equal_distance_summary_strict_rerun.json (recomputed: rerun_equal_distance_analysis.sh, original script STRICT=1) :: table/A+/alt: faster/fde5"
summary_table,strict,A+,alt: faster,ade5_mean,1.0233,0.7122,1.3203,m,106,156,log-cluster bootstrap 2000 reps seed 0 (percentile),"autovla_misalignment_poc/outputs/paper_quantitative_package/_parts/recomputed/equal_distance_summary_strict_rerun.json (recomputed: rerun_equal_distance_analysis.sh, original script STRICT=1) :: table/A+/alt: faster/ade5"
summary_table,strict,A+,alt: faster,downstream_err_mean,71.4417,63.0945,80.8482,%,106,156,log-cluster bootstrap 2000 reps seed 0 (percentile),"autovla_misalignment_poc/outputs/paper_quantitative_package/_parts/recomputed/equal_distance_summary_strict_rerun.json (recomputed: rerun_equal_distance_analysis.sh, original script STRICT=1) :: table/A+/alt: faster/downstream_err"
summary_table,strict,A+,alt: faster,entropy_mean,1.0207,0.8874,1.1438,nat,106,156,log-cluster bootstrap 2000 reps seed 0 (percentile),"autovla_misalignment_poc/outputs/paper_quantitative_package/_parts/recomputed/equal_distance_summary_strict_rerun.json (recomputed: rerun_equal_distance_analysis.sh, original script STRICT=1) :: table/A+/alt: faster/entropy"
summary_table,strict,A+,alt: faster,perturbation_distance_median,0.0997,,,m,106,156,,"autovla_misalignment_poc/outputs/paper_quantitative_package/_parts/recomputed/equal_distance_summary_strict_rerun.json (recomputed: rerun_equal_distance_analysis.sh, original script STRICT=1) :: table/A+/alt: faster/dist/median"
summary_table,strict,A+,alt: faster,perturbation_distance_mean,0.1285,0.1073,0.1551,m,106,156,log-cluster bootstrap of the mean,"autovla_misalignment_poc/outputs/paper_quantitative_package/_parts/recomputed/equal_distance_summary_strict_rerun.json (recomputed: rerun_equal_distance_analysis.sh, original script STRICT=1) :: table/A+/alt: faster/dist/mean"
summary_table,strict,A+,alt: faster-left,recovery_mean,92.3913,86.9229,98.5724,%,92,156,log-cluster bootstrap 2000 reps seed 0 (percentile),"autovla_misalignment_poc/outputs/paper_quantitative_package/_parts/recomputed/equal_distance_summary_strict_rerun.json (recomputed: rerun_equal_distance_analysis.sh, original script STRICT=1) :: table/A+/alt: faster-left/recovery"
summary_table,strict,A+,alt: faster-left,amplification_mean,5.4348,0.0,10.7541,%,92,156,log-cluster bootstrap 2000 reps seed 0 (percentile),"autovla_misalignment_poc/outputs/paper_quantitative_package/_parts/recomputed/equal_distance_summary_strict_rerun.json (recomputed: rerun_equal_distance_analysis.sh, original script STRICT=1) :: table/A+/alt: faster-left/amplification"
summary_table,strict,A+,alt: faster-left,fde5_mean,2.151,1.6166,2.5818,m,92,156,log-cluster bootstrap 2000 reps seed 0 (percentile),"autovla_misalignment_poc/outputs/paper_quantitative_package/_parts/recomputed/equal_distance_summary_strict_rerun.json (recomputed: rerun_equal_distance_analysis.sh, original script STRICT=1) :: table/A+/alt: faster-left/fde5"
summary_table,strict,A+,alt: faster-left,ade5_mean,0.9359,0.6892,1.1175,m,92,156,log-cluster bootstrap 2000 reps seed 0 (percentile),"autovla_misalignment_poc/outputs/paper_quantitative_package/_parts/recomputed/equal_distance_summary_strict_rerun.json (recomputed: rerun_equal_distance_analysis.sh, original script STRICT=1) :: table/A+/alt: faster-left/ade5"
summary_table,strict,A+,alt: faster-left,downstream_err_mean,72.1338,66.6001,77.4816,%,92,156,log-cluster bootstrap 2000 reps seed 0 (percentile),"autovla_misalignment_poc/outputs/paper_quantitative_package/_parts/recomputed/equal_distance_summary_strict_rerun.json (recomputed: rerun_equal_distance_analysis.sh, original script STRICT=1) :: table/A+/alt: faster-left/downstream_err"
summary_table,strict,A+,alt: faster-left,entropy_mean,1.1408,0.9842,1.2477,nat,92,156,log-cluster bootstrap 2000 reps seed 0 (percentile),"autovla_misalignment_poc/outputs/paper_quantitative_package/_parts/recomputed/equal_distance_summary_strict_rerun.json (recomputed: rerun_equal_distance_analysis.sh, original script STRICT=1) :: table/A+/alt: faster-left/entropy"
summary_table,strict,A+,alt: faster-left,perturbation_distance_median,0.0965,,,m,92,156,,"autovla_misalignment_poc/outputs/paper_quantitative_package/_parts/recomputed/equal_distance_summary_strict_rerun.json (recomputed: rerun_equal_distance_analysis.sh, original script STRICT=1) :: table/A+/alt: faster-left/dist/median"
summary_table,strict,A+,alt: faster-left,perturbation_distance_mean,0.1196,0.1045,0.139,m,92,156,log-cluster bootstrap of the mean,"autovla_misalignment_poc/outputs/paper_quantitative_package/_parts/recomputed/equal_distance_summary_strict_rerun.json (recomputed: rerun_equal_distance_analysis.sh, original script STRICT=1) :: table/A+/alt: faster-left/dist/mean"
summary_table,strict,A+,alt: left,recovery_mean,97.7528,94.3165,100.0,%,89,156,log-cluster bootstrap 2000 reps seed 0 (percentile),"autovla_misalignment_poc/outputs/paper_quantitative_package/_parts/recomputed/equal_distance_summary_strict_rerun.json (recomputed: rerun_equal_distance_analysis.sh, original script STRICT=1) :: table/A+/alt: left/recovery"
summary_table,strict,A+,alt: left,amplification_mean,2.2472,0.0,5.6835,%,89,156,log-cluster bootstrap 2000 reps seed 0 (percentile),"autovla_misalignment_poc/outputs/paper_quantitative_package/_parts/recomputed/equal_distance_summary_strict_rerun.json (recomputed: rerun_equal_distance_analysis.sh, original script STRICT=1) :: table/A+/alt: left/amplification"
summary_table,strict,A+,alt: left,fde5_mean,2.3058,1.5452,2.9356,m,89,156,log-cluster bootstrap 2000 reps seed 0 (percentile),"autovla_misalignment_poc/outputs/paper_quantitative_package/_parts/recomputed/equal_distance_summary_strict_rerun.json (recomputed: rerun_equal_distance_analysis.sh, original script STRICT=1) :: table/A+/alt: left/fde5"
summary_table,strict,A+,alt: left,ade5_mean,0.9687,0.6626,1.2339,m,89,156,log-cluster bootstrap 2000 reps seed 0 (percentile),"autovla_misalignment_poc/outputs/paper_quantitative_package/_parts/recomputed/equal_distance_summary_strict_rerun.json (recomputed: rerun_equal_distance_analysis.sh, original script STRICT=1) :: table/A+/alt: left/ade5"
summary_table,strict,A+,alt: left,downstream_err_mean,74.5764,64.6599,81.531,%,89,156,log-cluster bootstrap 2000 reps seed 0 (percentile),"autovla_misalignment_poc/outputs/paper_quantitative_package/_parts/recomputed/equal_distance_summary_strict_rerun.json (recomputed: rerun_equal_distance_analysis.sh, original script STRICT=1) :: table/A+/alt: left/downstream_err"
summary_table,strict,A+,alt: left,entropy_mean,1.0951,0.9618,1.1983,nat,89,156,log-cluster bootstrap 2000 reps seed 0 (percentile),"autovla_misalignment_poc/outputs/paper_quantitative_package/_parts/recomputed/equal_distance_summary_strict_rerun.json (recomputed: rerun_equal_distance_analysis.sh, original script STRICT=1) :: table/A+/alt: left/entropy"
summary_table,strict,A+,alt: left,perturbation_distance_median,0.0934,,,m,89,156,,"autovla_misalignment_poc/outputs/paper_quantitative_package/_parts/recomputed/equal_distance_summary_strict_rerun.json (recomputed: rerun_equal_distance_analysis.sh, original script STRICT=1) :: table/A+/alt: left/dist/median"
summary_table,strict,A+,alt: left,perturbation_distance_mean,0.1234,0.1083,0.1375,m,89,156,log-cluster bootstrap of the mean,"autovla_misalignment_poc/outputs/paper_quantitative_package/_parts/recomputed/equal_distance_summary_strict_rerun.json (recomputed: rerun_equal_distance_analysis.sh, original script STRICT=1) :: table/A+/alt: left/dist/mean"
summary_table,strict,A+,alt: slower-left,recovery_mean,95.6522,91.9344,98.8892,%,92,156,log-cluster bootstrap 2000 reps seed 0 (percentile),"autovla_misalignment_poc/outputs/paper_quantitative_package/_parts/recomputed/equal_distance_summary_strict_rerun.json (recomputed: rerun_equal_distance_analysis.sh, original script STRICT=1) :: table/A+/alt: slower-left/recovery"
summary_table,strict,A+,alt: slower-left,amplification_mean,3.2609,0.0,6.8182,%,92,156,log-cluster bootstrap 2000 reps seed 0 (percentile),"autovla_misalignment_poc/outputs/paper_quantitative_package/_parts/recomputed/equal_distance_summary_strict_rerun.json (recomputed: rerun_equal_distance_analysis.sh, original script STRICT=1) :: table/A+/alt: slower-left/amplification"
summary_table,strict,A+,alt: slower-left,fde5_mean,2.0826,1.6417,2.5254,m,92,156,log-cluster bootstrap 2000 reps seed 0 (percentile),"autovla_misalignment_poc/outputs/paper_quantitative_package/_parts/recomputed/equal_distance_summary_strict_rerun.json (recomputed: rerun_equal_distance_analysis.sh, original script STRICT=1) :: table/A+/alt: slower-left/fde5"
summary_table,strict,A+,alt: slower-left,ade5_mean,0.9084,0.7198,1.0798,m,92,156,log-cluster bootstrap 2000 reps seed 0 (percentile),"autovla_misalignment_poc/outputs/paper_quantitative_package/_parts/recomputed/equal_distance_summary_strict_rerun.json (recomputed: rerun_equal_distance_analysis.sh, original script STRICT=1) :: table/A+/alt: slower-left/ade5"
summary_table,strict,A+,alt: slower-left,downstream_err_mean,71.9979,64.1851,79.681,%,92,156,log-cluster bootstrap 2000 reps seed 0 (percentile),"autovla_misalignment_poc/outputs/paper_quantitative_package/_parts/recomputed/equal_distance_summary_strict_rerun.json (recomputed: rerun_equal_distance_analysis.sh, original script STRICT=1) :: table/A+/alt: slower-left/downstream_err"
summary_table,strict,A+,alt: slower-left,entropy_mean,0.9952,0.8585,1.1076,nat,92,156,log-cluster bootstrap 2000 reps seed 0 (percentile),"autovla_misalignment_poc/outputs/paper_quantitative_package/_parts/recomputed/equal_distance_summary_strict_rerun.json (recomputed: rerun_equal_distance_analysis.sh, original script STRICT=1) :: table/A+/alt: slower-left/entropy"
summary_table,strict,A+,alt: slower-left,perturbation_distance_median,0.0935,,,m,92,156,,"autovla_misalignment_poc/outputs/paper_quantitative_package/_parts/recomputed/equal_distance_summary_strict_rerun.json (recomputed: rerun_equal_distance_analysis.sh, original script STRICT=1) :: table/A+/alt: slower-left/dist/median"
summary_table,strict,A+,alt: slower-left,perturbation_distance_mean,0.1199,0.1053,0.1317,m,92,156,log-cluster bootstrap of the mean,"autovla_misalignment_poc/outputs/paper_quantitative_package/_parts/recomputed/equal_distance_summary_strict_rerun.json (recomputed: rerun_equal_distance_analysis.sh, original script STRICT=1) :: table/A+/alt: slower-left/dist/mean"
summary_table,strict,A+,alt: slower,recovery_mean,93.0693,88.2979,98.0,%,101,156,log-cluster bootstrap 2000 reps seed 0 (percentile),"autovla_misalignment_poc/outputs/paper_quantitative_package/_parts/recomputed/equal_distance_summary_strict_rerun.json (recomputed: rerun_equal_distance_analysis.sh, original script STRICT=1) :: table/A+/alt: slower/recovery"
summary_table,strict,A+,alt: slower,amplification_mean,5.9406,1.8859,9.2597,%,101,156,log-cluster bootstrap 2000 reps seed 0 (percentile),"autovla_misalignment_poc/outputs/paper_quantitative_package/_parts/recomputed/equal_distance_summary_strict_rerun.json (recomputed: rerun_equal_distance_analysis.sh, original script STRICT=1) :: table/A+/alt: slower/amplification"
summary_table,strict,A+,alt: slower,fde5_mean,2.6346,1.8806,3.3933,m,101,156,log-cluster bootstrap 2000 reps seed 0 (percentile),"autovla_misalignment_poc/outputs/paper_quantitative_package/_parts/recomputed/equal_distance_summary_strict_rerun.json (recomputed: rerun_equal_distance_analysis.sh, original script STRICT=1) :: table/A+/alt: slower/fde5"
summary_table,strict,A+,alt: slower,ade5_mean,1.1349,0.8251,1.47,m,101,156,log-cluster bootstrap 2000 reps seed 0 (percentile),"autovla_misalignment_poc/outputs/paper_quantitative_package/_parts/recomputed/equal_distance_summary_strict_rerun.json (recomputed: rerun_equal_distance_analysis.sh, original script STRICT=1) :: table/A+/alt: slower/ade5"
summary_table,strict,A+,alt: slower,downstream_err_mean,72.7467,64.0942,78.5222,%,101,156,log-cluster bootstrap 2000 reps seed 0 (percentile),"autovla_misalignment_poc/outputs/paper_quantitative_package/_parts/recomputed/equal_distance_summary_strict_rerun.json (recomputed: rerun_equal_distance_analysis.sh, original script STRICT=1) :: table/A+/alt: slower/downstream_err"
summary_table,strict,A+,alt: slower,entropy_mean,0.9929,0.8423,1.1212,nat,101,156,log-cluster bootstrap 2000 reps seed 0 (percentile),"autovla_misalignment_poc/outputs/paper_quantitative_package/_parts/recomputed/equal_distance_summary_strict_rerun.json (recomputed: rerun_equal_distance_analysis.sh, original script STRICT=1) :: table/A+/alt: slower/entropy"
summary_table,strict,A+,alt: slower,perturbation_distance_median,0.092,,,m,101,156,,"autovla_misalignment_poc/outputs/paper_quantitative_package/_parts/recomputed/equal_distance_summary_strict_rerun.json (recomputed: rerun_equal_distance_analysis.sh, original script STRICT=1) :: table/A+/alt: slower/dist/median"
summary_table,strict,A+,alt: slower,perturbation_distance_mean,0.1316,0.1088,0.1617,m,101,156,log-cluster bootstrap of the mean,"autovla_misalignment_poc/outputs/paper_quantitative_package/_parts/recomputed/equal_distance_summary_strict_rerun.json (recomputed: rerun_equal_distance_analysis.sh, original script STRICT=1) :: table/A+/alt: slower/dist/mean"
summary_table,strict,A+,alt: slower-right,recovery_mean,91.3462,85.9375,100.0,%,104,156,log-cluster bootstrap 2000 reps seed 0 (percentile),"autovla_misalignment_poc/outputs/paper_quantitative_package/_parts/recomputed/equal_distance_summary_strict_rerun.json (recomputed: rerun_equal_distance_analysis.sh, original script STRICT=1) :: table/A+/alt: slower-right/recovery"
summary_table,strict,A+,alt: slower-right,amplification_mean,8.6538,0.0,14.0625,%,104,156,log-cluster bootstrap 2000 reps seed 0 (percentile),"autovla_misalignment_poc/outputs/paper_quantitative_package/_parts/recomputed/equal_distance_summary_strict_rerun.json (recomputed: rerun_equal_distance_analysis.sh, original script STRICT=1) :: table/A+/alt: slower-right/amplification"
summary_table,strict,A+,alt: slower-right,fde5_mean,3.0091,1.9501,3.7563,m,104,156,log-cluster bootstrap 2000 reps seed 0 (percentile),"autovla_misalignment_poc/outputs/paper_quantitative_package/_parts/recomputed/equal_distance_summary_strict_rerun.json (recomputed: rerun_equal_distance_analysis.sh, original script STRICT=1) :: table/A+/alt: slower-right/fde5"
summary_table,strict,A+,alt: slower-right,ade5_mean,1.236,0.8316,1.5444,m,104,156,log-cluster bootstrap 2000 reps seed 0 (percentile),"autovla_misalignment_poc/outputs/paper_quantitative_package/_parts/recomputed/equal_distance_summary_strict_rerun.json (recomputed: rerun_equal_distance_analysis.sh, original script STRICT=1) :: table/A+/alt: slower-right/ade5"
summary_table,strict,A+,alt: slower-right,downstream_err_mean,73.6733,64.2144,79.9575,%,104,156,log-cluster bootstrap 2000 reps seed 0 (percentile),"autovla_misalignment_poc/outputs/paper_quantitative_package/_parts/recomputed/equal_distance_summary_strict_rerun.json (recomputed: rerun_equal_distance_analysis.sh, original script STRICT=1) :: table/A+/alt: slower-right/downstream_err"
summary_table,strict,A+,alt: slower-right,entropy_mean,1.0832,0.8705,1.2152,nat,104,156,log-cluster bootstrap 2000 reps seed 0 (percentile),"autovla_misalignment_poc/outputs/paper_quantitative_package/_parts/recomputed/equal_distance_summary_strict_rerun.json (recomputed: rerun_equal_distance_analysis.sh, original script STRICT=1) :: table/A+/alt: slower-right/entropy"
summary_table,strict,A+,alt: slower-right,perturbation_distance_median,0.0961,,,m,104,156,,"autovla_misalignment_poc/outputs/paper_quantitative_package/_parts/recomputed/equal_distance_summary_strict_rerun.json (recomputed: rerun_equal_distance_analysis.sh, original script STRICT=1) :: table/A+/alt: slower-right/dist/median"
summary_table,strict,A+,alt: slower-right,perturbation_distance_mean,0.1278,0.1059,0.1545,m,104,156,log-cluster bootstrap of the mean,"autovla_misalignment_poc/outputs/paper_quantitative_package/_parts/recomputed/equal_distance_summary_strict_rerun.json (recomputed: rerun_equal_distance_analysis.sh, original script STRICT=1) :: table/A+/alt: slower-right/dist/mean"
summary_table,strict,A+,alt: right,recovery_mean,86.8132,80.644,92.5,%,91,156,log-cluster bootstrap 2000 reps seed 0 (percentile),"autovla_misalignment_poc/outputs/paper_quantitative_package/_parts/recomputed/equal_distance_summary_strict_rerun.json (recomputed: rerun_equal_distance_analysis.sh, original script STRICT=1) :: table/A+/alt: right/recovery"
summary_table,strict,A+,alt: right,amplification_mean,7.6923,2.5314,14.6341,%,91,156,log-cluster bootstrap 2000 reps seed 0 (percentile),"autovla_misalignment_poc/outputs/paper_quantitative_package/_parts/recomputed/equal_distance_summary_strict_rerun.json (recomputed: rerun_equal_distance_analysis.sh, original script STRICT=1) :: table/A+/alt: right/amplification"
summary_table,strict,A+,alt: right,fde5_mean,2.9654,2.0795,3.9966,m,91,156,log-cluster bootstrap 2000 reps seed 0 (percentile),"autovla_misalignment_poc/outputs/paper_quantitative_package/_parts/recomputed/equal_distance_summary_strict_rerun.json (recomputed: rerun_equal_distance_analysis.sh, original script STRICT=1) :: table/A+/alt: right/fde5"
summary_table,strict,A+,alt: right,ade5_mean,1.2246,0.8558,1.6877,m,91,156,log-cluster bootstrap 2000 reps seed 0 (percentile),"autovla_misalignment_poc/outputs/paper_quantitative_package/_parts/recomputed/equal_distance_summary_strict_rerun.json (recomputed: rerun_equal_distance_analysis.sh, original script STRICT=1) :: table/A+/alt: right/ade5"
summary_table,strict,A+,alt: right,downstream_err_mean,76.555,66.9611,86.6205,%,91,156,log-cluster bootstrap 2000 reps seed 0 (percentile),"autovla_misalignment_poc/outputs/paper_quantitative_package/_parts/recomputed/equal_distance_summary_strict_rerun.json (recomputed: rerun_equal_distance_analysis.sh, original script STRICT=1) :: table/A+/alt: right/downstream_err"
summary_table,strict,A+,alt: right,entropy_mean,1.1339,1.0063,1.2719,nat,91,156,log-cluster bootstrap 2000 reps seed 0 (percentile),"autovla_misalignment_poc/outputs/paper_quantitative_package/_parts/recomputed/equal_distance_summary_strict_rerun.json (recomputed: rerun_equal_distance_analysis.sh, original script STRICT=1) :: table/A+/alt: right/entropy"
summary_table,strict,A+,alt: right,perturbation_distance_median,0.0953,,,m,91,156,,"autovla_misalignment_poc/outputs/paper_quantitative_package/_parts/recomputed/equal_distance_summary_strict_rerun.json (recomputed: rerun_equal_distance_analysis.sh, original script STRICT=1) :: table/A+/alt: right/dist/median"
summary_table,strict,A+,alt: right,perturbation_distance_mean,0.1282,0.1034,0.1621,m,91,156,log-cluster bootstrap of the mean,"autovla_misalignment_poc/outputs/paper_quantitative_package/_parts/recomputed/equal_distance_summary_strict_rerun.json (recomputed: rerun_equal_distance_analysis.sh, original script STRICT=1) :: table/A+/alt: right/dist/mean"
summary_table,strict,A+,alt: faster-right,recovery_mean,92.7083,86.3306,97.5209,%,96,156,log-cluster bootstrap 2000 reps seed 0 (percentile),"autovla_misalignment_poc/outputs/paper_quantitative_package/_parts/recomputed/equal_distance_summary_strict_rerun.json (recomputed: rerun_equal_distance_analysis.sh, original script STRICT=1) :: table/A+/alt: faster-right/recovery"
summary_table,strict,A+,alt: faster-right,amplification_mean,4.1667,0.0,9.8214,%,96,156,log-cluster bootstrap 2000 reps seed 0 (percentile),"autovla_misalignment_poc/outputs/paper_quantitative_package/_parts/recomputed/equal_distance_summary_strict_rerun.json (recomputed: rerun_equal_distance_analysis.sh, original script STRICT=1) :: table/A+/alt: faster-right/amplification"
summary_table,strict,A+,alt: faster-right,fde5_mean,2.3001,1.5293,2.9306,m,96,156,log-cluster bootstrap 2000 reps seed 0 (percentile),"autovla_misalignment_poc/outputs/paper_quantitative_package/_parts/recomputed/equal_distance_summary_strict_rerun.json (recomputed: rerun_equal_distance_analysis.sh, original script STRICT=1) :: table/A+/alt: faster-right/fde5"
summary_table,strict,A+,alt: faster-right,ade5_mean,1.0156,0.6743,1.2933,m,96,156,log-cluster bootstrap 2000 reps seed 0 (percentile),"autovla_misalignment_poc/outputs/paper_quantitative_package/_parts/recomputed/equal_distance_summary_strict_rerun.json (recomputed: rerun_equal_distance_analysis.sh, original script STRICT=1) :: table/A+/alt: faster-right/ade5"
summary_table,strict,A+,alt: faster-right,downstream_err_mean,74.411,63.9652,82.0394,%,96,156,log-cluster bootstrap 2000 reps seed 0 (percentile),"autovla_misalignment_poc/outputs/paper_quantitative_package/_parts/recomputed/equal_distance_summary_strict_rerun.json (recomputed: rerun_equal_distance_analysis.sh, original script STRICT=1) :: table/A+/alt: faster-right/downstream_err"
summary_table,strict,A+,alt: faster-right,entropy_mean,1.0788,0.9624,1.1692,nat,96,156,log-cluster bootstrap 2000 reps seed 0 (percentile),"autovla_misalignment_poc/outputs/paper_quantitative_package/_parts/recomputed/equal_distance_summary_strict_rerun.json (recomputed: rerun_equal_distance_analysis.sh, original script STRICT=1) :: table/A+/alt: faster-right/entropy"
summary_table,strict,A+,alt: faster-right,perturbation_distance_median,0.1082,,,m,96,156,,"autovla_misalignment_poc/outputs/paper_quantitative_package/_parts/recomputed/equal_distance_summary_strict_rerun.json (recomputed: rerun_equal_distance_analysis.sh, original script STRICT=1) :: table/A+/alt: faster-right/dist/median"
summary_table,strict,A+,alt: faster-right,perturbation_distance_mean,0.1359,0.1105,0.1643,m,96,156,log-cluster bootstrap of the mean,"autovla_misalignment_poc/outputs/paper_quantitative_package/_parts/recomputed/equal_distance_summary_strict_rerun.json (recomputed: rerun_equal_distance_analysis.sh, original script STRICT=1) :: table/A+/alt: faster-right/dist/mean"
Q1_distance_vs_FDE,strict,A-,original+alternatives,spearman_dist_fde_pooled,0.3125,0.0511,0.5737,rho,343,,log-cluster bootstrap 2000 reps seed 0; p not computed by script,"autovla_misalignment_poc/outputs/paper_quantitative_package/_parts/recomputed/equal_distance_summary_strict_rerun.json (recomputed: rerun_equal_distance_analysis.sh, original script STRICT=1) :: Q1/A-/spearman_dist_fde_pooled"
Q1_distance_vs_FDE,strict,A-,original+alternatives,spearman_dist_fde_within_scene,0.0966,-0.0063,0.2163,rho,338,,log-cluster bootstrap 2000 reps seed 0; p not computed by script,"autovla_misalignment_poc/outputs/paper_quantitative_package/_parts/recomputed/equal_distance_summary_strict_rerun.json (recomputed: rerun_equal_distance_analysis.sh, original script STRICT=1) :: Q1/A-/spearman_dist_fde_within_scene"
Q2_mixing_and_noise,strict,A-,alternatives,scenes_with_mixed_alt_outcomes,64.7059,55.5556,72.4138,% of scenes,51,51,log-cluster bootstrap 2000 reps seed 0,"autovla_misalignment_poc/outputs/paper_quantitative_package/_parts/recomputed/equal_distance_summary_strict_rerun.json (recomputed: rerun_equal_distance_analysis.sh, original script STRICT=1) :: Q2/A-/scenes_with_mixed_alt_outcomes"
Q2_mixing_and_noise,strict,A-,alternatives,scenes_all_alts_recover,19.6078,10.8681,31.4299,% of scenes,51,51,log-cluster bootstrap 2000 reps seed 0,"autovla_misalignment_poc/outputs/paper_quantitative_package/_parts/recomputed/equal_distance_summary_strict_rerun.json (recomputed: rerun_equal_distance_analysis.sh, original script STRICT=1) :: Q2/A-/scenes_all_alts_recover"
Q2_mixing_and_noise,strict,A-,alternatives,scenes_all_alts_amplify,11.7647,2.7759,18.9676,% of scenes,51,51,log-cluster bootstrap 2000 reps seed 0,"autovla_misalignment_poc/outputs/paper_quantitative_package/_parts/recomputed/equal_distance_summary_strict_rerun.json (recomputed: rerun_equal_distance_analysis.sh, original script STRICT=1) :: Q2/A-/scenes_all_alts_amplify"
Q2_mixing_and_noise,strict,A-,original vs original_reseed,noise_floor_outcome_flip_rate,1.9608,0.0,6.5601,% of scenes,51,51,log-cluster bootstrap 2000 reps seed 0,"autovla_misalignment_poc/outputs/paper_quantitative_package/_parts/recomputed/equal_distance_summary_strict_rerun.json (recomputed: rerun_equal_distance_analysis.sh, original script STRICT=1) :: Q2/A-/noise_floor_outcome_flip_rate"
Q2_mixing_and_noise,strict,A-,alternatives,within_scene_alt_fde_sd(mean over scenes),2.769,2.4047,3.2528,m,51,51,log-cluster bootstrap 2000 reps seed 0,"autovla_misalignment_poc/outputs/paper_quantitative_package/_parts/recomputed/equal_distance_summary_strict_rerun.json (recomputed: rerun_equal_distance_analysis.sh, original script STRICT=1) :: Q2/A-/within_scene_alt_fde_sd"
Q2_mixing_and_noise,strict,A-,alternatives,within_scene_alt_fde_range(median over scenes),5.2616,4.6173,9.7227,m,51,51,log-cluster bootstrap 2000 reps seed 0,"autovla_misalignment_poc/outputs/paper_quantitative_package/_parts/recomputed/equal_distance_summary_strict_rerun.json (recomputed: rerun_equal_distance_analysis.sh, original script STRICT=1) :: Q2/A-/within_scene_alt_fde_range"
Q2_mixing_and_noise,strict,A-,original vs original_reseed,noise_floor_original_vs_reseed_fde_absdiff(mean over scenes),0.1127,0.0129,0.2703,m,51,51,log-cluster bootstrap 2000 reps seed 0,"autovla_misalignment_poc/outputs/paper_quantitative_package/_parts/recomputed/equal_distance_summary_strict_rerun.json (recomputed: rerun_equal_distance_analysis.sh, original script STRICT=1) :: Q2/A-/noise_floor_original_vs_reseed_fde_absdiff"
Q2_variance_decomposition,strict,A-,original+alternatives,share_between_distance_buckets,17.9165,,,% of FDE variance,,,no CI reported,"autovla_misalignment_poc/outputs/paper_quantitative_package/_parts/recomputed/equal_distance_summary_strict_rerun.json (recomputed: rerun_equal_distance_analysis.sh, original script STRICT=1) :: Q2/A-/share_between_distance_buckets"
Q2_variance_decomposition,strict,A-,original+alternatives,share_between_scenes,52.823,,,% of FDE variance,,,no CI reported,"autovla_misalignment_poc/outputs/paper_quantitative_package/_parts/recomputed/equal_distance_summary_strict_rerun.json (recomputed: rerun_equal_distance_analysis.sh, original script STRICT=1) :: Q2/A-/share_between_scenes"
Q2_variance_decomposition,strict,A-,original+alternatives,share_within_scene,47.177,,,% of FDE variance,,,no CI reported,"autovla_misalignment_poc/outputs/paper_quantitative_package/_parts/recomputed/equal_distance_summary_strict_rerun.json (recomputed: rerun_equal_distance_analysis.sh, original script STRICT=1) :: Q2/A-/share_within_scene"
Q2_distance_quintile,strict,A-,quintile0 [0.027-0.069 m],fde_mean,5.8106,,,m,69,,no CI reported,"autovla_misalignment_poc/outputs/paper_quantitative_package/_parts/recomputed/equal_distance_summary_strict_rerun.json (recomputed: rerun_equal_distance_analysis.sh, original script STRICT=1) :: Q2/A-/buckets/0/fde_mean"
Q2_distance_quintile,strict,A-,quintile0 [0.027-0.069 m],fde_sd,4.897,,,m,69,,no CI reported,"autovla_misalignment_poc/outputs/paper_quantitative_package/_parts/recomputed/equal_distance_summary_strict_rerun.json (recomputed: rerun_equal_distance_analysis.sh, original script STRICT=1) :: Q2/A-/buckets/0/fde_sd"
Q2_distance_quintile,strict,A-,quintile0 [0.027-0.069 m],fde_p10,0.3014,,,m,69,,no CI reported,"autovla_misalignment_poc/outputs/paper_quantitative_package/_parts/recomputed/equal_distance_summary_strict_rerun.json (recomputed: rerun_equal_distance_analysis.sh, original script STRICT=1) :: Q2/A-/buckets/0/fde_p10"
Q2_distance_quintile,strict,A-,quintile0 [0.027-0.069 m],fde_p90,12.948,,,m,69,,no CI reported,"autovla_misalignment_poc/outputs/paper_quantitative_package/_parts/recomputed/equal_distance_summary_strict_rerun.json (recomputed: rerun_equal_distance_analysis.sh, original script STRICT=1) :: Q2/A-/buckets/0/fde_p90"
Q2_distance_quintile,strict,A-,quintile0 [0.027-0.069 m],amplification_rate,53.6232,,,%,69,,no CI reported,"autovla_misalignment_poc/outputs/paper_quantitative_package/_parts/recomputed/equal_distance_summary_strict_rerun.json (recomputed: rerun_equal_distance_analysis.sh, original script STRICT=1) :: Q2/A-/buckets/0/amplification_rate"
Q2_distance_quintile,strict,A-,quintile0 [0.027-0.069 m],recovery_rate,37.6812,,,%,69,,no CI reported,"autovla_misalignment_poc/outputs/paper_quantitative_package/_parts/recomputed/equal_distance_summary_strict_rerun.json (recomputed: rerun_equal_distance_analysis.sh, original script STRICT=1) :: Q2/A-/buckets/0/recovery_rate"
Q2_distance_quintile,strict,A-,quintile1 [0.069-0.110 m],fde_mean,4.3763,,,m,68,,no CI reported,"autovla_misalignment_poc/outputs/paper_quantitative_package/_parts/recomputed/equal_distance_summary_strict_rerun.json (recomputed: rerun_equal_distance_analysis.sh, original script STRICT=1) :: Q2/A-/buckets/1/fde_mean"
Q2_distance_quintile,strict,A-,quintile1 [0.069-0.110 m],fde_sd,3.8623,,,m,68,,no CI reported,"autovla_misalignment_poc/outputs/paper_quantitative_package/_parts/recomputed/equal_distance_summary_strict_rerun.json (recomputed: rerun_equal_distance_analysis.sh, original script STRICT=1) :: Q2/A-/buckets/1/fde_sd"
Q2_distance_quintile,strict,A-,quintile1 [0.069-0.110 m],fde_p10,0.5097,,,m,68,,no CI reported,"autovla_misalignment_poc/outputs/paper_quantitative_package/_parts/recomputed/equal_distance_summary_strict_rerun.json (recomputed: rerun_equal_distance_analysis.sh, original script STRICT=1) :: Q2/A-/buckets/1/fde_p10"
Q2_distance_quintile,strict,A-,quintile1 [0.069-0.110 m],fde_p90,10.9583,,,m,68,,no CI reported,"autovla_misalignment_poc/outputs/paper_quantitative_package/_parts/recomputed/equal_distance_summary_strict_rerun.json (recomputed: rerun_equal_distance_analysis.sh, original script STRICT=1) :: Q2/A-/buckets/1/fde_p90"
Q2_distance_quintile,strict,A-,quintile1 [0.069-0.110 m],amplification_rate,29.4118,,,%,68,,no CI reported,"autovla_misalignment_poc/outputs/paper_quantitative_package/_parts/recomputed/equal_distance_summary_strict_rerun.json (recomputed: rerun_equal_distance_analysis.sh, original script STRICT=1) :: Q2/A-/buckets/1/amplification_rate"
Q2_distance_quintile,strict,A-,quintile1 [0.069-0.110 m],recovery_rate,55.8824,,,%,68,,no CI reported,"autovla_misalignment_poc/outputs/paper_quantitative_package/_parts/recomputed/equal_distance_summary_strict_rerun.json (recomputed: rerun_equal_distance_analysis.sh, original script STRICT=1) :: Q2/A-/buckets/1/recovery_rate"
Q2_distance_quintile,strict,A-,quintile2 [0.111-0.158 m],fde_mean,4.6007,,,m,69,,no CI reported,"autovla_misalignment_poc/outputs/paper_quantitative_package/_parts/recomputed/equal_distance_summary_strict_rerun.json (recomputed: rerun_equal_distance_analysis.sh, original script STRICT=1) :: Q2/A-/buckets/2/fde_mean"
Q2_distance_quintile,strict,A-,quintile2 [0.111-0.158 m],fde_sd,3.6513,,,m,69,,no CI reported,"autovla_misalignment_poc/outputs/paper_quantitative_package/_parts/recomputed/equal_distance_summary_strict_rerun.json (recomputed: rerun_equal_distance_analysis.sh, original script STRICT=1) :: Q2/A-/buckets/2/fde_sd"
Q2_distance_quintile,strict,A-,quintile2 [0.111-0.158 m],fde_p10,0.467,,,m,69,,no CI reported,"autovla_misalignment_poc/outputs/paper_quantitative_package/_parts/recomputed/equal_distance_summary_strict_rerun.json (recomputed: rerun_equal_distance_analysis.sh, original script STRICT=1) :: Q2/A-/buckets/2/fde_p10"
Q2_distance_quintile,strict,A-,quintile2 [0.111-0.158 m],fde_p90,9.6149,,,m,69,,no CI reported,"autovla_misalignment_poc/outputs/paper_quantitative_package/_parts/recomputed/equal_distance_summary_strict_rerun.json (recomputed: rerun_equal_distance_analysis.sh, original script STRICT=1) :: Q2/A-/buckets/2/fde_p90"
Q2_distance_quintile,strict,A-,quintile2 [0.111-0.158 m],amplification_rate,33.3333,,,%,69,,no CI reported,"autovla_misalignment_poc/outputs/paper_quantitative_package/_parts/recomputed/equal_distance_summary_strict_rerun.json (recomputed: rerun_equal_distance_analysis.sh, original script STRICT=1) :: Q2/A-/buckets/2/amplification_rate"
Q2_distance_quintile,strict,A-,quintile2 [0.111-0.158 m],recovery_rate,63.7681,,,%,69,,no CI reported,"autovla_misalignment_poc/outputs/paper_quantitative_package/_parts/recomputed/equal_distance_summary_strict_rerun.json (recomputed: rerun_equal_distance_analysis.sh, original script STRICT=1) :: Q2/A-/buckets/2/recovery_rate"
Q2_distance_quintile,strict,A-,quintile3 [0.158-0.267 m],fde_mean,7.8071,,,m,68,,no CI reported,"autovla_misalignment_poc/outputs/paper_quantitative_package/_parts/recomputed/equal_distance_summary_strict_rerun.json (recomputed: rerun_equal_distance_analysis.sh, original script STRICT=1) :: Q2/A-/buckets/3/fde_mean"
Q2_distance_quintile,strict,A-,quintile3 [0.158-0.267 m],fde_sd,5.8858,,,m,68,,no CI reported,"autovla_misalignment_poc/outputs/paper_quantitative_package/_parts/recomputed/equal_distance_summary_strict_rerun.json (recomputed: rerun_equal_distance_analysis.sh, original script STRICT=1) :: Q2/A-/buckets/3/fde_sd"
Q2_distance_quintile,strict,A-,quintile3 [0.158-0.267 m],fde_p10,1.6741,,,m,68,,no CI reported,"autovla_misalignment_poc/outputs/paper_quantitative_package/_parts/recomputed/equal_distance_summary_strict_rerun.json (recomputed: rerun_equal_distance_analysis.sh, original script STRICT=1) :: Q2/A-/buckets/3/fde_p10"
Q2_distance_quintile,strict,A-,quintile3 [0.158-0.267 m],fde_p90,15.7604,,,m,68,,no CI reported,"autovla_misalignment_poc/outputs/paper_quantitative_package/_parts/recomputed/equal_distance_summary_strict_rerun.json (recomputed: rerun_equal_distance_analysis.sh, original script STRICT=1) :: Q2/A-/buckets/3/fde_p90"
Q2_distance_quintile,strict,A-,quintile3 [0.158-0.267 m],amplification_rate,52.9412,,,%,68,,no CI reported,"autovla_misalignment_poc/outputs/paper_quantitative_package/_parts/recomputed/equal_distance_summary_strict_rerun.json (recomputed: rerun_equal_distance_analysis.sh, original script STRICT=1) :: Q2/A-/buckets/3/amplification_rate"
Q2_distance_quintile,strict,A-,quintile3 [0.158-0.267 m],recovery_rate,39.7059,,,%,68,,no CI reported,"autovla_misalignment_poc/outputs/paper_quantitative_package/_parts/recomputed/equal_distance_summary_strict_rerun.json (recomputed: rerun_equal_distance_analysis.sh, original script STRICT=1) :: Q2/A-/buckets/3/recovery_rate"
Q2_distance_quintile,strict,A-,quintile4 [0.269-0.669 m],fde_mean,10.7181,,,m,69,,no CI reported,"autovla_misalignment_poc/outputs/paper_quantitative_package/_parts/recomputed/equal_distance_summary_strict_rerun.json (recomputed: rerun_equal_distance_analysis.sh, original script STRICT=1) :: Q2/A-/buckets/4/fde_mean"
Q2_distance_quintile,strict,A-,quintile4 [0.269-0.669 m],fde_sd,6.4433,,,m,69,,no CI reported,"autovla_misalignment_poc/outputs/paper_quantitative_package/_parts/recomputed/equal_distance_summary_strict_rerun.json (recomputed: rerun_equal_distance_analysis.sh, original script STRICT=1) :: Q2/A-/buckets/4/fde_sd"
Q2_distance_quintile,strict,A-,quintile4 [0.269-0.669 m],fde_p10,3.3198,,,m,69,,no CI reported,"autovla_misalignment_poc/outputs/paper_quantitative_package/_parts/recomputed/equal_distance_summary_strict_rerun.json (recomputed: rerun_equal_distance_analysis.sh, original script STRICT=1) :: Q2/A-/buckets/4/fde_p10"
Q2_distance_quintile,strict,A-,quintile4 [0.269-0.669 m],fde_p90,17.637,,,m,69,,no CI reported,"autovla_misalignment_poc/outputs/paper_quantitative_package/_parts/recomputed/equal_distance_summary_strict_rerun.json (recomputed: rerun_equal_distance_analysis.sh, original script STRICT=1) :: Q2/A-/buckets/4/fde_p90"
Q2_distance_quintile,strict,A-,quintile4 [0.269-0.669 m],amplification_rate,76.8116,,,%,69,,no CI reported,"autovla_misalignment_poc/outputs/paper_quantitative_package/_parts/recomputed/equal_distance_summary_strict_rerun.json (recomputed: rerun_equal_distance_analysis.sh, original script STRICT=1) :: Q2/A-/buckets/4/amplification_rate"
Q2_distance_quintile,strict,A-,quintile4 [0.269-0.669 m],recovery_rate,21.7391,,,%,69,,no CI reported,"autovla_misalignment_poc/outputs/paper_quantitative_package/_parts/recomputed/equal_distance_summary_strict_rerun.json (recomputed: rerun_equal_distance_analysis.sh, original script STRICT=1) :: Q2/A-/buckets/4/recovery_rate"
Q5_original_vs_alternatives,strict,A-,original - alternatives,recovery_original_minus_alts,-32.8782,-42.9744,-16.5958,%,51,,log-cluster bootstrap 2000 reps seed 0,"autovla_misalignment_poc/outputs/paper_quantitative_package/_parts/recomputed/equal_distance_summary_strict_rerun.json (recomputed: rerun_equal_distance_analysis.sh, original script STRICT=1) :: Q5/A-/recovery_original_minus_alts"
Q5_original_vs_alternatives,strict,A-,original - alternatives,amplification_original_minus_alts,24.9416,10.1039,35.2301,%,51,,log-cluster bootstrap 2000 reps seed 0,"autovla_misalignment_poc/outputs/paper_quantitative_package/_parts/recomputed/equal_distance_summary_strict_rerun.json (recomputed: rerun_equal_distance_analysis.sh, original script STRICT=1) :: Q5/A-/amplification_original_minus_alts"
Q5_original_vs_alternatives,strict,A-,original - alternatives,fde_original_minus_alt_median_m,2.2997,1.2628,3.0324,m or nat,51,,log-cluster bootstrap 2000 reps seed 0,"autovla_misalignment_poc/outputs/paper_quantitative_package/_parts/recomputed/equal_distance_summary_strict_rerun.json (recomputed: rerun_equal_distance_analysis.sh, original script STRICT=1) :: Q5/A-/fde_original_minus_alt_median_m"
Q5_original_vs_alternatives,strict,A-,original - alternatives,original_fde_percentile_among_alts,62.7801,54.8933,68.4414,%,51,,log-cluster bootstrap 2000 reps seed 0,"autovla_misalignment_poc/outputs/paper_quantitative_package/_parts/recomputed/equal_distance_summary_strict_rerun.json (recomputed: rerun_equal_distance_analysis.sh, original script STRICT=1) :: Q5/A-/original_fde_percentile_among_alts"
Q5_original_vs_alternatives,strict,A-,original - alternatives,entropy_original_minus_alts,-0.1036,-0.2738,0.0667,m or nat,51,,log-cluster bootstrap 2000 reps seed 0,"autovla_misalignment_poc/outputs/paper_quantitative_package/_parts/recomputed/equal_distance_summary_strict_rerun.json (recomputed: rerun_equal_distance_analysis.sh, original script STRICT=1) :: Q5/A-/entropy_original_minus_alts"
Q5_original_vs_alternatives,strict,A-,original - alternatives,wilcoxon_p_fde,0.0026221018912179973,,,"p (Wilcoxon signed-rank, scene units)",,,,"autovla_misalignment_poc/outputs/paper_quantitative_package/_parts/recomputed/equal_distance_summary_strict_rerun.json (recomputed: rerun_equal_distance_analysis.sh, original script STRICT=1) :: Q5/A-/wilcoxon_p_fde"
Q1_distance_vs_FDE,strict,A+,original+alternatives,spearman_dist_fde_pooled,0.4862,0.385,0.5815,rho,927,,log-cluster bootstrap 2000 reps seed 0; p not computed by script,"autovla_misalignment_poc/outputs/paper_quantitative_package/_parts/recomputed/equal_distance_summary_strict_rerun.json (recomputed: rerun_equal_distance_analysis.sh, original script STRICT=1) :: Q1/A+/spearman_dist_fde_pooled"
Q1_distance_vs_FDE,strict,A+,original+alternatives,spearman_dist_fde_within_scene,0.0917,0.0413,0.1407,rho,910,,log-cluster bootstrap 2000 reps seed 0; p not computed by script,"autovla_misalignment_poc/outputs/paper_quantitative_package/_parts/recomputed/equal_distance_summary_strict_rerun.json (recomputed: rerun_equal_distance_analysis.sh, original script STRICT=1) :: Q1/A+/spearman_dist_fde_within_scene"
Q2_mixing_and_noise,strict,A+,alternatives,scenes_with_mixed_alt_outcomes,18.7919,11.7637,24.3902,% of scenes,149,149,log-cluster bootstrap 2000 reps seed 0,"autovla_misalignment_poc/outputs/paper_quantitative_package/_parts/recomputed/equal_distance_summary_strict_rerun.json (recomputed: rerun_equal_distance_analysis.sh, original script STRICT=1) :: Q2/A+/scenes_with_mixed_alt_outcomes"
Q2_mixing_and_noise,strict,A+,alternatives,scenes_all_alts_recover,75.8389,69.0771,84.1586,% of scenes,149,149,log-cluster bootstrap 2000 reps seed 0,"autovla_misalignment_poc/outputs/paper_quantitative_package/_parts/recomputed/equal_distance_summary_strict_rerun.json (recomputed: rerun_equal_distance_analysis.sh, original script STRICT=1) :: Q2/A+/scenes_all_alts_recover"
Q2_mixing_and_noise,strict,A+,alternatives,scenes_all_alts_amplify,0.0,0.0,0.0,% of scenes,149,149,log-cluster bootstrap 2000 reps seed 0,"autovla_misalignment_poc/outputs/paper_quantitative_package/_parts/recomputed/equal_distance_summary_strict_rerun.json (recomputed: rerun_equal_distance_analysis.sh, original script STRICT=1) :: Q2/A+/scenes_all_alts_amplify"
Q2_mixing_and_noise,strict,A+,original vs original_reseed,noise_floor_outcome_flip_rate,0.6711,0.0,2.1583,% of scenes,149,149,log-cluster bootstrap 2000 reps seed 0,"autovla_misalignment_poc/outputs/paper_quantitative_package/_parts/recomputed/equal_distance_summary_strict_rerun.json (recomputed: rerun_equal_distance_analysis.sh, original script STRICT=1) :: Q2/A+/noise_floor_outcome_flip_rate"
Q2_mixing_and_noise,strict,A+,alternatives,within_scene_alt_fde_sd(mean over scenes),1.6577,1.2709,1.9683,m,149,149,log-cluster bootstrap 2000 reps seed 0,"autovla_misalignment_poc/outputs/paper_quantitative_package/_parts/recomputed/equal_distance_summary_strict_rerun.json (recomputed: rerun_equal_distance_analysis.sh, original script STRICT=1) :: Q2/A+/within_scene_alt_fde_sd"
Q2_mixing_and_noise,strict,A+,alternatives,within_scene_alt_fde_range(median over scenes),2.6385,1.763,3.4244,m,149,149,log-cluster bootstrap 2000 reps seed 0,"autovla_misalignment_poc/outputs/paper_quantitative_package/_parts/recomputed/equal_distance_summary_strict_rerun.json (recomputed: rerun_equal_distance_analysis.sh, original script STRICT=1) :: Q2/A+/within_scene_alt_fde_range"
Q2_mixing_and_noise,strict,A+,original vs original_reseed,noise_floor_original_vs_reseed_fde_absdiff(mean over scenes),0.0523,0.0099,0.1192,m,149,149,log-cluster bootstrap 2000 reps seed 0,"autovla_misalignment_poc/outputs/paper_quantitative_package/_parts/recomputed/equal_distance_summary_strict_rerun.json (recomputed: rerun_equal_distance_analysis.sh, original script STRICT=1) :: Q2/A+/noise_floor_original_vs_reseed_fde_absdiff"
Q2_variance_decomposition,strict,A+,original+alternatives,share_between_distance_buckets,11.0407,,,% of FDE variance,,,no CI reported,"autovla_misalignment_poc/outputs/paper_quantitative_package/_parts/recomputed/equal_distance_summary_strict_rerun.json (recomputed: rerun_equal_distance_analysis.sh, original script STRICT=1) :: Q2/A+/share_between_distance_buckets"
Q2_variance_decomposition,strict,A+,original+alternatives,share_between_scenes,34.5406,,,% of FDE variance,,,no CI reported,"autovla_misalignment_poc/outputs/paper_quantitative_package/_parts/recomputed/equal_distance_summary_strict_rerun.json (recomputed: rerun_equal_distance_analysis.sh, original script STRICT=1) :: Q2/A+/share_between_scenes"
Q2_variance_decomposition,strict,A+,original+alternatives,share_within_scene,65.4594,,,% of FDE variance,,,no CI reported,"autovla_misalignment_poc/outputs/paper_quantitative_package/_parts/recomputed/equal_distance_summary_strict_rerun.json (recomputed: rerun_equal_distance_analysis.sh, original script STRICT=1) :: Q2/A+/share_within_scene"
Q2_distance_quintile,strict,A+,quintile0 [0.018-0.059 m],fde_mean,1.1625,,,m,186,,no CI reported,"autovla_misalignment_poc/outputs/paper_quantitative_package/_parts/recomputed/equal_distance_summary_strict_rerun.json (recomputed: rerun_equal_distance_analysis.sh, original script STRICT=1) :: Q2/A+/buckets/0/fde_mean"
Q2_distance_quintile,strict,A+,quintile0 [0.018-0.059 m],fde_sd,2.1554,,,m,186,,no CI reported,"autovla_misalignment_poc/outputs/paper_quantitative_package/_parts/recomputed/equal_distance_summary_strict_rerun.json (recomputed: rerun_equal_distance_analysis.sh, original script STRICT=1) :: Q2/A+/buckets/0/fde_sd"
Q2_distance_quintile,strict,A+,quintile0 [0.018-0.059 m],fde_p10,0.066,,,m,186,,no CI reported,"autovla_misalignment_poc/outputs/paper_quantitative_package/_parts/recomputed/equal_distance_summary_strict_rerun.json (recomputed: rerun_equal_distance_analysis.sh, original script STRICT=1) :: Q2/A+/buckets/0/fde_p10"
Q2_distance_quintile,strict,A+,quintile0 [0.018-0.059 m],fde_p90,2.7998,,,m,186,,no CI reported,"autovla_misalignment_poc/outputs/paper_quantitative_package/_parts/recomputed/equal_distance_summary_strict_rerun.json (recomputed: rerun_equal_distance_analysis.sh, original script STRICT=1) :: Q2/A+/buckets/0/fde_p90"
Q2_distance_quintile,strict,A+,quintile0 [0.018-0.059 m],amplification_rate,1.0753,,,%,186,,no CI reported,"autovla_misalignment_poc/outputs/paper_quantitative_package/_parts/recomputed/equal_distance_summary_strict_rerun.json (recomputed: rerun_equal_distance_analysis.sh, original script STRICT=1) :: Q2/A+/buckets/0/amplification_rate"
Q2_distance_quintile,strict,A+,quintile0 [0.018-0.059 m],recovery_rate,98.3871,,,%,186,,no CI reported,"autovla_misalignment_poc/outputs/paper_quantitative_package/_parts/recomputed/equal_distance_summary_strict_rerun.json (recomputed: rerun_equal_distance_analysis.sh, original script STRICT=1) :: Q2/A+/buckets/0/recovery_rate"
Q2_distance_quintile,strict,A+,quintile1 [0.059-0.077 m],fde_mean,1.7229,,,m,185,,no CI reported,"autovla_misalignment_poc/outputs/paper_quantitative_package/_parts/recomputed/equal_distance_summary_strict_rerun.json (recomputed: rerun_equal_distance_analysis.sh, original script STRICT=1) :: Q2/A+/buckets/1/fde_mean"
Q2_distance_quintile,strict,A+,quintile1 [0.059-0.077 m],fde_sd,3.379,,,m,185,,no CI reported,"autovla_misalignment_poc/outputs/paper_quantitative_package/_parts/recomputed/equal_distance_summary_strict_rerun.json (recomputed: rerun_equal_distance_analysis.sh, original script STRICT=1) :: Q2/A+/buckets/1/fde_sd"
Q2_distance_quintile,strict,A+,quintile1 [0.059-0.077 m],fde_p10,0.0762,,,m,185,,no CI reported,"autovla_misalignment_poc/outputs/paper_quantitative_package/_parts/recomputed/equal_distance_summary_strict_rerun.json (recomputed: rerun_equal_distance_analysis.sh, original script STRICT=1) :: Q2/A+/buckets/1/fde_p10"
Q2_distance_quintile,strict,A+,quintile1 [0.059-0.077 m],fde_p90,3.6846,,,m,185,,no CI reported,"autovla_misalignment_poc/outputs/paper_quantitative_package/_parts/recomputed/equal_distance_summary_strict_rerun.json (recomputed: rerun_equal_distance_analysis.sh, original script STRICT=1) :: Q2/A+/buckets/1/fde_p90"
Q2_distance_quintile,strict,A+,quintile1 [0.059-0.077 m],amplification_rate,6.4865,,,%,185,,no CI reported,"autovla_misalignment_poc/outputs/paper_quantitative_package/_parts/recomputed/equal_distance_summary_strict_rerun.json (recomputed: rerun_equal_distance_analysis.sh, original script STRICT=1) :: Q2/A+/buckets/1/amplification_rate"
Q2_distance_quintile,strict,A+,quintile1 [0.059-0.077 m],recovery_rate,91.3514,,,%,185,,no CI reported,"autovla_misalignment_poc/outputs/paper_quantitative_package/_parts/recomputed/equal_distance_summary_strict_rerun.json (recomputed: rerun_equal_distance_analysis.sh, original script STRICT=1) :: Q2/A+/buckets/1/recovery_rate"
Q2_distance_quintile,strict,A+,quintile2 [0.077-0.121 m],fde_mean,1.8087,,,m,185,,no CI reported,"autovla_misalignment_poc/outputs/paper_quantitative_package/_parts/recomputed/equal_distance_summary_strict_rerun.json (recomputed: rerun_equal_distance_analysis.sh, original script STRICT=1) :: Q2/A+/buckets/2/fde_mean"
Q2_distance_quintile,strict,A+,quintile2 [0.077-0.121 m],fde_sd,1.8045,,,m,185,,no CI reported,"autovla_misalignment_poc/outputs/paper_quantitative_package/_parts/recomputed/equal_distance_summary_strict_rerun.json (recomputed: rerun_equal_distance_analysis.sh, original script STRICT=1) :: Q2/A+/buckets/2/fde_sd"
Q2_distance_quintile,strict,A+,quintile2 [0.077-0.121 m],fde_p10,0.178,,,m,185,,no CI reported,"autovla_misalignment_poc/outputs/paper_quantitative_package/_parts/recomputed/equal_distance_summary_strict_rerun.json (recomputed: rerun_equal_distance_analysis.sh, original script STRICT=1) :: Q2/A+/buckets/2/fde_p10"
Q2_distance_quintile,strict,A+,quintile2 [0.077-0.121 m],fde_p90,4.0683,,,m,185,,no CI reported,"autovla_misalignment_poc/outputs/paper_quantitative_package/_parts/recomputed/equal_distance_summary_strict_rerun.json (recomputed: rerun_equal_distance_analysis.sh, original script STRICT=1) :: Q2/A+/buckets/2/fde_p90"
Q2_distance_quintile,strict,A+,quintile2 [0.077-0.121 m],amplification_rate,1.6216,,,%,185,,no CI reported,"autovla_misalignment_poc/outputs/paper_quantitative_package/_parts/recomputed/equal_distance_summary_strict_rerun.json (recomputed: rerun_equal_distance_analysis.sh, original script STRICT=1) :: Q2/A+/buckets/2/amplification_rate"
Q2_distance_quintile,strict,A+,quintile2 [0.077-0.121 m],recovery_rate,97.2973,,,%,185,,no CI reported,"autovla_misalignment_poc/outputs/paper_quantitative_package/_parts/recomputed/equal_distance_summary_strict_rerun.json (recomputed: rerun_equal_distance_analysis.sh, original script STRICT=1) :: Q2/A+/buckets/2/recovery_rate"
Q2_distance_quintile,strict,A+,quintile3 [0.121-0.173 m],fde_mean,2.9152,,,m,185,,no CI reported,"autovla_misalignment_poc/outputs/paper_quantitative_package/_parts/recomputed/equal_distance_summary_strict_rerun.json (recomputed: rerun_equal_distance_analysis.sh, original script STRICT=1) :: Q2/A+/buckets/3/fde_mean"
Q2_distance_quintile,strict,A+,quintile3 [0.121-0.173 m],fde_sd,3.5604,,,m,185,,no CI reported,"autovla_misalignment_poc/outputs/paper_quantitative_package/_parts/recomputed/equal_distance_summary_strict_rerun.json (recomputed: rerun_equal_distance_analysis.sh, original script STRICT=1) :: Q2/A+/buckets/3/fde_sd"
Q2_distance_quintile,strict,A+,quintile3 [0.121-0.173 m],fde_p10,0.4689,,,m,185,,no CI reported,"autovla_misalignment_poc/outputs/paper_quantitative_package/_parts/recomputed/equal_distance_summary_strict_rerun.json (recomputed: rerun_equal_distance_analysis.sh, original script STRICT=1) :: Q2/A+/buckets/3/fde_p10"
Q2_distance_quintile,strict,A+,quintile3 [0.121-0.173 m],fde_p90,5.8023,,,m,185,,no CI reported,"autovla_misalignment_poc/outputs/paper_quantitative_package/_parts/recomputed/equal_distance_summary_strict_rerun.json (recomputed: rerun_equal_distance_analysis.sh, original script STRICT=1) :: Q2/A+/buckets/3/fde_p90"
Q2_distance_quintile,strict,A+,quintile3 [0.121-0.173 m],amplification_rate,4.8649,,,%,185,,no CI reported,"autovla_misalignment_poc/outputs/paper_quantitative_package/_parts/recomputed/equal_distance_summary_strict_rerun.json (recomputed: rerun_equal_distance_analysis.sh, original script STRICT=1) :: Q2/A+/buckets/3/amplification_rate"
Q2_distance_quintile,strict,A+,quintile3 [0.121-0.173 m],recovery_rate,91.8919,,,%,185,,no CI reported,"autovla_misalignment_poc/outputs/paper_quantitative_package/_parts/recomputed/equal_distance_summary_strict_rerun.json (recomputed: rerun_equal_distance_analysis.sh, original script STRICT=1) :: Q2/A+/buckets/3/recovery_rate"
Q2_distance_quintile,strict,A+,quintile4 [0.173-0.635 m],fde_mean,4.2239,,,m,186,,no CI reported,"autovla_misalignment_poc/outputs/paper_quantitative_package/_parts/recomputed/equal_distance_summary_strict_rerun.json (recomputed: rerun_equal_distance_analysis.sh, original script STRICT=1) :: Q2/A+/buckets/4/fde_mean"
Q2_distance_quintile,strict,A+,quintile4 [0.173-0.635 m],fde_sd,3.9819,,,m,186,,no CI reported,"autovla_misalignment_poc/outputs/paper_quantitative_package/_parts/recomputed/equal_distance_summary_strict_rerun.json (recomputed: rerun_equal_distance_analysis.sh, original script STRICT=1) :: Q2/A+/buckets/4/fde_sd"
Q2_distance_quintile,strict,A+,quintile4 [0.173-0.635 m],fde_p10,0.8612,,,m,186,,no CI reported,"autovla_misalignment_poc/outputs/paper_quantitative_package/_parts/recomputed/equal_distance_summary_strict_rerun.json (recomputed: rerun_equal_distance_analysis.sh, original script STRICT=1) :: Q2/A+/buckets/4/fde_p10"
Q2_distance_quintile,strict,A+,quintile4 [0.173-0.635 m],fde_p90,8.8356,,,m,186,,no CI reported,"autovla_misalignment_poc/outputs/paper_quantitative_package/_parts/recomputed/equal_distance_summary_strict_rerun.json (recomputed: rerun_equal_distance_analysis.sh, original script STRICT=1) :: Q2/A+/buckets/4/fde_p90"
Q2_distance_quintile,strict,A+,quintile4 [0.173-0.635 m],amplification_rate,6.9892,,,%,186,,no CI reported,"autovla_misalignment_poc/outputs/paper_quantitative_package/_parts/recomputed/equal_distance_summary_strict_rerun.json (recomputed: rerun_equal_distance_analysis.sh, original script STRICT=1) :: Q2/A+/buckets/4/amplification_rate"
Q2_distance_quintile,strict,A+,quintile4 [0.173-0.635 m],recovery_rate,91.3978,,,%,186,,no CI reported,"autovla_misalignment_poc/outputs/paper_quantitative_package/_parts/recomputed/equal_distance_summary_strict_rerun.json (recomputed: rerun_equal_distance_analysis.sh, original script STRICT=1) :: Q2/A+/buckets/4/recovery_rate"
Q5_original_vs_alternatives,strict,A+,original - alternatives,recovery_original_minus_alts,5.1174,2.1483,7.7176,%,149,,log-cluster bootstrap 2000 reps seed 0,"autovla_misalignment_poc/outputs/paper_quantitative_package/_parts/recomputed/equal_distance_summary_strict_rerun.json (recomputed: rerun_equal_distance_analysis.sh, original script STRICT=1) :: Q5/A+/recovery_original_minus_alts"
Q5_original_vs_alternatives,strict,A+,original - alternatives,amplification_original_minus_alts,-4.4175,-6.2611,-2.5595,%,149,,log-cluster bootstrap 2000 reps seed 0,"autovla_misalignment_poc/outputs/paper_quantitative_package/_parts/recomputed/equal_distance_summary_strict_rerun.json (recomputed: rerun_equal_distance_analysis.sh, original script STRICT=1) :: Q5/A+/amplification_original_minus_alts"
Q5_original_vs_alternatives,strict,A+,original - alternatives,fde_original_minus_alt_median_m,0.0598,-0.3042,0.3782,m or nat,149,,log-cluster bootstrap 2000 reps seed 0,"autovla_misalignment_poc/outputs/paper_quantitative_package/_parts/recomputed/equal_distance_summary_strict_rerun.json (recomputed: rerun_equal_distance_analysis.sh, original script STRICT=1) :: Q5/A+/fde_original_minus_alt_median_m"
Q5_original_vs_alternatives,strict,A+,original - alternatives,original_fde_percentile_among_alts,40.7582,33.9596,46.954,%,149,,log-cluster bootstrap 2000 reps seed 0,"autovla_misalignment_poc/outputs/paper_quantitative_package/_parts/recomputed/equal_distance_summary_strict_rerun.json (recomputed: rerun_equal_distance_analysis.sh, original script STRICT=1) :: Q5/A+/original_fde_percentile_among_alts"
Q5_original_vs_alternatives,strict,A+,original - alternatives,entropy_original_minus_alts,-0.1727,-0.2237,-0.1044,m or nat,149,,log-cluster bootstrap 2000 reps seed 0,"autovla_misalignment_poc/outputs/paper_quantitative_package/_parts/recomputed/equal_distance_summary_strict_rerun.json (recomputed: rerun_equal_distance_analysis.sh, original script STRICT=1) :: Q5/A+/entropy_original_minus_alts"
Q5_original_vs_alternatives,strict,A+,original - alternatives,wilcoxon_p_fde,0.20049678580272878,,,"p (Wilcoxon signed-rank, scene units)",,,,"autovla_misalignment_poc/outputs/paper_quantitative_package/_parts/recomputed/equal_distance_summary_strict_rerun.json (recomputed: rerun_equal_distance_analysis.sh, original script STRICT=1) :: Q5/A+/wilcoxon_p_fde"
Q1_distance_vs_FDE,strict,ALL,original+alternatives,spearman_dist_fde_pooled,0.4603,0.3593,0.569,rho,1270,,log-cluster bootstrap 2000 reps seed 0; p not computed by script,"autovla_misalignment_poc/outputs/paper_quantitative_package/_parts/recomputed/equal_distance_summary_strict_rerun.json (recomputed: rerun_equal_distance_analysis.sh, original script STRICT=1) :: Q1/ALL/spearman_dist_fde_pooled"
Q1_distance_vs_FDE,strict,ALL,original+alternatives,spearman_dist_fde_within_scene,0.0932,0.0425,0.1502,rho,1248,,log-cluster bootstrap 2000 reps seed 0; p not computed by script,"autovla_misalignment_poc/outputs/paper_quantitative_package/_parts/recomputed/equal_distance_summary_strict_rerun.json (recomputed: rerun_equal_distance_analysis.sh, original script STRICT=1) :: Q1/ALL/spearman_dist_fde_within_scene"
Q2_mixing_and_noise,strict,ALL,alternatives,scenes_with_mixed_alt_outcomes,30.5,20.4657,37.1731,% of scenes,200,200,log-cluster bootstrap 2000 reps seed 0,"autovla_misalignment_poc/outputs/paper_quantitative_package/_parts/recomputed/equal_distance_summary_strict_rerun.json (recomputed: rerun_equal_distance_analysis.sh, original script STRICT=1) :: Q2/ALL/scenes_with_mixed_alt_outcomes"
Q2_mixing_and_noise,strict,ALL,alternatives,scenes_all_alts_recover,61.5,52.9126,73.3789,% of scenes,200,200,log-cluster bootstrap 2000 reps seed 0,"autovla_misalignment_poc/outputs/paper_quantitative_package/_parts/recomputed/equal_distance_summary_strict_rerun.json (recomputed: rerun_equal_distance_analysis.sh, original script STRICT=1) :: Q2/ALL/scenes_all_alts_recover"
Q2_mixing_and_noise,strict,ALL,alternatives,scenes_all_alts_amplify,3.0,0.6024,5.1955,% of scenes,200,200,log-cluster bootstrap 2000 reps seed 0,"autovla_misalignment_poc/outputs/paper_quantitative_package/_parts/recomputed/equal_distance_summary_strict_rerun.json (recomputed: rerun_equal_distance_analysis.sh, original script STRICT=1) :: Q2/ALL/scenes_all_alts_amplify"
Q2_mixing_and_noise,strict,ALL,original vs original_reseed,noise_floor_outcome_flip_rate,1.0,0.0,2.5976,% of scenes,200,200,log-cluster bootstrap 2000 reps seed 0,"autovla_misalignment_poc/outputs/paper_quantitative_package/_parts/recomputed/equal_distance_summary_strict_rerun.json (recomputed: rerun_equal_distance_analysis.sh, original script STRICT=1) :: Q2/ALL/noise_floor_outcome_flip_rate"
Q2_mixing_and_noise,strict,ALL,alternatives,within_scene_alt_fde_sd(mean over scenes),1.9398,1.5499,2.2106,m,200,200,log-cluster bootstrap 2000 reps seed 0,"autovla_misalignment_poc/outputs/paper_quantitative_package/_parts/recomputed/equal_distance_summary_strict_rerun.json (recomputed: rerun_equal_distance_analysis.sh, original script STRICT=1) :: Q2/ALL/within_scene_alt_fde_sd"
Q2_mixing_and_noise,strict,ALL,alternatives,within_scene_alt_fde_range(median over scenes),3.3765,2.2136,3.9963,m,200,200,log-cluster bootstrap 2000 reps seed 0,"autovla_misalignment_poc/outputs/paper_quantitative_package/_parts/recomputed/equal_distance_summary_strict_rerun.json (recomputed: rerun_equal_distance_analysis.sh, original script STRICT=1) :: Q2/ALL/within_scene_alt_fde_range"
Q2_mixing_and_noise,strict,ALL,original vs original_reseed,noise_floor_original_vs_reseed_fde_absdiff(mean over scenes),0.0677,0.0165,0.1409,m,200,200,log-cluster bootstrap 2000 reps seed 0,"autovla_misalignment_poc/outputs/paper_quantitative_package/_parts/recomputed/equal_distance_summary_strict_rerun.json (recomputed: rerun_equal_distance_analysis.sh, original script STRICT=1) :: Q2/ALL/noise_floor_original_vs_reseed_fde_absdiff"
Q2_variance_decomposition,strict,ALL,original+alternatives,share_between_distance_buckets,11.6209,,,% of FDE variance,,,no CI reported,"autovla_misalignment_poc/outputs/paper_quantitative_package/_parts/recomputed/equal_distance_summary_strict_rerun.json (recomputed: rerun_equal_distance_analysis.sh, original script STRICT=1) :: Q2/ALL/share_between_distance_buckets"
Q2_variance_decomposition,strict,ALL,original+alternatives,share_between_scenes,54.2398,,,% of FDE variance,,,no CI reported,"autovla_misalignment_poc/outputs/paper_quantitative_package/_parts/recomputed/equal_distance_summary_strict_rerun.json (recomputed: rerun_equal_distance_analysis.sh, original script STRICT=1) :: Q2/ALL/share_between_scenes"
Q2_variance_decomposition,strict,ALL,original+alternatives,share_within_scene,45.7602,,,% of FDE variance,,,no CI reported,"autovla_misalignment_poc/outputs/paper_quantitative_package/_parts/recomputed/equal_distance_summary_strict_rerun.json (recomputed: rerun_equal_distance_analysis.sh, original script STRICT=1) :: Q2/ALL/share_within_scene"
Q2_distance_quintile,strict,ALL,quintile0 [0.018-0.061 m],fde_mean,1.897,,,m,254,,no CI reported,"autovla_misalignment_poc/outputs/paper_quantitative_package/_parts/recomputed/equal_distance_summary_strict_rerun.json (recomputed: rerun_equal_distance_analysis.sh, original script STRICT=1) :: Q2/ALL/buckets/0/fde_mean"
Q2_distance_quintile,strict,ALL,quintile0 [0.018-0.061 m],fde_sd,3.1943,,,m,254,,no CI reported,"autovla_misalignment_poc/outputs/paper_quantitative_package/_parts/recomputed/equal_distance_summary_strict_rerun.json (recomputed: rerun_equal_distance_analysis.sh, original script STRICT=1) :: Q2/ALL/buckets/0/fde_sd"
Q2_distance_quintile,strict,ALL,quintile0 [0.018-0.061 m],fde_p10,0.0709,,,m,254,,no CI reported,"autovla_misalignment_poc/outputs/paper_quantitative_package/_parts/recomputed/equal_distance_summary_strict_rerun.json (recomputed: rerun_equal_distance_analysis.sh, original script STRICT=1) :: Q2/ALL/buckets/0/fde_p10"
Q2_distance_quintile,strict,ALL,quintile0 [0.018-0.061 m],fde_p90,4.6697,,,m,254,,no CI reported,"autovla_misalignment_poc/outputs/paper_quantitative_package/_parts/recomputed/equal_distance_summary_strict_rerun.json (recomputed: rerun_equal_distance_analysis.sh, original script STRICT=1) :: Q2/ALL/buckets/0/fde_p90"
Q2_distance_quintile,strict,ALL,quintile0 [0.018-0.061 m],amplification_rate,9.8425,,,%,254,,no CI reported,"autovla_misalignment_poc/outputs/paper_quantitative_package/_parts/recomputed/equal_distance_summary_strict_rerun.json (recomputed: rerun_equal_distance_analysis.sh, original script STRICT=1) :: Q2/ALL/buckets/0/amplification_rate"
Q2_distance_quintile,strict,ALL,quintile0 [0.018-0.061 m],recovery_rate,88.189,,,%,254,,no CI reported,"autovla_misalignment_poc/outputs/paper_quantitative_package/_parts/recomputed/equal_distance_summary_strict_rerun.json (recomputed: rerun_equal_distance_analysis.sh, original script STRICT=1) :: Q2/ALL/buckets/0/recovery_rate"
Q2_distance_quintile,strict,ALL,quintile1 [0.061-0.082 m],fde_mean,2.624,,,m,254,,no CI reported,"autovla_misalignment_poc/outputs/paper_quantitative_package/_parts/recomputed/equal_distance_summary_strict_rerun.json (recomputed: rerun_equal_distance_analysis.sh, original script STRICT=1) :: Q2/ALL/buckets/1/fde_mean"
Q2_distance_quintile,strict,ALL,quintile1 [0.061-0.082 m],fde_sd,4.0373,,,m,254,,no CI reported,"autovla_misalignment_poc/outputs/paper_quantitative_package/_parts/recomputed/equal_distance_summary_strict_rerun.json (recomputed: rerun_equal_distance_analysis.sh, original script STRICT=1) :: Q2/ALL/buckets/1/fde_sd"
Q2_distance_quintile,strict,ALL,quintile1 [0.061-0.082 m],fde_p10,0.1054,,,m,254,,no CI reported,"autovla_misalignment_poc/outputs/paper_quantitative_package/_parts/recomputed/equal_distance_summary_strict_rerun.json (recomputed: rerun_equal_distance_analysis.sh, original script STRICT=1) :: Q2/ALL/buckets/1/fde_p10"
Q2_distance_quintile,strict,ALL,quintile1 [0.061-0.082 m],fde_p90,7.9215,,,m,254,,no CI reported,"autovla_misalignment_poc/outputs/paper_quantitative_package/_parts/recomputed/equal_distance_summary_strict_rerun.json (recomputed: rerun_equal_distance_analysis.sh, original script STRICT=1) :: Q2/ALL/buckets/1/fde_p90"
Q2_distance_quintile,strict,ALL,quintile1 [0.061-0.082 m],amplification_rate,14.9606,,,%,254,,no CI reported,"autovla_misalignment_poc/outputs/paper_quantitative_package/_parts/recomputed/equal_distance_summary_strict_rerun.json (recomputed: rerun_equal_distance_analysis.sh, original script STRICT=1) :: Q2/ALL/buckets/1/amplification_rate"
Q2_distance_quintile,strict,ALL,quintile1 [0.061-0.082 m],recovery_rate,79.5276,,,%,254,,no CI reported,"autovla_misalignment_poc/outputs/paper_quantitative_package/_parts/recomputed/equal_distance_summary_strict_rerun.json (recomputed: rerun_equal_distance_analysis.sh, original script STRICT=1) :: Q2/ALL/buckets/1/recovery_rate"
Q2_distance_quintile,strict,ALL,quintile2 [0.082-0.131 m],fde_mean,2.7033,,,m,254,,no CI reported,"autovla_misalignment_poc/outputs/paper_quantitative_package/_parts/recomputed/equal_distance_summary_strict_rerun.json (recomputed: rerun_equal_distance_analysis.sh, original script STRICT=1) :: Q2/ALL/buckets/2/fde_mean"
Q2_distance_quintile,strict,ALL,quintile2 [0.082-0.131 m],fde_sd,2.897,,,m,254,,no CI reported,"autovla_misalignment_poc/outputs/paper_quantitative_package/_parts/recomputed/equal_distance_summary_strict_rerun.json (recomputed: rerun_equal_distance_analysis.sh, original script STRICT=1) :: Q2/ALL/buckets/2/fde_sd"
Q2_distance_quintile,strict,ALL,quintile2 [0.082-0.131 m],fde_p10,0.3181,,,m,254,,no CI reported,"autovla_misalignment_poc/outputs/paper_quantitative_package/_parts/recomputed/equal_distance_summary_strict_rerun.json (recomputed: rerun_equal_distance_analysis.sh, original script STRICT=1) :: Q2/ALL/buckets/2/fde_p10"
Q2_distance_quintile,strict,ALL,quintile2 [0.082-0.131 m],fde_p90,5.6346,,,m,254,,no CI reported,"autovla_misalignment_poc/outputs/paper_quantitative_package/_parts/recomputed/equal_distance_summary_strict_rerun.json (recomputed: rerun_equal_distance_analysis.sh, original script STRICT=1) :: Q2/ALL/buckets/2/fde_p90"
Q2_distance_quintile,strict,ALL,quintile2 [0.082-0.131 m],amplification_rate,8.6614,,,%,254,,no CI reported,"autovla_misalignment_poc/outputs/paper_quantitative_package/_parts/recomputed/equal_distance_summary_strict_rerun.json (recomputed: rerun_equal_distance_analysis.sh, original script STRICT=1) :: Q2/ALL/buckets/2/amplification_rate"
Q2_distance_quintile,strict,ALL,quintile2 [0.082-0.131 m],recovery_rate,88.9764,,,%,254,,no CI reported,"autovla_misalignment_poc/outputs/paper_quantitative_package/_parts/recomputed/equal_distance_summary_strict_rerun.json (recomputed: rerun_equal_distance_analysis.sh, original script STRICT=1) :: Q2/ALL/buckets/2/recovery_rate"
Q2_distance_quintile,strict,ALL,quintile3 [0.131-0.187 m],fde_mean,4.2642,,,m,254,,no CI reported,"autovla_misalignment_poc/outputs/paper_quantitative_package/_parts/recomputed/equal_distance_summary_strict_rerun.json (recomputed: rerun_equal_distance_analysis.sh, original script STRICT=1) :: Q2/ALL/buckets/3/fde_mean"
Q2_distance_quintile,strict,ALL,quintile3 [0.131-0.187 m],fde_sd,4.743,,,m,254,,no CI reported,"autovla_misalignment_poc/outputs/paper_quantitative_package/_parts/recomputed/equal_distance_summary_strict_rerun.json (recomputed: rerun_equal_distance_analysis.sh, original script STRICT=1) :: Q2/ALL/buckets/3/fde_sd"
Q2_distance_quintile,strict,ALL,quintile3 [0.131-0.187 m],fde_p10,0.4828,,,m,254,,no CI reported,"autovla_misalignment_poc/outputs/paper_quantitative_package/_parts/recomputed/equal_distance_summary_strict_rerun.json (recomputed: rerun_equal_distance_analysis.sh, original script STRICT=1) :: Q2/ALL/buckets/3/fde_p10"
Q2_distance_quintile,strict,ALL,quintile3 [0.131-0.187 m],fde_p90,9.9567,,,m,254,,no CI reported,"autovla_misalignment_poc/outputs/paper_quantitative_package/_parts/recomputed/equal_distance_summary_strict_rerun.json (recomputed: rerun_equal_distance_analysis.sh, original script STRICT=1) :: Q2/ALL/buckets/3/fde_p90"
Q2_distance_quintile,strict,ALL,quintile3 [0.131-0.187 m],amplification_rate,16.9291,,,%,254,,no CI reported,"autovla_misalignment_poc/outputs/paper_quantitative_package/_parts/recomputed/equal_distance_summary_strict_rerun.json (recomputed: rerun_equal_distance_analysis.sh, original script STRICT=1) :: Q2/ALL/buckets/3/amplification_rate"
Q2_distance_quintile,strict,ALL,quintile3 [0.131-0.187 m],recovery_rate,80.315,,,%,254,,no CI reported,"autovla_misalignment_poc/outputs/paper_quantitative_package/_parts/recomputed/equal_distance_summary_strict_rerun.json (recomputed: rerun_equal_distance_analysis.sh, original script STRICT=1) :: Q2/ALL/buckets/3/recovery_rate"
Q2_distance_quintile,strict,ALL,quintile4 [0.187-0.669 m],fde_mean,6.153,,,m,254,,no CI reported,"autovla_misalignment_poc/outputs/paper_quantitative_package/_parts/recomputed/equal_distance_summary_strict_rerun.json (recomputed: rerun_equal_distance_analysis.sh, original script STRICT=1) :: Q2/ALL/buckets/4/fde_mean"
Q2_distance_quintile,strict,ALL,quintile4 [0.187-0.669 m],fde_sd,5.5455,,,m,254,,no CI reported,"autovla_misalignment_poc/outputs/paper_quantitative_package/_parts/recomputed/equal_distance_summary_strict_rerun.json (recomputed: rerun_equal_distance_analysis.sh, original script STRICT=1) :: Q2/ALL/buckets/4/fde_sd"
Q2_distance_quintile,strict,ALL,quintile4 [0.187-0.669 m],fde_p10,1.2308,,,m,254,,no CI reported,"autovla_misalignment_poc/outputs/paper_quantitative_package/_parts/recomputed/equal_distance_summary_strict_rerun.json (recomputed: rerun_equal_distance_analysis.sh, original script STRICT=1) :: Q2/ALL/buckets/4/fde_p10"
Q2_distance_quintile,strict,ALL,quintile4 [0.187-0.669 m],fde_p90,13.7145,,,m,254,,no CI reported,"autovla_misalignment_poc/outputs/paper_quantitative_package/_parts/recomputed/equal_distance_summary_strict_rerun.json (recomputed: rerun_equal_distance_analysis.sh, original script STRICT=1) :: Q2/ALL/buckets/4/fde_p90"
Q2_distance_quintile,strict,ALL,quintile4 [0.187-0.669 m],amplification_rate,31.4961,,,%,254,,no CI reported,"autovla_misalignment_poc/outputs/paper_quantitative_package/_parts/recomputed/equal_distance_summary_strict_rerun.json (recomputed: rerun_equal_distance_analysis.sh, original script STRICT=1) :: Q2/ALL/buckets/4/amplification_rate"
Q2_distance_quintile,strict,ALL,quintile4 [0.187-0.669 m],recovery_rate,65.3543,,,%,254,,no CI reported,"autovla_misalignment_poc/outputs/paper_quantitative_package/_parts/recomputed/equal_distance_summary_strict_rerun.json (recomputed: rerun_equal_distance_analysis.sh, original script STRICT=1) :: Q2/ALL/buckets/4/recovery_rate"
Q5_original_vs_alternatives,strict,ALL,original - alternatives,recovery_original_minus_alts,-4.5714,-7.0912,-0.5664,%,200,,log-cluster bootstrap 2000 reps seed 0,"autovla_misalignment_poc/outputs/paper_quantitative_package/_parts/recomputed/equal_distance_summary_strict_rerun.json (recomputed: rerun_equal_distance_analysis.sh, original script STRICT=1) :: Q5/ALL/recovery_original_minus_alts"
Q5_original_vs_alternatives,strict,ALL,original - alternatives,amplification_original_minus_alts,3.069,-0.6529,5.771,%,200,,log-cluster bootstrap 2000 reps seed 0,"autovla_misalignment_poc/outputs/paper_quantitative_package/_parts/recomputed/equal_distance_summary_strict_rerun.json (recomputed: rerun_equal_distance_analysis.sh, original script STRICT=1) :: Q5/ALL/amplification_original_minus_alts"
Q5_original_vs_alternatives,strict,ALL,original - alternatives,fde_original_minus_alt_median_m,0.631,0.1097,0.9983,m or nat,200,,log-cluster bootstrap 2000 reps seed 0,"autovla_misalignment_poc/outputs/paper_quantitative_package/_parts/recomputed/equal_distance_summary_strict_rerun.json (recomputed: rerun_equal_distance_analysis.sh, original script STRICT=1) :: Q5/ALL/fde_original_minus_alt_median_m"
Q5_original_vs_alternatives,strict,ALL,original - alternatives,original_fde_percentile_among_alts,46.3738,39.5204,51.0569,%,200,,log-cluster bootstrap 2000 reps seed 0,"autovla_misalignment_poc/outputs/paper_quantitative_package/_parts/recomputed/equal_distance_summary_strict_rerun.json (recomputed: rerun_equal_distance_analysis.sh, original script STRICT=1) :: Q5/ALL/original_fde_percentile_among_alts"
Q5_original_vs_alternatives,strict,ALL,original - alternatives,entropy_original_minus_alts,-0.1551,-0.2017,-0.1041,m or nat,200,,log-cluster bootstrap 2000 reps seed 0,"autovla_misalignment_poc/outputs/paper_quantitative_package/_parts/recomputed/equal_distance_summary_strict_rerun.json (recomputed: rerun_equal_distance_analysis.sh, original script STRICT=1) :: Q5/ALL/entropy_original_minus_alts"
Q5_original_vs_alternatives,strict,ALL,original - alternatives,wilcoxon_p_fde,0.3717690464310688,,,"p (Wilcoxon signed-rank, scene units)",,,,"autovla_misalignment_poc/outputs/paper_quantitative_package/_parts/recomputed/equal_distance_summary_strict_rerun.json (recomputed: rerun_equal_distance_analysis.sh, original script STRICT=1) :: Q5/ALL/wilcoxon_p_fde"
design_counts,full,A-,,n_distinct_logs (bootstrap clusters),16,,,logs,,52,,"autovla_misalignment_poc/outputs/equal_distance_perturbation/records.jsonl (recomputed: build_autovla_csvs.py, count of distinct 'log')"
design_counts,full,A+,,n_distinct_logs (bootstrap clusters),26,,,logs,,156,,"autovla_misalignment_poc/outputs/equal_distance_perturbation/records.jsonl (recomputed: build_autovla_csvs.py, count of distinct 'log')"
design_counts,full,ALL,,n_distinct_logs (bootstrap clusters),26,,,logs,,208,,"autovla_misalignment_poc/outputs/equal_distance_perturbation/records.jsonl (recomputed: build_autovla_csvs.py, count of distinct 'log')"
