experiment,subset,group,condition,free_horizon_N,metric,value,CI_low,CI_high,unit,fraction_of_full_effect,fraction_CI_low,fraction_CI_high,fraction_formula,n_units,n_scenes,source
9 temporal_feedback_window,all perturbations,A-,normal,,amplification,46.5753,36.2116,56.8527,%,,,,,365,52,autovla_misalignment_poc/outputs/temporal_feedback_window/summary.json :: subsets/all perturbations/A-/rows/normal/level/amplification; fraction: subsets/all perturbations/A-/fraction/amplification/normal
9 temporal_feedback_window,all perturbations,A-,normal,,recovery,45.4795,36.9141,53.8468,%,,,,,365,52,autovla_misalignment_poc/outputs/temporal_feedback_window/summary.json :: subsets/all perturbations/A-/rows/normal/level/recovery; fraction: subsets/all perturbations/A-/fraction/recovery/normal
9 temporal_feedback_window,all perturbations,A-,normal,,ade5,2.4255,2.0521,2.7342,m,,,,,365,52,autovla_misalignment_poc/outputs/temporal_feedback_window/summary.json :: subsets/all perturbations/A-/rows/normal/level/ade5; fraction: subsets/all perturbations/A-/fraction/ade5/normal
9 temporal_feedback_window,all perturbations,A-,normal,,fde5,6.4459,5.2642,7.4331,m,,,,,365,52,autovla_misalignment_poc/outputs/temporal_feedback_window/summary.json :: subsets/all perturbations/A-/rows/normal/level/fde5; fraction: subsets/all perturbations/A-/fraction/fde5/normal
9 temporal_feedback_window,all perturbations,A-,normal,,downstream_err,91.8341,88.5967,94.3035,%,,,,,365,52,autovla_misalignment_poc/outputs/temporal_feedback_window/summary.json :: subsets/all perturbations/A-/rows/normal/level/downstream_err; fraction: subsets/all perturbations/A-/fraction/downstream_err/normal
9 temporal_feedback_window,all perturbations,A-,win1,,amplification,26.5753,20.4542,34.7836,%,47.0968,32.8943,59.799,(Normal - row)/(Normal - GT-history),365,52,autovla_misalignment_poc/outputs/temporal_feedback_window/summary.json :: subsets/all perturbations/A-/rows/win1/level/amplification; fraction: subsets/all perturbations/A-/fraction/amplification/win1
9 temporal_feedback_window,all perturbations,A-,win1 - normal,,delta amplification (absolute reduction if negative),-20.0,-27.3507,-12.2559,pp,,,,,365,52,autovla_misalignment_poc/outputs/temporal_feedback_window/summary.json :: subsets/all perturbations/A-/rows/win1/vs_normal/amplification (p in json: mcnemar/wilcoxon)
9 temporal_feedback_window,all perturbations,A-,win1,,recovery,64.1096,54.3386,70.3034,%,39.0805,22.9627,51.4286,(Normal - row)/(Normal - GT-history),365,52,autovla_misalignment_poc/outputs/temporal_feedback_window/summary.json :: subsets/all perturbations/A-/rows/win1/level/recovery; fraction: subsets/all perturbations/A-/fraction/recovery/win1
9 temporal_feedback_window,all perturbations,A-,win1 - normal,,delta recovery (absolute reduction if negative),18.6301,9.9989,25.4852,pp,,,,,365,52,autovla_misalignment_poc/outputs/temporal_feedback_window/summary.json :: subsets/all perturbations/A-/rows/win1/vs_normal/recovery (p in json: mcnemar/wilcoxon)
9 temporal_feedback_window,all perturbations,A-,win1,,ade5,1.4221,1.1617,1.7225,m,,,,,365,52,autovla_misalignment_poc/outputs/temporal_feedback_window/summary.json :: subsets/all perturbations/A-/rows/win1/level/ade5; fraction: subsets/all perturbations/A-/fraction/ade5/win1
9 temporal_feedback_window,all perturbations,A-,win1 - normal,,delta ade5 (absolute reduction if negative),-1.0034,-1.1618,-0.7663,m,,,,,365,52,autovla_misalignment_poc/outputs/temporal_feedback_window/summary.json :: subsets/all perturbations/A-/rows/win1/vs_normal/ade5 (p in json: mcnemar/wilcoxon)
9 temporal_feedback_window,all perturbations,A-,win1,,fde5,3.7369,2.844,4.7017,m,58.2836,49.5174,68.4171,(Normal - row)/(Normal - GT-history),365,52,autovla_misalignment_poc/outputs/temporal_feedback_window/summary.json :: subsets/all perturbations/A-/rows/win1/level/fde5; fraction: subsets/all perturbations/A-/fraction/fde5/win1
9 temporal_feedback_window,all perturbations,A-,win1 - normal,,delta fde5 (absolute reduction if negative),-2.709,-3.2453,-2.0172,m,,,,,365,52,autovla_misalignment_poc/outputs/temporal_feedback_window/summary.json :: subsets/all perturbations/A-/rows/win1/vs_normal/fde5 (p in json: mcnemar/wilcoxon)
9 temporal_feedback_window,all perturbations,A-,win1,,downstream_err,73.9817,70.1691,79.6414,%,32.1075,23.0552,37.8669,(Normal - row)/(Normal - GT-history),365,52,autovla_misalignment_poc/outputs/temporal_feedback_window/summary.json :: subsets/all perturbations/A-/rows/win1/level/downstream_err; fraction: subsets/all perturbations/A-/fraction/downstream_err/win1
9 temporal_feedback_window,all perturbations,A-,win1 - normal,,delta downstream_err (absolute reduction if negative),-17.8524,-21.6549,-11.7747,pp,,,,,365,52,autovla_misalignment_poc/outputs/temporal_feedback_window/summary.json :: subsets/all perturbations/A-/rows/win1/vs_normal/downstream_err (p in json: mcnemar/wilcoxon)
9 temporal_feedback_window,all perturbations,A-,win2,,amplification,14.2466,9.0487,20.7285,%,76.129,61.9955,86.7352,(Normal - row)/(Normal - GT-history),365,52,autovla_misalignment_poc/outputs/temporal_feedback_window/summary.json :: subsets/all perturbations/A-/rows/win2/level/amplification; fraction: subsets/all perturbations/A-/fraction/amplification/win2
9 temporal_feedback_window,all perturbations,A-,win2 - normal,,delta amplification (absolute reduction if negative),-32.3288,-42.4659,-20.5125,pp,,,,,365,52,autovla_misalignment_poc/outputs/temporal_feedback_window/summary.json :: subsets/all perturbations/A-/rows/win2/vs_normal/amplification (p in json: mcnemar/wilcoxon)
9 temporal_feedback_window,all perturbations,A-,win2,,recovery,78.0822,70.408,84.4447,%,68.3908,53.9467,78.8146,(Normal - row)/(Normal - GT-history),365,52,autovla_misalignment_poc/outputs/temporal_feedback_window/summary.json :: subsets/all perturbations/A-/rows/win2/level/recovery; fraction: subsets/all perturbations/A-/fraction/recovery/win2
9 temporal_feedback_window,all perturbations,A-,win2 - normal,,delta recovery (absolute reduction if negative),32.6027,21.3672,42.1546,pp,,,,,365,52,autovla_misalignment_poc/outputs/temporal_feedback_window/summary.json :: subsets/all perturbations/A-/rows/win2/vs_normal/recovery (p in json: mcnemar/wilcoxon)
9 temporal_feedback_window,all perturbations,A-,win2,,ade5,1.0865,0.8365,1.4139,m,,,,,365,52,autovla_misalignment_poc/outputs/temporal_feedback_window/summary.json :: subsets/all perturbations/A-/rows/win2/level/ade5; fraction: subsets/all perturbations/A-/fraction/ade5/win2
9 temporal_feedback_window,all perturbations,A-,win2 - normal,,delta ade5 (absolute reduction if negative),-1.339,-1.5335,-1.0649,m,,,,,365,52,autovla_misalignment_poc/outputs/temporal_feedback_window/summary.json :: subsets/all perturbations/A-/rows/win2/vs_normal/ade5 (p in json: mcnemar/wilcoxon)
9 temporal_feedback_window,all perturbations,A-,win2,,fde5,2.6249,1.9537,3.5883,m,82.2065,75.326,87.9272,(Normal - row)/(Normal - GT-history),365,52,autovla_misalignment_poc/outputs/temporal_feedback_window/summary.json :: subsets/all perturbations/A-/rows/win2/level/fde5; fraction: subsets/all perturbations/A-/fraction/fde5/win2
9 temporal_feedback_window,all perturbations,A-,win2 - normal,,delta fde5 (absolute reduction if negative),-3.8209,-4.5833,-2.9137,m,,,,,365,52,autovla_misalignment_poc/outputs/temporal_feedback_window/summary.json :: subsets/all perturbations/A-/rows/win2/vs_normal/fde5 (p in json: mcnemar/wilcoxon)
9 temporal_feedback_window,all perturbations,A-,win2,,downstream_err,61.4592,56.1716,69.2213,%,54.6292,45.4559,60.4308,(Normal - row)/(Normal - GT-history),365,52,autovla_misalignment_poc/outputs/temporal_feedback_window/summary.json :: subsets/all perturbations/A-/rows/win2/level/downstream_err; fraction: subsets/all perturbations/A-/fraction/downstream_err/win2
9 temporal_feedback_window,all perturbations,A-,win2 - normal,,delta downstream_err (absolute reduction if negative),-30.3749,-35.508,-23.1492,pp,,,,,365,52,autovla_misalignment_poc/outputs/temporal_feedback_window/summary.json :: subsets/all perturbations/A-/rows/win2/vs_normal/downstream_err (p in json: mcnemar/wilcoxon)
9 temporal_feedback_window,all perturbations,A-,win3,,amplification,8.4932,3.6418,13.3556,%,89.6774,79.3853,98.8239,(Normal - row)/(Normal - GT-history),365,52,autovla_misalignment_poc/outputs/temporal_feedback_window/summary.json :: subsets/all perturbations/A-/rows/win3/level/amplification; fraction: subsets/all perturbations/A-/fraction/amplification/win3
9 temporal_feedback_window,all perturbations,A-,win3 - normal,,delta amplification (absolute reduction if negative),-38.0822,-50.7943,-24.8118,pp,,,,,365,52,autovla_misalignment_poc/outputs/temporal_feedback_window/summary.json :: subsets/all perturbations/A-/rows/win3/vs_normal/amplification (p in json: mcnemar/wilcoxon)
9 temporal_feedback_window,all perturbations,A-,win3,,recovery,87.1233,81.0218,92.5009,%,87.3563,79.6689,95.1225,(Normal - row)/(Normal - GT-history),365,52,autovla_misalignment_poc/outputs/temporal_feedback_window/summary.json :: subsets/all perturbations/A-/rows/win3/level/recovery; fraction: subsets/all perturbations/A-/fraction/recovery/win3
9 temporal_feedback_window,all perturbations,A-,win3 - normal,,delta recovery (absolute reduction if negative),41.6438,31.3464,51.3936,pp,,,,,365,52,autovla_misalignment_poc/outputs/temporal_feedback_window/summary.json :: subsets/all perturbations/A-/rows/win3/vs_normal/recovery (p in json: mcnemar/wilcoxon)
9 temporal_feedback_window,all perturbations,A-,win3,,ade5,0.9772,0.7412,1.2961,m,,,,,365,52,autovla_misalignment_poc/outputs/temporal_feedback_window/summary.json :: subsets/all perturbations/A-/rows/win3/level/ade5; fraction: subsets/all perturbations/A-/fraction/ade5/win3
9 temporal_feedback_window,all perturbations,A-,win3 - normal,,delta ade5 (absolute reduction if negative),-1.4483,-1.6651,-1.1699,m,,,,,365,52,autovla_misalignment_poc/outputs/temporal_feedback_window/summary.json :: subsets/all perturbations/A-/rows/win3/vs_normal/ade5 (p in json: mcnemar/wilcoxon)
9 temporal_feedback_window,all perturbations,A-,win3,,fde5,2.1483,1.5536,2.9147,m,92.462,87.4281,97.936,(Normal - row)/(Normal - GT-history),365,52,autovla_misalignment_poc/outputs/temporal_feedback_window/summary.json :: subsets/all perturbations/A-/rows/win3/level/fde5; fraction: subsets/all perturbations/A-/fraction/fde5/win3
9 temporal_feedback_window,all perturbations,A-,win3 - normal,,delta fde5 (absolute reduction if negative),-4.2976,-5.1624,-3.2984,m,,,,,365,52,autovla_misalignment_poc/outputs/temporal_feedback_window/summary.json :: subsets/all perturbations/A-/rows/win3/vs_normal/fde5 (p in json: mcnemar/wilcoxon)
9 temporal_feedback_window,all perturbations,A-,win3,,downstream_err,49.4927,44.697,56.7322,%,76.151,69.1442,80.7471,(Normal - row)/(Normal - GT-history),365,52,autovla_misalignment_poc/outputs/temporal_feedback_window/summary.json :: subsets/all perturbations/A-/rows/win3/level/downstream_err; fraction: subsets/all perturbations/A-/fraction/downstream_err/win3
9 temporal_feedback_window,all perturbations,A-,win3 - normal,,delta downstream_err (absolute reduction if negative),-42.3414,-47.5569,-34.6911,pp,,,,,365,52,autovla_misalignment_poc/outputs/temporal_feedback_window/summary.json :: subsets/all perturbations/A-/rows/win3/vs_normal/downstream_err (p in json: mcnemar/wilcoxon)
9 temporal_feedback_window,all perturbations,A-,win4,,amplification,5.7534,2.5171,8.7948,%,96.129,93.7494,100.0,(Normal - row)/(Normal - GT-history),365,52,autovla_misalignment_poc/outputs/temporal_feedback_window/summary.json :: subsets/all perturbations/A-/rows/win4/level/amplification; fraction: subsets/all perturbations/A-/fraction/amplification/win4
9 temporal_feedback_window,all perturbations,A-,win4 - normal,,delta amplification (absolute reduction if negative),-40.8219,-52.1759,-29.2397,pp,,,,,365,52,autovla_misalignment_poc/outputs/temporal_feedback_window/summary.json :: subsets/all perturbations/A-/rows/win4/vs_normal/amplification (p in json: mcnemar/wilcoxon)
9 temporal_feedback_window,all perturbations,A-,win4,,recovery,90.411,84.8913,94.5171,%,94.2529,89.0173,100.0,(Normal - row)/(Normal - GT-history),365,52,autovla_misalignment_poc/outputs/temporal_feedback_window/summary.json :: subsets/all perturbations/A-/rows/win4/level/recovery; fraction: subsets/all perturbations/A-/fraction/recovery/win4
9 temporal_feedback_window,all perturbations,A-,win4 - normal,,delta recovery (absolute reduction if negative),44.9315,35.6782,53.9694,pp,,,,,365,52,autovla_misalignment_poc/outputs/temporal_feedback_window/summary.json :: subsets/all perturbations/A-/rows/win4/vs_normal/recovery (p in json: mcnemar/wilcoxon)
9 temporal_feedback_window,all perturbations,A-,win4,,ade5,0.9331,0.726,1.2218,m,,,,,365,52,autovla_misalignment_poc/outputs/temporal_feedback_window/summary.json :: subsets/all perturbations/A-/rows/win4/level/ade5; fraction: subsets/all perturbations/A-/fraction/ade5/win4
9 temporal_feedback_window,all perturbations,A-,win4 - normal,,delta ade5 (absolute reduction if negative),-1.4924,-1.6959,-1.2044,m,,,,,365,52,autovla_misalignment_poc/outputs/temporal_feedback_window/summary.json :: subsets/all perturbations/A-/rows/win4/vs_normal/ade5 (p in json: mcnemar/wilcoxon)
9 temporal_feedback_window,all perturbations,A-,win4,,fde5,1.9397,1.4873,2.6182,m,96.9496,94.3971,99.9163,(Normal - row)/(Normal - GT-history),365,52,autovla_misalignment_poc/outputs/temporal_feedback_window/summary.json :: subsets/all perturbations/A-/rows/win4/level/fde5; fraction: subsets/all perturbations/A-/fraction/fde5/win4
9 temporal_feedback_window,all perturbations,A-,win4 - normal,,delta fde5 (absolute reduction if negative),-4.5062,-5.2944,-3.5082,m,,,,,365,52,autovla_misalignment_poc/outputs/temporal_feedback_window/summary.json :: subsets/all perturbations/A-/rows/win4/vs_normal/fde5 (p in json: mcnemar/wilcoxon)
9 temporal_feedback_window,all perturbations,A-,win4,,downstream_err,43.0326,39.2096,48.9524,%,87.7695,83.2704,92.2473,(Normal - row)/(Normal - GT-history),365,52,autovla_misalignment_poc/outputs/temporal_feedback_window/summary.json :: subsets/all perturbations/A-/rows/win4/level/downstream_err; fraction: subsets/all perturbations/A-/fraction/downstream_err/win4
9 temporal_feedback_window,all perturbations,A-,win4 - normal,,delta downstream_err (absolute reduction if negative),-48.8015,-53.5092,-41.5477,pp,,,,,365,52,autovla_misalignment_poc/outputs/temporal_feedback_window/summary.json :: subsets/all perturbations/A-/rows/win4/vs_normal/downstream_err (p in json: mcnemar/wilcoxon)
9 temporal_feedback_window,all perturbations,A-,win5,,amplification,5.2055,2.4473,7.9246,%,97.4194,95.0202,100.0,(Normal - row)/(Normal - GT-history),365,52,autovla_misalignment_poc/outputs/temporal_feedback_window/summary.json :: subsets/all perturbations/A-/rows/win5/level/amplification; fraction: subsets/all perturbations/A-/fraction/amplification/win5
9 temporal_feedback_window,all perturbations,A-,win5 - normal,,delta amplification (absolute reduction if negative),-41.3699,-52.1883,-30.5962,pp,,,,,365,52,autovla_misalignment_poc/outputs/temporal_feedback_window/summary.json :: subsets/all perturbations/A-/rows/win5/vs_normal/amplification (p in json: mcnemar/wilcoxon)
9 temporal_feedback_window,all perturbations,A-,win5,,recovery,90.6849,85.1837,94.5579,%,94.8276,89.4005,100.0,(Normal - row)/(Normal - GT-history),365,52,autovla_misalignment_poc/outputs/temporal_feedback_window/summary.json :: subsets/all perturbations/A-/rows/win5/level/recovery; fraction: subsets/all perturbations/A-/fraction/recovery/win5
9 temporal_feedback_window,all perturbations,A-,win5 - normal,,delta recovery (absolute reduction if negative),45.2055,36.0811,54.0417,pp,,,,,365,52,autovla_misalignment_poc/outputs/temporal_feedback_window/summary.json :: subsets/all perturbations/A-/rows/win5/vs_normal/recovery (p in json: mcnemar/wilcoxon)
9 temporal_feedback_window,all perturbations,A-,win5,,ade5,0.9282,0.7157,1.2206,m,,,,,365,52,autovla_misalignment_poc/outputs/temporal_feedback_window/summary.json :: subsets/all perturbations/A-/rows/win5/level/ade5; fraction: subsets/all perturbations/A-/fraction/ade5/win5
9 temporal_feedback_window,all perturbations,A-,win5 - normal,,delta ade5 (absolute reduction if negative),-1.4974,-1.7026,-1.2086,m,,,,,365,52,autovla_misalignment_poc/outputs/temporal_feedback_window/summary.json :: subsets/all perturbations/A-/rows/win5/vs_normal/ade5 (p in json: mcnemar/wilcoxon)
9 temporal_feedback_window,all perturbations,A-,win5,,fde5,1.8999,1.4231,2.6119,m,97.8046,96.1781,99.752,(Normal - row)/(Normal - GT-history),365,52,autovla_misalignment_poc/outputs/temporal_feedback_window/summary.json :: subsets/all perturbations/A-/rows/win5/level/fde5; fraction: subsets/all perturbations/A-/fraction/fde5/win5
9 temporal_feedback_window,all perturbations,A-,win5 - normal,,delta fde5 (absolute reduction if negative),-4.5459,-5.3403,-3.5504,m,,,,,365,52,autovla_misalignment_poc/outputs/temporal_feedback_window/summary.json :: subsets/all perturbations/A-/rows/win5/vs_normal/fde5 (p in json: mcnemar/wilcoxon)
9 temporal_feedback_window,all perturbations,A-,win5,,downstream_err,39.8471,35.9265,46.0102,%,93.4986,89.6189,96.5078,(Normal - row)/(Normal - GT-history),365,52,autovla_misalignment_poc/outputs/temporal_feedback_window/summary.json :: subsets/all perturbations/A-/rows/win5/level/downstream_err; fraction: subsets/all perturbations/A-/fraction/downstream_err/win5
9 temporal_feedback_window,all perturbations,A-,win5 - normal,,delta downstream_err (absolute reduction if negative),-51.987,-56.6392,-44.7558,pp,,,,,365,52,autovla_misalignment_poc/outputs/temporal_feedback_window/summary.json :: subsets/all perturbations/A-/rows/win5/vs_normal/downstream_err (p in json: mcnemar/wilcoxon)
9 temporal_feedback_window,all perturbations,A-,win6,,amplification,4.1096,1.3615,7.693,%,100.0,100.0,100.0,(Normal - row)/(Normal - GT-history),365,52,autovla_misalignment_poc/outputs/temporal_feedback_window/summary.json :: subsets/all perturbations/A-/rows/win6/level/amplification; fraction: subsets/all perturbations/A-/fraction/amplification/win6
9 temporal_feedback_window,all perturbations,A-,win6 - normal,,delta amplification (absolute reduction if negative),-42.4658,-53.419,-30.644,pp,,,,,365,52,autovla_misalignment_poc/outputs/temporal_feedback_window/summary.json :: subsets/all perturbations/A-/rows/win6/vs_normal/amplification (p in json: mcnemar/wilcoxon)
9 temporal_feedback_window,all perturbations,A-,win6,,recovery,93.1507,87.417,97.1805,%,100.0,100.0,100.0,(Normal - row)/(Normal - GT-history),365,52,autovla_misalignment_poc/outputs/temporal_feedback_window/summary.json :: subsets/all perturbations/A-/rows/win6/level/recovery; fraction: subsets/all perturbations/A-/fraction/recovery/win6
9 temporal_feedback_window,all perturbations,A-,win6 - normal,,delta recovery (absolute reduction if negative),47.6712,36.915,57.5901,pp,,,,,365,52,autovla_misalignment_poc/outputs/temporal_feedback_window/summary.json :: subsets/all perturbations/A-/rows/win6/vs_normal/recovery (p in json: mcnemar/wilcoxon)
9 temporal_feedback_window,all perturbations,A-,win6,,ade5,0.9116,0.6891,1.2162,m,,,,,365,52,autovla_misalignment_poc/outputs/temporal_feedback_window/summary.json :: subsets/all perturbations/A-/rows/win6/level/ade5; fraction: subsets/all perturbations/A-/fraction/ade5/win6
9 temporal_feedback_window,all perturbations,A-,win6 - normal,,delta ade5 (absolute reduction if negative),-1.5139,-1.7179,-1.2215,m,,,,,365,52,autovla_misalignment_poc/outputs/temporal_feedback_window/summary.json :: subsets/all perturbations/A-/rows/win6/vs_normal/ade5 (p in json: mcnemar/wilcoxon)
9 temporal_feedback_window,all perturbations,A-,win6,,fde5,1.805,1.2962,2.5644,m,99.848,99.5839,100.0826,(Normal - row)/(Normal - GT-history),365,52,autovla_misalignment_poc/outputs/temporal_feedback_window/summary.json :: subsets/all perturbations/A-/rows/win6/level/fde5; fraction: subsets/all perturbations/A-/fraction/fde5/win6
9 temporal_feedback_window,all perturbations,A-,win6 - normal,,delta fde5 (absolute reduction if negative),-4.6409,-5.4522,-3.6222,m,,,,,365,52,autovla_misalignment_poc/outputs/temporal_feedback_window/summary.json :: subsets/all perturbations/A-/rows/win6/vs_normal/fde5 (p in json: mcnemar/wilcoxon)
9 temporal_feedback_window,all perturbations,A-,win6,,downstream_err,37.9522,34.0448,44.2263,%,96.9067,94.6631,98.525,(Normal - row)/(Normal - GT-history),365,52,autovla_misalignment_poc/outputs/temporal_feedback_window/summary.json :: subsets/all perturbations/A-/rows/win6/level/downstream_err; fraction: subsets/all perturbations/A-/fraction/downstream_err/win6
9 temporal_feedback_window,all perturbations,A-,win6 - normal,,delta downstream_err (absolute reduction if negative),-53.8819,-58.1181,-47.1083,pp,,,,,365,52,autovla_misalignment_poc/outputs/temporal_feedback_window/summary.json :: subsets/all perturbations/A-/rows/win6/vs_normal/downstream_err (p in json: mcnemar/wilcoxon)
9 temporal_feedback_window,all perturbations,A-,win7,,amplification,4.1096,1.3615,7.693,%,100.0,100.0,100.0,(Normal - row)/(Normal - GT-history),365,52,autovla_misalignment_poc/outputs/temporal_feedback_window/summary.json :: subsets/all perturbations/A-/rows/win7/level/amplification; fraction: subsets/all perturbations/A-/fraction/amplification/win7
9 temporal_feedback_window,all perturbations,A-,win7 - normal,,delta amplification (absolute reduction if negative),-42.4658,-53.419,-30.644,pp,,,,,365,52,autovla_misalignment_poc/outputs/temporal_feedback_window/summary.json :: subsets/all perturbations/A-/rows/win7/vs_normal/amplification (p in json: mcnemar/wilcoxon)
9 temporal_feedback_window,all perturbations,A-,win7,,recovery,93.1507,87.417,97.1805,%,100.0,100.0,100.0,(Normal - row)/(Normal - GT-history),365,52,autovla_misalignment_poc/outputs/temporal_feedback_window/summary.json :: subsets/all perturbations/A-/rows/win7/level/recovery; fraction: subsets/all perturbations/A-/fraction/recovery/win7
9 temporal_feedback_window,all perturbations,A-,win7 - normal,,delta recovery (absolute reduction if negative),47.6712,36.915,57.5901,pp,,,,,365,52,autovla_misalignment_poc/outputs/temporal_feedback_window/summary.json :: subsets/all perturbations/A-/rows/win7/vs_normal/recovery (p in json: mcnemar/wilcoxon)
9 temporal_feedback_window,all perturbations,A-,win7,,ade5,0.9109,0.6895,1.2138,m,,,,,365,52,autovla_misalignment_poc/outputs/temporal_feedback_window/summary.json :: subsets/all perturbations/A-/rows/win7/level/ade5; fraction: subsets/all perturbations/A-/fraction/ade5/win7
9 temporal_feedback_window,all perturbations,A-,win7 - normal,,delta ade5 (absolute reduction if negative),-1.5146,-1.7178,-1.2225,m,,,,,365,52,autovla_misalignment_poc/outputs/temporal_feedback_window/summary.json :: subsets/all perturbations/A-/rows/win7/vs_normal/ade5 (p in json: mcnemar/wilcoxon)
9 temporal_feedback_window,all perturbations,A-,win7,,fde5,1.8011,1.3007,2.5534,m,99.9303,99.8631,100.0047,(Normal - row)/(Normal - GT-history),365,52,autovla_misalignment_poc/outputs/temporal_feedback_window/summary.json :: subsets/all perturbations/A-/rows/win7/level/fde5; fraction: subsets/all perturbations/A-/fraction/fde5/win7
9 temporal_feedback_window,all perturbations,A-,win7 - normal,,delta fde5 (absolute reduction if negative),-4.6447,-5.4487,-3.6257,m,,,,,365,52,autovla_misalignment_poc/outputs/temporal_feedback_window/summary.json :: subsets/all perturbations/A-/rows/win7/vs_normal/fde5 (p in json: mcnemar/wilcoxon)
9 temporal_feedback_window,all perturbations,A-,win7,,downstream_err,36.6584,33.149,42.2803,%,99.2335,98.1191,100.0,(Normal - row)/(Normal - GT-history),365,52,autovla_misalignment_poc/outputs/temporal_feedback_window/summary.json :: subsets/all perturbations/A-/rows/win7/level/downstream_err; fraction: subsets/all perturbations/A-/fraction/downstream_err/win7
9 temporal_feedback_window,all perturbations,A-,win7 - normal,,delta downstream_err (absolute reduction if negative),-55.1757,-59.02,-49.0781,pp,,,,,365,52,autovla_misalignment_poc/outputs/temporal_feedback_window/summary.json :: subsets/all perturbations/A-/rows/win7/vs_normal/downstream_err (p in json: mcnemar/wilcoxon)
9 temporal_feedback_window,all perturbations,A-,win8,,amplification,4.1096,1.3615,7.693,%,100.0,100.0,100.0,(Normal - row)/(Normal - GT-history),365,52,autovla_misalignment_poc/outputs/temporal_feedback_window/summary.json :: subsets/all perturbations/A-/rows/win8/level/amplification; fraction: subsets/all perturbations/A-/fraction/amplification/win8
9 temporal_feedback_window,all perturbations,A-,win8 - normal,,delta amplification (absolute reduction if negative),-42.4658,-53.419,-30.644,pp,,,,,365,52,autovla_misalignment_poc/outputs/temporal_feedback_window/summary.json :: subsets/all perturbations/A-/rows/win8/vs_normal/amplification (p in json: mcnemar/wilcoxon)
9 temporal_feedback_window,all perturbations,A-,win8,,recovery,93.1507,87.417,97.1805,%,100.0,100.0,100.0,(Normal - row)/(Normal - GT-history),365,52,autovla_misalignment_poc/outputs/temporal_feedback_window/summary.json :: subsets/all perturbations/A-/rows/win8/level/recovery; fraction: subsets/all perturbations/A-/fraction/recovery/win8
9 temporal_feedback_window,all perturbations,A-,win8 - normal,,delta recovery (absolute reduction if negative),47.6712,36.915,57.5901,pp,,,,,365,52,autovla_misalignment_poc/outputs/temporal_feedback_window/summary.json :: subsets/all perturbations/A-/rows/win8/vs_normal/recovery (p in json: mcnemar/wilcoxon)
9 temporal_feedback_window,all perturbations,A-,win8,,ade5,0.9106,0.6892,1.2138,m,,,,,365,52,autovla_misalignment_poc/outputs/temporal_feedback_window/summary.json :: subsets/all perturbations/A-/rows/win8/level/ade5; fraction: subsets/all perturbations/A-/fraction/ade5/win8
9 temporal_feedback_window,all perturbations,A-,win8 - normal,,delta ade5 (absolute reduction if negative),-1.515,-1.7183,-1.2225,m,,,,,365,52,autovla_misalignment_poc/outputs/temporal_feedback_window/summary.json :: subsets/all perturbations/A-/rows/win8/vs_normal/ade5 (p in json: mcnemar/wilcoxon)
9 temporal_feedback_window,all perturbations,A-,win8,,fde5,1.7979,1.2972,2.5535,m,100.0,100.0,100.0,(Normal - row)/(Normal - GT-history),365,52,autovla_misalignment_poc/outputs/temporal_feedback_window/summary.json :: subsets/all perturbations/A-/rows/win8/level/fde5; fraction: subsets/all perturbations/A-/fraction/fde5/win8
9 temporal_feedback_window,all perturbations,A-,win8 - normal,,delta fde5 (absolute reduction if negative),-4.648,-5.4552,-3.6256,m,,,,,365,52,autovla_misalignment_poc/outputs/temporal_feedback_window/summary.json :: subsets/all perturbations/A-/rows/win8/vs_normal/fde5 (p in json: mcnemar/wilcoxon)
9 temporal_feedback_window,all perturbations,A-,win8,,downstream_err,36.2322,32.8039,41.7806,%,100.0,100.0,100.0,(Normal - row)/(Normal - GT-history),365,52,autovla_misalignment_poc/outputs/temporal_feedback_window/summary.json :: subsets/all perturbations/A-/rows/win8/level/downstream_err; fraction: subsets/all perturbations/A-/fraction/downstream_err/win8
9 temporal_feedback_window,all perturbations,A-,win8 - normal,,delta downstream_err (absolute reduction if negative),-55.6019,-59.4283,-49.4094,pp,,,,,365,52,autovla_misalignment_poc/outputs/temporal_feedback_window/summary.json :: subsets/all perturbations/A-/rows/win8/vs_normal/downstream_err (p in json: mcnemar/wilcoxon)
9 temporal_feedback_window,all perturbations,A-,gt_history,,amplification,4.1096,1.3615,7.693,%,,,,,365,52,autovla_misalignment_poc/outputs/temporal_feedback_window/summary.json :: subsets/all perturbations/A-/rows/gt_history/level/amplification; fraction: subsets/all perturbations/A-/fraction/amplification/gt_history
9 temporal_feedback_window,all perturbations,A-,gt_history - normal,,delta amplification (absolute reduction if negative),-42.4658,-53.419,-30.644,pp,,,,,365,52,autovla_misalignment_poc/outputs/temporal_feedback_window/summary.json :: subsets/all perturbations/A-/rows/gt_history/vs_normal/amplification (p in json: mcnemar/wilcoxon)
9 temporal_feedback_window,all perturbations,A-,gt_history,,recovery,93.1507,87.417,97.1805,%,,,,,365,52,autovla_misalignment_poc/outputs/temporal_feedback_window/summary.json :: subsets/all perturbations/A-/rows/gt_history/level/recovery; fraction: subsets/all perturbations/A-/fraction/recovery/gt_history
9 temporal_feedback_window,all perturbations,A-,gt_history - normal,,delta recovery (absolute reduction if negative),47.6712,36.915,57.5901,pp,,,,,365,52,autovla_misalignment_poc/outputs/temporal_feedback_window/summary.json :: subsets/all perturbations/A-/rows/gt_history/vs_normal/recovery (p in json: mcnemar/wilcoxon)
9 temporal_feedback_window,all perturbations,A-,gt_history,,ade5,0.9106,0.6892,1.2138,m,,,,,365,52,autovla_misalignment_poc/outputs/temporal_feedback_window/summary.json :: subsets/all perturbations/A-/rows/gt_history/level/ade5; fraction: subsets/all perturbations/A-/fraction/ade5/gt_history
9 temporal_feedback_window,all perturbations,A-,gt_history - normal,,delta ade5 (absolute reduction if negative),-1.515,-1.7183,-1.2225,m,,,,,365,52,autovla_misalignment_poc/outputs/temporal_feedback_window/summary.json :: subsets/all perturbations/A-/rows/gt_history/vs_normal/ade5 (p in json: mcnemar/wilcoxon)
9 temporal_feedback_window,all perturbations,A-,gt_history,,fde5,1.7979,1.2972,2.5535,m,,,,,365,52,autovla_misalignment_poc/outputs/temporal_feedback_window/summary.json :: subsets/all perturbations/A-/rows/gt_history/level/fde5; fraction: subsets/all perturbations/A-/fraction/fde5/gt_history
9 temporal_feedback_window,all perturbations,A-,gt_history - normal,,delta fde5 (absolute reduction if negative),-4.648,-5.4552,-3.6256,m,,,,,365,52,autovla_misalignment_poc/outputs/temporal_feedback_window/summary.json :: subsets/all perturbations/A-/rows/gt_history/vs_normal/fde5 (p in json: mcnemar/wilcoxon)
9 temporal_feedback_window,all perturbations,A-,gt_history,,downstream_err,36.2322,32.8039,41.7806,%,,,,,365,52,autovla_misalignment_poc/outputs/temporal_feedback_window/summary.json :: subsets/all perturbations/A-/rows/gt_history/level/downstream_err; fraction: subsets/all perturbations/A-/fraction/downstream_err/gt_history
9 temporal_feedback_window,all perturbations,A-,gt_history - normal,,delta downstream_err (absolute reduction if negative),-55.6019,-59.4283,-49.4094,pp,,,,,365,52,autovla_misalignment_poc/outputs/temporal_feedback_window/summary.json :: subsets/all perturbations/A-/rows/gt_history/vs_normal/downstream_err (p in json: mcnemar/wilcoxon)
9 temporal_feedback_window,all perturbations,A-,delay2_len1,,amplification,19.1781,13.9239,23.7334,%,64.5161,53.8411,75.8276,(Normal - row)/(Normal - GT-history),365,52,autovla_misalignment_poc/outputs/temporal_feedback_window/summary.json :: subsets/all perturbations/A-/rows/delay2_len1/level/amplification; fraction: subsets/all perturbations/A-/fraction/amplification/delay2_len1
9 temporal_feedback_window,all perturbations,A-,delay2_len1 - normal,,delta amplification (absolute reduction if negative),-27.3973,-36.4644,-17.6764,pp,,,,,365,52,autovla_misalignment_poc/outputs/temporal_feedback_window/summary.json :: subsets/all perturbations/A-/rows/delay2_len1/vs_normal/amplification (p in json: mcnemar/wilcoxon)
9 temporal_feedback_window,all perturbations,A-,delay2_len1,,recovery,72.6027,66.5719,77.7299,%,56.8966,44.3815,67.0403,(Normal - row)/(Normal - GT-history),365,52,autovla_misalignment_poc/outputs/temporal_feedback_window/summary.json :: subsets/all perturbations/A-/rows/delay2_len1/level/recovery; fraction: subsets/all perturbations/A-/fraction/recovery/delay2_len1
9 temporal_feedback_window,all perturbations,A-,delay2_len1 - normal,,delta recovery (absolute reduction if negative),27.1233,17.1686,35.8984,pp,,,,,365,52,autovla_misalignment_poc/outputs/temporal_feedback_window/summary.json :: subsets/all perturbations/A-/rows/delay2_len1/vs_normal/recovery (p in json: mcnemar/wilcoxon)
9 temporal_feedback_window,all perturbations,A-,delay2_len1,,ade5,1.5174,1.1957,1.8153,m,,,,,365,52,autovla_misalignment_poc/outputs/temporal_feedback_window/summary.json :: subsets/all perturbations/A-/rows/delay2_len1/level/ade5; fraction: subsets/all perturbations/A-/fraction/ade5/delay2_len1
9 temporal_feedback_window,all perturbations,A-,delay2_len1 - normal,,delta ade5 (absolute reduction if negative),-0.9081,-1.0538,-0.7609,m,,,,,365,52,autovla_misalignment_poc/outputs/temporal_feedback_window/summary.json :: subsets/all perturbations/A-/rows/delay2_len1/vs_normal/ade5 (p in json: mcnemar/wilcoxon)
9 temporal_feedback_window,all perturbations,A-,delay2_len1,,fde5,3.6988,2.7237,4.4441,m,59.1016,53.4955,71.532,(Normal - row)/(Normal - GT-history),365,52,autovla_misalignment_poc/outputs/temporal_feedback_window/summary.json :: subsets/all perturbations/A-/rows/delay2_len1/level/fde5; fraction: subsets/all perturbations/A-/fraction/fde5/delay2_len1
9 temporal_feedback_window,all perturbations,A-,delay2_len1 - normal,,delta fde5 (absolute reduction if negative),-2.747,-3.2622,-2.1933,m,,,,,365,52,autovla_misalignment_poc/outputs/temporal_feedback_window/summary.json :: subsets/all perturbations/A-/rows/delay2_len1/vs_normal/fde5 (p in json: mcnemar/wilcoxon)
9 temporal_feedback_window,all perturbations,A-,delay2_len1,,downstream_err,80.2549,74.8496,85.9059,%,20.8251,13.088,27.2787,(Normal - row)/(Normal - GT-history),365,52,autovla_misalignment_poc/outputs/temporal_feedback_window/summary.json :: subsets/all perturbations/A-/rows/delay2_len1/level/downstream_err; fraction: subsets/all perturbations/A-/fraction/downstream_err/delay2_len1
9 temporal_feedback_window,all perturbations,A-,delay2_len1 - normal,,delta downstream_err (absolute reduction if negative),-11.5791,-15.4759,-6.8431,pp,,,,,365,52,autovla_misalignment_poc/outputs/temporal_feedback_window/summary.json :: subsets/all perturbations/A-/rows/delay2_len1/vs_normal/downstream_err (p in json: mcnemar/wilcoxon)
9 temporal_feedback_window,all perturbations,A-,delay3_len1,,amplification,16.7123,11.5448,22.8075,%,70.3226,52.0993,80.7713,(Normal - row)/(Normal - GT-history),365,52,autovla_misalignment_poc/outputs/temporal_feedback_window/summary.json :: subsets/all perturbations/A-/rows/delay3_len1/level/amplification; fraction: subsets/all perturbations/A-/fraction/amplification/delay3_len1
9 temporal_feedback_window,all perturbations,A-,delay3_len1 - normal,,delta amplification (absolute reduction if negative),-29.863,-41.6221,-16.4616,pp,,,,,365,52,autovla_misalignment_poc/outputs/temporal_feedback_window/summary.json :: subsets/all perturbations/A-/rows/delay3_len1/vs_normal/amplification (p in json: mcnemar/wilcoxon)
9 temporal_feedback_window,all perturbations,A-,delay3_len1,,recovery,74.7945,64.0859,83.517,%,61.4943,37.2798,76.9547,(Normal - row)/(Normal - GT-history),365,52,autovla_misalignment_poc/outputs/temporal_feedback_window/summary.json :: subsets/all perturbations/A-/rows/delay3_len1/level/recovery; fraction: subsets/all perturbations/A-/fraction/recovery/delay3_len1
9 temporal_feedback_window,all perturbations,A-,delay3_len1 - normal,,delta recovery (absolute reduction if negative),29.3151,14.1406,41.9724,pp,,,,,365,52,autovla_misalignment_poc/outputs/temporal_feedback_window/summary.json :: subsets/all perturbations/A-/rows/delay3_len1/vs_normal/recovery (p in json: mcnemar/wilcoxon)
9 temporal_feedback_window,all perturbations,A-,delay3_len1,,ade5,1.5777,1.2823,1.8702,m,,,,,365,52,autovla_misalignment_poc/outputs/temporal_feedback_window/summary.json :: subsets/all perturbations/A-/rows/delay3_len1/level/ade5; fraction: subsets/all perturbations/A-/fraction/ade5/delay3_len1
9 temporal_feedback_window,all perturbations,A-,delay3_len1 - normal,,delta ade5 (absolute reduction if negative),-0.8478,-0.9643,-0.7046,m,,,,,365,52,autovla_misalignment_poc/outputs/temporal_feedback_window/summary.json :: subsets/all perturbations/A-/rows/delay3_len1/vs_normal/ade5 (p in json: mcnemar/wilcoxon)
9 temporal_feedback_window,all perturbations,A-,delay3_len1,,fde5,3.4265,2.6851,4.1019,m,64.9611,61.2885,73.2159,(Normal - row)/(Normal - GT-history),365,52,autovla_misalignment_poc/outputs/temporal_feedback_window/summary.json :: subsets/all perturbations/A-/rows/delay3_len1/level/fde5; fraction: subsets/all perturbations/A-/fraction/fde5/delay3_len1
9 temporal_feedback_window,all perturbations,A-,delay3_len1 - normal,,delta fde5 (absolute reduction if negative),-3.0194,-3.5805,-2.3791,m,,,,,365,52,autovla_misalignment_poc/outputs/temporal_feedback_window/summary.json :: subsets/all perturbations/A-/rows/delay3_len1/vs_normal/fde5 (p in json: mcnemar/wilcoxon)
9 temporal_feedback_window,all perturbations,A-,delay3_len1,,downstream_err,81.0415,77.263,85.7611,%,19.4104,12.7944,24.9743,(Normal - row)/(Normal - GT-history),365,52,autovla_misalignment_poc/outputs/temporal_feedback_window/summary.json :: subsets/all perturbations/A-/rows/delay3_len1/level/downstream_err; fraction: subsets/all perturbations/A-/fraction/downstream_err/delay3_len1
9 temporal_feedback_window,all perturbations,A-,delay3_len1 - normal,,delta downstream_err (absolute reduction if negative),-10.7926,-14.1787,-6.9347,pp,,,,,365,52,autovla_misalignment_poc/outputs/temporal_feedback_window/summary.json :: subsets/all perturbations/A-/rows/delay3_len1/vs_normal/downstream_err (p in json: mcnemar/wilcoxon)
9 temporal_feedback_window,all perturbations,A-,delay4_len1,,amplification,16.4384,11.9596,23.049,%,70.9677,53.4845,79.641,(Normal - row)/(Normal - GT-history),365,52,autovla_misalignment_poc/outputs/temporal_feedback_window/summary.json :: subsets/all perturbations/A-/rows/delay4_len1/level/amplification; fraction: subsets/all perturbations/A-/fraction/amplification/delay4_len1
9 temporal_feedback_window,all perturbations,A-,delay4_len1 - normal,,delta amplification (absolute reduction if negative),-30.137,-40.8399,-17.4133,pp,,,,,365,52,autovla_misalignment_poc/outputs/temporal_feedback_window/summary.json :: subsets/all perturbations/A-/rows/delay4_len1/vs_normal/amplification (p in json: mcnemar/wilcoxon)
9 temporal_feedback_window,all perturbations,A-,delay4_len1,,recovery,71.7808,61.059,80.2179,%,55.1724,30.232,70.5034,(Normal - row)/(Normal - GT-history),365,52,autovla_misalignment_poc/outputs/temporal_feedback_window/summary.json :: subsets/all perturbations/A-/rows/delay4_len1/level/recovery; fraction: subsets/all perturbations/A-/fraction/recovery/delay4_len1
9 temporal_feedback_window,all perturbations,A-,delay4_len1 - normal,,delta recovery (absolute reduction if negative),26.3014,11.7433,38.6989,pp,,,,,365,52,autovla_misalignment_poc/outputs/temporal_feedback_window/summary.json :: subsets/all perturbations/A-/rows/delay4_len1/vs_normal/recovery (p in json: mcnemar/wilcoxon)
9 temporal_feedback_window,all perturbations,A-,delay4_len1,,ade5,1.8252,1.5146,2.097,m,,,,,365,52,autovla_misalignment_poc/outputs/temporal_feedback_window/summary.json :: subsets/all perturbations/A-/rows/delay4_len1/level/ade5; fraction: subsets/all perturbations/A-/fraction/ade5/delay4_len1
9 temporal_feedback_window,all perturbations,A-,delay4_len1 - normal,,delta ade5 (absolute reduction if negative),-0.6003,-0.6746,-0.4814,m,,,,,365,52,autovla_misalignment_poc/outputs/temporal_feedback_window/summary.json :: subsets/all perturbations/A-/rows/delay4_len1/vs_normal/ade5 (p in json: mcnemar/wilcoxon)
9 temporal_feedback_window,all perturbations,A-,delay4_len1,,fde5,4.0049,3.225,4.7383,m,52.5162,48.1736,58.107,(Normal - row)/(Normal - GT-history),365,52,autovla_misalignment_poc/outputs/temporal_feedback_window/summary.json :: subsets/all perturbations/A-/rows/delay4_len1/level/fde5; fraction: subsets/all perturbations/A-/fraction/fde5/delay4_len1
9 temporal_feedback_window,all perturbations,A-,delay4_len1 - normal,,delta fde5 (absolute reduction if negative),-2.4409,-2.8329,-1.9015,m,,,,,365,52,autovla_misalignment_poc/outputs/temporal_feedback_window/summary.json :: subsets/all perturbations/A-/rows/delay4_len1/vs_normal/fde5 (p in json: mcnemar/wilcoxon)
9 temporal_feedback_window,all perturbations,A-,delay4_len1,,downstream_err,86.0442,83.3358,89.0014,%,10.413,7.1502,13.0368,(Normal - row)/(Normal - GT-history),365,52,autovla_misalignment_poc/outputs/temporal_feedback_window/summary.json :: subsets/all perturbations/A-/rows/delay4_len1/level/downstream_err; fraction: subsets/all perturbations/A-/fraction/downstream_err/delay4_len1
9 temporal_feedback_window,all perturbations,A-,delay4_len1 - normal,,delta downstream_err (absolute reduction if negative),-5.7898,-7.4544,-3.7241,pp,,,,,365,52,autovla_misalignment_poc/outputs/temporal_feedback_window/summary.json :: subsets/all perturbations/A-/rows/delay4_len1/vs_normal/downstream_err (p in json: mcnemar/wilcoxon)
9 temporal_feedback_window,all perturbations,A-,delay2_len2,,amplification,11.7808,6.25,17.6471,%,81.9355,66.6667,92.3664,(Normal - row)/(Normal - GT-history),365,52,autovla_misalignment_poc/outputs/temporal_feedback_window/summary.json :: subsets/all perturbations/A-/rows/delay2_len2/level/amplification; fraction: subsets/all perturbations/A-/fraction/amplification/delay2_len2
9 temporal_feedback_window,all perturbations,A-,delay2_len2 - normal,,delta amplification (absolute reduction if negative),-34.7945,-46.9179,-21.1074,pp,,,,,365,52,autovla_misalignment_poc/outputs/temporal_feedback_window/summary.json :: subsets/all perturbations/A-/rows/delay2_len2/vs_normal/amplification (p in json: mcnemar/wilcoxon)
9 temporal_feedback_window,all perturbations,A-,delay2_len2,,recovery,80.8219,73.0323,87.6261,%,74.1379,60.4025,84.6154,(Normal - row)/(Normal - GT-history),365,52,autovla_misalignment_poc/outputs/temporal_feedback_window/summary.json :: subsets/all perturbations/A-/rows/delay2_len2/level/recovery; fraction: subsets/all perturbations/A-/fraction/recovery/delay2_len2
9 temporal_feedback_window,all perturbations,A-,delay2_len2 - normal,,delta recovery (absolute reduction if negative),35.3425,23.3409,45.8877,pp,,,,,365,52,autovla_misalignment_poc/outputs/temporal_feedback_window/summary.json :: subsets/all perturbations/A-/rows/delay2_len2/vs_normal/recovery (p in json: mcnemar/wilcoxon)
9 temporal_feedback_window,all perturbations,A-,delay2_len2,,ade5,1.2759,1.0129,1.5944,m,,,,,365,52,autovla_misalignment_poc/outputs/temporal_feedback_window/summary.json :: subsets/all perturbations/A-/rows/delay2_len2/level/ade5; fraction: subsets/all perturbations/A-/fraction/ade5/delay2_len2
9 temporal_feedback_window,all perturbations,A-,delay2_len2 - normal,,delta ade5 (absolute reduction if negative),-1.1496,-1.3395,-0.9223,m,,,,,365,52,autovla_misalignment_poc/outputs/temporal_feedback_window/summary.json :: subsets/all perturbations/A-/rows/delay2_len2/vs_normal/ade5 (p in json: mcnemar/wilcoxon)
9 temporal_feedback_window,all perturbations,A-,delay2_len2,,fde5,2.7529,2.1193,3.5039,m,79.4529,73.3005,86.5694,(Normal - row)/(Normal - GT-history),365,52,autovla_misalignment_poc/outputs/temporal_feedback_window/summary.json :: subsets/all perturbations/A-/rows/delay2_len2/level/fde5; fraction: subsets/all perturbations/A-/fraction/fde5/delay2_len2
9 temporal_feedback_window,all perturbations,A-,delay2_len2 - normal,,delta fde5 (absolute reduction if negative),-3.6929,-4.4487,-2.7936,m,,,,,365,52,autovla_misalignment_poc/outputs/temporal_feedback_window/summary.json :: subsets/all perturbations/A-/rows/delay2_len2/vs_normal/fde5 (p in json: mcnemar/wilcoxon)
9 temporal_feedback_window,all perturbations,A-,delay2_len2,,downstream_err,66.9746,60.6118,74.9563,%,44.7099,33.1052,54.0528,(Normal - row)/(Normal - GT-history),365,52,autovla_misalignment_poc/outputs/temporal_feedback_window/summary.json :: subsets/all perturbations/A-/rows/delay2_len2/level/downstream_err; fraction: subsets/all perturbations/A-/fraction/downstream_err/delay2_len2
9 temporal_feedback_window,all perturbations,A-,delay2_len2 - normal,,delta downstream_err (absolute reduction if negative),-24.8595,-31.2526,-17.3598,pp,,,,,365,52,autovla_misalignment_poc/outputs/temporal_feedback_window/summary.json :: subsets/all perturbations/A-/rows/delay2_len2/vs_normal/downstream_err (p in json: mcnemar/wilcoxon)
9 temporal_feedback_window,all perturbations,A-,delay3_len2,,amplification,10.6849,5.721,17.0571,%,84.5161,67.8556,92.8108,(Normal - row)/(Normal - GT-history),365,52,autovla_misalignment_poc/outputs/temporal_feedback_window/summary.json :: subsets/all perturbations/A-/rows/delay3_len2/level/amplification; fraction: subsets/all perturbations/A-/fraction/amplification/delay3_len2
9 temporal_feedback_window,all perturbations,A-,delay3_len2 - normal,,delta amplification (absolute reduction if negative),-35.8904,-48.6191,-21.136,pp,,,,,365,52,autovla_misalignment_poc/outputs/temporal_feedback_window/summary.json :: subsets/all perturbations/A-/rows/delay3_len2/vs_normal/amplification (p in json: mcnemar/wilcoxon)
9 temporal_feedback_window,all perturbations,A-,delay3_len2,,recovery,81.3699,70.9675,89.6399,%,75.2874,53.2894,88.6573,(Normal - row)/(Normal - GT-history),365,52,autovla_misalignment_poc/outputs/temporal_feedback_window/summary.json :: subsets/all perturbations/A-/rows/delay3_len2/level/recovery; fraction: subsets/all perturbations/A-/fraction/recovery/delay3_len2
9 temporal_feedback_window,all perturbations,A-,delay3_len2 - normal,,delta recovery (absolute reduction if negative),35.8904,20.467,49.1436,pp,,,,,365,52,autovla_misalignment_poc/outputs/temporal_feedback_window/summary.json :: subsets/all perturbations/A-/rows/delay3_len2/vs_normal/recovery (p in json: mcnemar/wilcoxon)
9 temporal_feedback_window,all perturbations,A-,delay3_len2,,ade5,1.511,1.2191,1.8234,m,,,,,365,52,autovla_misalignment_poc/outputs/temporal_feedback_window/summary.json :: subsets/all perturbations/A-/rows/delay3_len2/level/ade5; fraction: subsets/all perturbations/A-/fraction/ade5/delay3_len2
9 temporal_feedback_window,all perturbations,A-,delay3_len2 - normal,,delta ade5 (absolute reduction if negative),-0.9145,-1.0406,-0.7554,m,,,,,365,52,autovla_misalignment_poc/outputs/temporal_feedback_window/summary.json :: subsets/all perturbations/A-/rows/delay3_len2/vs_normal/ade5 (p in json: mcnemar/wilcoxon)
9 temporal_feedback_window,all perturbations,A-,delay3_len2,,fde5,3.0996,2.426,3.8081,m,71.9951,69.538,76.1805,(Normal - row)/(Normal - GT-history),365,52,autovla_misalignment_poc/outputs/temporal_feedback_window/summary.json :: subsets/all perturbations/A-/rows/delay3_len2/level/fde5; fraction: subsets/all perturbations/A-/fraction/fde5/delay3_len2
9 temporal_feedback_window,all perturbations,A-,delay3_len2 - normal,,delta fde5 (absolute reduction if negative),-3.3463,-3.9205,-2.6373,m,,,,,365,52,autovla_misalignment_poc/outputs/temporal_feedback_window/summary.json :: subsets/all perturbations/A-/rows/delay3_len2/vs_normal/fde5 (p in json: mcnemar/wilcoxon)
9 temporal_feedback_window,all perturbations,A-,delay3_len2,,downstream_err,74.7119,70.4605,79.9331,%,30.7943,22.8414,37.7874,(Normal - row)/(Normal - GT-history),365,52,autovla_misalignment_poc/outputs/temporal_feedback_window/summary.json :: subsets/all perturbations/A-/rows/delay3_len2/level/downstream_err; fraction: subsets/all perturbations/A-/fraction/downstream_err/delay3_len2
9 temporal_feedback_window,all perturbations,A-,delay3_len2 - normal,,delta downstream_err (absolute reduction if negative),-17.1222,-21.5992,-12.0809,pp,,,,,365,52,autovla_misalignment_poc/outputs/temporal_feedback_window/summary.json :: subsets/all perturbations/A-/rows/delay3_len2/vs_normal/downstream_err (p in json: mcnemar/wilcoxon)
9 temporal_feedback_window,all perturbations,A-,skipfirst2_full,,amplification,5.2055,1.2846,10.0812,%,97.4194,91.4516,101.1364,(Normal - row)/(Normal - GT-history),365,52,autovla_misalignment_poc/outputs/temporal_feedback_window/summary.json :: subsets/all perturbations/A-/rows/skipfirst2_full/level/amplification; fraction: subsets/all perturbations/A-/fraction/amplification/skipfirst2_full
9 temporal_feedback_window,all perturbations,A-,skipfirst2_full - normal,,delta amplification (absolute reduction if negative),-41.3699,-53.3344,-28.3581,pp,,,,,365,52,autovla_misalignment_poc/outputs/temporal_feedback_window/summary.json :: subsets/all perturbations/A-/rows/skipfirst2_full/vs_normal/amplification (p in json: mcnemar/wilcoxon)
9 temporal_feedback_window,all perturbations,A-,skipfirst2_full,,recovery,91.7808,85.1243,96.3864,%,97.1264,91.8161,100.0,(Normal - row)/(Normal - GT-history),365,52,autovla_misalignment_poc/outputs/temporal_feedback_window/summary.json :: subsets/all perturbations/A-/rows/skipfirst2_full/level/recovery; fraction: subsets/all perturbations/A-/fraction/recovery/skipfirst2_full
9 temporal_feedback_window,all perturbations,A-,skipfirst2_full - normal,,delta recovery (absolute reduction if negative),46.3014,34.4241,56.6046,pp,,,,,365,52,autovla_misalignment_poc/outputs/temporal_feedback_window/summary.json :: subsets/all perturbations/A-/rows/skipfirst2_full/vs_normal/recovery (p in json: mcnemar/wilcoxon)
9 temporal_feedback_window,all perturbations,A-,skipfirst2_full,,ade5,1.1947,0.9299,1.5127,m,,,,,365,52,autovla_misalignment_poc/outputs/temporal_feedback_window/summary.json :: subsets/all perturbations/A-/rows/skipfirst2_full/level/ade5; fraction: subsets/all perturbations/A-/fraction/ade5/skipfirst2_full
9 temporal_feedback_window,all perturbations,A-,skipfirst2_full - normal,,delta ade5 (absolute reduction if negative),-1.2308,-1.4146,-1.0036,m,,,,,365,52,autovla_misalignment_poc/outputs/temporal_feedback_window/summary.json :: subsets/all perturbations/A-/rows/skipfirst2_full/vs_normal/ade5 (p in json: mcnemar/wilcoxon)
9 temporal_feedback_window,all perturbations,A-,skipfirst2_full,,fde5,2.3277,1.7317,3.0666,m,88.6023,84.8523,93.8522,(Normal - row)/(Normal - GT-history),365,52,autovla_misalignment_poc/outputs/temporal_feedback_window/summary.json :: subsets/all perturbations/A-/rows/skipfirst2_full/level/fde5; fraction: subsets/all perturbations/A-/fraction/fde5/skipfirst2_full
9 temporal_feedback_window,all perturbations,A-,skipfirst2_full - normal,,delta fde5 (absolute reduction if negative),-4.1182,-4.863,-3.2285,m,,,,,365,52,autovla_misalignment_poc/outputs/temporal_feedback_window/summary.json :: subsets/all perturbations/A-/rows/skipfirst2_full/vs_normal/fde5 (p in json: mcnemar/wilcoxon)
9 temporal_feedback_window,all perturbations,A-,skipfirst2_full,,downstream_err,48.6168,44.2341,54.4657,%,77.7264,72.1915,82.6243,(Normal - row)/(Normal - GT-history),365,52,autovla_misalignment_poc/outputs/temporal_feedback_window/summary.json :: subsets/all perturbations/A-/rows/skipfirst2_full/level/downstream_err; fraction: subsets/all perturbations/A-/fraction/downstream_err/skipfirst2_full
9 temporal_feedback_window,all perturbations,A-,skipfirst2_full - normal,,delta downstream_err (absolute reduction if negative),-43.2173,-47.5076,-37.362,pp,,,,,365,52,autovla_misalignment_poc/outputs/temporal_feedback_window/summary.json :: subsets/all perturbations/A-/rows/skipfirst2_full/vs_normal/downstream_err (p in json: mcnemar/wilcoxon)
9 temporal_feedback_window,all perturbations,A-,skipfirst3_full,,amplification,6.5753,2.6543,11.8467,%,94.1935,85.9143,98.5783,(Normal - row)/(Normal - GT-history),365,52,autovla_misalignment_poc/outputs/temporal_feedback_window/summary.json :: subsets/all perturbations/A-/rows/skipfirst3_full/level/amplification; fraction: subsets/all perturbations/A-/fraction/amplification/skipfirst3_full
9 temporal_feedback_window,all perturbations,A-,skipfirst3_full - normal,,delta amplification (absolute reduction if negative),-40.0,-51.4151,-27.0451,pp,,,,,365,52,autovla_misalignment_poc/outputs/temporal_feedback_window/summary.json :: subsets/all perturbations/A-/rows/skipfirst3_full/vs_normal/amplification (p in json: mcnemar/wilcoxon)
9 temporal_feedback_window,all perturbations,A-,skipfirst3_full,,recovery,90.411,82.5704,95.4176,%,94.2529,83.9991,98.8331,(Normal - row)/(Normal - GT-history),365,52,autovla_misalignment_poc/outputs/temporal_feedback_window/summary.json :: subsets/all perturbations/A-/rows/skipfirst3_full/level/recovery; fraction: subsets/all perturbations/A-/fraction/recovery/skipfirst3_full
9 temporal_feedback_window,all perturbations,A-,skipfirst3_full - normal,,delta recovery (absolute reduction if negative),44.9315,32.3617,55.3366,pp,,,,,365,52,autovla_misalignment_poc/outputs/temporal_feedback_window/summary.json :: subsets/all perturbations/A-/rows/skipfirst3_full/vs_normal/recovery (p in json: mcnemar/wilcoxon)
9 temporal_feedback_window,all perturbations,A-,skipfirst3_full,,ade5,1.4833,1.1922,1.7929,m,,,,,365,52,autovla_misalignment_poc/outputs/temporal_feedback_window/summary.json :: subsets/all perturbations/A-/rows/skipfirst3_full/level/ade5; fraction: subsets/all perturbations/A-/fraction/ade5/skipfirst3_full
9 temporal_feedback_window,all perturbations,A-,skipfirst3_full - normal,,delta ade5 (absolute reduction if negative),-0.9422,-1.0746,-0.7713,m,,,,,365,52,autovla_misalignment_poc/outputs/temporal_feedback_window/summary.json :: subsets/all perturbations/A-/rows/skipfirst3_full/vs_normal/ade5 (p in json: mcnemar/wilcoxon)
9 temporal_feedback_window,all perturbations,A-,skipfirst3_full,,fde5,2.9306,2.2582,3.6866,m,75.6304,72.5911,79.5671,(Normal - row)/(Normal - GT-history),365,52,autovla_misalignment_poc/outputs/temporal_feedback_window/summary.json :: subsets/all perturbations/A-/rows/skipfirst3_full/level/fde5; fraction: subsets/all perturbations/A-/fraction/fde5/skipfirst3_full
9 temporal_feedback_window,all perturbations,A-,skipfirst3_full - normal,,delta fde5 (absolute reduction if negative),-3.5153,-4.1322,-2.7536,m,,,,,365,52,autovla_misalignment_poc/outputs/temporal_feedback_window/summary.json :: subsets/all perturbations/A-/rows/skipfirst3_full/vs_normal/fde5 (p in json: mcnemar/wilcoxon)
9 temporal_feedback_window,all perturbations,A-,skipfirst3_full,,downstream_err,60.2066,56.0745,65.5401,%,56.8821,50.7785,61.662,(Normal - row)/(Normal - GT-history),365,52,autovla_misalignment_poc/outputs/temporal_feedback_window/summary.json :: subsets/all perturbations/A-/rows/skipfirst3_full/level/downstream_err; fraction: subsets/all perturbations/A-/fraction/downstream_err/skipfirst3_full
9 temporal_feedback_window,all perturbations,A-,skipfirst3_full - normal,,delta downstream_err (absolute reduction if negative),-31.6275,-35.395,-27.1322,pp,,,,,365,52,autovla_misalignment_poc/outputs/temporal_feedback_window/summary.json :: subsets/all perturbations/A-/rows/skipfirst3_full/vs_normal/downstream_err (p in json: mcnemar/wilcoxon)
9 temporal_feedback_window,all perturbations,A+,normal,,amplification,4.2186,2.2173,6.0351,%,,,,,1043,156,autovla_misalignment_poc/outputs/temporal_feedback_window/summary.json :: subsets/all perturbations/A+/rows/normal/level/amplification; fraction: subsets/all perturbations/A+/fraction/amplification/normal
9 temporal_feedback_window,all perturbations,A+,normal,,recovery,94.3432,92.1838,96.79,%,,,,,1043,156,autovla_misalignment_poc/outputs/temporal_feedback_window/summary.json :: subsets/all perturbations/A+/rows/normal/level/recovery; fraction: subsets/all perturbations/A+/fraction/recovery/normal
9 temporal_feedback_window,all perturbations,A+,normal,,ade5,0.9624,0.7449,1.1282,m,,,,,1043,156,autovla_misalignment_poc/outputs/temporal_feedback_window/summary.json :: subsets/all perturbations/A+/rows/normal/level/ade5; fraction: subsets/all perturbations/A+/fraction/ade5/normal
9 temporal_feedback_window,all perturbations,A+,normal,,fde5,2.2444,1.7356,2.5976,m,,,,,1043,156,autovla_misalignment_poc/outputs/temporal_feedback_window/summary.json :: subsets/all perturbations/A+/rows/normal/level/fde5; fraction: subsets/all perturbations/A+/fraction/fde5/normal
9 temporal_feedback_window,all perturbations,A+,normal,,downstream_err,71.227,66.1309,75.4831,%,,,,,1043,156,autovla_misalignment_poc/outputs/temporal_feedback_window/summary.json :: subsets/all perturbations/A+/rows/normal/level/downstream_err; fraction: subsets/all perturbations/A+/fraction/downstream_err/normal
9 temporal_feedback_window,all perturbations,A+,win1,,amplification,1.8217,0.9793,2.9615,%,65.7895,34.7701,112.0375,(Normal - row)/(Normal - GT-history),1043,156,autovla_misalignment_poc/outputs/temporal_feedback_window/summary.json :: subsets/all perturbations/A+/rows/win1/level/amplification; fraction: subsets/all perturbations/A+/fraction/amplification/win1
9 temporal_feedback_window,all perturbations,A+,win1 - normal,,delta amplification (absolute reduction if negative),-2.3969,-3.5031,-0.6914,pp,,,,,1043,156,autovla_misalignment_poc/outputs/temporal_feedback_window/summary.json :: subsets/all perturbations/A+/rows/win1/vs_normal/amplification (p in json: mcnemar/wilcoxon)
9 temporal_feedback_window,all perturbations,A+,win1,,recovery,96.5484,95.2228,97.8818,%,54.7619,18.9881,118.2955,(Normal - row)/(Normal - GT-history),1043,156,autovla_misalignment_poc/outputs/temporal_feedback_window/summary.json :: subsets/all perturbations/A+/rows/win1/level/recovery; fraction: subsets/all perturbations/A+/fraction/recovery/win1
9 temporal_feedback_window,all perturbations,A+,win1 - normal,,delta recovery (absolute reduction if negative),2.2052,0.3388,3.6285,pp,,,,,1043,156,autovla_misalignment_poc/outputs/temporal_feedback_window/summary.json :: subsets/all perturbations/A+/rows/win1/vs_normal/recovery (p in json: mcnemar/wilcoxon)
9 temporal_feedback_window,all perturbations,A+,win1,,ade5,0.6505,0.5092,0.7897,m,,,,,1043,156,autovla_misalignment_poc/outputs/temporal_feedback_window/summary.json :: subsets/all perturbations/A+/rows/win1/level/ade5; fraction: subsets/all perturbations/A+/fraction/ade5/win1
9 temporal_feedback_window,all perturbations,A+,win1 - normal,,delta ade5 (absolute reduction if negative),-0.3119,-0.3985,-0.1806,m,,,,,1043,156,autovla_misalignment_poc/outputs/temporal_feedback_window/summary.json :: subsets/all perturbations/A+/rows/win1/vs_normal/ade5 (p in json: mcnemar/wilcoxon)
9 temporal_feedback_window,all perturbations,A+,win1,,fde5,1.4787,1.1506,1.796,m,61.9386,44.8054,73.2684,(Normal - row)/(Normal - GT-history),1043,156,autovla_misalignment_poc/outputs/temporal_feedback_window/summary.json :: subsets/all perturbations/A+/rows/win1/level/fde5; fraction: subsets/all perturbations/A+/fraction/fde5/win1
9 temporal_feedback_window,all perturbations,A+,win1 - normal,,delta fde5 (absolute reduction if negative),-0.7657,-0.9738,-0.4439,m,,,,,1043,156,autovla_misalignment_poc/outputs/temporal_feedback_window/summary.json :: subsets/all perturbations/A+/rows/win1/vs_normal/fde5 (p in json: mcnemar/wilcoxon)
9 temporal_feedback_window,all perturbations,A+,win1,,downstream_err,53.7367,47.7653,59.6091,%,41.2574,34.0439,48.2474,(Normal - row)/(Normal - GT-history),1043,156,autovla_misalignment_poc/outputs/temporal_feedback_window/summary.json :: subsets/all perturbations/A+/rows/win1/level/downstream_err; fraction: subsets/all perturbations/A+/fraction/downstream_err/win1
9 temporal_feedback_window,all perturbations,A+,win1 - normal,,delta downstream_err (absolute reduction if negative),-17.4903,-21.2843,-13.4774,pp,,,,,1043,156,autovla_misalignment_poc/outputs/temporal_feedback_window/summary.json :: subsets/all perturbations/A+/rows/win1/vs_normal/downstream_err (p in json: mcnemar/wilcoxon)
9 temporal_feedback_window,all perturbations,A+,win2,,amplification,0.9588,0.2429,1.9345,%,89.4737,71.4286,136.4489,(Normal - row)/(Normal - GT-history),1043,156,autovla_misalignment_poc/outputs/temporal_feedback_window/summary.json :: subsets/all perturbations/A+/rows/win2/level/amplification; fraction: subsets/all perturbations/A+/fraction/amplification/win2
9 temporal_feedback_window,all perturbations,A+,win2 - normal,,delta amplification (absolute reduction if negative),-3.2598,-4.8279,-1.4118,pp,,,,,1043,156,autovla_misalignment_poc/outputs/temporal_feedback_window/summary.json :: subsets/all perturbations/A+/rows/win2/vs_normal/amplification (p in json: mcnemar/wilcoxon)
9 temporal_feedback_window,all perturbations,A+,win2,,recovery,97.6989,96.8655,98.6626,%,83.3333,69.5652,136.3636,(Normal - row)/(Normal - GT-history),1043,156,autovla_misalignment_poc/outputs/temporal_feedback_window/summary.json :: subsets/all perturbations/A+/rows/win2/level/recovery; fraction: subsets/all perturbations/A+/fraction/recovery/win2
9 temporal_feedback_window,all perturbations,A+,win2 - normal,,delta recovery (absolute reduction if negative),3.3557,1.1316,5.3073,pp,,,,,1043,156,autovla_misalignment_poc/outputs/temporal_feedback_window/summary.json :: subsets/all perturbations/A+/rows/win2/vs_normal/recovery (p in json: mcnemar/wilcoxon)
9 temporal_feedback_window,all perturbations,A+,win2,,ade5,0.5609,0.4239,0.6845,m,,,,,1043,156,autovla_misalignment_poc/outputs/temporal_feedback_window/summary.json :: subsets/all perturbations/A+/rows/win2/level/ade5; fraction: subsets/all perturbations/A+/fraction/ade5/win2
9 temporal_feedback_window,all perturbations,A+,win2 - normal,,delta ade5 (absolute reduction if negative),-0.4015,-0.4777,-0.2897,m,,,,,1043,156,autovla_misalignment_poc/outputs/temporal_feedback_window/summary.json :: subsets/all perturbations/A+/rows/win2/vs_normal/ade5 (p in json: mcnemar/wilcoxon)
9 temporal_feedback_window,all perturbations,A+,win2,,fde5,1.2187,0.9019,1.4756,m,82.9692,78.2047,88.9715,(Normal - row)/(Normal - GT-history),1043,156,autovla_misalignment_poc/outputs/temporal_feedback_window/summary.json :: subsets/all perturbations/A+/rows/win2/level/fde5; fraction: subsets/all perturbations/A+/fraction/fde5/win2
9 temporal_feedback_window,all perturbations,A+,win2 - normal,,delta fde5 (absolute reduction if negative),-1.0256,-1.2098,-0.7467,m,,,,,1043,156,autovla_misalignment_poc/outputs/temporal_feedback_window/summary.json :: subsets/all perturbations/A+/rows/win2/vs_normal/fde5 (p in json: mcnemar/wilcoxon)
9 temporal_feedback_window,all perturbations,A+,win2,,downstream_err,43.9651,38.1395,49.7562,%,64.3074,58.1876,71.3456,(Normal - row)/(Normal - GT-history),1043,156,autovla_misalignment_poc/outputs/temporal_feedback_window/summary.json :: subsets/all perturbations/A+/rows/win2/level/downstream_err; fraction: subsets/all perturbations/A+/fraction/downstream_err/win2
9 temporal_feedback_window,all perturbations,A+,win2 - normal,,delta downstream_err (absolute reduction if negative),-27.2619,-30.8884,-23.2542,pp,,,,,1043,156,autovla_misalignment_poc/outputs/temporal_feedback_window/summary.json :: subsets/all perturbations/A+/rows/win2/vs_normal/downstream_err (p in json: mcnemar/wilcoxon)
9 temporal_feedback_window,all perturbations,A+,win3,,amplification,1.2464,0.4561,2.2833,%,81.5789,60.0,100.0,(Normal - row)/(Normal - GT-history),1043,156,autovla_misalignment_poc/outputs/temporal_feedback_window/summary.json :: subsets/all perturbations/A+/rows/win3/level/amplification; fraction: subsets/all perturbations/A+/fraction/amplification/win3
9 temporal_feedback_window,all perturbations,A+,win3 - normal,,delta amplification (absolute reduction if negative),-2.9722,-4.7574,-0.6934,pp,,,,,1043,156,autovla_misalignment_poc/outputs/temporal_feedback_window/summary.json :: subsets/all perturbations/A+/rows/win3/vs_normal/amplification (p in json: mcnemar/wilcoxon)
9 temporal_feedback_window,all perturbations,A+,win3,,recovery,97.6031,96.4195,98.6084,%,80.9524,59.2023,100.0,(Normal - row)/(Normal - GT-history),1043,156,autovla_misalignment_poc/outputs/temporal_feedback_window/summary.json :: subsets/all perturbations/A+/rows/win3/level/recovery; fraction: subsets/all perturbations/A+/fraction/recovery/win3
9 temporal_feedback_window,all perturbations,A+,win3 - normal,,delta recovery (absolute reduction if negative),3.2598,0.4612,5.4818,pp,,,,,1043,156,autovla_misalignment_poc/outputs/temporal_feedback_window/summary.json :: subsets/all perturbations/A+/rows/win3/vs_normal/recovery (p in json: mcnemar/wilcoxon)
9 temporal_feedback_window,all perturbations,A+,win3,,ade5,0.5335,0.409,0.6425,m,,,,,1043,156,autovla_misalignment_poc/outputs/temporal_feedback_window/summary.json :: subsets/all perturbations/A+/rows/win3/level/ade5; fraction: subsets/all perturbations/A+/fraction/ade5/win3
9 temporal_feedback_window,all perturbations,A+,win3 - normal,,delta ade5 (absolute reduction if negative),-0.4289,-0.5126,-0.3066,m,,,,,1043,156,autovla_misalignment_poc/outputs/temporal_feedback_window/summary.json :: subsets/all perturbations/A+/rows/win3/vs_normal/ade5 (p in json: mcnemar/wilcoxon)
9 temporal_feedback_window,all perturbations,A+,win3,,fde5,1.1349,0.8643,1.3454,m,89.7551,85.6369,94.2064,(Normal - row)/(Normal - GT-history),1043,156,autovla_misalignment_poc/outputs/temporal_feedback_window/summary.json :: subsets/all perturbations/A+/rows/win3/level/fde5; fraction: subsets/all perturbations/A+/fraction/fde5/win3
9 temporal_feedback_window,all perturbations,A+,win3 - normal,,delta fde5 (absolute reduction if negative),-1.1095,-1.327,-0.7873,m,,,,,1043,156,autovla_misalignment_poc/outputs/temporal_feedback_window/summary.json :: subsets/all perturbations/A+/rows/win3/vs_normal/fde5 (p in json: mcnemar/wilcoxon)
9 temporal_feedback_window,all perturbations,A+,win3,,downstream_err,37.8041,32.8734,42.9223,%,78.8403,74.6311,84.3537,(Normal - row)/(Normal - GT-history),1043,156,autovla_misalignment_poc/outputs/temporal_feedback_window/summary.json :: subsets/all perturbations/A+/rows/win3/level/downstream_err; fraction: subsets/all perturbations/A+/fraction/downstream_err/win3
9 temporal_feedback_window,all perturbations,A+,win3 - normal,,delta downstream_err (absolute reduction if negative),-33.4229,-36.9498,-29.551,pp,,,,,1043,156,autovla_misalignment_poc/outputs/temporal_feedback_window/summary.json :: subsets/all perturbations/A+/rows/win3/vs_normal/downstream_err (p in json: mcnemar/wilcoxon)
9 temporal_feedback_window,all perturbations,A+,win4,,amplification,0.6711,0.0856,1.7203,%,97.3684,91.6667,100.0,(Normal - row)/(Normal - GT-history),1043,156,autovla_misalignment_poc/outputs/temporal_feedback_window/summary.json :: subsets/all perturbations/A+/rows/win4/level/amplification; fraction: subsets/all perturbations/A+/fraction/amplification/win4
9 temporal_feedback_window,all perturbations,A+,win4 - normal,,delta amplification (absolute reduction if negative),-3.5475,-5.5173,-1.1024,pp,,,,,1043,156,autovla_misalignment_poc/outputs/temporal_feedback_window/summary.json :: subsets/all perturbations/A+/rows/win4/vs_normal/amplification (p in json: mcnemar/wilcoxon)
9 temporal_feedback_window,all perturbations,A+,win4,,recovery,98.0825,96.7907,98.9878,%,92.8571,75.0,100.0,(Normal - row)/(Normal - GT-history),1043,156,autovla_misalignment_poc/outputs/temporal_feedback_window/summary.json :: subsets/all perturbations/A+/rows/win4/level/recovery; fraction: subsets/all perturbations/A+/fraction/recovery/win4
9 temporal_feedback_window,all perturbations,A+,win4 - normal,,delta recovery (absolute reduction if negative),3.7392,0.6336,6.1829,pp,,,,,1043,156,autovla_misalignment_poc/outputs/temporal_feedback_window/summary.json :: subsets/all perturbations/A+/rows/win4/vs_normal/recovery (p in json: mcnemar/wilcoxon)
9 temporal_feedback_window,all perturbations,A+,win4,,ade5,0.5204,0.4049,0.6231,m,,,,,1043,156,autovla_misalignment_poc/outputs/temporal_feedback_window/summary.json :: subsets/all perturbations/A+/rows/win4/level/ade5; fraction: subsets/all perturbations/A+/fraction/ade5/win4
9 temporal_feedback_window,all perturbations,A+,win4 - normal,,delta ade5 (absolute reduction if negative),-0.442,-0.5303,-0.3145,m,,,,,1043,156,autovla_misalignment_poc/outputs/temporal_feedback_window/summary.json :: subsets/all perturbations/A+/rows/win4/vs_normal/ade5 (p in json: mcnemar/wilcoxon)
9 temporal_feedback_window,all perturbations,A+,win4,,fde5,1.0707,0.8424,1.2534,m,94.9476,89.7295,98.3177,(Normal - row)/(Normal - GT-history),1043,156,autovla_misalignment_poc/outputs/temporal_feedback_window/summary.json :: subsets/all perturbations/A+/rows/win4/level/fde5; fraction: subsets/all perturbations/A+/fraction/fde5/win4
9 temporal_feedback_window,all perturbations,A+,win4 - normal,,delta fde5 (absolute reduction if negative),-1.1737,-1.4065,-0.8248,m,,,,,1043,156,autovla_misalignment_poc/outputs/temporal_feedback_window/summary.json :: subsets/all perturbations/A+/rows/win4/vs_normal/fde5 (p in json: mcnemar/wilcoxon)
9 temporal_feedback_window,all perturbations,A+,win4,,downstream_err,34.1992,29.3557,39.4814,%,87.3439,83.345,91.4624,(Normal - row)/(Normal - GT-history),1043,156,autovla_misalignment_poc/outputs/temporal_feedback_window/summary.json :: subsets/all perturbations/A+/rows/win4/level/downstream_err; fraction: subsets/all perturbations/A+/fraction/downstream_err/win4
9 temporal_feedback_window,all perturbations,A+,win4 - normal,,delta downstream_err (absolute reduction if negative),-37.0278,-40.7037,-32.6316,pp,,,,,1043,156,autovla_misalignment_poc/outputs/temporal_feedback_window/summary.json :: subsets/all perturbations/A+/rows/win4/vs_normal/downstream_err (p in json: mcnemar/wilcoxon)
9 temporal_feedback_window,all perturbations,A+,win5,,amplification,0.5753,0.0,1.6335,%,100.0,100.0,100.0,(Normal - row)/(Normal - GT-history),1043,156,autovla_misalignment_poc/outputs/temporal_feedback_window/summary.json :: subsets/all perturbations/A+/rows/win5/level/amplification; fraction: subsets/all perturbations/A+/fraction/amplification/win5
9 temporal_feedback_window,all perturbations,A+,win5 - normal,,delta amplification (absolute reduction if negative),-3.6433,-5.7318,-1.1088,pp,,,,,1043,156,autovla_misalignment_poc/outputs/temporal_feedback_window/summary.json :: subsets/all perturbations/A+/rows/win5/vs_normal/amplification (p in json: mcnemar/wilcoxon)
9 temporal_feedback_window,all perturbations,A+,win5,,recovery,98.2742,96.949,99.1597,%,97.619,84.6154,100.0,(Normal - row)/(Normal - GT-history),1043,156,autovla_misalignment_poc/outputs/temporal_feedback_window/summary.json :: subsets/all perturbations/A+/rows/win5/level/recovery; fraction: subsets/all perturbations/A+/fraction/recovery/win5
9 temporal_feedback_window,all perturbations,A+,win5 - normal,,delta recovery (absolute reduction if negative),3.931,0.6931,6.6092,pp,,,,,1043,156,autovla_misalignment_poc/outputs/temporal_feedback_window/summary.json :: subsets/all perturbations/A+/rows/win5/vs_normal/recovery (p in json: mcnemar/wilcoxon)
9 temporal_feedback_window,all perturbations,A+,win5,,ade5,0.5151,0.4013,0.6188,m,,,,,1043,156,autovla_misalignment_poc/outputs/temporal_feedback_window/summary.json :: subsets/all perturbations/A+/rows/win5/level/ade5; fraction: subsets/all perturbations/A+/fraction/ade5/win5
9 temporal_feedback_window,all perturbations,A+,win5 - normal,,delta ade5 (absolute reduction if negative),-0.4473,-0.5358,-0.3187,m,,,,,1043,156,autovla_misalignment_poc/outputs/temporal_feedback_window/summary.json :: subsets/all perturbations/A+/rows/win5/vs_normal/ade5 (p in json: mcnemar/wilcoxon)
9 temporal_feedback_window,all perturbations,A+,win5,,fde5,1.0433,0.821,1.2344,m,97.164,91.6996,99.4155,(Normal - row)/(Normal - GT-history),1043,156,autovla_misalignment_poc/outputs/temporal_feedback_window/summary.json :: subsets/all perturbations/A+/rows/win5/level/fde5; fraction: subsets/all perturbations/A+/fraction/fde5/win5
9 temporal_feedback_window,all perturbations,A+,win5 - normal,,delta fde5 (absolute reduction if negative),-1.2011,-1.4369,-0.8475,m,,,,,1043,156,autovla_misalignment_poc/outputs/temporal_feedback_window/summary.json :: subsets/all perturbations/A+/rows/win5/vs_normal/fde5 (p in json: mcnemar/wilcoxon)
9 temporal_feedback_window,all perturbations,A+,win5,,downstream_err,30.8823,27.231,35.4473,%,95.168,93.5781,96.4717,(Normal - row)/(Normal - GT-history),1043,156,autovla_misalignment_poc/outputs/temporal_feedback_window/summary.json :: subsets/all perturbations/A+/rows/win5/level/downstream_err; fraction: subsets/all perturbations/A+/fraction/downstream_err/win5
9 temporal_feedback_window,all perturbations,A+,win5 - normal,,delta downstream_err (absolute reduction if negative),-40.3447,-43.6238,-35.986,pp,,,,,1043,156,autovla_misalignment_poc/outputs/temporal_feedback_window/summary.json :: subsets/all perturbations/A+/rows/win5/vs_normal/downstream_err (p in json: mcnemar/wilcoxon)
9 temporal_feedback_window,all perturbations,A+,win6,,amplification,0.5753,0.0,1.6335,%,100.0,100.0,100.0,(Normal - row)/(Normal - GT-history),1043,156,autovla_misalignment_poc/outputs/temporal_feedback_window/summary.json :: subsets/all perturbations/A+/rows/win6/level/amplification; fraction: subsets/all perturbations/A+/fraction/amplification/win6
9 temporal_feedback_window,all perturbations,A+,win6 - normal,,delta amplification (absolute reduction if negative),-3.6433,-5.7318,-1.1088,pp,,,,,1043,156,autovla_misalignment_poc/outputs/temporal_feedback_window/summary.json :: subsets/all perturbations/A+/rows/win6/vs_normal/amplification (p in json: mcnemar/wilcoxon)
9 temporal_feedback_window,all perturbations,A+,win6,,recovery,98.3701,97.0703,99.2505,%,100.0,100.0,100.0,(Normal - row)/(Normal - GT-history),1043,156,autovla_misalignment_poc/outputs/temporal_feedback_window/summary.json :: subsets/all perturbations/A+/rows/win6/level/recovery; fraction: subsets/all perturbations/A+/fraction/recovery/win6
9 temporal_feedback_window,all perturbations,A+,win6 - normal,,delta recovery (absolute reduction if negative),4.0268,0.7256,6.6667,pp,,,,,1043,156,autovla_misalignment_poc/outputs/temporal_feedback_window/summary.json :: subsets/all perturbations/A+/rows/win6/vs_normal/recovery (p in json: mcnemar/wilcoxon)
9 temporal_feedback_window,all perturbations,A+,win6,,ade5,0.5138,0.4004,0.6177,m,,,,,1043,156,autovla_misalignment_poc/outputs/temporal_feedback_window/summary.json :: subsets/all perturbations/A+/rows/win6/level/ade5; fraction: subsets/all perturbations/A+/fraction/ade5/win6
9 temporal_feedback_window,all perturbations,A+,win6 - normal,,delta ade5 (absolute reduction if negative),-0.4486,-0.5369,-0.3209,m,,,,,1043,156,autovla_misalignment_poc/outputs/temporal_feedback_window/summary.json :: subsets/all perturbations/A+/rows/win6/vs_normal/ade5 (p in json: mcnemar/wilcoxon)
9 temporal_feedback_window,all perturbations,A+,win6,,fde5,1.0353,0.809,1.2277,m,97.8115,92.5211,99.9025,(Normal - row)/(Normal - GT-history),1043,156,autovla_misalignment_poc/outputs/temporal_feedback_window/summary.json :: subsets/all perturbations/A+/rows/win6/level/fde5; fraction: subsets/all perturbations/A+/fraction/fde5/win6
9 temporal_feedback_window,all perturbations,A+,win6 - normal,,delta fde5 (absolute reduction if negative),-1.2091,-1.4429,-0.8614,m,,,,,1043,156,autovla_misalignment_poc/outputs/temporal_feedback_window/summary.json :: subsets/all perturbations/A+/rows/win6/vs_normal/fde5 (p in json: mcnemar/wilcoxon)
9 temporal_feedback_window,all perturbations,A+,win6,,downstream_err,29.9272,26.3675,34.5411,%,97.4211,96.4362,98.1861,(Normal - row)/(Normal - GT-history),1043,156,autovla_misalignment_poc/outputs/temporal_feedback_window/summary.json :: subsets/all perturbations/A+/rows/win6/level/downstream_err; fraction: subsets/all perturbations/A+/fraction/downstream_err/win6
9 temporal_feedback_window,all perturbations,A+,win6 - normal,,delta downstream_err (absolute reduction if negative),-41.2998,-44.4395,-36.9965,pp,,,,,1043,156,autovla_misalignment_poc/outputs/temporal_feedback_window/summary.json :: subsets/all perturbations/A+/rows/win6/vs_normal/downstream_err (p in json: mcnemar/wilcoxon)
9 temporal_feedback_window,all perturbations,A+,win7,,amplification,0.5753,0.0,1.6335,%,100.0,100.0,100.0,(Normal - row)/(Normal - GT-history),1043,156,autovla_misalignment_poc/outputs/temporal_feedback_window/summary.json :: subsets/all perturbations/A+/rows/win7/level/amplification; fraction: subsets/all perturbations/A+/fraction/amplification/win7
9 temporal_feedback_window,all perturbations,A+,win7 - normal,,delta amplification (absolute reduction if negative),-3.6433,-5.7318,-1.1088,pp,,,,,1043,156,autovla_misalignment_poc/outputs/temporal_feedback_window/summary.json :: subsets/all perturbations/A+/rows/win7/vs_normal/amplification (p in json: mcnemar/wilcoxon)
9 temporal_feedback_window,all perturbations,A+,win7,,recovery,98.3701,97.0703,99.2505,%,100.0,100.0,100.0,(Normal - row)/(Normal - GT-history),1043,156,autovla_misalignment_poc/outputs/temporal_feedback_window/summary.json :: subsets/all perturbations/A+/rows/win7/level/recovery; fraction: subsets/all perturbations/A+/fraction/recovery/win7
9 temporal_feedback_window,all perturbations,A+,win7 - normal,,delta recovery (absolute reduction if negative),4.0268,0.7256,6.6667,pp,,,,,1043,156,autovla_misalignment_poc/outputs/temporal_feedback_window/summary.json :: subsets/all perturbations/A+/rows/win7/vs_normal/recovery (p in json: mcnemar/wilcoxon)
9 temporal_feedback_window,all perturbations,A+,win7,,ade5,0.5134,0.3994,0.6177,m,,,,,1043,156,autovla_misalignment_poc/outputs/temporal_feedback_window/summary.json :: subsets/all perturbations/A+/rows/win7/level/ade5; fraction: subsets/all perturbations/A+/fraction/ade5/win7
9 temporal_feedback_window,all perturbations,A+,win7 - normal,,delta ade5 (absolute reduction if negative),-0.449,-0.5373,-0.3213,m,,,,,1043,156,autovla_misalignment_poc/outputs/temporal_feedback_window/summary.json :: subsets/all perturbations/A+/rows/win7/vs_normal/ade5 (p in json: mcnemar/wilcoxon)
9 temporal_feedback_window,all perturbations,A+,win7,,fde5,1.0321,0.8059,1.2255,m,98.067,92.8349,99.9832,(Normal - row)/(Normal - GT-history),1043,156,autovla_misalignment_poc/outputs/temporal_feedback_window/summary.json :: subsets/all perturbations/A+/rows/win7/level/fde5; fraction: subsets/all perturbations/A+/fraction/fde5/win7
9 temporal_feedback_window,all perturbations,A+,win7 - normal,,delta fde5 (absolute reduction if negative),-1.2123,-1.4455,-0.8646,m,,,,,1043,156,autovla_misalignment_poc/outputs/temporal_feedback_window/summary.json :: subsets/all perturbations/A+/rows/win7/vs_normal/fde5 (p in json: mcnemar/wilcoxon)
9 temporal_feedback_window,all perturbations,A+,win7,,downstream_err,29.3026,25.8518,33.7768,%,98.8943,98.255,99.4254,(Normal - row)/(Normal - GT-history),1043,156,autovla_misalignment_poc/outputs/temporal_feedback_window/summary.json :: subsets/all perturbations/A+/rows/win7/level/downstream_err; fraction: subsets/all perturbations/A+/fraction/downstream_err/win7
9 temporal_feedback_window,all perturbations,A+,win7 - normal,,delta downstream_err (absolute reduction if negative),-41.9244,-44.9628,-37.7937,pp,,,,,1043,156,autovla_misalignment_poc/outputs/temporal_feedback_window/summary.json :: subsets/all perturbations/A+/rows/win7/vs_normal/downstream_err (p in json: mcnemar/wilcoxon)
9 temporal_feedback_window,all perturbations,A+,win8,,amplification,0.5753,0.0,1.6335,%,100.0,100.0,100.0,(Normal - row)/(Normal - GT-history),1043,156,autovla_misalignment_poc/outputs/temporal_feedback_window/summary.json :: subsets/all perturbations/A+/rows/win8/level/amplification; fraction: subsets/all perturbations/A+/fraction/amplification/win8
9 temporal_feedback_window,all perturbations,A+,win8 - normal,,delta amplification (absolute reduction if negative),-3.6433,-5.7318,-1.1088,pp,,,,,1043,156,autovla_misalignment_poc/outputs/temporal_feedback_window/summary.json :: subsets/all perturbations/A+/rows/win8/vs_normal/amplification (p in json: mcnemar/wilcoxon)
9 temporal_feedback_window,all perturbations,A+,win8,,recovery,98.3701,97.0703,99.2505,%,100.0,100.0,100.0,(Normal - row)/(Normal - GT-history),1043,156,autovla_misalignment_poc/outputs/temporal_feedback_window/summary.json :: subsets/all perturbations/A+/rows/win8/level/recovery; fraction: subsets/all perturbations/A+/fraction/recovery/win8
9 temporal_feedback_window,all perturbations,A+,win8 - normal,,delta recovery (absolute reduction if negative),4.0268,0.7256,6.6667,pp,,,,,1043,156,autovla_misalignment_poc/outputs/temporal_feedback_window/summary.json :: subsets/all perturbations/A+/rows/win8/vs_normal/recovery (p in json: mcnemar/wilcoxon)
9 temporal_feedback_window,all perturbations,A+,win8,,ade5,0.511,0.3975,0.6154,m,,,,,1043,156,autovla_misalignment_poc/outputs/temporal_feedback_window/summary.json :: subsets/all perturbations/A+/rows/win8/level/ade5; fraction: subsets/all perturbations/A+/fraction/ade5/win8
9 temporal_feedback_window,all perturbations,A+,win8 - normal,,delta ade5 (absolute reduction if negative),-0.4513,-0.539,-0.3239,m,,,,,1043,156,autovla_misalignment_poc/outputs/temporal_feedback_window/summary.json :: subsets/all perturbations/A+/rows/win8/vs_normal/ade5 (p in json: mcnemar/wilcoxon)
9 temporal_feedback_window,all perturbations,A+,win8,,fde5,1.0082,0.774,1.2084,m,100.0,100.0,100.0,(Normal - row)/(Normal - GT-history),1043,156,autovla_misalignment_poc/outputs/temporal_feedback_window/summary.json :: subsets/all perturbations/A+/rows/win8/level/fde5; fraction: subsets/all perturbations/A+/fraction/fde5/win8
9 temporal_feedback_window,all perturbations,A+,win8 - normal,,delta fde5 (absolute reduction if negative),-1.2362,-1.4589,-0.9038,m,,,,,1043,156,autovla_misalignment_poc/outputs/temporal_feedback_window/summary.json :: subsets/all perturbations/A+/rows/win8/vs_normal/fde5 (p in json: mcnemar/wilcoxon)
9 temporal_feedback_window,all perturbations,A+,win8,,downstream_err,28.8339,25.3812,33.2802,%,100.0,100.0,100.0,(Normal - row)/(Normal - GT-history),1043,156,autovla_misalignment_poc/outputs/temporal_feedback_window/summary.json :: subsets/all perturbations/A+/rows/win8/level/downstream_err; fraction: subsets/all perturbations/A+/fraction/downstream_err/win8
9 temporal_feedback_window,all perturbations,A+,win8 - normal,,delta downstream_err (absolute reduction if negative),-42.3931,-45.4922,-38.1635,pp,,,,,1043,156,autovla_misalignment_poc/outputs/temporal_feedback_window/summary.json :: subsets/all perturbations/A+/rows/win8/vs_normal/downstream_err (p in json: mcnemar/wilcoxon)
9 temporal_feedback_window,all perturbations,A+,gt_history,,amplification,0.5753,0.0,1.6335,%,,,,,1043,156,autovla_misalignment_poc/outputs/temporal_feedback_window/summary.json :: subsets/all perturbations/A+/rows/gt_history/level/amplification; fraction: subsets/all perturbations/A+/fraction/amplification/gt_history
9 temporal_feedback_window,all perturbations,A+,gt_history - normal,,delta amplification (absolute reduction if negative),-3.6433,-5.7318,-1.1088,pp,,,,,1043,156,autovla_misalignment_poc/outputs/temporal_feedback_window/summary.json :: subsets/all perturbations/A+/rows/gt_history/vs_normal/amplification (p in json: mcnemar/wilcoxon)
9 temporal_feedback_window,all perturbations,A+,gt_history,,recovery,98.3701,97.0703,99.2505,%,,,,,1043,156,autovla_misalignment_poc/outputs/temporal_feedback_window/summary.json :: subsets/all perturbations/A+/rows/gt_history/level/recovery; fraction: subsets/all perturbations/A+/fraction/recovery/gt_history
9 temporal_feedback_window,all perturbations,A+,gt_history - normal,,delta recovery (absolute reduction if negative),4.0268,0.7256,6.6667,pp,,,,,1043,156,autovla_misalignment_poc/outputs/temporal_feedback_window/summary.json :: subsets/all perturbations/A+/rows/gt_history/vs_normal/recovery (p in json: mcnemar/wilcoxon)
9 temporal_feedback_window,all perturbations,A+,gt_history,,ade5,0.511,0.3975,0.6154,m,,,,,1043,156,autovla_misalignment_poc/outputs/temporal_feedback_window/summary.json :: subsets/all perturbations/A+/rows/gt_history/level/ade5; fraction: subsets/all perturbations/A+/fraction/ade5/gt_history
9 temporal_feedback_window,all perturbations,A+,gt_history - normal,,delta ade5 (absolute reduction if negative),-0.4513,-0.539,-0.3239,m,,,,,1043,156,autovla_misalignment_poc/outputs/temporal_feedback_window/summary.json :: subsets/all perturbations/A+/rows/gt_history/vs_normal/ade5 (p in json: mcnemar/wilcoxon)
9 temporal_feedback_window,all perturbations,A+,gt_history,,fde5,1.0082,0.774,1.2084,m,,,,,1043,156,autovla_misalignment_poc/outputs/temporal_feedback_window/summary.json :: subsets/all perturbations/A+/rows/gt_history/level/fde5; fraction: subsets/all perturbations/A+/fraction/fde5/gt_history
9 temporal_feedback_window,all perturbations,A+,gt_history - normal,,delta fde5 (absolute reduction if negative),-1.2362,-1.4589,-0.9038,m,,,,,1043,156,autovla_misalignment_poc/outputs/temporal_feedback_window/summary.json :: subsets/all perturbations/A+/rows/gt_history/vs_normal/fde5 (p in json: mcnemar/wilcoxon)
9 temporal_feedback_window,all perturbations,A+,gt_history,,downstream_err,28.8339,25.3812,33.2802,%,,,,,1043,156,autovla_misalignment_poc/outputs/temporal_feedback_window/summary.json :: subsets/all perturbations/A+/rows/gt_history/level/downstream_err; fraction: subsets/all perturbations/A+/fraction/downstream_err/gt_history
9 temporal_feedback_window,all perturbations,A+,gt_history - normal,,delta downstream_err (absolute reduction if negative),-42.3931,-45.4922,-38.1635,pp,,,,,1043,156,autovla_misalignment_poc/outputs/temporal_feedback_window/summary.json :: subsets/all perturbations/A+/rows/gt_history/vs_normal/downstream_err (p in json: mcnemar/wilcoxon)
9 temporal_feedback_window,all perturbations,A+,delay2_len1,,amplification,2.1093,0.6968,3.3024,%,57.8947,18.1818,128.6786,(Normal - row)/(Normal - GT-history),1043,156,autovla_misalignment_poc/outputs/temporal_feedback_window/summary.json :: subsets/all perturbations/A+/rows/delay2_len1/level/amplification; fraction: subsets/all perturbations/A+/fraction/amplification/delay2_len1
9 temporal_feedback_window,all perturbations,A+,delay2_len1 - normal,,delta amplification (absolute reduction if negative),-2.1093,-4.4331,-0.483,pp,,,,,1043,156,autovla_misalignment_poc/outputs/temporal_feedback_window/summary.json :: subsets/all perturbations/A+/rows/delay2_len1/vs_normal/amplification (p in json: mcnemar/wilcoxon)
9 temporal_feedback_window,all perturbations,A+,delay2_len1,,recovery,96.3567,94.8425,98.2816,%,50.0,17.1688,141.8301,(Normal - row)/(Normal - GT-history),1043,156,autovla_misalignment_poc/outputs/temporal_feedback_window/summary.json :: subsets/all perturbations/A+/rows/delay2_len1/level/recovery; fraction: subsets/all perturbations/A+/fraction/recovery/delay2_len1
9 temporal_feedback_window,all perturbations,A+,delay2_len1 - normal,,delta recovery (absolute reduction if negative),2.0134,0.504,4.1056,pp,,,,,1043,156,autovla_misalignment_poc/outputs/temporal_feedback_window/summary.json :: subsets/all perturbations/A+/rows/delay2_len1/vs_normal/recovery (p in json: mcnemar/wilcoxon)
9 temporal_feedback_window,all perturbations,A+,delay2_len1,,ade5,0.6726,0.5102,0.8104,m,,,,,1043,156,autovla_misalignment_poc/outputs/temporal_feedback_window/summary.json :: subsets/all perturbations/A+/rows/delay2_len1/level/ade5; fraction: subsets/all perturbations/A+/fraction/ade5/delay2_len1
9 temporal_feedback_window,all perturbations,A+,delay2_len1 - normal,,delta ade5 (absolute reduction if negative),-0.2898,-0.3423,-0.2135,m,,,,,1043,156,autovla_misalignment_poc/outputs/temporal_feedback_window/summary.json :: subsets/all perturbations/A+/rows/delay2_len1/vs_normal/ade5 (p in json: mcnemar/wilcoxon)
9 temporal_feedback_window,all perturbations,A+,delay2_len1,,fde5,1.4762,1.1096,1.7674,m,62.1454,56.2474,69.2406,(Normal - row)/(Normal - GT-history),1043,156,autovla_misalignment_poc/outputs/temporal_feedback_window/summary.json :: subsets/all perturbations/A+/rows/delay2_len1/level/fde5; fraction: subsets/all perturbations/A+/fraction/fde5/delay2_len1
9 temporal_feedback_window,all perturbations,A+,delay2_len1 - normal,,delta fde5 (absolute reduction if negative),-0.7682,-0.9055,-0.5699,m,,,,,1043,156,autovla_misalignment_poc/outputs/temporal_feedback_window/summary.json :: subsets/all perturbations/A+/rows/delay2_len1/vs_normal/fde5 (p in json: mcnemar/wilcoxon)
9 temporal_feedback_window,all perturbations,A+,delay2_len1,,downstream_err,56.7698,50.4952,62.4595,%,34.1026,29.217,40.4165,(Normal - row)/(Normal - GT-history),1043,156,autovla_misalignment_poc/outputs/temporal_feedback_window/summary.json :: subsets/all perturbations/A+/rows/delay2_len1/level/downstream_err; fraction: subsets/all perturbations/A+/fraction/downstream_err/delay2_len1
9 temporal_feedback_window,all perturbations,A+,delay2_len1 - normal,,delta downstream_err (absolute reduction if negative),-14.4572,-16.7967,-12.1559,pp,,,,,1043,156,autovla_misalignment_poc/outputs/temporal_feedback_window/summary.json :: subsets/all perturbations/A+/rows/delay2_len1/vs_normal/downstream_err (p in json: mcnemar/wilcoxon)
9 temporal_feedback_window,all perturbations,A+,delay3_len1,,amplification,2.3011,1.2008,3.2318,%,52.6316,36.3447,76.9231,(Normal - row)/(Normal - GT-history),1043,156,autovla_misalignment_poc/outputs/temporal_feedback_window/summary.json :: subsets/all perturbations/A+/rows/delay3_len1/level/amplification; fraction: subsets/all perturbations/A+/fraction/amplification/delay3_len1
9 temporal_feedback_window,all perturbations,A+,delay3_len1 - normal,,delta amplification (absolute reduction if negative),-1.9175,-3.4015,-0.522,pp,,,,,1043,156,autovla_misalignment_poc/outputs/temporal_feedback_window/summary.json :: subsets/all perturbations/A+/rows/delay3_len1/vs_normal/amplification (p in json: mcnemar/wilcoxon)
9 temporal_feedback_window,all perturbations,A+,delay3_len1,,recovery,95.8773,94.6315,97.2838,%,38.0952,-15.3846,61.9376,(Normal - row)/(Normal - GT-history),1043,156,autovla_misalignment_poc/outputs/temporal_feedback_window/summary.json :: subsets/all perturbations/A+/rows/delay3_len1/level/recovery; fraction: subsets/all perturbations/A+/fraction/recovery/delay3_len1
9 temporal_feedback_window,all perturbations,A+,delay3_len1 - normal,,delta recovery (absolute reduction if negative),1.534,-0.3018,2.9595,pp,,,,,1043,156,autovla_misalignment_poc/outputs/temporal_feedback_window/summary.json :: subsets/all perturbations/A+/rows/delay3_len1/vs_normal/recovery (p in json: mcnemar/wilcoxon)
9 temporal_feedback_window,all perturbations,A+,delay3_len1,,ade5,0.7376,0.5662,0.8686,m,,,,,1043,156,autovla_misalignment_poc/outputs/temporal_feedback_window/summary.json :: subsets/all perturbations/A+/rows/delay3_len1/level/ade5; fraction: subsets/all perturbations/A+/fraction/ade5/delay3_len1
9 temporal_feedback_window,all perturbations,A+,delay3_len1 - normal,,delta ade5 (absolute reduction if negative),-0.2248,-0.2727,-0.1629,m,,,,,1043,156,autovla_misalignment_poc/outputs/temporal_feedback_window/summary.json :: subsets/all perturbations/A+/rows/delay3_len1/vs_normal/ade5 (p in json: mcnemar/wilcoxon)
9 temporal_feedback_window,all perturbations,A+,delay3_len1,,fde5,1.5703,1.2157,1.8253,m,54.5267,48.1607,61.2563,(Normal - row)/(Normal - GT-history),1043,156,autovla_misalignment_poc/outputs/temporal_feedback_window/summary.json :: subsets/all perturbations/A+/rows/delay3_len1/level/fde5; fraction: subsets/all perturbations/A+/fraction/fde5/delay3_len1
9 temporal_feedback_window,all perturbations,A+,delay3_len1 - normal,,delta fde5 (absolute reduction if negative),-0.674,-0.8368,-0.4749,m,,,,,1043,156,autovla_misalignment_poc/outputs/temporal_feedback_window/summary.json :: subsets/all perturbations/A+/rows/delay3_len1/vs_normal/fde5 (p in json: mcnemar/wilcoxon)
9 temporal_feedback_window,all perturbations,A+,delay3_len1,,downstream_err,61.4946,55.8446,67.0832,%,22.9576,18.2324,26.8277,(Normal - row)/(Normal - GT-history),1043,156,autovla_misalignment_poc/outputs/temporal_feedback_window/summary.json :: subsets/all perturbations/A+/rows/delay3_len1/level/downstream_err; fraction: subsets/all perturbations/A+/fraction/downstream_err/delay3_len1
9 temporal_feedback_window,all perturbations,A+,delay3_len1 - normal,,delta downstream_err (absolute reduction if negative),-9.7324,-11.3041,-7.7878,pp,,,,,1043,156,autovla_misalignment_poc/outputs/temporal_feedback_window/summary.json :: subsets/all perturbations/A+/rows/delay3_len1/vs_normal/downstream_err (p in json: mcnemar/wilcoxon)
9 temporal_feedback_window,all perturbations,A+,delay4_len1,,amplification,1.4382,0.5524,2.1779,%,76.3158,54.5455,154.5455,(Normal - row)/(Normal - GT-history),1043,156,autovla_misalignment_poc/outputs/temporal_feedback_window/summary.json :: subsets/all perturbations/A+/rows/delay4_len1/level/amplification; fraction: subsets/all perturbations/A+/fraction/amplification/delay4_len1
9 temporal_feedback_window,all perturbations,A+,delay4_len1 - normal,,delta amplification (absolute reduction if negative),-2.7804,-4.3945,-1.2836,pp,,,,,1043,156,autovla_misalignment_poc/outputs/temporal_feedback_window/summary.json :: subsets/all perturbations/A+/rows/delay4_len1/vs_normal/amplification (p in json: mcnemar/wilcoxon)
9 temporal_feedback_window,all perturbations,A+,delay4_len1,,recovery,96.7402,95.5928,98.3052,%,59.5238,37.5,160.3077,(Normal - row)/(Normal - GT-history),1043,156,autovla_misalignment_poc/outputs/temporal_feedback_window/summary.json :: subsets/all perturbations/A+/rows/delay4_len1/level/recovery; fraction: subsets/all perturbations/A+/fraction/recovery/delay4_len1
9 temporal_feedback_window,all perturbations,A+,delay4_len1 - normal,,delta recovery (absolute reduction if negative),2.3969,1.0988,4.0091,pp,,,,,1043,156,autovla_misalignment_poc/outputs/temporal_feedback_window/summary.json :: subsets/all perturbations/A+/rows/delay4_len1/vs_normal/recovery (p in json: mcnemar/wilcoxon)
9 temporal_feedback_window,all perturbations,A+,delay4_len1,,ade5,0.781,0.6086,0.9115,m,,,,,1043,156,autovla_misalignment_poc/outputs/temporal_feedback_window/summary.json :: subsets/all perturbations/A+/rows/delay4_len1/level/ade5; fraction: subsets/all perturbations/A+/fraction/ade5/delay4_len1
9 temporal_feedback_window,all perturbations,A+,delay4_len1 - normal,,delta ade5 (absolute reduction if negative),-0.1814,-0.2226,-0.1263,m,,,,,1043,156,autovla_misalignment_poc/outputs/temporal_feedback_window/summary.json :: subsets/all perturbations/A+/rows/delay4_len1/vs_normal/ade5 (p in json: mcnemar/wilcoxon)
9 temporal_feedback_window,all perturbations,A+,delay4_len1,,fde5,1.5562,1.1993,1.7917,m,55.6672,49.4675,61.1142,(Normal - row)/(Normal - GT-history),1043,156,autovla_misalignment_poc/outputs/temporal_feedback_window/summary.json :: subsets/all perturbations/A+/rows/delay4_len1/level/fde5; fraction: subsets/all perturbations/A+/fraction/fde5/delay4_len1
9 temporal_feedback_window,all perturbations,A+,delay4_len1 - normal,,delta fde5 (absolute reduction if negative),-0.6881,-0.8421,-0.4861,m,,,,,1043,156,autovla_misalignment_poc/outputs/temporal_feedback_window/summary.json :: subsets/all perturbations/A+/rows/delay4_len1/vs_normal/fde5 (p in json: mcnemar/wilcoxon)
9 temporal_feedback_window,all perturbations,A+,delay4_len1,,downstream_err,64.1662,58.5145,68.9032,%,16.6554,13.4984,20.9678,(Normal - row)/(Normal - GT-history),1043,156,autovla_misalignment_poc/outputs/temporal_feedback_window/summary.json :: subsets/all perturbations/A+/rows/delay4_len1/level/downstream_err; fraction: subsets/all perturbations/A+/fraction/downstream_err/delay4_len1
9 temporal_feedback_window,all perturbations,A+,delay4_len1 - normal,,delta downstream_err (absolute reduction if negative),-7.0608,-8.355,-5.7665,pp,,,,,1043,156,autovla_misalignment_poc/outputs/temporal_feedback_window/summary.json :: subsets/all perturbations/A+/rows/delay4_len1/vs_normal/downstream_err (p in json: mcnemar/wilcoxon)
9 temporal_feedback_window,all perturbations,A+,delay2_len2,,amplification,1.534,0.813,2.0225,%,73.6842,55.5556,108.3902,(Normal - row)/(Normal - GT-history),1043,156,autovla_misalignment_poc/outputs/temporal_feedback_window/summary.json :: subsets/all perturbations/A+/rows/delay2_len2/level/amplification; fraction: subsets/all perturbations/A+/fraction/amplification/delay2_len2
9 temporal_feedback_window,all perturbations,A+,delay2_len2 - normal,,delta amplification (absolute reduction if negative),-2.6846,-4.6258,-0.9631,pp,,,,,1043,156,autovla_misalignment_poc/outputs/temporal_feedback_window/summary.json :: subsets/all perturbations/A+/rows/delay2_len2/vs_normal/amplification (p in json: mcnemar/wilcoxon)
9 temporal_feedback_window,all perturbations,A+,delay2_len2,,recovery,97.2196,96.1249,98.293,%,71.4286,40.7176,115.9649,(Normal - row)/(Normal - GT-history),1043,156,autovla_misalignment_poc/outputs/temporal_feedback_window/summary.json :: subsets/all perturbations/A+/rows/delay2_len2/level/recovery; fraction: subsets/all perturbations/A+/fraction/recovery/delay2_len2
9 temporal_feedback_window,all perturbations,A+,delay2_len2 - normal,,delta recovery (absolute reduction if negative),2.8763,0.5134,4.9866,pp,,,,,1043,156,autovla_misalignment_poc/outputs/temporal_feedback_window/summary.json :: subsets/all perturbations/A+/rows/delay2_len2/vs_normal/recovery (p in json: mcnemar/wilcoxon)
9 temporal_feedback_window,all perturbations,A+,delay2_len2,,ade5,0.6194,0.4823,0.7349,m,,,,,1043,156,autovla_misalignment_poc/outputs/temporal_feedback_window/summary.json :: subsets/all perturbations/A+/rows/delay2_len2/level/ade5; fraction: subsets/all perturbations/A+/fraction/ade5/delay2_len2
9 temporal_feedback_window,all perturbations,A+,delay2_len2 - normal,,delta ade5 (absolute reduction if negative),-0.3429,-0.408,-0.2466,m,,,,,1043,156,autovla_misalignment_poc/outputs/temporal_feedback_window/summary.json :: subsets/all perturbations/A+/rows/delay2_len2/vs_normal/ade5 (p in json: mcnemar/wilcoxon)
9 temporal_feedback_window,all perturbations,A+,delay2_len2,,fde5,1.2847,1.0024,1.5022,m,77.6307,73.5928,81.9116,(Normal - row)/(Normal - GT-history),1043,156,autovla_misalignment_poc/outputs/temporal_feedback_window/summary.json :: subsets/all perturbations/A+/rows/delay2_len2/level/fde5; fraction: subsets/all perturbations/A+/fraction/fde5/delay2_len2
9 temporal_feedback_window,all perturbations,A+,delay2_len2 - normal,,delta fde5 (absolute reduction if negative),-0.9596,-1.1374,-0.6894,m,,,,,1043,156,autovla_misalignment_poc/outputs/temporal_feedback_window/summary.json :: subsets/all perturbations/A+/rows/delay2_len2/vs_normal/fde5 (p in json: mcnemar/wilcoxon)
9 temporal_feedback_window,all perturbations,A+,delay2_len2,,downstream_err,50.1176,44.4708,55.9011,%,49.7945,44.4548,55.3544,(Normal - row)/(Normal - GT-history),1043,156,autovla_misalignment_poc/outputs/temporal_feedback_window/summary.json :: subsets/all perturbations/A+/rows/delay2_len2/level/downstream_err; fraction: subsets/all perturbations/A+/fraction/downstream_err/delay2_len2
9 temporal_feedback_window,all perturbations,A+,delay2_len2 - normal,,delta downstream_err (absolute reduction if negative),-21.1094,-23.3419,-18.44,pp,,,,,1043,156,autovla_misalignment_poc/outputs/temporal_feedback_window/summary.json :: subsets/all perturbations/A+/rows/delay2_len2/vs_normal/downstream_err (p in json: mcnemar/wilcoxon)
9 temporal_feedback_window,all perturbations,A+,delay3_len2,,amplification,1.534,0.7015,2.2975,%,73.6842,54.5455,100.0,(Normal - row)/(Normal - GT-history),1043,156,autovla_misalignment_poc/outputs/temporal_feedback_window/summary.json :: subsets/all perturbations/A+/rows/delay3_len2/level/amplification; fraction: subsets/all perturbations/A+/fraction/amplification/delay3_len2
9 temporal_feedback_window,all perturbations,A+,delay3_len2 - normal,,delta amplification (absolute reduction if negative),-2.6846,-4.4182,-0.8287,pp,,,,,1043,156,autovla_misalignment_poc/outputs/temporal_feedback_window/summary.json :: subsets/all perturbations/A+/rows/delay3_len2/vs_normal/amplification (p in json: mcnemar/wilcoxon)
9 temporal_feedback_window,all perturbations,A+,delay3_len2,,recovery,96.7402,95.5379,98.0058,%,59.5238,25.0,116.6667,(Normal - row)/(Normal - GT-history),1043,156,autovla_misalignment_poc/outputs/temporal_feedback_window/summary.json :: subsets/all perturbations/A+/rows/delay3_len2/level/recovery; fraction: subsets/all perturbations/A+/fraction/recovery/delay3_len2
9 temporal_feedback_window,all perturbations,A+,delay3_len2 - normal,,delta recovery (absolute reduction if negative),2.3969,0.3186,3.9202,pp,,,,,1043,156,autovla_misalignment_poc/outputs/temporal_feedback_window/summary.json :: subsets/all perturbations/A+/rows/delay3_len2/vs_normal/recovery (p in json: mcnemar/wilcoxon)
9 temporal_feedback_window,all perturbations,A+,delay3_len2,,ade5,0.7005,0.5467,0.8212,m,,,,,1043,156,autovla_misalignment_poc/outputs/temporal_feedback_window/summary.json :: subsets/all perturbations/A+/rows/delay3_len2/level/ade5; fraction: subsets/all perturbations/A+/fraction/ade5/delay3_len2
9 temporal_feedback_window,all perturbations,A+,delay3_len2 - normal,,delta ade5 (absolute reduction if negative),-0.2618,-0.316,-0.184,m,,,,,1043,156,autovla_misalignment_poc/outputs/temporal_feedback_window/summary.json :: subsets/all perturbations/A+/rows/delay3_len2/vs_normal/ade5 (p in json: mcnemar/wilcoxon)
9 temporal_feedback_window,all perturbations,A+,delay3_len2,,fde5,1.3878,1.1034,1.6015,m,69.294,62.9712,73.6414,(Normal - row)/(Normal - GT-history),1043,156,autovla_misalignment_poc/outputs/temporal_feedback_window/summary.json :: subsets/all perturbations/A+/rows/delay3_len2/level/fde5; fraction: subsets/all perturbations/A+/fraction/fde5/delay3_len2
9 temporal_feedback_window,all perturbations,A+,delay3_len2 - normal,,delta fde5 (absolute reduction if negative),-0.8566,-1.0465,-0.5834,m,,,,,1043,156,autovla_misalignment_poc/outputs/temporal_feedback_window/summary.json :: subsets/all perturbations/A+/rows/delay3_len2/vs_normal/fde5 (p in json: mcnemar/wilcoxon)
9 temporal_feedback_window,all perturbations,A+,delay3_len2,,downstream_err,55.559,50.3086,60.6631,%,36.9588,32.6993,41.0597,(Normal - row)/(Normal - GT-history),1043,156,autovla_misalignment_poc/outputs/temporal_feedback_window/summary.json :: subsets/all perturbations/A+/rows/delay3_len2/level/downstream_err; fraction: subsets/all perturbations/A+/fraction/downstream_err/delay3_len2
9 temporal_feedback_window,all perturbations,A+,delay3_len2 - normal,,delta downstream_err (absolute reduction if negative),-15.668,-17.2581,-13.7441,pp,,,,,1043,156,autovla_misalignment_poc/outputs/temporal_feedback_window/summary.json :: subsets/all perturbations/A+/rows/delay3_len2/vs_normal/downstream_err (p in json: mcnemar/wilcoxon)
9 temporal_feedback_window,all perturbations,A+,skipfirst2_full,,amplification,0.9588,0.2757,1.8519,%,89.4737,71.4286,106.2704,(Normal - row)/(Normal - GT-history),1043,156,autovla_misalignment_poc/outputs/temporal_feedback_window/summary.json :: subsets/all perturbations/A+/rows/skipfirst2_full/level/amplification; fraction: subsets/all perturbations/A+/fraction/amplification/skipfirst2_full
9 temporal_feedback_window,all perturbations,A+,skipfirst2_full - normal,,delta amplification (absolute reduction if negative),-3.2598,-5.41,-0.9651,pp,,,,,1043,156,autovla_misalignment_poc/outputs/temporal_feedback_window/summary.json :: subsets/all perturbations/A+/rows/skipfirst2_full/vs_normal/amplification (p in json: mcnemar/wilcoxon)
9 temporal_feedback_window,all perturbations,A+,skipfirst2_full,,recovery,98.2742,96.8974,99.1176,%,97.619,75.0,136.3636,(Normal - row)/(Normal - GT-history),1043,156,autovla_misalignment_poc/outputs/temporal_feedback_window/summary.json :: subsets/all perturbations/A+/rows/skipfirst2_full/level/recovery; fraction: subsets/all perturbations/A+/fraction/recovery/skipfirst2_full
9 temporal_feedback_window,all perturbations,A+,skipfirst2_full - normal,,delta recovery (absolute reduction if negative),3.931,0.8389,6.5195,pp,,,,,1043,156,autovla_misalignment_poc/outputs/temporal_feedback_window/summary.json :: subsets/all perturbations/A+/rows/skipfirst2_full/vs_normal/recovery (p in json: mcnemar/wilcoxon)
9 temporal_feedback_window,all perturbations,A+,skipfirst2_full,,ade5,0.5972,0.4685,0.7082,m,,,,,1043,156,autovla_misalignment_poc/outputs/temporal_feedback_window/summary.json :: subsets/all perturbations/A+/rows/skipfirst2_full/level/ade5; fraction: subsets/all perturbations/A+/fraction/ade5/skipfirst2_full
9 temporal_feedback_window,all perturbations,A+,skipfirst2_full - normal,,delta ade5 (absolute reduction if negative),-0.3652,-0.4387,-0.261,m,,,,,1043,156,autovla_misalignment_poc/outputs/temporal_feedback_window/summary.json :: subsets/all perturbations/A+/rows/skipfirst2_full/vs_normal/ade5 (p in json: mcnemar/wilcoxon)
9 temporal_feedback_window,all perturbations,A+,skipfirst2_full,,fde5,1.1452,0.9174,1.3417,m,88.9213,84.6427,91.7304,(Normal - row)/(Normal - GT-history),1043,156,autovla_misalignment_poc/outputs/temporal_feedback_window/summary.json :: subsets/all perturbations/A+/rows/skipfirst2_full/level/fde5; fraction: subsets/all perturbations/A+/fraction/fde5/skipfirst2_full
9 temporal_feedback_window,all perturbations,A+,skipfirst2_full - normal,,delta fde5 (absolute reduction if negative),-1.0992,-1.3099,-0.7808,m,,,,,1043,156,autovla_misalignment_poc/outputs/temporal_feedback_window/summary.json :: subsets/all perturbations/A+/rows/skipfirst2_full/vs_normal/fde5 (p in json: mcnemar/wilcoxon)
9 temporal_feedback_window,all perturbations,A+,skipfirst2_full,,downstream_err,37.6782,34.1572,41.9251,%,79.1375,76.4787,81.3569,(Normal - row)/(Normal - GT-history),1043,156,autovla_misalignment_poc/outputs/temporal_feedback_window/summary.json :: subsets/all perturbations/A+/rows/skipfirst2_full/level/downstream_err; fraction: subsets/all perturbations/A+/fraction/downstream_err/skipfirst2_full
9 temporal_feedback_window,all perturbations,A+,skipfirst2_full - normal,,delta downstream_err (absolute reduction if negative),-33.5488,-35.7291,-30.3818,pp,,,,,1043,156,autovla_misalignment_poc/outputs/temporal_feedback_window/summary.json :: subsets/all perturbations/A+/rows/skipfirst2_full/vs_normal/downstream_err (p in json: mcnemar/wilcoxon)
9 temporal_feedback_window,all perturbations,A+,skipfirst3_full,,amplification,1.2464,0.4494,2.1158,%,81.5789,57.5433,100.0,(Normal - row)/(Normal - GT-history),1043,156,autovla_misalignment_poc/outputs/temporal_feedback_window/summary.json :: subsets/all perturbations/A+/rows/skipfirst3_full/level/amplification; fraction: subsets/all perturbations/A+/fraction/amplification/skipfirst3_full
9 temporal_feedback_window,all perturbations,A+,skipfirst3_full - normal,,delta amplification (absolute reduction if negative),-2.9722,-5.1254,-0.8161,pp,,,,,1043,156,autovla_misalignment_poc/outputs/temporal_feedback_window/summary.json :: subsets/all perturbations/A+/rows/skipfirst3_full/vs_normal/amplification (p in json: mcnemar/wilcoxon)
9 temporal_feedback_window,all perturbations,A+,skipfirst3_full,,recovery,98.1783,97.3545,99.0218,%,95.2381,76.9231,173.1818,(Normal - row)/(Normal - GT-history),1043,156,autovla_misalignment_poc/outputs/temporal_feedback_window/summary.json :: subsets/all perturbations/A+/rows/skipfirst3_full/level/recovery; fraction: subsets/all perturbations/A+/fraction/recovery/skipfirst3_full
9 temporal_feedback_window,all perturbations,A+,skipfirst3_full - normal,,delta recovery (absolute reduction if negative),3.8351,1.3376,6.1789,pp,,,,,1043,156,autovla_misalignment_poc/outputs/temporal_feedback_window/summary.json :: subsets/all perturbations/A+/rows/skipfirst3_full/vs_normal/recovery (p in json: mcnemar/wilcoxon)
9 temporal_feedback_window,all perturbations,A+,skipfirst3_full,,ade5,0.6955,0.5405,0.8153,m,,,,,1043,156,autovla_misalignment_poc/outputs/temporal_feedback_window/summary.json :: subsets/all perturbations/A+/rows/skipfirst3_full/level/ade5; fraction: subsets/all perturbations/A+/fraction/ade5/skipfirst3_full
9 temporal_feedback_window,all perturbations,A+,skipfirst3_full - normal,,delta ade5 (absolute reduction if negative),-0.2668,-0.3202,-0.1908,m,,,,,1043,156,autovla_misalignment_poc/outputs/temporal_feedback_window/summary.json :: subsets/all perturbations/A+/rows/skipfirst3_full/vs_normal/ade5 (p in json: mcnemar/wilcoxon)
9 temporal_feedback_window,all perturbations,A+,skipfirst3_full,,fde5,1.3289,1.0426,1.5394,m,74.057,69.7638,78.4123,(Normal - row)/(Normal - GT-history),1043,156,autovla_misalignment_poc/outputs/temporal_feedback_window/summary.json :: subsets/all perturbations/A+/rows/skipfirst3_full/level/fde5; fraction: subsets/all perturbations/A+/fraction/fde5/skipfirst3_full
9 temporal_feedback_window,all perturbations,A+,skipfirst3_full - normal,,delta fde5 (absolute reduction if negative),-0.9155,-1.0999,-0.6519,m,,,,,1043,156,autovla_misalignment_poc/outputs/temporal_feedback_window/summary.json :: subsets/all perturbations/A+/rows/skipfirst3_full/vs_normal/fde5 (p in json: mcnemar/wilcoxon)
9 temporal_feedback_window,all perturbations,A+,skipfirst3_full,,downstream_err,46.5136,42.516,51.16,%,58.2957,53.8996,61.5762,(Normal - row)/(Normal - GT-history),1043,156,autovla_misalignment_poc/outputs/temporal_feedback_window/summary.json :: subsets/all perturbations/A+/rows/skipfirst3_full/level/downstream_err; fraction: subsets/all perturbations/A+/fraction/downstream_err/skipfirst3_full
9 temporal_feedback_window,all perturbations,A+,skipfirst3_full - normal,,delta downstream_err (absolute reduction if negative),-24.7134,-26.6889,-22.0045,pp,,,,,1043,156,autovla_misalignment_poc/outputs/temporal_feedback_window/summary.json :: subsets/all perturbations/A+/rows/skipfirst3_full/vs_normal/downstream_err (p in json: mcnemar/wilcoxon)
9 temporal_feedback_window,original token only,A-,normal,,amplification,67.3077,44.7368,86.0012,%,,,,,52,52,autovla_misalignment_poc/outputs/temporal_feedback_window/summary.json :: subsets/original token only/A-/rows/normal/level/amplification; fraction: subsets/original token only/A-/fraction/amplification/normal
9 temporal_feedback_window,original token only,A-,normal,,recovery,19.2308,5.8824,36.845,%,,,,,52,52,autovla_misalignment_poc/outputs/temporal_feedback_window/summary.json :: subsets/original token only/A-/rows/normal/level/recovery; fraction: subsets/original token only/A-/fraction/recovery/normal
9 temporal_feedback_window,original token only,A-,normal,,ade5,2.9989,2.4298,3.4273,m,,,,,52,52,autovla_misalignment_poc/outputs/temporal_feedback_window/summary.json :: subsets/original token only/A-/rows/normal/level/ade5; fraction: subsets/original token only/A-/fraction/ade5/normal
9 temporal_feedback_window,original token only,A-,normal,,fde5,8.3763,6.4252,9.865,m,,,,,52,52,autovla_misalignment_poc/outputs/temporal_feedback_window/summary.json :: subsets/original token only/A-/rows/normal/level/fde5; fraction: subsets/original token only/A-/fraction/fde5/normal
9 temporal_feedback_window,original token only,A-,normal,,downstream_err,95.0206,89.2117,98.8675,%,,,,,52,52,autovla_misalignment_poc/outputs/temporal_feedback_window/summary.json :: subsets/original token only/A-/rows/normal/level/downstream_err; fraction: subsets/original token only/A-/fraction/downstream_err/normal
9 temporal_feedback_window,original token only,A-,win1,,amplification,25.0,15.5513,35.1364,%,64.7059,41.6667,78.7879,(Normal - row)/(Normal - GT-history),52,52,autovla_misalignment_poc/outputs/temporal_feedback_window/summary.json :: subsets/original token only/A-/rows/win1/level/amplification; fraction: subsets/original token only/A-/fraction/amplification/win1
9 temporal_feedback_window,original token only,A-,win1 - normal,,delta amplification (absolute reduction if negative),-42.3077,-62.3197,-19.2966,pp,,,,,52,52,autovla_misalignment_poc/outputs/temporal_feedback_window/summary.json :: subsets/original token only/A-/rows/win1/vs_normal/amplification (p in json: mcnemar/wilcoxon)
9 temporal_feedback_window,original token only,A-,win1,,recovery,63.4615,49.2742,77.7778,%,58.9744,35.2868,76.0,(Normal - row)/(Normal - GT-history),52,52,autovla_misalignment_poc/outputs/temporal_feedback_window/summary.json :: subsets/original token only/A-/rows/win1/level/recovery; fraction: subsets/original token only/A-/fraction/recovery/win1
9 temporal_feedback_window,original token only,A-,win1 - normal,,delta recovery (absolute reduction if negative),44.2308,21.3075,64.2887,pp,,,,,52,52,autovla_misalignment_poc/outputs/temporal_feedback_window/summary.json :: subsets/original token only/A-/rows/win1/vs_normal/recovery (p in json: mcnemar/wilcoxon)
9 temporal_feedback_window,original token only,A-,win1,,ade5,1.3464,0.9961,1.6148,m,,,,,52,52,autovla_misalignment_poc/outputs/temporal_feedback_window/summary.json :: subsets/original token only/A-/rows/win1/level/ade5; fraction: subsets/original token only/A-/fraction/ade5/win1
9 temporal_feedback_window,original token only,A-,win1 - normal,,delta ade5 (absolute reduction if negative),-1.6525,-2.1091,-1.2054,m,,,,,52,52,autovla_misalignment_poc/outputs/temporal_feedback_window/summary.json :: subsets/original token only/A-/rows/win1/vs_normal/ade5 (p in json: mcnemar/wilcoxon)
9 temporal_feedback_window,original token only,A-,win1,,fde5,3.642,2.3669,4.5694,m,70.1791,61.8002,83.0577,(Normal - row)/(Normal - GT-history),52,52,autovla_misalignment_poc/outputs/temporal_feedback_window/summary.json :: subsets/original token only/A-/rows/win1/level/fde5; fraction: subsets/original token only/A-/fraction/fde5/win1
9 temporal_feedback_window,original token only,A-,win1 - normal,,delta fde5 (absolute reduction if negative),-4.7342,-6.0721,-3.2533,m,,,,,52,52,autovla_misalignment_poc/outputs/temporal_feedback_window/summary.json :: subsets/original token only/A-/rows/win1/vs_normal/fde5 (p in json: mcnemar/wilcoxon)
9 temporal_feedback_window,original token only,A-,win1,,downstream_err,65.4724,57.3185,74.7898,%,46.9265,29.8229,59.3848,(Normal - row)/(Normal - GT-history),52,52,autovla_misalignment_poc/outputs/temporal_feedback_window/summary.json :: subsets/original token only/A-/rows/win1/level/downstream_err; fraction: subsets/original token only/A-/fraction/downstream_err/win1
9 temporal_feedback_window,original token only,A-,win1 - normal,,delta downstream_err (absolute reduction if negative),-29.5482,-39.8856,-16.4722,pp,,,,,52,52,autovla_misalignment_poc/outputs/temporal_feedback_window/summary.json :: subsets/original token only/A-/rows/win1/vs_normal/downstream_err (p in json: mcnemar/wilcoxon)
9 temporal_feedback_window,original token only,A-,win2,,amplification,7.6923,0.0,14.5846,%,91.1765,80.0,100.0,(Normal - row)/(Normal - GT-history),52,52,autovla_misalignment_poc/outputs/temporal_feedback_window/summary.json :: subsets/original token only/A-/rows/win2/level/amplification; fraction: subsets/original token only/A-/fraction/amplification/win2
9 temporal_feedback_window,original token only,A-,win2 - normal,,delta amplification (absolute reduction if negative),-59.6154,-80.3286,-33.9137,pp,,,,,52,52,autovla_misalignment_poc/outputs/temporal_feedback_window/summary.json :: subsets/original token only/A-/rows/win2/vs_normal/amplification (p in json: mcnemar/wilcoxon)
9 temporal_feedback_window,original token only,A-,win2,,recovery,88.4615,77.7778,97.2222,%,92.3077,83.3214,100.0,(Normal - row)/(Normal - GT-history),52,52,autovla_misalignment_poc/outputs/temporal_feedback_window/summary.json :: subsets/original token only/A-/rows/win2/level/recovery; fraction: subsets/original token only/A-/fraction/recovery/win2
9 temporal_feedback_window,original token only,A-,win2 - normal,,delta recovery (absolute reduction if negative),69.2308,44.6379,87.1802,pp,,,,,52,52,autovla_misalignment_poc/outputs/temporal_feedback_window/summary.json :: subsets/original token only/A-/rows/win2/vs_normal/recovery (p in json: mcnemar/wilcoxon)
9 temporal_feedback_window,original token only,A-,win2,,ade5,0.8926,0.6163,1.2686,m,,,,,52,52,autovla_misalignment_poc/outputs/temporal_feedback_window/summary.json :: subsets/original token only/A-/rows/win2/level/ade5; fraction: subsets/original token only/A-/fraction/ade5/win2
9 temporal_feedback_window,original token only,A-,win2 - normal,,delta ade5 (absolute reduction if negative),-2.1063,-2.5547,-1.5217,m,,,,,52,52,autovla_misalignment_poc/outputs/temporal_feedback_window/summary.json :: subsets/original token only/A-/rows/win2/vs_normal/ade5 (p in json: mcnemar/wilcoxon)
9 temporal_feedback_window,original token only,A-,win2,,fde5,2.0546,1.2405,3.1868,m,93.711,85.1157,98.0355,(Normal - row)/(Normal - GT-history),52,52,autovla_misalignment_poc/outputs/temporal_feedback_window/summary.json :: subsets/original token only/A-/rows/win2/level/fde5; fraction: subsets/original token only/A-/fraction/fde5/win2
9 temporal_feedback_window,original token only,A-,win2 - normal,,delta fde5 (absolute reduction if negative),-6.3217,-7.8999,-4.4028,m,,,,,52,52,autovla_misalignment_poc/outputs/temporal_feedback_window/summary.json :: subsets/original token only/A-/rows/win2/vs_normal/fde5 (p in json: mcnemar/wilcoxon)
9 temporal_feedback_window,original token only,A-,win2,,downstream_err,47.381,37.4296,61.1117,%,75.6581,59.3462,85.6526,(Normal - row)/(Normal - GT-history),52,52,autovla_misalignment_poc/outputs/temporal_feedback_window/summary.json :: subsets/original token only/A-/rows/win2/level/downstream_err; fraction: subsets/original token only/A-/fraction/downstream_err/win2
9 temporal_feedback_window,original token only,A-,win2 - normal,,delta downstream_err (absolute reduction if negative),-47.6397,-58.6013,-32.7021,pp,,,,,52,52,autovla_misalignment_poc/outputs/temporal_feedback_window/summary.json :: subsets/original token only/A-/rows/win2/vs_normal/downstream_err (p in json: mcnemar/wilcoxon)
9 temporal_feedback_window,original token only,A-,win3,,amplification,5.7692,0.0,11.7666,%,94.1176,86.3636,100.0,(Normal - row)/(Normal - GT-history),52,52,autovla_misalignment_poc/outputs/temporal_feedback_window/summary.json :: subsets/original token only/A-/rows/win3/level/amplification; fraction: subsets/original token only/A-/fraction/amplification/win3
9 temporal_feedback_window,original token only,A-,win3 - normal,,delta amplification (absolute reduction if negative),-61.5385,-82.8571,-35.8491,pp,,,,,52,52,autovla_misalignment_poc/outputs/temporal_feedback_window/summary.json :: subsets/original token only/A-/rows/win3/vs_normal/amplification (p in json: mcnemar/wilcoxon)
9 temporal_feedback_window,original token only,A-,win3,,recovery,92.3077,85.0746,100.0,%,97.4359,95.2381,100.0,(Normal - row)/(Normal - GT-history),52,52,autovla_misalignment_poc/outputs/temporal_feedback_window/summary.json :: subsets/original token only/A-/rows/win3/level/recovery; fraction: subsets/original token only/A-/fraction/recovery/win3
9 temporal_feedback_window,original token only,A-,win3 - normal,,delta recovery (absolute reduction if negative),73.0769,51.7768,89.2857,pp,,,,,52,52,autovla_misalignment_poc/outputs/temporal_feedback_window/summary.json :: subsets/original token only/A-/rows/win3/vs_normal/recovery (p in json: mcnemar/wilcoxon)
9 temporal_feedback_window,original token only,A-,win3,,ade5,0.8513,0.5702,1.1868,m,,,,,52,52,autovla_misalignment_poc/outputs/temporal_feedback_window/summary.json :: subsets/original token only/A-/rows/win3/level/ade5; fraction: subsets/original token only/A-/fraction/ade5/win3
9 temporal_feedback_window,original token only,A-,win3 - normal,,delta ade5 (absolute reduction if negative),-2.1476,-2.624,-1.5791,m,,,,,52,52,autovla_misalignment_poc/outputs/temporal_feedback_window/summary.json :: subsets/original token only/A-/rows/win3/vs_normal/ade5 (p in json: mcnemar/wilcoxon)
9 temporal_feedback_window,original token only,A-,win3,,fde5,1.8129,1.0071,2.6988,m,97.2934,91.9869,103.06,(Normal - row)/(Normal - GT-history),52,52,autovla_misalignment_poc/outputs/temporal_feedback_window/summary.json :: subsets/original token only/A-/rows/win3/level/fde5; fraction: subsets/original token only/A-/fraction/fde5/win3
9 temporal_feedback_window,original token only,A-,win3 - normal,,delta fde5 (absolute reduction if negative),-6.5633,-8.2454,-4.6157,m,,,,,52,52,autovla_misalignment_poc/outputs/temporal_feedback_window/summary.json :: subsets/original token only/A-/rows/win3/vs_normal/fde5 (p in json: mcnemar/wilcoxon)
9 temporal_feedback_window,original token only,A-,win3,,downstream_err,42.951,35.7295,53.9221,%,82.6934,71.1956,88.9205,(Normal - row)/(Normal - GT-history),52,52,autovla_misalignment_poc/outputs/temporal_feedback_window/summary.json :: subsets/original token only/A-/rows/win3/level/downstream_err; fraction: subsets/original token only/A-/fraction/downstream_err/win3
9 temporal_feedback_window,original token only,A-,win3 - normal,,delta downstream_err (absolute reduction if negative),-52.0696,-60.8703,-39.0293,pp,,,,,52,52,autovla_misalignment_poc/outputs/temporal_feedback_window/summary.json :: subsets/original token only/A-/rows/win3/vs_normal/downstream_err (p in json: mcnemar/wilcoxon)
9 temporal_feedback_window,original token only,A-,win4,,amplification,3.8462,0.0,6.4516,%,97.0588,94.7368,100.0,(Normal - row)/(Normal - GT-history),52,52,autovla_misalignment_poc/outputs/temporal_feedback_window/summary.json :: subsets/original token only/A-/rows/win4/level/amplification; fraction: subsets/original token only/A-/fraction/amplification/win4
9 temporal_feedback_window,original token only,A-,win4 - normal,,delta amplification (absolute reduction if negative),-63.4615,-82.8571,-40.8086,pp,,,,,52,52,autovla_misalignment_poc/outputs/temporal_feedback_window/summary.json :: subsets/original token only/A-/rows/win4/vs_normal/amplification (p in json: mcnemar/wilcoxon)
9 temporal_feedback_window,original token only,A-,win4,,recovery,92.3077,85.0746,100.0,%,97.4359,95.2381,100.0,(Normal - row)/(Normal - GT-history),52,52,autovla_misalignment_poc/outputs/temporal_feedback_window/summary.json :: subsets/original token only/A-/rows/win4/level/recovery; fraction: subsets/original token only/A-/fraction/recovery/win4
9 temporal_feedback_window,original token only,A-,win4 - normal,,delta recovery (absolute reduction if negative),73.0769,51.7768,89.2857,pp,,,,,52,52,autovla_misalignment_poc/outputs/temporal_feedback_window/summary.json :: subsets/original token only/A-/rows/win4/vs_normal/recovery (p in json: mcnemar/wilcoxon)
9 temporal_feedback_window,original token only,A-,win4,,ade5,0.8305,0.5772,1.1284,m,,,,,52,52,autovla_misalignment_poc/outputs/temporal_feedback_window/summary.json :: subsets/original token only/A-/rows/win4/level/ade5; fraction: subsets/original token only/A-/fraction/ade5/win4
9 temporal_feedback_window,original token only,A-,win4 - normal,,delta ade5 (absolute reduction if negative),-2.1683,-2.6156,-1.5945,m,,,,,52,52,autovla_misalignment_poc/outputs/temporal_feedback_window/summary.json :: subsets/original token only/A-/rows/win4/vs_normal/ade5 (p in json: mcnemar/wilcoxon)
9 temporal_feedback_window,original token only,A-,win4,,fde5,1.7122,1.03,2.4642,m,98.787,97.298,101.1091,(Normal - row)/(Normal - GT-history),52,52,autovla_misalignment_poc/outputs/temporal_feedback_window/summary.json :: subsets/original token only/A-/rows/win4/level/fde5; fraction: subsets/original token only/A-/fraction/fde5/win4
9 temporal_feedback_window,original token only,A-,win4 - normal,,delta fde5 (absolute reduction if negative),-6.6641,-8.1959,-4.7845,m,,,,,52,52,autovla_misalignment_poc/outputs/temporal_feedback_window/summary.json :: subsets/original token only/A-/rows/win4/vs_normal/fde5 (p in json: mcnemar/wilcoxon)
9 temporal_feedback_window,original token only,A-,win4,,downstream_err,39.8413,33.4687,48.3304,%,87.6321,82.5776,92.6692,(Normal - row)/(Normal - GT-history),52,52,autovla_misalignment_poc/outputs/temporal_feedback_window/summary.json :: subsets/original token only/A-/rows/win4/level/downstream_err; fraction: subsets/original token only/A-/fraction/downstream_err/win4
9 temporal_feedback_window,original token only,A-,win4 - normal,,delta downstream_err (absolute reduction if negative),-55.1793,-62.9584,-45.0381,pp,,,,,52,52,autovla_misalignment_poc/outputs/temporal_feedback_window/summary.json :: subsets/original token only/A-/rows/win4/vs_normal/downstream_err (p in json: mcnemar/wilcoxon)
9 temporal_feedback_window,original token only,A-,win5,,amplification,3.8462,0.0,6.4516,%,97.0588,94.7368,100.0,(Normal - row)/(Normal - GT-history),52,52,autovla_misalignment_poc/outputs/temporal_feedback_window/summary.json :: subsets/original token only/A-/rows/win5/level/amplification; fraction: subsets/original token only/A-/fraction/amplification/win5
9 temporal_feedback_window,original token only,A-,win5 - normal,,delta amplification (absolute reduction if negative),-63.4615,-82.8571,-40.8086,pp,,,,,52,52,autovla_misalignment_poc/outputs/temporal_feedback_window/summary.json :: subsets/original token only/A-/rows/win5/vs_normal/amplification (p in json: mcnemar/wilcoxon)
9 temporal_feedback_window,original token only,A-,win5,,recovery,92.3077,85.0746,100.0,%,97.4359,95.2381,100.0,(Normal - row)/(Normal - GT-history),52,52,autovla_misalignment_poc/outputs/temporal_feedback_window/summary.json :: subsets/original token only/A-/rows/win5/level/recovery; fraction: subsets/original token only/A-/fraction/recovery/win5
9 temporal_feedback_window,original token only,A-,win5 - normal,,delta recovery (absolute reduction if negative),73.0769,51.7768,89.2857,pp,,,,,52,52,autovla_misalignment_poc/outputs/temporal_feedback_window/summary.json :: subsets/original token only/A-/rows/win5/vs_normal/recovery (p in json: mcnemar/wilcoxon)
9 temporal_feedback_window,original token only,A-,win5,,ade5,0.8337,0.579,1.1394,m,,,,,52,52,autovla_misalignment_poc/outputs/temporal_feedback_window/summary.json :: subsets/original token only/A-/rows/win5/level/ade5; fraction: subsets/original token only/A-/fraction/ade5/win5
9 temporal_feedback_window,original token only,A-,win5 - normal,,delta ade5 (absolute reduction if negative),-2.1652,-2.618,-1.5809,m,,,,,52,52,autovla_misalignment_poc/outputs/temporal_feedback_window/summary.json :: subsets/original token only/A-/rows/win5/vs_normal/ade5 (p in json: mcnemar/wilcoxon)
9 temporal_feedback_window,original token only,A-,win5,,fde5,1.7056,1.061,2.4749,m,98.8846,97.9611,100.4675,(Normal - row)/(Normal - GT-history),52,52,autovla_misalignment_poc/outputs/temporal_feedback_window/summary.json :: subsets/original token only/A-/rows/win5/level/fde5; fraction: subsets/original token only/A-/fraction/fde5/win5
9 temporal_feedback_window,original token only,A-,win5 - normal,,delta fde5 (absolute reduction if negative),-6.6707,-8.2558,-4.7433,m,,,,,52,52,autovla_misalignment_poc/outputs/temporal_feedback_window/summary.json :: subsets/original token only/A-/rows/win5/vs_normal/fde5 (p in json: mcnemar/wilcoxon)
9 temporal_feedback_window,original token only,A-,win5,,downstream_err,36.2202,30.827,43.8241,%,93.3828,87.8849,97.4476,(Normal - row)/(Normal - GT-history),52,52,autovla_misalignment_poc/outputs/temporal_feedback_window/summary.json :: subsets/original token only/A-/rows/win5/level/downstream_err; fraction: subsets/original token only/A-/fraction/downstream_err/win5
9 temporal_feedback_window,original token only,A-,win5 - normal,,delta downstream_err (absolute reduction if negative),-58.8004,-66.4738,-48.3172,pp,,,,,52,52,autovla_misalignment_poc/outputs/temporal_feedback_window/summary.json :: subsets/original token only/A-/rows/win5/vs_normal/downstream_err (p in json: mcnemar/wilcoxon)
9 temporal_feedback_window,original token only,A-,win6,,amplification,1.9231,0.0,5.6604,%,100.0,100.0,100.0,(Normal - row)/(Normal - GT-history),52,52,autovla_misalignment_poc/outputs/temporal_feedback_window/summary.json :: subsets/original token only/A-/rows/win6/level/amplification; fraction: subsets/original token only/A-/fraction/amplification/win6
9 temporal_feedback_window,original token only,A-,win6 - normal,,delta amplification (absolute reduction if negative),-65.3846,-86.0012,-41.4472,pp,,,,,52,52,autovla_misalignment_poc/outputs/temporal_feedback_window/summary.json :: subsets/original token only/A-/rows/win6/vs_normal/amplification (p in json: mcnemar/wilcoxon)
9 temporal_feedback_window,original token only,A-,win6,,recovery,94.2308,85.4167,100.0,%,100.0,100.0,100.0,(Normal - row)/(Normal - GT-history),52,52,autovla_misalignment_poc/outputs/temporal_feedback_window/summary.json :: subsets/original token only/A-/rows/win6/level/recovery; fraction: subsets/original token only/A-/fraction/recovery/win6
9 temporal_feedback_window,original token only,A-,win6 - normal,,delta recovery (absolute reduction if negative),75.0,51.7768,92.9584,pp,,,,,52,52,autovla_misalignment_poc/outputs/temporal_feedback_window/summary.json :: subsets/original token only/A-/rows/win6/vs_normal/recovery (p in json: mcnemar/wilcoxon)
9 temporal_feedback_window,original token only,A-,win6,,ade5,0.8198,0.5603,1.1381,m,,,,,52,52,autovla_misalignment_poc/outputs/temporal_feedback_window/summary.json :: subsets/original token only/A-/rows/win6/level/ade5; fraction: subsets/original token only/A-/fraction/ade5/win6
9 temporal_feedback_window,original token only,A-,win6 - normal,,delta ade5 (absolute reduction if negative),-2.1791,-2.6339,-1.5862,m,,,,,52,52,autovla_misalignment_poc/outputs/temporal_feedback_window/summary.json :: subsets/original token only/A-/rows/win6/vs_normal/ade5 (p in json: mcnemar/wilcoxon)
9 temporal_feedback_window,original token only,A-,win6,,fde5,1.6273,0.9738,2.4623,m,100.0455,99.9354,100.3061,(Normal - row)/(Normal - GT-history),52,52,autovla_misalignment_poc/outputs/temporal_feedback_window/summary.json :: subsets/original token only/A-/rows/win6/level/fde5; fraction: subsets/original token only/A-/fraction/fde5/win6
9 temporal_feedback_window,original token only,A-,win6 - normal,,delta fde5 (absolute reduction if negative),-6.749,-8.3621,-4.7715,m,,,,,52,52,autovla_misalignment_poc/outputs/temporal_feedback_window/summary.json :: subsets/original token only/A-/rows/win6/vs_normal/fde5 (p in json: mcnemar/wilcoxon)
9 temporal_feedback_window,original token only,A-,win6,,downstream_err,33.8164,28.3477,41.5136,%,97.2004,94.7613,99.0895,(Normal - row)/(Normal - GT-history),52,52,autovla_misalignment_poc/outputs/temporal_feedback_window/summary.json :: subsets/original token only/A-/rows/win6/level/downstream_err; fraction: subsets/original token only/A-/fraction/downstream_err/win6
9 temporal_feedback_window,original token only,A-,win6 - normal,,delta downstream_err (absolute reduction if negative),-61.2042,-68.2697,-51.4834,pp,,,,,52,52,autovla_misalignment_poc/outputs/temporal_feedback_window/summary.json :: subsets/original token only/A-/rows/win6/vs_normal/downstream_err (p in json: mcnemar/wilcoxon)
9 temporal_feedback_window,original token only,A-,win7,,amplification,1.9231,0.0,5.6604,%,100.0,100.0,100.0,(Normal - row)/(Normal - GT-history),52,52,autovla_misalignment_poc/outputs/temporal_feedback_window/summary.json :: subsets/original token only/A-/rows/win7/level/amplification; fraction: subsets/original token only/A-/fraction/amplification/win7
9 temporal_feedback_window,original token only,A-,win7 - normal,,delta amplification (absolute reduction if negative),-65.3846,-86.0012,-41.4472,pp,,,,,52,52,autovla_misalignment_poc/outputs/temporal_feedback_window/summary.json :: subsets/original token only/A-/rows/win7/vs_normal/amplification (p in json: mcnemar/wilcoxon)
9 temporal_feedback_window,original token only,A-,win7,,recovery,94.2308,85.4167,100.0,%,100.0,100.0,100.0,(Normal - row)/(Normal - GT-history),52,52,autovla_misalignment_poc/outputs/temporal_feedback_window/summary.json :: subsets/original token only/A-/rows/win7/level/recovery; fraction: subsets/original token only/A-/fraction/recovery/win7
9 temporal_feedback_window,original token only,A-,win7 - normal,,delta recovery (absolute reduction if negative),75.0,51.7768,92.9584,pp,,,,,52,52,autovla_misalignment_poc/outputs/temporal_feedback_window/summary.json :: subsets/original token only/A-/rows/win7/vs_normal/recovery (p in json: mcnemar/wilcoxon)
9 temporal_feedback_window,original token only,A-,win7,,ade5,0.8206,0.5605,1.1385,m,,,,,52,52,autovla_misalignment_poc/outputs/temporal_feedback_window/summary.json :: subsets/original token only/A-/rows/win7/level/ade5; fraction: subsets/original token only/A-/fraction/ade5/win7
9 temporal_feedback_window,original token only,A-,win7 - normal,,delta ade5 (absolute reduction if negative),-2.1783,-2.6329,-1.5853,m,,,,,52,52,autovla_misalignment_poc/outputs/temporal_feedback_window/summary.json :: subsets/original token only/A-/rows/win7/vs_normal/ade5 (p in json: mcnemar/wilcoxon)
9 temporal_feedback_window,original token only,A-,win7,,fde5,1.6333,0.9791,2.4626,m,99.9555,99.9003,100.0396,(Normal - row)/(Normal - GT-history),52,52,autovla_misalignment_poc/outputs/temporal_feedback_window/summary.json :: subsets/original token only/A-/rows/win7/level/fde5; fraction: subsets/original token only/A-/fraction/fde5/win7
9 temporal_feedback_window,original token only,A-,win7 - normal,,delta fde5 (absolute reduction if negative),-6.7429,-8.3577,-4.77,m,,,,,52,52,autovla_misalignment_poc/outputs/temporal_feedback_window/summary.json :: subsets/original token only/A-/rows/win7/vs_normal/fde5 (p in json: mcnemar/wilcoxon)
9 temporal_feedback_window,original token only,A-,win7,,downstream_err,32.4809,27.6187,39.3449,%,99.3213,98.5091,100.0,(Normal - row)/(Normal - GT-history),52,52,autovla_misalignment_poc/outputs/temporal_feedback_window/summary.json :: subsets/original token only/A-/rows/win7/level/downstream_err; fraction: subsets/original token only/A-/fraction/downstream_err/win7
9 temporal_feedback_window,original token only,A-,win7 - normal,,delta downstream_err (absolute reduction if negative),-62.5397,-69.0869,-53.1659,pp,,,,,52,52,autovla_misalignment_poc/outputs/temporal_feedback_window/summary.json :: subsets/original token only/A-/rows/win7/vs_normal/downstream_err (p in json: mcnemar/wilcoxon)
9 temporal_feedback_window,original token only,A-,win8,,amplification,1.9231,0.0,5.6604,%,100.0,100.0,100.0,(Normal - row)/(Normal - GT-history),52,52,autovla_misalignment_poc/outputs/temporal_feedback_window/summary.json :: subsets/original token only/A-/rows/win8/level/amplification; fraction: subsets/original token only/A-/fraction/amplification/win8
9 temporal_feedback_window,original token only,A-,win8 - normal,,delta amplification (absolute reduction if negative),-65.3846,-86.0012,-41.4472,pp,,,,,52,52,autovla_misalignment_poc/outputs/temporal_feedback_window/summary.json :: subsets/original token only/A-/rows/win8/vs_normal/amplification (p in json: mcnemar/wilcoxon)
9 temporal_feedback_window,original token only,A-,win8,,recovery,94.2308,85.4167,100.0,%,100.0,100.0,100.0,(Normal - row)/(Normal - GT-history),52,52,autovla_misalignment_poc/outputs/temporal_feedback_window/summary.json :: subsets/original token only/A-/rows/win8/level/recovery; fraction: subsets/original token only/A-/fraction/recovery/win8
9 temporal_feedback_window,original token only,A-,win8 - normal,,delta recovery (absolute reduction if negative),75.0,51.7768,92.9584,pp,,,,,52,52,autovla_misalignment_poc/outputs/temporal_feedback_window/summary.json :: subsets/original token only/A-/rows/win8/vs_normal/recovery (p in json: mcnemar/wilcoxon)
9 temporal_feedback_window,original token only,A-,win8,,ade5,0.8203,0.5607,1.1385,m,,,,,52,52,autovla_misalignment_poc/outputs/temporal_feedback_window/summary.json :: subsets/original token only/A-/rows/win8/level/ade5; fraction: subsets/original token only/A-/fraction/ade5/win8
9 temporal_feedback_window,original token only,A-,win8 - normal,,delta ade5 (absolute reduction if negative),-2.1786,-2.6337,-1.5853,m,,,,,52,52,autovla_misalignment_poc/outputs/temporal_feedback_window/summary.json :: subsets/original token only/A-/rows/win8/vs_normal/ade5 (p in json: mcnemar/wilcoxon)
9 temporal_feedback_window,original token only,A-,win8,,fde5,1.6303,0.9744,2.4625,m,100.0,100.0,100.0,(Normal - row)/(Normal - GT-history),52,52,autovla_misalignment_poc/outputs/temporal_feedback_window/summary.json :: subsets/original token only/A-/rows/win8/level/fde5; fraction: subsets/original token only/A-/fraction/fde5/win8
9 temporal_feedback_window,original token only,A-,win8 - normal,,delta fde5 (absolute reduction if negative),-6.7459,-8.3582,-4.7685,m,,,,,52,52,autovla_misalignment_poc/outputs/temporal_feedback_window/summary.json :: subsets/original token only/A-/rows/win8/vs_normal/fde5 (p in json: mcnemar/wilcoxon)
9 temporal_feedback_window,original token only,A-,win8,,downstream_err,32.0536,27.2608,39.0157,%,100.0,100.0,100.0,(Normal - row)/(Normal - GT-history),52,52,autovla_misalignment_poc/outputs/temporal_feedback_window/summary.json :: subsets/original token only/A-/rows/win8/level/downstream_err; fraction: subsets/original token only/A-/fraction/downstream_err/win8
9 temporal_feedback_window,original token only,A-,win8 - normal,,delta downstream_err (absolute reduction if negative),-62.967,-69.5548,-53.5066,pp,,,,,52,52,autovla_misalignment_poc/outputs/temporal_feedback_window/summary.json :: subsets/original token only/A-/rows/win8/vs_normal/downstream_err (p in json: mcnemar/wilcoxon)
9 temporal_feedback_window,original token only,A-,gt_history,,amplification,1.9231,0.0,5.6604,%,,,,,52,52,autovla_misalignment_poc/outputs/temporal_feedback_window/summary.json :: subsets/original token only/A-/rows/gt_history/level/amplification; fraction: subsets/original token only/A-/fraction/amplification/gt_history
9 temporal_feedback_window,original token only,A-,gt_history - normal,,delta amplification (absolute reduction if negative),-65.3846,-86.0012,-41.4472,pp,,,,,52,52,autovla_misalignment_poc/outputs/temporal_feedback_window/summary.json :: subsets/original token only/A-/rows/gt_history/vs_normal/amplification (p in json: mcnemar/wilcoxon)
9 temporal_feedback_window,original token only,A-,gt_history,,recovery,94.2308,85.4167,100.0,%,,,,,52,52,autovla_misalignment_poc/outputs/temporal_feedback_window/summary.json :: subsets/original token only/A-/rows/gt_history/level/recovery; fraction: subsets/original token only/A-/fraction/recovery/gt_history
9 temporal_feedback_window,original token only,A-,gt_history - normal,,delta recovery (absolute reduction if negative),75.0,51.7768,92.9584,pp,,,,,52,52,autovla_misalignment_poc/outputs/temporal_feedback_window/summary.json :: subsets/original token only/A-/rows/gt_history/vs_normal/recovery (p in json: mcnemar/wilcoxon)
9 temporal_feedback_window,original token only,A-,gt_history,,ade5,0.8203,0.5607,1.1385,m,,,,,52,52,autovla_misalignment_poc/outputs/temporal_feedback_window/summary.json :: subsets/original token only/A-/rows/gt_history/level/ade5; fraction: subsets/original token only/A-/fraction/ade5/gt_history
9 temporal_feedback_window,original token only,A-,gt_history - normal,,delta ade5 (absolute reduction if negative),-2.1786,-2.6337,-1.5853,m,,,,,52,52,autovla_misalignment_poc/outputs/temporal_feedback_window/summary.json :: subsets/original token only/A-/rows/gt_history/vs_normal/ade5 (p in json: mcnemar/wilcoxon)
9 temporal_feedback_window,original token only,A-,gt_history,,fde5,1.6303,0.9744,2.4625,m,,,,,52,52,autovla_misalignment_poc/outputs/temporal_feedback_window/summary.json :: subsets/original token only/A-/rows/gt_history/level/fde5; fraction: subsets/original token only/A-/fraction/fde5/gt_history
9 temporal_feedback_window,original token only,A-,gt_history - normal,,delta fde5 (absolute reduction if negative),-6.7459,-8.3582,-4.7685,m,,,,,52,52,autovla_misalignment_poc/outputs/temporal_feedback_window/summary.json :: subsets/original token only/A-/rows/gt_history/vs_normal/fde5 (p in json: mcnemar/wilcoxon)
9 temporal_feedback_window,original token only,A-,gt_history,,downstream_err,32.0536,27.2608,39.0157,%,,,,,52,52,autovla_misalignment_poc/outputs/temporal_feedback_window/summary.json :: subsets/original token only/A-/rows/gt_history/level/downstream_err; fraction: subsets/original token only/A-/fraction/downstream_err/gt_history
9 temporal_feedback_window,original token only,A-,gt_history - normal,,delta downstream_err (absolute reduction if negative),-62.967,-69.5548,-53.5066,pp,,,,,52,52,autovla_misalignment_poc/outputs/temporal_feedback_window/summary.json :: subsets/original token only/A-/rows/gt_history/vs_normal/downstream_err (p in json: mcnemar/wilcoxon)
9 temporal_feedback_window,original token only,A-,delay2_len1,,amplification,17.3077,8.8889,23.8113,%,76.4706,60.6964,88.0,(Normal - row)/(Normal - GT-history),52,52,autovla_misalignment_poc/outputs/temporal_feedback_window/summary.json :: subsets/original token only/A-/rows/delay2_len1/level/amplification; fraction: subsets/original token only/A-/fraction/amplification/delay2_len1
9 temporal_feedback_window,original token only,A-,delay2_len1 - normal,,delta amplification (absolute reduction if negative),-50.0,-70.7317,-26.1879,pp,,,,,52,52,autovla_misalignment_poc/outputs/temporal_feedback_window/summary.json :: subsets/original token only/A-/rows/delay2_len1/vs_normal/amplification (p in json: mcnemar/wilcoxon)
9 temporal_feedback_window,original token only,A-,delay2_len1,,recovery,76.9231,65.8537,87.0968,%,76.9231,60.7143,88.241,(Normal - row)/(Normal - GT-history),52,52,autovla_misalignment_poc/outputs/temporal_feedback_window/summary.json :: subsets/original token only/A-/rows/delay2_len1/level/recovery; fraction: subsets/original token only/A-/fraction/recovery/delay2_len1
9 temporal_feedback_window,original token only,A-,delay2_len1 - normal,,delta recovery (absolute reduction if negative),57.6923,33.9607,75.0,pp,,,,,52,52,autovla_misalignment_poc/outputs/temporal_feedback_window/summary.json :: subsets/original token only/A-/rows/delay2_len1/vs_normal/recovery (p in json: mcnemar/wilcoxon)
9 temporal_feedback_window,original token only,A-,delay2_len1,,ade5,1.5751,1.2738,1.8254,m,,,,,52,52,autovla_misalignment_poc/outputs/temporal_feedback_window/summary.json :: subsets/original token only/A-/rows/delay2_len1/level/ade5; fraction: subsets/original token only/A-/fraction/ade5/delay2_len1
9 temporal_feedback_window,original token only,A-,delay2_len1 - normal,,delta ade5 (absolute reduction if negative),-1.4237,-1.8352,-0.9619,m,,,,,52,52,autovla_misalignment_poc/outputs/temporal_feedback_window/summary.json :: subsets/original token only/A-/rows/delay2_len1/vs_normal/ade5 (p in json: mcnemar/wilcoxon)
9 temporal_feedback_window,original token only,A-,delay2_len1,,fde5,3.8219,2.807,4.6336,m,67.5123,56.5663,79.8418,(Normal - row)/(Normal - GT-history),52,52,autovla_misalignment_poc/outputs/temporal_feedback_window/summary.json :: subsets/original token only/A-/rows/delay2_len1/level/fde5; fraction: subsets/original token only/A-/fraction/fde5/delay2_len1
9 temporal_feedback_window,original token only,A-,delay2_len1 - normal,,delta fde5 (absolute reduction if negative),-4.5543,-5.8161,-3.0217,m,,,,,52,52,autovla_misalignment_poc/outputs/temporal_feedback_window/summary.json :: subsets/original token only/A-/rows/delay2_len1/vs_normal/fde5 (p in json: mcnemar/wilcoxon)
9 temporal_feedback_window,original token only,A-,delay2_len1,,downstream_err,79.6879,71.1963,89.8405,%,24.3504,8.2166,34.4946,(Normal - row)/(Normal - GT-history),52,52,autovla_misalignment_poc/outputs/temporal_feedback_window/summary.json :: subsets/original token only/A-/rows/delay2_len1/level/downstream_err; fraction: subsets/original token only/A-/fraction/downstream_err/delay2_len1
9 temporal_feedback_window,original token only,A-,delay2_len1 - normal,,delta downstream_err (absolute reduction if negative),-15.3327,-22.7917,-4.6636,pp,,,,,52,52,autovla_misalignment_poc/outputs/temporal_feedback_window/summary.json :: subsets/original token only/A-/rows/delay2_len1/vs_normal/downstream_err (p in json: mcnemar/wilcoxon)
9 temporal_feedback_window,original token only,A-,delay3_len1,,amplification,11.5385,3.3333,18.0365,%,85.2941,71.4286,95.4545,(Normal - row)/(Normal - GT-history),52,52,autovla_misalignment_poc/outputs/temporal_feedback_window/summary.json :: subsets/original token only/A-/rows/delay3_len1/level/amplification; fraction: subsets/original token only/A-/fraction/amplification/delay3_len1
9 temporal_feedback_window,original token only,A-,delay3_len1 - normal,,delta amplification (absolute reduction if negative),-55.7692,-76.6667,-30.4328,pp,,,,,52,52,autovla_misalignment_poc/outputs/temporal_feedback_window/summary.json :: subsets/original token only/A-/rows/delay3_len1/vs_normal/amplification (p in json: mcnemar/wilcoxon)
9 temporal_feedback_window,original token only,A-,delay3_len1,,recovery,76.9231,62.7907,88.5274,%,76.9231,53.1204,88.8889,(Normal - row)/(Normal - GT-history),52,52,autovla_misalignment_poc/outputs/temporal_feedback_window/summary.json :: subsets/original token only/A-/rows/delay3_len1/level/recovery; fraction: subsets/original token only/A-/fraction/recovery/delay3_len1
9 temporal_feedback_window,original token only,A-,delay3_len1 - normal,,delta recovery (absolute reduction if negative),57.6923,27.7778,79.3103,pp,,,,,52,52,autovla_misalignment_poc/outputs/temporal_feedback_window/summary.json :: subsets/original token only/A-/rows/delay3_len1/vs_normal/recovery (p in json: mcnemar/wilcoxon)
9 temporal_feedback_window,original token only,A-,delay3_len1,,ade5,1.6184,1.2718,1.8799,m,,,,,52,52,autovla_misalignment_poc/outputs/temporal_feedback_window/summary.json :: subsets/original token only/A-/rows/delay3_len1/level/ade5; fraction: subsets/original token only/A-/fraction/ade5/delay3_len1
9 temporal_feedback_window,original token only,A-,delay3_len1 - normal,,delta ade5 (absolute reduction if negative),-1.3805,-1.6581,-1.056,m,,,,,52,52,autovla_misalignment_poc/outputs/temporal_feedback_window/summary.json :: subsets/original token only/A-/rows/delay3_len1/vs_normal/ade5 (p in json: mcnemar/wilcoxon)
9 temporal_feedback_window,original token only,A-,delay3_len1,,fde5,3.3498,2.3629,4.024,m,74.5118,70.2685,84.3972,(Normal - row)/(Normal - GT-history),52,52,autovla_misalignment_poc/outputs/temporal_feedback_window/summary.json :: subsets/original token only/A-/rows/delay3_len1/level/fde5; fraction: subsets/original token only/A-/fraction/fde5/delay3_len1
9 temporal_feedback_window,original token only,A-,delay3_len1 - normal,,delta fde5 (absolute reduction if negative),-5.0265,-6.1203,-3.7593,m,,,,,52,52,autovla_misalignment_poc/outputs/temporal_feedback_window/summary.json :: subsets/original token only/A-/rows/delay3_len1/vs_normal/fde5 (p in json: mcnemar/wilcoxon)
9 temporal_feedback_window,original token only,A-,delay3_len1,,downstream_err,83.0983,76.4112,90.9905,%,18.9342,7.309,27.028,(Normal - row)/(Normal - GT-history),52,52,autovla_misalignment_poc/outputs/temporal_feedback_window/summary.json :: subsets/original token only/A-/rows/delay3_len1/level/downstream_err; fraction: subsets/original token only/A-/fraction/downstream_err/delay3_len1
9 temporal_feedback_window,original token only,A-,delay3_len1 - normal,,delta downstream_err (absolute reduction if negative),-11.9223,-17.717,-4.2369,pp,,,,,52,52,autovla_misalignment_poc/outputs/temporal_feedback_window/summary.json :: subsets/original token only/A-/rows/delay3_len1/vs_normal/downstream_err (p in json: mcnemar/wilcoxon)
9 temporal_feedback_window,original token only,A-,delay4_len1,,amplification,15.3846,7.4051,25.641,%,79.4118,60.8696,89.2876,(Normal - row)/(Normal - GT-history),52,52,autovla_misalignment_poc/outputs/temporal_feedback_window/summary.json :: subsets/original token only/A-/rows/delay4_len1/level/amplification; fraction: subsets/original token only/A-/fraction/amplification/delay4_len1
9 temporal_feedback_window,original token only,A-,delay4_len1 - normal,,delta amplification (absolute reduction if negative),-51.9231,-70.4267,-27.5,pp,,,,,52,52,autovla_misalignment_poc/outputs/temporal_feedback_window/summary.json :: subsets/original token only/A-/rows/delay4_len1/vs_normal/amplification (p in json: mcnemar/wilcoxon)
9 temporal_feedback_window,original token only,A-,delay4_len1,,recovery,67.3077,50.0,80.0,%,64.1026,33.3333,78.125,(Normal - row)/(Normal - GT-history),52,52,autovla_misalignment_poc/outputs/temporal_feedback_window/summary.json :: subsets/original token only/A-/rows/delay4_len1/level/recovery; fraction: subsets/original token only/A-/fraction/recovery/delay4_len1
9 temporal_feedback_window,original token only,A-,delay4_len1 - normal,,delta recovery (absolute reduction if negative),48.0769,17.7764,69.697,pp,,,,,52,52,autovla_misalignment_poc/outputs/temporal_feedback_window/summary.json :: subsets/original token only/A-/rows/delay4_len1/vs_normal/recovery (p in json: mcnemar/wilcoxon)
9 temporal_feedback_window,original token only,A-,delay4_len1,,ade5,2.1485,1.6577,2.4838,m,,,,,52,52,autovla_misalignment_poc/outputs/temporal_feedback_window/summary.json :: subsets/original token only/A-/rows/delay4_len1/level/ade5; fraction: subsets/original token only/A-/fraction/ade5/delay4_len1
9 temporal_feedback_window,original token only,A-,delay4_len1 - normal,,delta ade5 (absolute reduction if negative),-0.8504,-1.0687,-0.6812,m,,,,,52,52,autovla_misalignment_poc/outputs/temporal_feedback_window/summary.json :: subsets/original token only/A-/rows/delay4_len1/vs_normal/ade5 (p in json: mcnemar/wilcoxon)
9 temporal_feedback_window,original token only,A-,delay4_len1,,fde5,4.867,3.3949,6.0623,m,52.0204,43.0357,66.7838,(Normal - row)/(Normal - GT-history),52,52,autovla_misalignment_poc/outputs/temporal_feedback_window/summary.json :: subsets/original token only/A-/rows/delay4_len1/level/fde5; fraction: subsets/original token only/A-/fraction/fde5/delay4_len1
9 temporal_feedback_window,original token only,A-,delay4_len1 - normal,,delta fde5 (absolute reduction if negative),-3.5093,-4.3608,-2.7606,m,,,,,52,52,autovla_misalignment_poc/outputs/temporal_feedback_window/summary.json :: subsets/original token only/A-/rows/delay4_len1/vs_normal/fde5 (p in json: mcnemar/wilcoxon)
9 temporal_feedback_window,original token only,A-,delay4_len1,,downstream_err,90.2396,84.5836,93.9981,%,7.5928,2.3099,14.6801,(Normal - row)/(Normal - GT-history),52,52,autovla_misalignment_poc/outputs/temporal_feedback_window/summary.json :: subsets/original token only/A-/rows/delay4_len1/level/downstream_err; fraction: subsets/original token only/A-/fraction/downstream_err/delay4_len1
9 temporal_feedback_window,original token only,A-,delay4_len1 - normal,,delta downstream_err (absolute reduction if negative),-4.781,-9.0605,-1.3463,pp,,,,,52,52,autovla_misalignment_poc/outputs/temporal_feedback_window/summary.json :: subsets/original token only/A-/rows/delay4_len1/vs_normal/downstream_err (p in json: mcnemar/wilcoxon)
9 temporal_feedback_window,original token only,A-,delay2_len2,,amplification,5.7692,0.0,11.7666,%,94.1176,86.3636,100.0,(Normal - row)/(Normal - GT-history),52,52,autovla_misalignment_poc/outputs/temporal_feedback_window/summary.json :: subsets/original token only/A-/rows/delay2_len2/level/amplification; fraction: subsets/original token only/A-/fraction/amplification/delay2_len2
9 temporal_feedback_window,original token only,A-,delay2_len2 - normal,,delta amplification (absolute reduction if negative),-61.5385,-82.8571,-35.8491,pp,,,,,52,52,autovla_misalignment_poc/outputs/temporal_feedback_window/summary.json :: subsets/original token only/A-/rows/delay2_len2/vs_normal/amplification (p in json: mcnemar/wilcoxon)
9 temporal_feedback_window,original token only,A-,delay2_len2,,recovery,86.5385,78.9474,94.7368,%,89.7436,79.4118,100.0,(Normal - row)/(Normal - GT-history),52,52,autovla_misalignment_poc/outputs/temporal_feedback_window/summary.json :: subsets/original token only/A-/rows/delay2_len2/level/recovery; fraction: subsets/original token only/A-/fraction/recovery/delay2_len2
9 temporal_feedback_window,original token only,A-,delay2_len2 - normal,,delta recovery (absolute reduction if negative),67.3077,44.0661,84.7228,pp,,,,,52,52,autovla_misalignment_poc/outputs/temporal_feedback_window/summary.json :: subsets/original token only/A-/rows/delay2_len2/vs_normal/recovery (p in json: mcnemar/wilcoxon)
9 temporal_feedback_window,original token only,A-,delay2_len2,,ade5,1.2406,0.9196,1.5618,m,,,,,52,52,autovla_misalignment_poc/outputs/temporal_feedback_window/summary.json :: subsets/original token only/A-/rows/delay2_len2/level/ade5; fraction: subsets/original token only/A-/fraction/ade5/delay2_len2
9 temporal_feedback_window,original token only,A-,delay2_len2 - normal,,delta ade5 (absolute reduction if negative),-1.7583,-2.1708,-1.2947,m,,,,,52,52,autovla_misalignment_poc/outputs/temporal_feedback_window/summary.json :: subsets/original token only/A-/rows/delay2_len2/vs_normal/ade5 (p in json: mcnemar/wilcoxon)
9 temporal_feedback_window,original token only,A-,delay2_len2,,fde5,2.5851,1.6615,3.4044,m,85.8463,80.918,93.6482,(Normal - row)/(Normal - GT-history),52,52,autovla_misalignment_poc/outputs/temporal_feedback_window/summary.json :: subsets/original token only/A-/rows/delay2_len2/level/fde5; fraction: subsets/original token only/A-/fraction/fde5/delay2_len2
9 temporal_feedback_window,original token only,A-,delay2_len2 - normal,,delta fde5 (absolute reduction if negative),-5.7911,-7.2411,-4.0879,m,,,,,52,52,autovla_misalignment_poc/outputs/temporal_feedback_window/summary.json :: subsets/original token only/A-/rows/delay2_len2/vs_normal/fde5 (p in json: mcnemar/wilcoxon)
9 temporal_feedback_window,original token only,A-,delay2_len2,,downstream_err,66.7453,56.418,79.7553,%,44.905,25.7222,57.8259,(Normal - row)/(Normal - GT-history),52,52,autovla_misalignment_poc/outputs/temporal_feedback_window/summary.json :: subsets/original token only/A-/rows/delay2_len2/level/downstream_err; fraction: subsets/original token only/A-/fraction/downstream_err/delay2_len2
9 temporal_feedback_window,original token only,A-,delay2_len2 - normal,,delta downstream_err (absolute reduction if negative),-28.2753,-38.0654,-14.9957,pp,,,,,52,52,autovla_misalignment_poc/outputs/temporal_feedback_window/summary.json :: subsets/original token only/A-/rows/delay2_len2/vs_normal/downstream_err (p in json: mcnemar/wilcoxon)
9 temporal_feedback_window,original token only,A-,delay3_len2,,amplification,5.7692,0.0,10.0,%,94.1176,85.7143,100.0,(Normal - row)/(Normal - GT-history),52,52,autovla_misalignment_poc/outputs/temporal_feedback_window/summary.json :: subsets/original token only/A-/rows/delay3_len2/level/amplification; fraction: subsets/original token only/A-/fraction/amplification/delay3_len2
9 temporal_feedback_window,original token only,A-,delay3_len2 - normal,,delta amplification (absolute reduction if negative),-61.5385,-82.0013,-36.6646,pp,,,,,52,52,autovla_misalignment_poc/outputs/temporal_feedback_window/summary.json :: subsets/original token only/A-/rows/delay3_len2/vs_normal/amplification (p in json: mcnemar/wilcoxon)
9 temporal_feedback_window,original token only,A-,delay3_len2,,recovery,84.6154,73.1707,92.8571,%,87.1795,70.8333,96.7742,(Normal - row)/(Normal - GT-history),52,52,autovla_misalignment_poc/outputs/temporal_feedback_window/summary.json :: subsets/original token only/A-/rows/delay3_len2/level/recovery; fraction: subsets/original token only/A-/fraction/recovery/delay3_len2
9 temporal_feedback_window,original token only,A-,delay3_len2 - normal,,delta recovery (absolute reduction if negative),65.3846,41.6635,84.4828,pp,,,,,52,52,autovla_misalignment_poc/outputs/temporal_feedback_window/summary.json :: subsets/original token only/A-/rows/delay3_len2/vs_normal/recovery (p in json: mcnemar/wilcoxon)
9 temporal_feedback_window,original token only,A-,delay3_len2,,ade5,1.6237,1.2962,1.8953,m,,,,,52,52,autovla_misalignment_poc/outputs/temporal_feedback_window/summary.json :: subsets/original token only/A-/rows/delay3_len2/level/ade5; fraction: subsets/original token only/A-/fraction/ade5/delay3_len2
9 temporal_feedback_window,original token only,A-,delay3_len2 - normal,,delta ade5 (absolute reduction if negative),-1.3752,-1.6544,-1.0385,m,,,,,52,52,autovla_misalignment_poc/outputs/temporal_feedback_window/summary.json :: subsets/original token only/A-/rows/delay3_len2/vs_normal/ade5 (p in json: mcnemar/wilcoxon)
9 temporal_feedback_window,original token only,A-,delay3_len2,,fde5,3.3525,2.4599,4.0872,m,74.4713,71.9081,79.4087,(Normal - row)/(Normal - GT-history),52,52,autovla_misalignment_poc/outputs/temporal_feedback_window/summary.json :: subsets/original token only/A-/rows/delay3_len2/level/fde5; fraction: subsets/original token only/A-/fraction/fde5/delay3_len2
9 temporal_feedback_window,original token only,A-,delay3_len2 - normal,,delta fde5 (absolute reduction if negative),-5.0238,-6.1005,-3.7043,m,,,,,52,52,autovla_misalignment_poc/outputs/temporal_feedback_window/summary.json :: subsets/original token only/A-/rows/delay3_len2/vs_normal/fde5 (p in json: mcnemar/wilcoxon)
9 temporal_feedback_window,original token only,A-,delay3_len2,,downstream_err,77.0314,70.1839,84.6383,%,28.5692,19.0981,35.8428,(Normal - row)/(Normal - GT-history),52,52,autovla_misalignment_poc/outputs/temporal_feedback_window/summary.json :: subsets/original token only/A-/rows/delay3_len2/level/downstream_err; fraction: subsets/original token only/A-/fraction/downstream_err/delay3_len2
9 temporal_feedback_window,original token only,A-,delay3_len2 - normal,,delta downstream_err (absolute reduction if negative),-17.9892,-23.1581,-11.3736,pp,,,,,52,52,autovla_misalignment_poc/outputs/temporal_feedback_window/summary.json :: subsets/original token only/A-/rows/delay3_len2/vs_normal/downstream_err (p in json: mcnemar/wilcoxon)
9 temporal_feedback_window,original token only,A-,skipfirst2_full,,amplification,3.8462,0.0,11.3208,%,97.0588,87.5,100.0,(Normal - row)/(Normal - GT-history),52,52,autovla_misalignment_poc/outputs/temporal_feedback_window/summary.json :: subsets/original token only/A-/rows/skipfirst2_full/level/amplification; fraction: subsets/original token only/A-/fraction/amplification/skipfirst2_full
9 temporal_feedback_window,original token only,A-,skipfirst2_full - normal,,delta amplification (absolute reduction if negative),-63.4615,-86.0012,-35.8491,pp,,,,,52,52,autovla_misalignment_poc/outputs/temporal_feedback_window/summary.json :: subsets/original token only/A-/rows/skipfirst2_full/vs_normal/amplification (p in json: mcnemar/wilcoxon)
9 temporal_feedback_window,original token only,A-,skipfirst2_full,,recovery,92.3077,82.9226,100.0,%,97.4359,88.8889,100.0,(Normal - row)/(Normal - GT-history),52,52,autovla_misalignment_poc/outputs/temporal_feedback_window/summary.json :: subsets/original token only/A-/rows/skipfirst2_full/level/recovery; fraction: subsets/original token only/A-/fraction/recovery/skipfirst2_full
9 temporal_feedback_window,original token only,A-,skipfirst2_full - normal,,delta recovery (absolute reduction if negative),73.0769,48.5714,91.6667,pp,,,,,52,52,autovla_misalignment_poc/outputs/temporal_feedback_window/summary.json :: subsets/original token only/A-/rows/skipfirst2_full/vs_normal/recovery (p in json: mcnemar/wilcoxon)
9 temporal_feedback_window,original token only,A-,skipfirst2_full,,ade5,1.1958,0.9027,1.4987,m,,,,,52,52,autovla_misalignment_poc/outputs/temporal_feedback_window/summary.json :: subsets/original token only/A-/rows/skipfirst2_full/level/ade5; fraction: subsets/original token only/A-/fraction/ade5/skipfirst2_full
9 temporal_feedback_window,original token only,A-,skipfirst2_full - normal,,delta ade5 (absolute reduction if negative),-1.8031,-2.1953,-1.3366,m,,,,,52,52,autovla_misalignment_poc/outputs/temporal_feedback_window/summary.json :: subsets/original token only/A-/rows/skipfirst2_full/vs_normal/ade5 (p in json: mcnemar/wilcoxon)
9 temporal_feedback_window,original token only,A-,skipfirst2_full,,fde5,2.3244,1.5866,3.0373,m,89.7111,86.7411,95.4145,(Normal - row)/(Normal - GT-history),52,52,autovla_misalignment_poc/outputs/temporal_feedback_window/summary.json :: subsets/original token only/A-/rows/skipfirst2_full/level/fde5; fraction: subsets/original token only/A-/fraction/fde5/skipfirst2_full
9 temporal_feedback_window,original token only,A-,skipfirst2_full - normal,,delta fde5 (absolute reduction if negative),-6.0519,-7.4889,-4.3389,m,,,,,52,52,autovla_misalignment_poc/outputs/temporal_feedback_window/summary.json :: subsets/original token only/A-/rows/skipfirst2_full/vs_normal/fde5 (p in json: mcnemar/wilcoxon)
9 temporal_feedback_window,original token only,A-,skipfirst2_full,,downstream_err,49.5711,42.4906,58.4676,%,72.1798,63.1088,79.8331,(Normal - row)/(Normal - GT-history),52,52,autovla_misalignment_poc/outputs/temporal_feedback_window/summary.json :: subsets/original token only/A-/rows/skipfirst2_full/level/downstream_err; fraction: subsets/original token only/A-/fraction/downstream_err/skipfirst2_full
9 temporal_feedback_window,original token only,A-,skipfirst2_full - normal,,delta downstream_err (absolute reduction if negative),-45.4495,-52.22,-35.7316,pp,,,,,52,52,autovla_misalignment_poc/outputs/temporal_feedback_window/summary.json :: subsets/original token only/A-/rows/skipfirst2_full/vs_normal/downstream_err (p in json: mcnemar/wilcoxon)
9 temporal_feedback_window,original token only,A-,skipfirst3_full,,amplification,3.8462,0.0,6.4516,%,97.0588,94.7368,100.0,(Normal - row)/(Normal - GT-history),52,52,autovla_misalignment_poc/outputs/temporal_feedback_window/summary.json :: subsets/original token only/A-/rows/skipfirst3_full/level/amplification; fraction: subsets/original token only/A-/fraction/amplification/skipfirst3_full
9 temporal_feedback_window,original token only,A-,skipfirst3_full - normal,,delta amplification (absolute reduction if negative),-63.4615,-82.8571,-40.8086,pp,,,,,52,52,autovla_misalignment_poc/outputs/temporal_feedback_window/summary.json :: subsets/original token only/A-/rows/skipfirst3_full/vs_normal/amplification (p in json: mcnemar/wilcoxon)
9 temporal_feedback_window,original token only,A-,skipfirst3_full,,recovery,90.3846,82.4989,96.3653,%,94.8718,85.1806,106.4516,(Normal - row)/(Normal - GT-history),52,52,autovla_misalignment_poc/outputs/temporal_feedback_window/summary.json :: subsets/original token only/A-/rows/skipfirst3_full/level/recovery; fraction: subsets/original token only/A-/fraction/recovery/skipfirst3_full
9 temporal_feedback_window,original token only,A-,skipfirst3_full - normal,,delta recovery (absolute reduction if negative),71.1538,51.1615,86.2767,pp,,,,,52,52,autovla_misalignment_poc/outputs/temporal_feedback_window/summary.json :: subsets/original token only/A-/rows/skipfirst3_full/vs_normal/recovery (p in json: mcnemar/wilcoxon)
9 temporal_feedback_window,original token only,A-,skipfirst3_full,,ade5,1.5958,1.2734,1.872,m,,,,,52,52,autovla_misalignment_poc/outputs/temporal_feedback_window/summary.json :: subsets/original token only/A-/rows/skipfirst3_full/level/ade5; fraction: subsets/original token only/A-/fraction/ade5/skipfirst3_full
9 temporal_feedback_window,original token only,A-,skipfirst3_full - normal,,delta ade5 (absolute reduction if negative),-1.4031,-1.6951,-1.0482,m,,,,,52,52,autovla_misalignment_poc/outputs/temporal_feedback_window/summary.json :: subsets/original token only/A-/rows/skipfirst3_full/vs_normal/ade5 (p in json: mcnemar/wilcoxon)
9 temporal_feedback_window,original token only,A-,skipfirst3_full,,fde5,3.1581,2.3055,3.8527,m,77.3527,75.0166,82.0045,(Normal - row)/(Normal - GT-history),52,52,autovla_misalignment_poc/outputs/temporal_feedback_window/summary.json :: subsets/original token only/A-/rows/skipfirst3_full/level/fde5; fraction: subsets/original token only/A-/fraction/fde5/skipfirst3_full
9 temporal_feedback_window,original token only,A-,skipfirst3_full - normal,,delta fde5 (absolute reduction if negative),-5.2182,-6.3876,-3.7918,m,,,,,52,52,autovla_misalignment_poc/outputs/temporal_feedback_window/summary.json :: subsets/original token only/A-/rows/skipfirst3_full/vs_normal/fde5 (p in json: mcnemar/wilcoxon)
9 temporal_feedback_window,original token only,A-,skipfirst3_full,,downstream_err,61.9254,55.4976,69.081,%,52.5596,44.0689,59.1829,(Normal - row)/(Normal - GT-history),52,52,autovla_misalignment_poc/outputs/temporal_feedback_window/summary.json :: subsets/original token only/A-/rows/skipfirst3_full/level/downstream_err; fraction: subsets/original token only/A-/fraction/downstream_err/skipfirst3_full
9 temporal_feedback_window,original token only,A-,skipfirst3_full - normal,,delta downstream_err (absolute reduction if negative),-33.0952,-38.466,-25.3806,pp,,,,,52,52,autovla_misalignment_poc/outputs/temporal_feedback_window/summary.json :: subsets/original token only/A-/rows/skipfirst3_full/vs_normal/downstream_err (p in json: mcnemar/wilcoxon)
9 temporal_feedback_window,original token only,A+,normal,,amplification,0.0,0.0,0.0,%,,,,,156,156,autovla_misalignment_poc/outputs/temporal_feedback_window/summary.json :: subsets/original token only/A+/rows/normal/level/amplification; fraction: subsets/original token only/A+/fraction/amplification/normal
9 temporal_feedback_window,original token only,A+,normal,,recovery,99.359,97.7273,100.0,%,,,,,156,156,autovla_misalignment_poc/outputs/temporal_feedback_window/summary.json :: subsets/original token only/A+/rows/normal/level/recovery; fraction: subsets/original token only/A+/fraction/recovery/normal
9 temporal_feedback_window,original token only,A+,normal,,ade5,0.7828,0.5532,0.9476,m,,,,,156,156,autovla_misalignment_poc/outputs/temporal_feedback_window/summary.json :: subsets/original token only/A+/rows/normal/level/ade5; fraction: subsets/original token only/A+/fraction/ade5/normal
9 temporal_feedback_window,original token only,A+,normal,,fde5,1.7709,1.2468,2.1419,m,,,,,156,156,autovla_misalignment_poc/outputs/temporal_feedback_window/summary.json :: subsets/original token only/A+/rows/normal/level/fde5; fraction: subsets/original token only/A+/fraction/fde5/normal
9 temporal_feedback_window,original token only,A+,normal,,downstream_err,70.9315,63.3941,76.6568,%,,,,,156,156,autovla_misalignment_poc/outputs/temporal_feedback_window/summary.json :: subsets/original token only/A+/rows/normal/level/downstream_err; fraction: subsets/original token only/A+/fraction/downstream_err/normal
9 temporal_feedback_window,original token only,A+,win1,,amplification,1.2821,0.0,3.3333,%,,,,(Normal - row)/(Normal - GT-history),156,156,autovla_misalignment_poc/outputs/temporal_feedback_window/summary.json :: subsets/original token only/A+/rows/win1/level/amplification; fraction: subsets/original token only/A+/fraction/amplification/win1
9 temporal_feedback_window,original token only,A+,win1 - normal,,delta amplification (absolute reduction if negative),1.2821,0.0,3.3333,pp,,,,,156,156,autovla_misalignment_poc/outputs/temporal_feedback_window/summary.json :: subsets/original token only/A+/rows/win1/vs_normal/amplification (p in json: mcnemar/wilcoxon)
9 temporal_feedback_window,original token only,A+,win1,,recovery,98.7179,96.6667,100.0,%,-100.0,-300.0,0.0,(Normal - row)/(Normal - GT-history),156,156,autovla_misalignment_poc/outputs/temporal_feedback_window/summary.json :: subsets/original token only/A+/rows/win1/level/recovery; fraction: subsets/original token only/A+/fraction/recovery/win1
9 temporal_feedback_window,original token only,A+,win1 - normal,,delta recovery (absolute reduction if negative),-0.641,-2.19,0.0,pp,,,,,156,156,autovla_misalignment_poc/outputs/temporal_feedback_window/summary.json :: subsets/original token only/A+/rows/win1/vs_normal/recovery (p in json: mcnemar/wilcoxon)
9 temporal_feedback_window,original token only,A+,win1,,ade5,0.4746,0.3216,0.597,m,,,,,156,156,autovla_misalignment_poc/outputs/temporal_feedback_window/summary.json :: subsets/original token only/A+/rows/win1/level/ade5; fraction: subsets/original token only/A+/fraction/ade5/win1
9 temporal_feedback_window,original token only,A+,win1 - normal,,delta ade5 (absolute reduction if negative),-0.3082,-0.4283,-0.1632,m,,,,,156,156,autovla_misalignment_poc/outputs/temporal_feedback_window/summary.json :: subsets/original token only/A+/rows/win1/vs_normal/ade5 (p in json: mcnemar/wilcoxon)
9 temporal_feedback_window,original token only,A+,win1,,fde5,1.0148,0.6501,1.293,m,77.5202,58.8291,89.0526,(Normal - row)/(Normal - GT-history),156,156,autovla_misalignment_poc/outputs/temporal_feedback_window/summary.json :: subsets/original token only/A+/rows/win1/level/fde5; fraction: subsets/original token only/A+/fraction/fde5/win1
9 temporal_feedback_window,original token only,A+,win1 - normal,,delta fde5 (absolute reduction if negative),-0.7561,-1.1122,-0.3752,m,,,,,156,156,autovla_misalignment_poc/outputs/temporal_feedback_window/summary.json :: subsets/original token only/A+/rows/win1/vs_normal/fde5 (p in json: mcnemar/wilcoxon)
9 temporal_feedback_window,original token only,A+,win1,,downstream_err,46.4306,40.1176,52.3752,%,54.5362,43.9888,64.3173,(Normal - row)/(Normal - GT-history),156,156,autovla_misalignment_poc/outputs/temporal_feedback_window/summary.json :: subsets/original token only/A+/rows/win1/level/downstream_err; fraction: subsets/original token only/A+/fraction/downstream_err/win1
9 temporal_feedback_window,original token only,A+,win1 - normal,,delta downstream_err (absolute reduction if negative),-24.5009,-31.5501,-17.228,pp,,,,,156,156,autovla_misalignment_poc/outputs/temporal_feedback_window/summary.json :: subsets/original token only/A+/rows/win1/vs_normal/downstream_err (p in json: mcnemar/wilcoxon)
9 temporal_feedback_window,original token only,A+,win2,,amplification,1.2821,0.0,4.5455,%,,,,(Normal - row)/(Normal - GT-history),156,156,autovla_misalignment_poc/outputs/temporal_feedback_window/summary.json :: subsets/original token only/A+/rows/win2/level/amplification; fraction: subsets/original token only/A+/fraction/amplification/win2
9 temporal_feedback_window,original token only,A+,win2 - normal,,delta amplification (absolute reduction if negative),1.2821,0.0,4.5455,pp,,,,,156,156,autovla_misalignment_poc/outputs/temporal_feedback_window/summary.json :: subsets/original token only/A+/rows/win2/vs_normal/amplification (p in json: mcnemar/wilcoxon)
9 temporal_feedback_window,original token only,A+,win2,,recovery,98.7179,95.4545,100.0,%,-100.0,-100.0,-100.0,(Normal - row)/(Normal - GT-history),156,156,autovla_misalignment_poc/outputs/temporal_feedback_window/summary.json :: subsets/original token only/A+/rows/win2/level/recovery; fraction: subsets/original token only/A+/fraction/recovery/win2
9 temporal_feedback_window,original token only,A+,win2 - normal,,delta recovery (absolute reduction if negative),-0.641,-2.2727,0.0,pp,,,,,156,156,autovla_misalignment_poc/outputs/temporal_feedback_window/summary.json :: subsets/original token only/A+/rows/win2/vs_normal/recovery (p in json: mcnemar/wilcoxon)
9 temporal_feedback_window,original token only,A+,win2,,ade5,0.4621,0.3152,0.5746,m,,,,,156,156,autovla_misalignment_poc/outputs/temporal_feedback_window/summary.json :: subsets/original token only/A+/rows/win2/level/ade5; fraction: subsets/original token only/A+/fraction/ade5/win2
9 temporal_feedback_window,original token only,A+,win2 - normal,,delta ade5 (absolute reduction if negative),-0.3206,-0.4401,-0.1698,m,,,,,156,156,autovla_misalignment_poc/outputs/temporal_feedback_window/summary.json :: subsets/original token only/A+/rows/win2/vs_normal/ade5 (p in json: mcnemar/wilcoxon)
9 temporal_feedback_window,original token only,A+,win2,,fde5,0.9977,0.6543,1.2367,m,79.2661,66.708,85.939,(Normal - row)/(Normal - GT-history),156,156,autovla_misalignment_poc/outputs/temporal_feedback_window/summary.json :: subsets/original token only/A+/rows/win2/level/fde5; fraction: subsets/original token only/A+/fraction/fde5/win2
9 temporal_feedback_window,original token only,A+,win2 - normal,,delta fde5 (absolute reduction if negative),-0.7731,-1.1217,-0.4005,m,,,,,156,156,autovla_misalignment_poc/outputs/temporal_feedback_window/summary.json :: subsets/original token only/A+/rows/win2/vs_normal/fde5 (p in json: mcnemar/wilcoxon)
9 temporal_feedback_window,original token only,A+,win2,,downstream_err,39.1809,33.57,45.1258,%,70.6732,61.2566,78.0166,(Normal - row)/(Normal - GT-history),156,156,autovla_misalignment_poc/outputs/temporal_feedback_window/summary.json :: subsets/original token only/A+/rows/win2/level/downstream_err; fraction: subsets/original token only/A+/fraction/downstream_err/win2
9 temporal_feedback_window,original token only,A+,win2 - normal,,delta downstream_err (absolute reduction if negative),-31.7506,-38.2978,-23.8458,pp,,,,,156,156,autovla_misalignment_poc/outputs/temporal_feedback_window/summary.json :: subsets/original token only/A+/rows/win2/vs_normal/downstream_err (p in json: mcnemar/wilcoxon)
9 temporal_feedback_window,original token only,A+,win3,,amplification,1.2821,0.0,4.5455,%,,,,(Normal - row)/(Normal - GT-history),156,156,autovla_misalignment_poc/outputs/temporal_feedback_window/summary.json :: subsets/original token only/A+/rows/win3/level/amplification; fraction: subsets/original token only/A+/fraction/amplification/win3
9 temporal_feedback_window,original token only,A+,win3 - normal,,delta amplification (absolute reduction if negative),1.2821,0.0,4.5455,pp,,,,,156,156,autovla_misalignment_poc/outputs/temporal_feedback_window/summary.json :: subsets/original token only/A+/rows/win3/vs_normal/amplification (p in json: mcnemar/wilcoxon)
9 temporal_feedback_window,original token only,A+,win3,,recovery,98.7179,95.4545,100.0,%,-100.0,-100.0,-100.0,(Normal - row)/(Normal - GT-history),156,156,autovla_misalignment_poc/outputs/temporal_feedback_window/summary.json :: subsets/original token only/A+/rows/win3/level/recovery; fraction: subsets/original token only/A+/fraction/recovery/win3
9 temporal_feedback_window,original token only,A+,win3 - normal,,delta recovery (absolute reduction if negative),-0.641,-2.2727,0.0,pp,,,,,156,156,autovla_misalignment_poc/outputs/temporal_feedback_window/summary.json :: subsets/original token only/A+/rows/win3/vs_normal/recovery (p in json: mcnemar/wilcoxon)
9 temporal_feedback_window,original token only,A+,win3,,ade5,0.4427,0.2974,0.5512,m,,,,,156,156,autovla_misalignment_poc/outputs/temporal_feedback_window/summary.json :: subsets/original token only/A+/rows/win3/level/ade5; fraction: subsets/original token only/A+/fraction/ade5/win3
9 temporal_feedback_window,original token only,A+,win3 - normal,,delta ade5 (absolute reduction if negative),-0.3401,-0.4662,-0.1872,m,,,,,156,156,autovla_misalignment_poc/outputs/temporal_feedback_window/summary.json :: subsets/original token only/A+/rows/win3/vs_normal/ade5 (p in json: mcnemar/wilcoxon)
9 temporal_feedback_window,original token only,A+,win3,,fde5,0.9254,0.5745,1.1738,m,86.6792,75.7066,95.5295,(Normal - row)/(Normal - GT-history),156,156,autovla_misalignment_poc/outputs/temporal_feedback_window/summary.json :: subsets/original token only/A+/rows/win3/level/fde5; fraction: subsets/original token only/A+/fraction/fde5/win3
9 temporal_feedback_window,original token only,A+,win3 - normal,,delta fde5 (absolute reduction if negative),-0.8454,-1.248,-0.4471,m,,,,,156,156,autovla_misalignment_poc/outputs/temporal_feedback_window/summary.json :: subsets/original token only/A+/rows/win3/vs_normal/fde5 (p in json: mcnemar/wilcoxon)
9 temporal_feedback_window,original token only,A+,win3,,downstream_err,33.6597,28.685,39.4892,%,82.9627,76.6277,88.0397,(Normal - row)/(Normal - GT-history),156,156,autovla_misalignment_poc/outputs/temporal_feedback_window/summary.json :: subsets/original token only/A+/rows/win3/level/downstream_err; fraction: subsets/original token only/A+/fraction/downstream_err/win3
9 temporal_feedback_window,original token only,A+,win3 - normal,,delta downstream_err (absolute reduction if negative),-37.2718,-43.4166,-29.6796,pp,,,,,156,156,autovla_misalignment_poc/outputs/temporal_feedback_window/summary.json :: subsets/original token only/A+/rows/win3/vs_normal/downstream_err (p in json: mcnemar/wilcoxon)
9 temporal_feedback_window,original token only,A+,win4,,amplification,0.641,0.0,2.2727,%,,,,(Normal - row)/(Normal - GT-history),156,156,autovla_misalignment_poc/outputs/temporal_feedback_window/summary.json :: subsets/original token only/A+/rows/win4/level/amplification; fraction: subsets/original token only/A+/fraction/amplification/win4
9 temporal_feedback_window,original token only,A+,win4 - normal,,delta amplification (absolute reduction if negative),0.641,0.0,2.2727,pp,,,,,156,156,autovla_misalignment_poc/outputs/temporal_feedback_window/summary.json :: subsets/original token only/A+/rows/win4/vs_normal/amplification (p in json: mcnemar/wilcoxon)
9 temporal_feedback_window,original token only,A+,win4,,recovery,99.359,97.7273,100.0,%,-0.0,-0.0,0.0,(Normal - row)/(Normal - GT-history),156,156,autovla_misalignment_poc/outputs/temporal_feedback_window/summary.json :: subsets/original token only/A+/rows/win4/level/recovery; fraction: subsets/original token only/A+/fraction/recovery/win4
9 temporal_feedback_window,original token only,A+,win4 - normal,,delta recovery (absolute reduction if negative),0.0,0.0,0.0,pp,,,,,156,156,autovla_misalignment_poc/outputs/temporal_feedback_window/summary.json :: subsets/original token only/A+/rows/win4/vs_normal/recovery (p in json: mcnemar/wilcoxon)
9 temporal_feedback_window,original token only,A+,win4,,ade5,0.4223,0.2902,0.5218,m,,,,,156,156,autovla_misalignment_poc/outputs/temporal_feedback_window/summary.json :: subsets/original token only/A+/rows/win4/level/ade5; fraction: subsets/original token only/A+/fraction/ade5/win4
9 temporal_feedback_window,original token only,A+,win4 - normal,,delta ade5 (absolute reduction if negative),-0.3605,-0.4821,-0.2036,m,,,,,156,156,autovla_misalignment_poc/outputs/temporal_feedback_window/summary.json :: subsets/original token only/A+/rows/win4/vs_normal/ade5 (p in json: mcnemar/wilcoxon)
9 temporal_feedback_window,original token only,A+,win4,,fde5,0.8378,0.5468,1.0372,m,95.662,90.4627,98.5368,(Normal - row)/(Normal - GT-history),156,156,autovla_misalignment_poc/outputs/temporal_feedback_window/summary.json :: subsets/original token only/A+/rows/win4/level/fde5; fraction: subsets/original token only/A+/fraction/fde5/win4
9 temporal_feedback_window,original token only,A+,win4 - normal,,delta fde5 (absolute reduction if negative),-0.933,-1.3083,-0.5133,m,,,,,156,156,autovla_misalignment_poc/outputs/temporal_feedback_window/summary.json :: subsets/original token only/A+/rows/win4/vs_normal/fde5 (p in json: mcnemar/wilcoxon)
9 temporal_feedback_window,original token only,A+,win4,,downstream_err,30.6911,26.1799,36.0949,%,89.5704,84.3971,93.0945,(Normal - row)/(Normal - GT-history),156,156,autovla_misalignment_poc/outputs/temporal_feedback_window/summary.json :: subsets/original token only/A+/rows/win4/level/downstream_err; fraction: subsets/original token only/A+/fraction/downstream_err/win4
9 temporal_feedback_window,original token only,A+,win4 - normal,,delta downstream_err (absolute reduction if negative),-40.2404,-46.3604,-32.4955,pp,,,,,156,156,autovla_misalignment_poc/outputs/temporal_feedback_window/summary.json :: subsets/original token only/A+/rows/win4/vs_normal/downstream_err (p in json: mcnemar/wilcoxon)
9 temporal_feedback_window,original token only,A+,win5,,amplification,0.0,0.0,0.0,%,,,,(Normal - row)/(Normal - GT-history),156,156,autovla_misalignment_poc/outputs/temporal_feedback_window/summary.json :: subsets/original token only/A+/rows/win5/level/amplification; fraction: subsets/original token only/A+/fraction/amplification/win5
9 temporal_feedback_window,original token only,A+,win5 - normal,,delta amplification (absolute reduction if negative),0.0,0.0,0.0,pp,,,,,156,156,autovla_misalignment_poc/outputs/temporal_feedback_window/summary.json :: subsets/original token only/A+/rows/win5/vs_normal/amplification (p in json: mcnemar/wilcoxon)
9 temporal_feedback_window,original token only,A+,win5,,recovery,100.0,100.0,100.0,%,100.0,100.0,100.0,(Normal - row)/(Normal - GT-history),156,156,autovla_misalignment_poc/outputs/temporal_feedback_window/summary.json :: subsets/original token only/A+/rows/win5/level/recovery; fraction: subsets/original token only/A+/fraction/recovery/win5
9 temporal_feedback_window,original token only,A+,win5 - normal,,delta recovery (absolute reduction if negative),0.641,0.0,2.2727,pp,,,,,156,156,autovla_misalignment_poc/outputs/temporal_feedback_window/summary.json :: subsets/original token only/A+/rows/win5/vs_normal/recovery (p in json: mcnemar/wilcoxon)
9 temporal_feedback_window,original token only,A+,win5,,ade5,0.4181,0.2846,0.5177,m,,,,,156,156,autovla_misalignment_poc/outputs/temporal_feedback_window/summary.json :: subsets/original token only/A+/rows/win5/level/ade5; fraction: subsets/original token only/A+/fraction/ade5/win5
9 temporal_feedback_window,original token only,A+,win5 - normal,,delta ade5 (absolute reduction if negative),-0.3646,-0.4867,-0.206,m,,,,,156,156,autovla_misalignment_poc/outputs/temporal_feedback_window/summary.json :: subsets/original token only/A+/rows/win5/vs_normal/ade5 (p in json: mcnemar/wilcoxon)
9 temporal_feedback_window,original token only,A+,win5,,fde5,0.8093,0.5172,1.0087,m,98.5843,96.0687,99.9103,(Normal - row)/(Normal - GT-history),156,156,autovla_misalignment_poc/outputs/temporal_feedback_window/summary.json :: subsets/original token only/A+/rows/win5/level/fde5; fraction: subsets/original token only/A+/fraction/fde5/win5
9 temporal_feedback_window,original token only,A+,win5 - normal,,delta fde5 (absolute reduction if negative),-0.9615,-1.3319,-0.5497,m,,,,,156,156,autovla_misalignment_poc/outputs/temporal_feedback_window/summary.json :: subsets/original token only/A+/rows/win5/vs_normal/fde5 (p in json: mcnemar/wilcoxon)
9 temporal_feedback_window,original token only,A+,win5,,downstream_err,27.5839,23.8737,32.4983,%,96.4867,94.4036,97.7754,(Normal - row)/(Normal - GT-history),156,156,autovla_misalignment_poc/outputs/temporal_feedback_window/summary.json :: subsets/original token only/A+/rows/win5/level/downstream_err; fraction: subsets/original token only/A+/fraction/downstream_err/win5
9 temporal_feedback_window,original token only,A+,win5 - normal,,delta downstream_err (absolute reduction if negative),-43.3476,-48.8636,-36.1935,pp,,,,,156,156,autovla_misalignment_poc/outputs/temporal_feedback_window/summary.json :: subsets/original token only/A+/rows/win5/vs_normal/downstream_err (p in json: mcnemar/wilcoxon)
9 temporal_feedback_window,original token only,A+,win6,,amplification,0.0,0.0,0.0,%,,,,(Normal - row)/(Normal - GT-history),156,156,autovla_misalignment_poc/outputs/temporal_feedback_window/summary.json :: subsets/original token only/A+/rows/win6/level/amplification; fraction: subsets/original token only/A+/fraction/amplification/win6
9 temporal_feedback_window,original token only,A+,win6 - normal,,delta amplification (absolute reduction if negative),0.0,0.0,0.0,pp,,,,,156,156,autovla_misalignment_poc/outputs/temporal_feedback_window/summary.json :: subsets/original token only/A+/rows/win6/vs_normal/amplification (p in json: mcnemar/wilcoxon)
9 temporal_feedback_window,original token only,A+,win6,,recovery,100.0,100.0,100.0,%,100.0,100.0,100.0,(Normal - row)/(Normal - GT-history),156,156,autovla_misalignment_poc/outputs/temporal_feedback_window/summary.json :: subsets/original token only/A+/rows/win6/level/recovery; fraction: subsets/original token only/A+/fraction/recovery/win6
9 temporal_feedback_window,original token only,A+,win6 - normal,,delta recovery (absolute reduction if negative),0.641,0.0,2.2727,pp,,,,,156,156,autovla_misalignment_poc/outputs/temporal_feedback_window/summary.json :: subsets/original token only/A+/rows/win6/vs_normal/recovery (p in json: mcnemar/wilcoxon)
9 temporal_feedback_window,original token only,A+,win6,,ade5,0.4177,0.2844,0.5177,m,,,,,156,156,autovla_misalignment_poc/outputs/temporal_feedback_window/summary.json :: subsets/original token only/A+/rows/win6/level/ade5; fraction: subsets/original token only/A+/fraction/ade5/win6
9 temporal_feedback_window,original token only,A+,win6 - normal,,delta ade5 (absolute reduction if negative),-0.3651,-0.4877,-0.2068,m,,,,,156,156,autovla_misalignment_poc/outputs/temporal_feedback_window/summary.json :: subsets/original token only/A+/rows/win6/vs_normal/ade5 (p in json: mcnemar/wilcoxon)
9 temporal_feedback_window,original token only,A+,win6,,fde5,0.8057,0.5116,1.0043,m,98.9551,97.2087,100.0111,(Normal - row)/(Normal - GT-history),156,156,autovla_misalignment_poc/outputs/temporal_feedback_window/summary.json :: subsets/original token only/A+/rows/win6/level/fde5; fraction: subsets/original token only/A+/fraction/fde5/win6
9 temporal_feedback_window,original token only,A+,win6 - normal,,delta fde5 (absolute reduction if negative),-0.9651,-1.3371,-0.5523,m,,,,,156,156,autovla_misalignment_poc/outputs/temporal_feedback_window/summary.json :: subsets/original token only/A+/rows/win6/vs_normal/fde5 (p in json: mcnemar/wilcoxon)
9 temporal_feedback_window,original token only,A+,win6,,downstream_err,27.1095,23.626,31.6531,%,97.5426,96.141,98.452,(Normal - row)/(Normal - GT-history),156,156,autovla_misalignment_poc/outputs/temporal_feedback_window/summary.json :: subsets/original token only/A+/rows/win6/level/downstream_err; fraction: subsets/original token only/A+/fraction/downstream_err/win6
9 temporal_feedback_window,original token only,A+,win6 - normal,,delta downstream_err (absolute reduction if negative),-43.822,-49.3218,-36.8077,pp,,,,,156,156,autovla_misalignment_poc/outputs/temporal_feedback_window/summary.json :: subsets/original token only/A+/rows/win6/vs_normal/downstream_err (p in json: mcnemar/wilcoxon)
9 temporal_feedback_window,original token only,A+,win7,,amplification,0.0,0.0,0.0,%,,,,(Normal - row)/(Normal - GT-history),156,156,autovla_misalignment_poc/outputs/temporal_feedback_window/summary.json :: subsets/original token only/A+/rows/win7/level/amplification; fraction: subsets/original token only/A+/fraction/amplification/win7
9 temporal_feedback_window,original token only,A+,win7 - normal,,delta amplification (absolute reduction if negative),0.0,0.0,0.0,pp,,,,,156,156,autovla_misalignment_poc/outputs/temporal_feedback_window/summary.json :: subsets/original token only/A+/rows/win7/vs_normal/amplification (p in json: mcnemar/wilcoxon)
9 temporal_feedback_window,original token only,A+,win7,,recovery,100.0,100.0,100.0,%,100.0,100.0,100.0,(Normal - row)/(Normal - GT-history),156,156,autovla_misalignment_poc/outputs/temporal_feedback_window/summary.json :: subsets/original token only/A+/rows/win7/level/recovery; fraction: subsets/original token only/A+/fraction/recovery/win7
9 temporal_feedback_window,original token only,A+,win7 - normal,,delta recovery (absolute reduction if negative),0.641,0.0,2.2727,pp,,,,,156,156,autovla_misalignment_poc/outputs/temporal_feedback_window/summary.json :: subsets/original token only/A+/rows/win7/vs_normal/recovery (p in json: mcnemar/wilcoxon)
9 temporal_feedback_window,original token only,A+,win7,,ade5,0.417,0.2835,0.5171,m,,,,,156,156,autovla_misalignment_poc/outputs/temporal_feedback_window/summary.json :: subsets/original token only/A+/rows/win7/level/ade5; fraction: subsets/original token only/A+/fraction/ade5/win7
9 temporal_feedback_window,original token only,A+,win7 - normal,,delta ade5 (absolute reduction if negative),-0.3658,-0.4881,-0.2072,m,,,,,156,156,autovla_misalignment_poc/outputs/temporal_feedback_window/summary.json :: subsets/original token only/A+/rows/win7/vs_normal/ade5 (p in json: mcnemar/wilcoxon)
9 temporal_feedback_window,original token only,A+,win7,,fde5,0.8005,0.5006,0.9982,m,99.4842,99.0115,100.0105,(Normal - row)/(Normal - GT-history),156,156,autovla_misalignment_poc/outputs/temporal_feedback_window/summary.json :: subsets/original token only/A+/rows/win7/level/fde5; fraction: subsets/original token only/A+/fraction/fde5/win7
9 temporal_feedback_window,original token only,A+,win7 - normal,,delta fde5 (absolute reduction if negative),-0.9703,-1.3431,-0.5566,m,,,,,156,156,autovla_misalignment_poc/outputs/temporal_feedback_window/summary.json :: subsets/original token only/A+/rows/win7/vs_normal/fde5 (p in json: mcnemar/wilcoxon)
9 temporal_feedback_window,original token only,A+,win7,,downstream_err,26.3617,22.8817,30.5868,%,99.2073,98.713,99.6796,(Normal - row)/(Normal - GT-history),156,156,autovla_misalignment_poc/outputs/temporal_feedback_window/summary.json :: subsets/original token only/A+/rows/win7/level/downstream_err; fraction: subsets/original token only/A+/fraction/downstream_err/win7
9 temporal_feedback_window,original token only,A+,win7 - normal,,delta downstream_err (absolute reduction if negative),-44.5699,-50.0599,-37.7715,pp,,,,,156,156,autovla_misalignment_poc/outputs/temporal_feedback_window/summary.json :: subsets/original token only/A+/rows/win7/vs_normal/downstream_err (p in json: mcnemar/wilcoxon)
9 temporal_feedback_window,original token only,A+,win8,,amplification,0.0,0.0,0.0,%,,,,(Normal - row)/(Normal - GT-history),156,156,autovla_misalignment_poc/outputs/temporal_feedback_window/summary.json :: subsets/original token only/A+/rows/win8/level/amplification; fraction: subsets/original token only/A+/fraction/amplification/win8
9 temporal_feedback_window,original token only,A+,win8 - normal,,delta amplification (absolute reduction if negative),0.0,0.0,0.0,pp,,,,,156,156,autovla_misalignment_poc/outputs/temporal_feedback_window/summary.json :: subsets/original token only/A+/rows/win8/vs_normal/amplification (p in json: mcnemar/wilcoxon)
9 temporal_feedback_window,original token only,A+,win8,,recovery,100.0,100.0,100.0,%,100.0,100.0,100.0,(Normal - row)/(Normal - GT-history),156,156,autovla_misalignment_poc/outputs/temporal_feedback_window/summary.json :: subsets/original token only/A+/rows/win8/level/recovery; fraction: subsets/original token only/A+/fraction/recovery/win8
9 temporal_feedback_window,original token only,A+,win8 - normal,,delta recovery (absolute reduction if negative),0.641,0.0,2.2727,pp,,,,,156,156,autovla_misalignment_poc/outputs/temporal_feedback_window/summary.json :: subsets/original token only/A+/rows/win8/vs_normal/recovery (p in json: mcnemar/wilcoxon)
9 temporal_feedback_window,original token only,A+,win8,,ade5,0.4165,0.2832,0.5171,m,,,,,156,156,autovla_misalignment_poc/outputs/temporal_feedback_window/summary.json :: subsets/original token only/A+/rows/win8/level/ade5; fraction: subsets/original token only/A+/fraction/ade5/win8
9 temporal_feedback_window,original token only,A+,win8 - normal,,delta ade5 (absolute reduction if negative),-0.3663,-0.4892,-0.2073,m,,,,,156,156,autovla_misalignment_poc/outputs/temporal_feedback_window/summary.json :: subsets/original token only/A+/rows/win8/vs_normal/ade5 (p in json: mcnemar/wilcoxon)
9 temporal_feedback_window,original token only,A+,win8,,fde5,0.7955,0.4971,0.9938,m,100.0,100.0,100.0,(Normal - row)/(Normal - GT-history),156,156,autovla_misalignment_poc/outputs/temporal_feedback_window/summary.json :: subsets/original token only/A+/rows/win8/level/fde5; fraction: subsets/original token only/A+/fraction/fde5/win8
9 temporal_feedback_window,original token only,A+,win8 - normal,,delta fde5 (absolute reduction if negative),-0.9753,-1.35,-0.5569,m,,,,,156,156,autovla_misalignment_poc/outputs/temporal_feedback_window/summary.json :: subsets/original token only/A+/rows/win8/vs_normal/fde5 (p in json: mcnemar/wilcoxon)
9 temporal_feedback_window,original token only,A+,win8,,downstream_err,26.0055,22.6264,30.2858,%,100.0,100.0,100.0,(Normal - row)/(Normal - GT-history),156,156,autovla_misalignment_poc/outputs/temporal_feedback_window/summary.json :: subsets/original token only/A+/rows/win8/level/downstream_err; fraction: subsets/original token only/A+/fraction/downstream_err/win8
9 temporal_feedback_window,original token only,A+,win8 - normal,,delta downstream_err (absolute reduction if negative),-44.926,-50.5226,-37.9738,pp,,,,,156,156,autovla_misalignment_poc/outputs/temporal_feedback_window/summary.json :: subsets/original token only/A+/rows/win8/vs_normal/downstream_err (p in json: mcnemar/wilcoxon)
9 temporal_feedback_window,original token only,A+,gt_history,,amplification,0.0,0.0,0.0,%,,,,,156,156,autovla_misalignment_poc/outputs/temporal_feedback_window/summary.json :: subsets/original token only/A+/rows/gt_history/level/amplification; fraction: subsets/original token only/A+/fraction/amplification/gt_history
9 temporal_feedback_window,original token only,A+,gt_history - normal,,delta amplification (absolute reduction if negative),0.0,0.0,0.0,pp,,,,,156,156,autovla_misalignment_poc/outputs/temporal_feedback_window/summary.json :: subsets/original token only/A+/rows/gt_history/vs_normal/amplification (p in json: mcnemar/wilcoxon)
9 temporal_feedback_window,original token only,A+,gt_history,,recovery,100.0,100.0,100.0,%,,,,,156,156,autovla_misalignment_poc/outputs/temporal_feedback_window/summary.json :: subsets/original token only/A+/rows/gt_history/level/recovery; fraction: subsets/original token only/A+/fraction/recovery/gt_history
9 temporal_feedback_window,original token only,A+,gt_history - normal,,delta recovery (absolute reduction if negative),0.641,0.0,2.2727,pp,,,,,156,156,autovla_misalignment_poc/outputs/temporal_feedback_window/summary.json :: subsets/original token only/A+/rows/gt_history/vs_normal/recovery (p in json: mcnemar/wilcoxon)
9 temporal_feedback_window,original token only,A+,gt_history,,ade5,0.4165,0.2832,0.5171,m,,,,,156,156,autovla_misalignment_poc/outputs/temporal_feedback_window/summary.json :: subsets/original token only/A+/rows/gt_history/level/ade5; fraction: subsets/original token only/A+/fraction/ade5/gt_history
9 temporal_feedback_window,original token only,A+,gt_history - normal,,delta ade5 (absolute reduction if negative),-0.3663,-0.4892,-0.2073,m,,,,,156,156,autovla_misalignment_poc/outputs/temporal_feedback_window/summary.json :: subsets/original token only/A+/rows/gt_history/vs_normal/ade5 (p in json: mcnemar/wilcoxon)
9 temporal_feedback_window,original token only,A+,gt_history,,fde5,0.7955,0.4971,0.9938,m,,,,,156,156,autovla_misalignment_poc/outputs/temporal_feedback_window/summary.json :: subsets/original token only/A+/rows/gt_history/level/fde5; fraction: subsets/original token only/A+/fraction/fde5/gt_history
9 temporal_feedback_window,original token only,A+,gt_history - normal,,delta fde5 (absolute reduction if negative),-0.9753,-1.35,-0.5569,m,,,,,156,156,autovla_misalignment_poc/outputs/temporal_feedback_window/summary.json :: subsets/original token only/A+/rows/gt_history/vs_normal/fde5 (p in json: mcnemar/wilcoxon)
9 temporal_feedback_window,original token only,A+,gt_history,,downstream_err,26.0055,22.6264,30.2858,%,,,,,156,156,autovla_misalignment_poc/outputs/temporal_feedback_window/summary.json :: subsets/original token only/A+/rows/gt_history/level/downstream_err; fraction: subsets/original token only/A+/fraction/downstream_err/gt_history
9 temporal_feedback_window,original token only,A+,gt_history - normal,,delta downstream_err (absolute reduction if negative),-44.926,-50.5226,-37.9738,pp,,,,,156,156,autovla_misalignment_poc/outputs/temporal_feedback_window/summary.json :: subsets/original token only/A+/rows/gt_history/vs_normal/downstream_err (p in json: mcnemar/wilcoxon)
9 temporal_feedback_window,original token only,A+,delay2_len1,,amplification,1.9231,0.0,3.7386,%,,,,(Normal - row)/(Normal - GT-history),156,156,autovla_misalignment_poc/outputs/temporal_feedback_window/summary.json :: subsets/original token only/A+/rows/delay2_len1/level/amplification; fraction: subsets/original token only/A+/fraction/amplification/delay2_len1
9 temporal_feedback_window,original token only,A+,delay2_len1 - normal,,delta amplification (absolute reduction if negative),1.9231,0.0,3.7386,pp,,,,,156,156,autovla_misalignment_poc/outputs/temporal_feedback_window/summary.json :: subsets/original token only/A+/rows/delay2_len1/vs_normal/amplification (p in json: mcnemar/wilcoxon)
9 temporal_feedback_window,original token only,A+,delay2_len1,,recovery,96.1538,92.0772,99.2309,%,-500.0,-1000.0,-100.0,(Normal - row)/(Normal - GT-history),156,156,autovla_misalignment_poc/outputs/temporal_feedback_window/summary.json :: subsets/original token only/A+/rows/delay2_len1/level/recovery; fraction: subsets/original token only/A+/fraction/recovery/delay2_len1
9 temporal_feedback_window,original token only,A+,delay2_len1 - normal,,delta recovery (absolute reduction if negative),-3.2051,-6.3694,-0.7406,pp,,,,,156,156,autovla_misalignment_poc/outputs/temporal_feedback_window/summary.json :: subsets/original token only/A+/rows/delay2_len1/vs_normal/recovery (p in json: mcnemar/wilcoxon)
9 temporal_feedback_window,original token only,A+,delay2_len1,,ade5,0.5515,0.3934,0.6725,m,,,,,156,156,autovla_misalignment_poc/outputs/temporal_feedback_window/summary.json :: subsets/original token only/A+/rows/delay2_len1/level/ade5; fraction: subsets/original token only/A+/fraction/ade5/delay2_len1
9 temporal_feedback_window,original token only,A+,delay2_len1 - normal,,delta ade5 (absolute reduction if negative),-0.2313,-0.3204,-0.1313,m,,,,,156,156,autovla_misalignment_poc/outputs/temporal_feedback_window/summary.json :: subsets/original token only/A+/rows/delay2_len1/vs_normal/ade5 (p in json: mcnemar/wilcoxon)
9 temporal_feedback_window,original token only,A+,delay2_len1,,fde5,1.2163,0.8434,1.5014,m,56.8537,41.4638,71.7573,(Normal - row)/(Normal - GT-history),156,156,autovla_misalignment_poc/outputs/temporal_feedback_window/summary.json :: subsets/original token only/A+/rows/delay2_len1/level/fde5; fraction: subsets/original token only/A+/fraction/fde5/delay2_len1
9 temporal_feedback_window,original token only,A+,delay2_len1 - normal,,delta fde5 (absolute reduction if negative),-0.5545,-0.8707,-0.2817,m,,,,,156,156,autovla_misalignment_poc/outputs/temporal_feedback_window/summary.json :: subsets/original token only/A+/rows/delay2_len1/vs_normal/fde5 (p in json: mcnemar/wilcoxon)
9 temporal_feedback_window,original token only,A+,delay2_len1,,downstream_err,53.9789,47.5075,58.5502,%,37.7345,31.325,46.2433,(Normal - row)/(Normal - GT-history),156,156,autovla_misalignment_poc/outputs/temporal_feedback_window/summary.json :: subsets/original token only/A+/rows/delay2_len1/level/downstream_err; fraction: subsets/original token only/A+/fraction/downstream_err/delay2_len1
9 temporal_feedback_window,original token only,A+,delay2_len1 - normal,,delta downstream_err (absolute reduction if negative),-16.9526,-21.7262,-12.7334,pp,,,,,156,156,autovla_misalignment_poc/outputs/temporal_feedback_window/summary.json :: subsets/original token only/A+/rows/delay2_len1/vs_normal/downstream_err (p in json: mcnemar/wilcoxon)
9 temporal_feedback_window,original token only,A+,delay3_len1,,amplification,1.2821,0.0,2.6598,%,,,,(Normal - row)/(Normal - GT-history),156,156,autovla_misalignment_poc/outputs/temporal_feedback_window/summary.json :: subsets/original token only/A+/rows/delay3_len1/level/amplification; fraction: subsets/original token only/A+/fraction/amplification/delay3_len1
9 temporal_feedback_window,original token only,A+,delay3_len1 - normal,,delta amplification (absolute reduction if negative),1.2821,0.0,2.6598,pp,,,,,156,156,autovla_misalignment_poc/outputs/temporal_feedback_window/summary.json :: subsets/original token only/A+/rows/delay3_len1/vs_normal/amplification (p in json: mcnemar/wilcoxon)
9 temporal_feedback_window,original token only,A+,delay3_len1,,recovery,97.4359,94.4436,100.0,%,-300.0,-800.0,100.0,(Normal - row)/(Normal - GT-history),156,156,autovla_misalignment_poc/outputs/temporal_feedback_window/summary.json :: subsets/original token only/A+/rows/delay3_len1/level/recovery; fraction: subsets/original token only/A+/fraction/recovery/delay3_len1
9 temporal_feedback_window,original token only,A+,delay3_len1 - normal,,delta recovery (absolute reduction if negative),-1.9231,-5.2632,1.3165,pp,,,,,156,156,autovla_misalignment_poc/outputs/temporal_feedback_window/summary.json :: subsets/original token only/A+/rows/delay3_len1/vs_normal/recovery (p in json: mcnemar/wilcoxon)
9 temporal_feedback_window,original token only,A+,delay3_len1,,ade5,0.6388,0.4372,0.7885,m,,,,,156,156,autovla_misalignment_poc/outputs/temporal_feedback_window/summary.json :: subsets/original token only/A+/rows/delay3_len1/level/ade5; fraction: subsets/original token only/A+/fraction/ade5/delay3_len1
9 temporal_feedback_window,original token only,A+,delay3_len1 - normal,,delta ade5 (absolute reduction if negative),-0.144,-0.2439,-0.0763,m,,,,,156,156,autovla_misalignment_poc/outputs/temporal_feedback_window/summary.json :: subsets/original token only/A+/rows/delay3_len1/vs_normal/ade5 (p in json: mcnemar/wilcoxon)
9 temporal_feedback_window,original token only,A+,delay3_len1,,fde5,1.4268,0.9172,1.8235,m,35.2801,12.1526,65.3254,(Normal - row)/(Normal - GT-history),156,156,autovla_misalignment_poc/outputs/temporal_feedback_window/summary.json :: subsets/original token only/A+/rows/delay3_len1/level/fde5; fraction: subsets/original token only/A+/fraction/fde5/delay3_len1
9 temporal_feedback_window,original token only,A+,delay3_len1 - normal,,delta fde5 (absolute reduction if negative),-0.3441,-0.7056,-0.1109,m,,,,,156,156,autovla_misalignment_poc/outputs/temporal_feedback_window/summary.json :: subsets/original token only/A+/rows/delay3_len1/vs_normal/fde5 (p in json: mcnemar/wilcoxon)
9 temporal_feedback_window,original token only,A+,delay3_len1,,downstream_err,62.6877,55.6059,67.9443,%,18.3497,12.6267,24.6599,(Normal - row)/(Normal - GT-history),156,156,autovla_misalignment_poc/outputs/temporal_feedback_window/summary.json :: subsets/original token only/A+/rows/delay3_len1/level/downstream_err; fraction: subsets/original token only/A+/fraction/downstream_err/delay3_len1
9 temporal_feedback_window,original token only,A+,delay3_len1 - normal,,delta downstream_err (absolute reduction if negative),-8.2438,-11.3916,-5.3742,pp,,,,,156,156,autovla_misalignment_poc/outputs/temporal_feedback_window/summary.json :: subsets/original token only/A+/rows/delay3_len1/vs_normal/downstream_err (p in json: mcnemar/wilcoxon)
9 temporal_feedback_window,original token only,A+,delay4_len1,,amplification,0.0,0.0,0.0,%,,,,(Normal - row)/(Normal - GT-history),156,156,autovla_misalignment_poc/outputs/temporal_feedback_window/summary.json :: subsets/original token only/A+/rows/delay4_len1/level/amplification; fraction: subsets/original token only/A+/fraction/amplification/delay4_len1
9 temporal_feedback_window,original token only,A+,delay4_len1 - normal,,delta amplification (absolute reduction if negative),0.0,0.0,0.0,pp,,,,,156,156,autovla_misalignment_poc/outputs/temporal_feedback_window/summary.json :: subsets/original token only/A+/rows/delay4_len1/vs_normal/amplification (p in json: mcnemar/wilcoxon)
9 temporal_feedback_window,original token only,A+,delay4_len1,,recovery,98.0769,96.2614,100.0,%,-200.0,-500.0,0.0,(Normal - row)/(Normal - GT-history),156,156,autovla_misalignment_poc/outputs/temporal_feedback_window/summary.json :: subsets/original token only/A+/rows/delay4_len1/level/recovery; fraction: subsets/original token only/A+/fraction/recovery/delay4_len1
9 temporal_feedback_window,original token only,A+,delay4_len1 - normal,,delta recovery (absolute reduction if negative),-1.2821,-2.6667,0.0,pp,,,,,156,156,autovla_misalignment_poc/outputs/temporal_feedback_window/summary.json :: subsets/original token only/A+/rows/delay4_len1/vs_normal/recovery (p in json: mcnemar/wilcoxon)
9 temporal_feedback_window,original token only,A+,delay4_len1,,ade5,0.6453,0.4668,0.7762,m,,,,,156,156,autovla_misalignment_poc/outputs/temporal_feedback_window/summary.json :: subsets/original token only/A+/rows/delay4_len1/level/ade5; fraction: subsets/original token only/A+/fraction/ade5/delay4_len1
9 temporal_feedback_window,original token only,A+,delay4_len1 - normal,,delta ade5 (absolute reduction if negative),-0.1374,-0.1968,-0.0668,m,,,,,156,156,autovla_misalignment_poc/outputs/temporal_feedback_window/summary.json :: subsets/original token only/A+/rows/delay4_len1/vs_normal/ade5 (p in json: mcnemar/wilcoxon)
9 temporal_feedback_window,original token only,A+,delay4_len1,,fde5,1.2654,0.9251,1.4808,m,51.8217,39.4116,60.1425,(Normal - row)/(Normal - GT-history),156,156,autovla_misalignment_poc/outputs/temporal_feedback_window/summary.json :: subsets/original token only/A+/rows/delay4_len1/level/fde5; fraction: subsets/original token only/A+/fraction/fde5/delay4_len1
9 temporal_feedback_window,original token only,A+,delay4_len1 - normal,,delta fde5 (absolute reduction if negative),-0.5054,-0.7348,-0.2544,m,,,,,156,156,autovla_misalignment_poc/outputs/temporal_feedback_window/summary.json :: subsets/original token only/A+/rows/delay4_len1/vs_normal/fde5 (p in json: mcnemar/wilcoxon)
9 temporal_feedback_window,original token only,A+,delay4_len1,,downstream_err,64.2735,55.8198,70.011,%,14.82,9.6876,22.945,(Normal - row)/(Normal - GT-history),156,156,autovla_misalignment_poc/outputs/temporal_feedback_window/summary.json :: subsets/original token only/A+/rows/delay4_len1/level/downstream_err; fraction: subsets/original token only/A+/fraction/downstream_err/delay4_len1
9 temporal_feedback_window,original token only,A+,delay4_len1 - normal,,delta downstream_err (absolute reduction if negative),-6.658,-9.869,-4.354,pp,,,,,156,156,autovla_misalignment_poc/outputs/temporal_feedback_window/summary.json :: subsets/original token only/A+/rows/delay4_len1/vs_normal/downstream_err (p in json: mcnemar/wilcoxon)
9 temporal_feedback_window,original token only,A+,delay2_len2,,amplification,0.641,0.0,1.5075,%,,,,(Normal - row)/(Normal - GT-history),156,156,autovla_misalignment_poc/outputs/temporal_feedback_window/summary.json :: subsets/original token only/A+/rows/delay2_len2/level/amplification; fraction: subsets/original token only/A+/fraction/amplification/delay2_len2
9 temporal_feedback_window,original token only,A+,delay2_len2 - normal,,delta amplification (absolute reduction if negative),0.641,0.0,1.5075,pp,,,,,156,156,autovla_misalignment_poc/outputs/temporal_feedback_window/summary.json :: subsets/original token only/A+/rows/delay2_len2/vs_normal/amplification (p in json: mcnemar/wilcoxon)
9 temporal_feedback_window,original token only,A+,delay2_len2,,recovery,97.4359,95.3014,99.2702,%,-300.0,-700.0,50.0,(Normal - row)/(Normal - GT-history),156,156,autovla_misalignment_poc/outputs/temporal_feedback_window/summary.json :: subsets/original token only/A+/rows/delay2_len2/level/recovery; fraction: subsets/original token only/A+/fraction/recovery/delay2_len2
9 temporal_feedback_window,original token only,A+,delay2_len2 - normal,,delta recovery (absolute reduction if negative),-1.9231,-4.4693,0.8198,pp,,,,,156,156,autovla_misalignment_poc/outputs/temporal_feedback_window/summary.json :: subsets/original token only/A+/rows/delay2_len2/vs_normal/recovery (p in json: mcnemar/wilcoxon)
9 temporal_feedback_window,original token only,A+,delay2_len2,,ade5,0.515,0.3807,0.6191,m,,,,,156,156,autovla_misalignment_poc/outputs/temporal_feedback_window/summary.json :: subsets/original token only/A+/rows/delay2_len2/level/ade5; fraction: subsets/original token only/A+/fraction/ade5/delay2_len2
9 temporal_feedback_window,original token only,A+,delay2_len2 - normal,,delta ade5 (absolute reduction if negative),-0.2678,-0.3626,-0.143,m,,,,,156,156,autovla_misalignment_poc/outputs/temporal_feedback_window/summary.json :: subsets/original token only/A+/rows/delay2_len2/vs_normal/ade5 (p in json: mcnemar/wilcoxon)
9 temporal_feedback_window,original token only,A+,delay2_len2,,fde5,1.0696,0.7843,1.3021,m,71.9012,46.8978,91.3965,(Normal - row)/(Normal - GT-history),156,156,autovla_misalignment_poc/outputs/temporal_feedback_window/summary.json :: subsets/original token only/A+/rows/delay2_len2/level/fde5; fraction: subsets/original token only/A+/fraction/fde5/delay2_len2
9 temporal_feedback_window,original token only,A+,delay2_len2 - normal,,delta fde5 (absolute reduction if negative),-0.7013,-1.0104,-0.354,m,,,,,156,156,autovla_misalignment_poc/outputs/temporal_feedback_window/summary.json :: subsets/original token only/A+/rows/delay2_len2/vs_normal/fde5 (p in json: mcnemar/wilcoxon)
9 temporal_feedback_window,original token only,A+,delay2_len2,,downstream_err,48.1181,42.633,52.9875,%,50.78,44.8249,55.5668,(Normal - row)/(Normal - GT-history),156,156,autovla_misalignment_poc/outputs/temporal_feedback_window/summary.json :: subsets/original token only/A+/rows/delay2_len2/level/downstream_err; fraction: subsets/original token only/A+/fraction/downstream_err/delay2_len2
9 temporal_feedback_window,original token only,A+,delay2_len2 - normal,,delta downstream_err (absolute reduction if negative),-22.8134,-26.5846,-18.1713,pp,,,,,156,156,autovla_misalignment_poc/outputs/temporal_feedback_window/summary.json :: subsets/original token only/A+/rows/delay2_len2/vs_normal/downstream_err (p in json: mcnemar/wilcoxon)
9 temporal_feedback_window,original token only,A+,delay3_len2,,amplification,0.641,0.0,2.2063,%,,,,(Normal - row)/(Normal - GT-history),156,156,autovla_misalignment_poc/outputs/temporal_feedback_window/summary.json :: subsets/original token only/A+/rows/delay3_len2/level/amplification; fraction: subsets/original token only/A+/fraction/amplification/delay3_len2
9 temporal_feedback_window,original token only,A+,delay3_len2 - normal,,delta amplification (absolute reduction if negative),0.641,0.0,2.2063,pp,,,,,156,156,autovla_misalignment_poc/outputs/temporal_feedback_window/summary.json :: subsets/original token only/A+/rows/delay3_len2/vs_normal/amplification (p in json: mcnemar/wilcoxon)
9 temporal_feedback_window,original token only,A+,delay3_len2,,recovery,97.4359,94.9043,99.3106,%,-300.0,-700.0,66.6667,(Normal - row)/(Normal - GT-history),156,156,autovla_misalignment_poc/outputs/temporal_feedback_window/summary.json :: subsets/original token only/A+/rows/delay3_len2/level/recovery; fraction: subsets/original token only/A+/fraction/recovery/delay3_len2
9 temporal_feedback_window,original token only,A+,delay3_len2 - normal,,delta recovery (absolute reduction if negative),-1.9231,-4.7172,0.8264,pp,,,,,156,156,autovla_misalignment_poc/outputs/temporal_feedback_window/summary.json :: subsets/original token only/A+/rows/delay3_len2/vs_normal/recovery (p in json: mcnemar/wilcoxon)
9 temporal_feedback_window,original token only,A+,delay3_len2,,ade5,0.5791,0.4153,0.6973,m,,,,,156,156,autovla_misalignment_poc/outputs/temporal_feedback_window/summary.json :: subsets/original token only/A+/rows/delay3_len2/level/ade5; fraction: subsets/original token only/A+/fraction/ade5/delay3_len2
9 temporal_feedback_window,original token only,A+,delay3_len2 - normal,,delta ade5 (absolute reduction if negative),-0.2037,-0.2867,-0.1194,m,,,,,156,156,autovla_misalignment_poc/outputs/temporal_feedback_window/summary.json :: subsets/original token only/A+/rows/delay3_len2/vs_normal/ade5 (p in json: mcnemar/wilcoxon)
9 temporal_feedback_window,original token only,A+,delay3_len2,,fde5,1.1439,0.7948,1.3833,m,64.2851,47.8832,83.9046,(Normal - row)/(Normal - GT-history),156,156,autovla_misalignment_poc/outputs/temporal_feedback_window/summary.json :: subsets/original token only/A+/rows/delay3_len2/level/fde5; fraction: subsets/original token only/A+/fraction/fde5/delay3_len2
9 temporal_feedback_window,original token only,A+,delay3_len2 - normal,,delta fde5 (absolute reduction if negative),-0.627,-0.924,-0.3604,m,,,,,156,156,autovla_misalignment_poc/outputs/temporal_feedback_window/summary.json :: subsets/original token only/A+/rows/delay3_len2/vs_normal/fde5 (p in json: mcnemar/wilcoxon)
9 temporal_feedback_window,original token only,A+,delay3_len2,,downstream_err,54.783,48.8563,59.6684,%,35.9447,29.6724,41.9367,(Normal - row)/(Normal - GT-history),156,156,autovla_misalignment_poc/outputs/temporal_feedback_window/summary.json :: subsets/original token only/A+/rows/delay3_len2/level/downstream_err; fraction: subsets/original token only/A+/fraction/downstream_err/delay3_len2
9 temporal_feedback_window,original token only,A+,delay3_len2 - normal,,delta downstream_err (absolute reduction if negative),-16.1485,-19.7453,-12.2519,pp,,,,,156,156,autovla_misalignment_poc/outputs/temporal_feedback_window/summary.json :: subsets/original token only/A+/rows/delay3_len2/vs_normal/downstream_err (p in json: mcnemar/wilcoxon)
9 temporal_feedback_window,original token only,A+,skipfirst2_full,,amplification,0.0,0.0,0.0,%,,,,(Normal - row)/(Normal - GT-history),156,156,autovla_misalignment_poc/outputs/temporal_feedback_window/summary.json :: subsets/original token only/A+/rows/skipfirst2_full/level/amplification; fraction: subsets/original token only/A+/fraction/amplification/skipfirst2_full
9 temporal_feedback_window,original token only,A+,skipfirst2_full - normal,,delta amplification (absolute reduction if negative),0.0,0.0,0.0,pp,,,,,156,156,autovla_misalignment_poc/outputs/temporal_feedback_window/summary.json :: subsets/original token only/A+/rows/skipfirst2_full/vs_normal/amplification (p in json: mcnemar/wilcoxon)
9 temporal_feedback_window,original token only,A+,skipfirst2_full,,recovery,100.0,100.0,100.0,%,100.0,100.0,100.0,(Normal - row)/(Normal - GT-history),156,156,autovla_misalignment_poc/outputs/temporal_feedback_window/summary.json :: subsets/original token only/A+/rows/skipfirst2_full/level/recovery; fraction: subsets/original token only/A+/fraction/recovery/skipfirst2_full
9 temporal_feedback_window,original token only,A+,skipfirst2_full - normal,,delta recovery (absolute reduction if negative),0.641,0.0,2.2727,pp,,,,,156,156,autovla_misalignment_poc/outputs/temporal_feedback_window/summary.json :: subsets/original token only/A+/rows/skipfirst2_full/vs_normal/recovery (p in json: mcnemar/wilcoxon)
9 temporal_feedback_window,original token only,A+,skipfirst2_full,,ade5,0.4883,0.3582,0.5935,m,,,,,156,156,autovla_misalignment_poc/outputs/temporal_feedback_window/summary.json :: subsets/original token only/A+/rows/skipfirst2_full/level/ade5; fraction: subsets/original token only/A+/fraction/ade5/skipfirst2_full
9 temporal_feedback_window,original token only,A+,skipfirst2_full - normal,,delta ade5 (absolute reduction if negative),-0.2945,-0.3872,-0.1793,m,,,,,156,156,autovla_misalignment_poc/outputs/temporal_feedback_window/summary.json :: subsets/original token only/A+/rows/skipfirst2_full/vs_normal/ade5 (p in json: mcnemar/wilcoxon)
9 temporal_feedback_window,original token only,A+,skipfirst2_full,,fde5,0.903,0.652,1.094,m,88.9815,77.8389,105.424,(Normal - row)/(Normal - GT-history),156,156,autovla_misalignment_poc/outputs/temporal_feedback_window/summary.json :: subsets/original token only/A+/rows/skipfirst2_full/level/fde5; fraction: subsets/original token only/A+/fraction/fde5/skipfirst2_full
9 temporal_feedback_window,original token only,A+,skipfirst2_full - normal,,delta fde5 (absolute reduction if negative),-0.8679,-1.1675,-0.5249,m,,,,,156,156,autovla_misalignment_poc/outputs/temporal_feedback_window/summary.json :: subsets/original token only/A+/rows/skipfirst2_full/vs_normal/fde5 (p in json: mcnemar/wilcoxon)
9 temporal_feedback_window,original token only,A+,skipfirst2_full,,downstream_err,35.4785,31.6478,39.2424,%,78.9143,75.7782,81.9745,(Normal - row)/(Normal - GT-history),156,156,autovla_misalignment_poc/outputs/temporal_feedback_window/summary.json :: subsets/original token only/A+/rows/skipfirst2_full/level/downstream_err; fraction: subsets/original token only/A+/fraction/downstream_err/skipfirst2_full
9 temporal_feedback_window,original token only,A+,skipfirst2_full - normal,,delta downstream_err (absolute reduction if negative),-35.453,-39.2437,-30.4517,pp,,,,,156,156,autovla_misalignment_poc/outputs/temporal_feedback_window/summary.json :: subsets/original token only/A+/rows/skipfirst2_full/vs_normal/downstream_err (p in json: mcnemar/wilcoxon)
9 temporal_feedback_window,original token only,A+,skipfirst3_full,,amplification,0.641,0.0,2.2063,%,,,,(Normal - row)/(Normal - GT-history),156,156,autovla_misalignment_poc/outputs/temporal_feedback_window/summary.json :: subsets/original token only/A+/rows/skipfirst3_full/level/amplification; fraction: subsets/original token only/A+/fraction/amplification/skipfirst3_full
9 temporal_feedback_window,original token only,A+,skipfirst3_full - normal,,delta amplification (absolute reduction if negative),0.641,0.0,2.2063,pp,,,,,156,156,autovla_misalignment_poc/outputs/temporal_feedback_window/summary.json :: subsets/original token only/A+/rows/skipfirst3_full/vs_normal/amplification (p in json: mcnemar/wilcoxon)
9 temporal_feedback_window,original token only,A+,skipfirst3_full,,recovery,99.359,97.7937,100.0,%,-0.0,-200.0,100.0,(Normal - row)/(Normal - GT-history),156,156,autovla_misalignment_poc/outputs/temporal_feedback_window/summary.json :: subsets/original token only/A+/rows/skipfirst3_full/level/recovery; fraction: subsets/original token only/A+/fraction/recovery/skipfirst3_full
9 temporal_feedback_window,original token only,A+,skipfirst3_full - normal,,delta recovery (absolute reduction if negative),0.0,-1.9608,2.0207,pp,,,,,156,156,autovla_misalignment_poc/outputs/temporal_feedback_window/summary.json :: subsets/original token only/A+/rows/skipfirst3_full/vs_normal/recovery (p in json: mcnemar/wilcoxon)
9 temporal_feedback_window,original token only,A+,skipfirst3_full,,ade5,0.5763,0.4086,0.6995,m,,,,,156,156,autovla_misalignment_poc/outputs/temporal_feedback_window/summary.json :: subsets/original token only/A+/rows/skipfirst3_full/level/ade5; fraction: subsets/original token only/A+/fraction/ade5/skipfirst3_full
9 temporal_feedback_window,original token only,A+,skipfirst3_full - normal,,delta ade5 (absolute reduction if negative),-0.2065,-0.2917,-0.1236,m,,,,,156,156,autovla_misalignment_poc/outputs/temporal_feedback_window/summary.json :: subsets/original token only/A+/rows/skipfirst3_full/vs_normal/ade5 (p in json: mcnemar/wilcoxon)
9 temporal_feedback_window,original token only,A+,skipfirst3_full,,fde5,1.084,0.7419,1.3156,m,70.4194,60.099,85.5748,(Normal - row)/(Normal - GT-history),156,156,autovla_misalignment_poc/outputs/temporal_feedback_window/summary.json :: subsets/original token only/A+/rows/skipfirst3_full/level/fde5; fraction: subsets/original token only/A+/fraction/fde5/skipfirst3_full
9 temporal_feedback_window,original token only,A+,skipfirst3_full - normal,,delta fde5 (absolute reduction if negative),-0.6868,-0.9919,-0.4222,m,,,,,156,156,autovla_misalignment_poc/outputs/temporal_feedback_window/summary.json :: subsets/original token only/A+/rows/skipfirst3_full/vs_normal/fde5 (p in json: mcnemar/wilcoxon)
9 temporal_feedback_window,original token only,A+,skipfirst3_full,,downstream_err,45.3317,41.0051,49.525,%,56.9822,52.2663,60.556,(Normal - row)/(Normal - GT-history),156,156,autovla_misalignment_poc/outputs/temporal_feedback_window/summary.json :: subsets/original token only/A+/rows/skipfirst3_full/level/downstream_err; fraction: subsets/original token only/A+/fraction/downstream_err/skipfirst3_full
9 temporal_feedback_window,original token only,A+,skipfirst3_full - normal,,delta downstream_err (absolute reduction if negative),-25.5998,-29.045,-21.194,pp,,,,,156,156,autovla_misalignment_poc/outputs/temporal_feedback_window/summary.json :: subsets/original token only/A+/rows/skipfirst3_full/vs_normal/downstream_err (p in json: mcnemar/wilcoxon)
9 temporal_feedback_window,t*=0,A-,normal,,amplification,59.4828,41.4286,71.6837,%,,,,,116,17,autovla_misalignment_poc/outputs/temporal_feedback_window/summary.json :: subsets/t*=0/A-/rows/normal/level/amplification; fraction: subsets/t*=0/A-/fraction/amplification/normal
9 temporal_feedback_window,t*=0,A-,normal,,recovery,34.4828,24.3035,50.0113,%,,,,,116,17,autovla_misalignment_poc/outputs/temporal_feedback_window/summary.json :: subsets/t*=0/A-/rows/normal/level/recovery; fraction: subsets/t*=0/A-/fraction/recovery/normal
9 temporal_feedback_window,t*=0,A-,normal,,ade5,3.3832,2.2001,4.6859,m,,,,,116,17,autovla_misalignment_poc/outputs/temporal_feedback_window/summary.json :: subsets/t*=0/A-/rows/normal/level/ade5; fraction: subsets/t*=0/A-/fraction/ade5/normal
9 temporal_feedback_window,t*=0,A-,normal,,fde5,8.6523,5.6463,11.2644,m,,,,,116,17,autovla_misalignment_poc/outputs/temporal_feedback_window/summary.json :: subsets/t*=0/A-/rows/normal/level/fde5; fraction: subsets/t*=0/A-/fraction/fde5/normal
9 temporal_feedback_window,t*=0,A-,normal,,downstream_err,90.0383,84.2009,95.0713,%,,,,,116,17,autovla_misalignment_poc/outputs/temporal_feedback_window/summary.json :: subsets/t*=0/A-/rows/normal/level/downstream_err; fraction: subsets/t*=0/A-/fraction/downstream_err/normal
9 temporal_feedback_window,t*=0,A-,win1,,amplification,41.3793,24.2071,54.888,%,35.5932,23.683,54.0569,(Normal - row)/(Normal - GT-history),116,17,autovla_misalignment_poc/outputs/temporal_feedback_window/summary.json :: subsets/t*=0/A-/rows/win1/level/amplification; fraction: subsets/t*=0/A-/fraction/amplification/win1
9 temporal_feedback_window,t*=0,A-,win1 - normal,,delta amplification (absolute reduction if negative),-18.1034,-24.6764,-10.2546,pp,,,,,116,17,autovla_misalignment_poc/outputs/temporal_feedback_window/summary.json :: subsets/t*=0/A-/rows/win1/vs_normal/amplification (p in json: mcnemar/wilcoxon)
9 temporal_feedback_window,t*=0,A-,win1,,recovery,53.4483,40.6969,68.9664,%,36.0656,25.6395,53.1989,(Normal - row)/(Normal - GT-history),116,17,autovla_misalignment_poc/outputs/temporal_feedback_window/summary.json :: subsets/t*=0/A-/rows/win1/level/recovery; fraction: subsets/t*=0/A-/fraction/recovery/win1
9 temporal_feedback_window,t*=0,A-,win1 - normal,,delta recovery (absolute reduction if negative),18.9655,11.3893,25.0,pp,,,,,116,17,autovla_misalignment_poc/outputs/temporal_feedback_window/summary.json :: subsets/t*=0/A-/rows/win1/vs_normal/recovery (p in json: mcnemar/wilcoxon)
9 temporal_feedback_window,t*=0,A-,win1,,ade5,2.3256,1.4299,3.3109,m,,,,,116,17,autovla_misalignment_poc/outputs/temporal_feedback_window/summary.json :: subsets/t*=0/A-/rows/win1/level/ade5; fraction: subsets/t*=0/A-/fraction/ade5/win1
9 temporal_feedback_window,t*=0,A-,win1 - normal,,delta ade5 (absolute reduction if negative),-1.0576,-1.4824,-0.6668,m,,,,,116,17,autovla_misalignment_poc/outputs/temporal_feedback_window/summary.json :: subsets/t*=0/A-/rows/win1/vs_normal/ade5 (p in json: mcnemar/wilcoxon)
9 temporal_feedback_window,t*=0,A-,win1,,fde5,6.0837,3.4775,8.314,m,45.8667,35.8885,58.5732,(Normal - row)/(Normal - GT-history),116,17,autovla_misalignment_poc/outputs/temporal_feedback_window/summary.json :: subsets/t*=0/A-/rows/win1/level/fde5; fraction: subsets/t*=0/A-/fraction/fde5/win1
9 temporal_feedback_window,t*=0,A-,win1 - normal,,delta fde5 (absolute reduction if negative),-2.5686,-3.3202,-1.6309,m,,,,,116,17,autovla_misalignment_poc/outputs/temporal_feedback_window/summary.json :: subsets/t*=0/A-/rows/win1/vs_normal/fde5 (p in json: mcnemar/wilcoxon)
9 temporal_feedback_window,t*=0,A-,win1,,downstream_err,83.046,75.2994,91.3312,%,13.2007,3.0941,23.9521,(Normal - row)/(Normal - GT-history),116,17,autovla_misalignment_poc/outputs/temporal_feedback_window/summary.json :: subsets/t*=0/A-/rows/win1/level/downstream_err; fraction: subsets/t*=0/A-/fraction/downstream_err/win1
9 temporal_feedback_window,t*=0,A-,win1 - normal,,delta downstream_err (absolute reduction if negative),-6.9923,-12.9633,-1.5242,pp,,,,,116,17,autovla_misalignment_poc/outputs/temporal_feedback_window/summary.json :: subsets/t*=0/A-/rows/win1/vs_normal/downstream_err (p in json: mcnemar/wilcoxon)
9 temporal_feedback_window,t*=0,A-,win2,,amplification,23.2759,6.1216,45.3801,%,71.1864,43.5446,100.0,(Normal - row)/(Normal - GT-history),116,17,autovla_misalignment_poc/outputs/temporal_feedback_window/summary.json :: subsets/t*=0/A-/rows/win2/level/amplification; fraction: subsets/t*=0/A-/fraction/amplification/win2
9 temporal_feedback_window,t*=0,A-,win2 - normal,,delta amplification (absolute reduction if negative),-36.2069,-48.362,-19.6565,pp,,,,,116,17,autovla_misalignment_poc/outputs/temporal_feedback_window/summary.json :: subsets/t*=0/A-/rows/win2/vs_normal/amplification (p in json: mcnemar/wilcoxon)
9 temporal_feedback_window,t*=0,A-,win2,,recovery,68.9655,49.1803,85.4967,%,65.5738,42.8571,86.1174,(Normal - row)/(Normal - GT-history),116,17,autovla_misalignment_poc/outputs/temporal_feedback_window/summary.json :: subsets/t*=0/A-/rows/win2/level/recovery; fraction: subsets/t*=0/A-/fraction/recovery/win2
9 temporal_feedback_window,t*=0,A-,win2 - normal,,delta recovery (absolute reduction if negative),34.4828,18.3673,47.4597,pp,,,,,116,17,autovla_misalignment_poc/outputs/temporal_feedback_window/summary.json :: subsets/t*=0/A-/rows/win2/vs_normal/recovery (p in json: mcnemar/wilcoxon)
9 temporal_feedback_window,t*=0,A-,win2,,ade5,1.7113,0.8914,2.7925,m,,,,,116,17,autovla_misalignment_poc/outputs/temporal_feedback_window/summary.json :: subsets/t*=0/A-/rows/win2/level/ade5; fraction: subsets/t*=0/A-/fraction/ade5/win2
9 temporal_feedback_window,t*=0,A-,win2 - normal,,delta ade5 (absolute reduction if negative),-1.6719,-2.0719,-1.1302,m,,,,,116,17,autovla_misalignment_poc/outputs/temporal_feedback_window/summary.json :: subsets/t*=0/A-/rows/win2/vs_normal/ade5 (p in json: mcnemar/wilcoxon)
9 temporal_feedback_window,t*=0,A-,win2,,fde5,4.2062,2.0795,6.6736,m,79.393,70.1405,88.4134,(Normal - row)/(Normal - GT-history),116,17,autovla_misalignment_poc/outputs/temporal_feedback_window/summary.json :: subsets/t*=0/A-/rows/win2/level/fde5; fraction: subsets/t*=0/A-/fraction/fde5/win2
9 temporal_feedback_window,t*=0,A-,win2 - normal,,delta fde5 (absolute reduction if negative),-4.4461,-5.6743,-2.9768,m,,,,,116,17,autovla_misalignment_poc/outputs/temporal_feedback_window/summary.json :: subsets/t*=0/A-/rows/win2/vs_normal/fde5 (p in json: mcnemar/wilcoxon)
9 temporal_feedback_window,t*=0,A-,win2,,downstream_err,67.5287,54.6659,82.2455,%,42.4955,22.7554,57.2021,(Normal - row)/(Normal - GT-history),116,17,autovla_misalignment_poc/outputs/temporal_feedback_window/summary.json :: subsets/t*=0/A-/rows/win2/level/downstream_err; fraction: subsets/t*=0/A-/fraction/downstream_err/win2
9 temporal_feedback_window,t*=0,A-,win2 - normal,,delta downstream_err (absolute reduction if negative),-22.5096,-32.2144,-11.0072,pp,,,,,116,17,autovla_misalignment_poc/outputs/temporal_feedback_window/summary.json :: subsets/t*=0/A-/rows/win2/vs_normal/downstream_err (p in json: mcnemar/wilcoxon)
9 temporal_feedback_window,t*=0,A-,win3,,amplification,18.9655,3.7366,39.8347,%,79.661,51.7241,100.0,(Normal - row)/(Normal - GT-history),116,17,autovla_misalignment_poc/outputs/temporal_feedback_window/summary.json :: subsets/t*=0/A-/rows/win3/level/amplification; fraction: subsets/t*=0/A-/fraction/amplification/win3
9 temporal_feedback_window,t*=0,A-,win3 - normal,,delta amplification (absolute reduction if negative),-40.5172,-55.9142,-23.2552,pp,,,,,116,17,autovla_misalignment_poc/outputs/temporal_feedback_window/summary.json :: subsets/t*=0/A-/rows/win3/vs_normal/amplification (p in json: mcnemar/wilcoxon)
9 temporal_feedback_window,t*=0,A-,win3,,recovery,73.2759,53.2109,90.1679,%,73.7705,50.0,100.0,(Normal - row)/(Normal - GT-history),116,17,autovla_misalignment_poc/outputs/temporal_feedback_window/summary.json :: subsets/t*=0/A-/rows/win3/level/recovery; fraction: subsets/t*=0/A-/fraction/recovery/win3
9 temporal_feedback_window,t*=0,A-,win3 - normal,,delta recovery (absolute reduction if negative),38.7931,21.7357,54.9453,pp,,,,,116,17,autovla_misalignment_poc/outputs/temporal_feedback_window/summary.json :: subsets/t*=0/A-/rows/win3/vs_normal/recovery (p in json: mcnemar/wilcoxon)
9 temporal_feedback_window,t*=0,A-,win3,,ade5,1.5997,0.8173,2.6784,m,,,,,116,17,autovla_misalignment_poc/outputs/temporal_feedback_window/summary.json :: subsets/t*=0/A-/rows/win3/level/ade5; fraction: subsets/t*=0/A-/fraction/ade5/win3
9 temporal_feedback_window,t*=0,A-,win3 - normal,,delta ade5 (absolute reduction if negative),-1.7835,-2.154,-1.2677,m,,,,,116,17,autovla_misalignment_poc/outputs/temporal_feedback_window/summary.json :: subsets/t*=0/A-/rows/win3/vs_normal/ade5 (p in json: mcnemar/wilcoxon)
9 temporal_feedback_window,t*=0,A-,win3,,fde5,3.7563,1.8376,6.1616,m,87.4263,77.1849,97.1364,(Normal - row)/(Normal - GT-history),116,17,autovla_misalignment_poc/outputs/temporal_feedback_window/summary.json :: subsets/t*=0/A-/rows/win3/level/fde5; fraction: subsets/t*=0/A-/fraction/fde5/win3
9 temporal_feedback_window,t*=0,A-,win3 - normal,,delta fde5 (absolute reduction if negative),-4.8959,-6.0655,-3.4177,m,,,,,116,17,autovla_misalignment_poc/outputs/temporal_feedback_window/summary.json :: subsets/t*=0/A-/rows/win3/vs_normal/fde5 (p in json: mcnemar/wilcoxon)
9 temporal_feedback_window,t*=0,A-,win3,,downstream_err,58.2375,46.2191,72.078,%,60.0362,42.7126,72.0532,(Normal - row)/(Normal - GT-history),116,17,autovla_misalignment_poc/outputs/temporal_feedback_window/summary.json :: subsets/t*=0/A-/rows/win3/level/downstream_err; fraction: subsets/t*=0/A-/fraction/downstream_err/win3
9 temporal_feedback_window,t*=0,A-,win3 - normal,,delta downstream_err (absolute reduction if negative),-31.8008,-40.4765,-20.9037,pp,,,,,116,17,autovla_misalignment_poc/outputs/temporal_feedback_window/summary.json :: subsets/t*=0/A-/rows/win3/vs_normal/downstream_err (p in json: mcnemar/wilcoxon)
9 temporal_feedback_window,t*=0,A-,win4,,amplification,13.7931,3.7366,25.3752,%,89.8305,82.6087,100.0,(Normal - row)/(Normal - GT-history),116,17,autovla_misalignment_poc/outputs/temporal_feedback_window/summary.json :: subsets/t*=0/A-/rows/win4/level/amplification; fraction: subsets/t*=0/A-/fraction/amplification/win4
9 temporal_feedback_window,t*=0,A-,win4 - normal,,delta amplification (absolute reduction if negative),-45.6897,-56.7568,-32.5836,pp,,,,,116,17,autovla_misalignment_poc/outputs/temporal_feedback_window/summary.json :: subsets/t*=0/A-/rows/win4/vs_normal/amplification (p in json: mcnemar/wilcoxon)
9 temporal_feedback_window,t*=0,A-,win4,,recovery,78.4483,66.213,90.6553,%,83.6066,71.1538,100.0,(Normal - row)/(Normal - GT-history),116,17,autovla_misalignment_poc/outputs/temporal_feedback_window/summary.json :: subsets/t*=0/A-/rows/win4/level/recovery; fraction: subsets/t*=0/A-/fraction/recovery/win4
9 temporal_feedback_window,t*=0,A-,win4 - normal,,delta recovery (absolute reduction if negative),43.9655,30.5779,55.8636,pp,,,,,116,17,autovla_misalignment_poc/outputs/temporal_feedback_window/summary.json :: subsets/t*=0/A-/rows/win4/vs_normal/recovery (p in json: mcnemar/wilcoxon)
9 temporal_feedback_window,t*=0,A-,win4,,ade5,1.5091,0.8133,2.4247,m,,,,,116,17,autovla_misalignment_poc/outputs/temporal_feedback_window/summary.json :: subsets/t*=0/A-/rows/win4/level/ade5; fraction: subsets/t*=0/A-/fraction/ade5/win4
9 temporal_feedback_window,t*=0,A-,win4 - normal,,delta ade5 (absolute reduction if negative),-1.874,-2.3477,-1.3,m,,,,,116,17,autovla_misalignment_poc/outputs/temporal_feedback_window/summary.json :: subsets/t*=0/A-/rows/win4/vs_normal/ade5 (p in json: mcnemar/wilcoxon)
9 temporal_feedback_window,t*=0,A-,win4,,fde5,3.3536,1.8146,5.1196,m,94.6183,90.3084,100.0525,(Normal - row)/(Normal - GT-history),116,17,autovla_misalignment_poc/outputs/temporal_feedback_window/summary.json :: subsets/t*=0/A-/rows/win4/level/fde5; fraction: subsets/t*=0/A-/fraction/fde5/win4
9 temporal_feedback_window,t*=0,A-,win4 - normal,,delta fde5 (absolute reduction if negative),-5.2987,-6.565,-3.5787,m,,,,,116,17,autovla_misalignment_poc/outputs/temporal_feedback_window/summary.json :: subsets/t*=0/A-/rows/win4/vs_normal/fde5 (p in json: mcnemar/wilcoxon)
9 temporal_feedback_window,t*=0,A-,win4,,downstream_err,50.5747,41.572,60.3512,%,74.5027,66.7369,81.6794,(Normal - row)/(Normal - GT-history),116,17,autovla_misalignment_poc/outputs/temporal_feedback_window/summary.json :: subsets/t*=0/A-/rows/win4/level/downstream_err; fraction: subsets/t*=0/A-/fraction/downstream_err/win4
9 temporal_feedback_window,t*=0,A-,win4 - normal,,delta downstream_err (absolute reduction if negative),-39.4636,-45.6469,-32.5685,pp,,,,,116,17,autovla_misalignment_poc/outputs/temporal_feedback_window/summary.json :: subsets/t*=0/A-/rows/win4/vs_normal/downstream_err (p in json: mcnemar/wilcoxon)
9 temporal_feedback_window,t*=0,A-,win5,,amplification,12.069,3.7366,21.3742,%,93.2203,85.1852,100.0,(Normal - row)/(Normal - GT-history),116,17,autovla_misalignment_poc/outputs/temporal_feedback_window/summary.json :: subsets/t*=0/A-/rows/win5/level/amplification; fraction: subsets/t*=0/A-/fraction/amplification/win5
9 temporal_feedback_window,t*=0,A-,win5 - normal,,delta amplification (absolute reduction if negative),-47.4138,-57.8444,-33.7329,pp,,,,,116,17,autovla_misalignment_poc/outputs/temporal_feedback_window/summary.json :: subsets/t*=0/A-/rows/win5/vs_normal/amplification (p in json: mcnemar/wilcoxon)
9 temporal_feedback_window,t*=0,A-,win5,,recovery,79.3103,68.2208,90.8163,%,85.2459,72.0,100.0,(Normal - row)/(Normal - GT-history),116,17,autovla_misalignment_poc/outputs/temporal_feedback_window/summary.json :: subsets/t*=0/A-/rows/win5/level/recovery; fraction: subsets/t*=0/A-/fraction/recovery/win5
9 temporal_feedback_window,t*=0,A-,win5 - normal,,delta recovery (absolute reduction if negative),44.8276,31.428,56.3503,pp,,,,,116,17,autovla_misalignment_poc/outputs/temporal_feedback_window/summary.json :: subsets/t*=0/A-/rows/win5/vs_normal/recovery (p in json: mcnemar/wilcoxon)
9 temporal_feedback_window,t*=0,A-,win5,,ade5,1.5124,0.8084,2.4383,m,,,,,116,17,autovla_misalignment_poc/outputs/temporal_feedback_window/summary.json :: subsets/t*=0/A-/rows/win5/level/ade5; fraction: subsets/t*=0/A-/fraction/ade5/win5
9 temporal_feedback_window,t*=0,A-,win5 - normal,,delta ade5 (absolute reduction if negative),-1.8707,-2.346,-1.2916,m,,,,,116,17,autovla_misalignment_poc/outputs/temporal_feedback_window/summary.json :: subsets/t*=0/A-/rows/win5/vs_normal/ade5 (p in json: mcnemar/wilcoxon)
9 temporal_feedback_window,t*=0,A-,win5,,fde5,3.3543,1.7707,5.1244,m,94.606,90.3467,99.5219,(Normal - row)/(Normal - GT-history),116,17,autovla_misalignment_poc/outputs/temporal_feedback_window/summary.json :: subsets/t*=0/A-/rows/win5/level/fde5; fraction: subsets/t*=0/A-/fraction/fde5/win5
9 temporal_feedback_window,t*=0,A-,win5 - normal,,delta fde5 (absolute reduction if negative),-5.298,-6.5918,-3.5574,m,,,,,116,17,autovla_misalignment_poc/outputs/temporal_feedback_window/summary.json :: subsets/t*=0/A-/rows/win5/vs_normal/fde5 (p in json: mcnemar/wilcoxon)
9 temporal_feedback_window,t*=0,A-,win5,,downstream_err,46.0728,38.3328,54.7404,%,83.0018,78.3131,87.9456,(Normal - row)/(Normal - GT-history),116,17,autovla_misalignment_poc/outputs/temporal_feedback_window/summary.json :: subsets/t*=0/A-/rows/win5/level/downstream_err; fraction: subsets/t*=0/A-/fraction/downstream_err/win5
9 temporal_feedback_window,t*=0,A-,win5 - normal,,delta downstream_err (absolute reduction if negative),-43.9655,-49.2231,-37.4251,pp,,,,,116,17,autovla_misalignment_poc/outputs/temporal_feedback_window/summary.json :: subsets/t*=0/A-/rows/win5/vs_normal/downstream_err (p in json: mcnemar/wilcoxon)
9 temporal_feedback_window,t*=0,A-,win6,,amplification,8.6207,0.7406,19.1921,%,100.0,100.0,100.0,(Normal - row)/(Normal - GT-history),116,17,autovla_misalignment_poc/outputs/temporal_feedback_window/summary.json :: subsets/t*=0/A-/rows/win6/level/amplification; fraction: subsets/t*=0/A-/fraction/amplification/win6
9 temporal_feedback_window,t*=0,A-,win6 - normal,,delta amplification (absolute reduction if negative),-50.8621,-63.5595,-33.7329,pp,,,,,116,17,autovla_misalignment_poc/outputs/temporal_feedback_window/summary.json :: subsets/t*=0/A-/rows/win6/vs_normal/amplification (p in json: mcnemar/wilcoxon)
9 temporal_feedback_window,t*=0,A-,win6,,recovery,87.069,73.1329,97.0812,%,100.0,100.0,100.0,(Normal - row)/(Normal - GT-history),116,17,autovla_misalignment_poc/outputs/temporal_feedback_window/summary.json :: subsets/t*=0/A-/rows/win6/level/recovery; fraction: subsets/t*=0/A-/fraction/recovery/win6
9 temporal_feedback_window,t*=0,A-,win6 - normal,,delta recovery (absolute reduction if negative),52.5862,35.0479,64.9136,pp,,,,,116,17,autovla_misalignment_poc/outputs/temporal_feedback_window/summary.json :: subsets/t*=0/A-/rows/win6/vs_normal/recovery (p in json: mcnemar/wilcoxon)
9 temporal_feedback_window,t*=0,A-,win6,,ade5,1.4644,0.7306,2.4327,m,,,,,116,17,autovla_misalignment_poc/outputs/temporal_feedback_window/summary.json :: subsets/t*=0/A-/rows/win6/level/ade5; fraction: subsets/t*=0/A-/fraction/ade5/win6
9 temporal_feedback_window,t*=0,A-,win6 - normal,,delta ade5 (absolute reduction if negative),-1.9188,-2.3821,-1.3226,m,,,,,116,17,autovla_misalignment_poc/outputs/temporal_feedback_window/summary.json :: subsets/t*=0/A-/rows/win6/vs_normal/ade5 (p in json: mcnemar/wilcoxon)
9 temporal_feedback_window,t*=0,A-,win6,,fde5,3.0861,1.4562,5.0435,m,99.3952,98.9595,99.8991,(Normal - row)/(Normal - GT-history),116,17,autovla_misalignment_poc/outputs/temporal_feedback_window/summary.json :: subsets/t*=0/A-/rows/win6/level/fde5; fraction: subsets/t*=0/A-/fraction/fde5/win6
9 temporal_feedback_window,t*=0,A-,win6 - normal,,delta fde5 (absolute reduction if negative),-5.5662,-6.8994,-3.7504,m,,,,,116,17,autovla_misalignment_poc/outputs/temporal_feedback_window/summary.json :: subsets/t*=0/A-/rows/win6/vs_normal/fde5 (p in json: mcnemar/wilcoxon)
9 temporal_feedback_window,t*=0,A-,win6,,downstream_err,41.1877,31.9864,52.4133,%,92.2242,86.6396,96.2383,(Normal - row)/(Normal - GT-history),116,17,autovla_misalignment_poc/outputs/temporal_feedback_window/summary.json :: subsets/t*=0/A-/rows/win6/level/downstream_err; fraction: subsets/t*=0/A-/fraction/downstream_err/win6
9 temporal_feedback_window,t*=0,A-,win6 - normal,,delta downstream_err (absolute reduction if negative),-48.8506,-54.7363,-40.8565,pp,,,,,116,17,autovla_misalignment_poc/outputs/temporal_feedback_window/summary.json :: subsets/t*=0/A-/rows/win6/vs_normal/downstream_err (p in json: mcnemar/wilcoxon)
9 temporal_feedback_window,t*=0,A-,win7,,amplification,8.6207,0.7406,19.1921,%,100.0,100.0,100.0,(Normal - row)/(Normal - GT-history),116,17,autovla_misalignment_poc/outputs/temporal_feedback_window/summary.json :: subsets/t*=0/A-/rows/win7/level/amplification; fraction: subsets/t*=0/A-/fraction/amplification/win7
9 temporal_feedback_window,t*=0,A-,win7 - normal,,delta amplification (absolute reduction if negative),-50.8621,-63.5595,-33.7329,pp,,,,,116,17,autovla_misalignment_poc/outputs/temporal_feedback_window/summary.json :: subsets/t*=0/A-/rows/win7/vs_normal/amplification (p in json: mcnemar/wilcoxon)
9 temporal_feedback_window,t*=0,A-,win7,,recovery,87.069,73.1329,97.0812,%,100.0,100.0,100.0,(Normal - row)/(Normal - GT-history),116,17,autovla_misalignment_poc/outputs/temporal_feedback_window/summary.json :: subsets/t*=0/A-/rows/win7/level/recovery; fraction: subsets/t*=0/A-/fraction/recovery/win7
9 temporal_feedback_window,t*=0,A-,win7 - normal,,delta recovery (absolute reduction if negative),52.5862,35.0479,64.9136,pp,,,,,116,17,autovla_misalignment_poc/outputs/temporal_feedback_window/summary.json :: subsets/t*=0/A-/rows/win7/vs_normal/recovery (p in json: mcnemar/wilcoxon)
9 temporal_feedback_window,t*=0,A-,win7,,ade5,1.461,0.7304,2.426,m,,,,,116,17,autovla_misalignment_poc/outputs/temporal_feedback_window/summary.json :: subsets/t*=0/A-/rows/win7/level/ade5; fraction: subsets/t*=0/A-/fraction/ade5/win7
9 temporal_feedback_window,t*=0,A-,win7 - normal,,delta ade5 (absolute reduction if negative),-1.9222,-2.3864,-1.3281,m,,,,,116,17,autovla_misalignment_poc/outputs/temporal_feedback_window/summary.json :: subsets/t*=0/A-/rows/win7/vs_normal/ade5 (p in json: mcnemar/wilcoxon)
9 temporal_feedback_window,t*=0,A-,win7,,fde5,3.0624,1.4464,4.9854,m,99.818,99.6042,100.0119,(Normal - row)/(Normal - GT-history),116,17,autovla_misalignment_poc/outputs/temporal_feedback_window/summary.json :: subsets/t*=0/A-/rows/win7/level/fde5; fraction: subsets/t*=0/A-/fraction/fde5/win7
9 temporal_feedback_window,t*=0,A-,win7 - normal,,delta fde5 (absolute reduction if negative),-5.5899,-6.9316,-3.7565,m,,,,,116,17,autovla_misalignment_poc/outputs/temporal_feedback_window/summary.json :: subsets/t*=0/A-/rows/win7/vs_normal/fde5 (p in json: mcnemar/wilcoxon)
9 temporal_feedback_window,t*=0,A-,win7,,downstream_err,38.41,30.5082,47.5181,%,97.4684,93.7613,100.0,(Normal - row)/(Normal - GT-history),116,17,autovla_misalignment_poc/outputs/temporal_feedback_window/summary.json :: subsets/t*=0/A-/rows/win7/level/downstream_err; fraction: subsets/t*=0/A-/fraction/downstream_err/win7
9 temporal_feedback_window,t*=0,A-,win7 - normal,,delta downstream_err (absolute reduction if negative),-51.6284,-56.1159,-44.9891,pp,,,,,116,17,autovla_misalignment_poc/outputs/temporal_feedback_window/summary.json :: subsets/t*=0/A-/rows/win7/vs_normal/downstream_err (p in json: mcnemar/wilcoxon)
9 temporal_feedback_window,t*=0,A-,win8,,amplification,8.6207,0.7406,19.1921,%,100.0,100.0,100.0,(Normal - row)/(Normal - GT-history),116,17,autovla_misalignment_poc/outputs/temporal_feedback_window/summary.json :: subsets/t*=0/A-/rows/win8/level/amplification; fraction: subsets/t*=0/A-/fraction/amplification/win8
9 temporal_feedback_window,t*=0,A-,win8 - normal,,delta amplification (absolute reduction if negative),-50.8621,-63.5595,-33.7329,pp,,,,,116,17,autovla_misalignment_poc/outputs/temporal_feedback_window/summary.json :: subsets/t*=0/A-/rows/win8/vs_normal/amplification (p in json: mcnemar/wilcoxon)
9 temporal_feedback_window,t*=0,A-,win8,,recovery,87.069,73.1329,97.0812,%,100.0,100.0,100.0,(Normal - row)/(Normal - GT-history),116,17,autovla_misalignment_poc/outputs/temporal_feedback_window/summary.json :: subsets/t*=0/A-/rows/win8/level/recovery; fraction: subsets/t*=0/A-/fraction/recovery/win8
9 temporal_feedback_window,t*=0,A-,win8 - normal,,delta recovery (absolute reduction if negative),52.5862,35.0479,64.9136,pp,,,,,116,17,autovla_misalignment_poc/outputs/temporal_feedback_window/summary.json :: subsets/t*=0/A-/rows/win8/vs_normal/recovery (p in json: mcnemar/wilcoxon)
9 temporal_feedback_window,t*=0,A-,win8,,ade5,1.46,0.7302,2.4261,m,,,,,116,17,autovla_misalignment_poc/outputs/temporal_feedback_window/summary.json :: subsets/t*=0/A-/rows/win8/level/ade5; fraction: subsets/t*=0/A-/fraction/ade5/win8
9 temporal_feedback_window,t*=0,A-,win8 - normal,,delta ade5 (absolute reduction if negative),-1.9232,-2.388,-1.3281,m,,,,,116,17,autovla_misalignment_poc/outputs/temporal_feedback_window/summary.json :: subsets/t*=0/A-/rows/win8/vs_normal/ade5 (p in json: mcnemar/wilcoxon)
9 temporal_feedback_window,t*=0,A-,win8,,fde5,3.0522,1.4429,4.984,m,100.0,100.0,100.0,(Normal - row)/(Normal - GT-history),116,17,autovla_misalignment_poc/outputs/temporal_feedback_window/summary.json :: subsets/t*=0/A-/rows/win8/level/fde5; fraction: subsets/t*=0/A-/fraction/fde5/win8
9 temporal_feedback_window,t*=0,A-,win8 - normal,,delta fde5 (absolute reduction if negative),-5.6001,-6.9483,-3.7563,m,,,,,116,17,autovla_misalignment_poc/outputs/temporal_feedback_window/summary.json :: subsets/t*=0/A-/rows/win8/vs_normal/fde5 (p in json: mcnemar/wilcoxon)
9 temporal_feedback_window,t*=0,A-,win8,,downstream_err,37.069,29.7011,45.9336,%,100.0,100.0,100.0,(Normal - row)/(Normal - GT-history),116,17,autovla_misalignment_poc/outputs/temporal_feedback_window/summary.json :: subsets/t*=0/A-/rows/win8/level/downstream_err; fraction: subsets/t*=0/A-/fraction/downstream_err/win8
9 temporal_feedback_window,t*=0,A-,win8 - normal,,delta downstream_err (absolute reduction if negative),-52.9693,-57.4077,-46.833,pp,,,,,116,17,autovla_misalignment_poc/outputs/temporal_feedback_window/summary.json :: subsets/t*=0/A-/rows/win8/vs_normal/downstream_err (p in json: mcnemar/wilcoxon)
9 temporal_feedback_window,t*=0,A-,gt_history,,amplification,8.6207,0.7406,19.1921,%,,,,,116,17,autovla_misalignment_poc/outputs/temporal_feedback_window/summary.json :: subsets/t*=0/A-/rows/gt_history/level/amplification; fraction: subsets/t*=0/A-/fraction/amplification/gt_history
9 temporal_feedback_window,t*=0,A-,gt_history - normal,,delta amplification (absolute reduction if negative),-50.8621,-63.5595,-33.7329,pp,,,,,116,17,autovla_misalignment_poc/outputs/temporal_feedback_window/summary.json :: subsets/t*=0/A-/rows/gt_history/vs_normal/amplification (p in json: mcnemar/wilcoxon)
9 temporal_feedback_window,t*=0,A-,gt_history,,recovery,87.069,73.1329,97.0812,%,,,,,116,17,autovla_misalignment_poc/outputs/temporal_feedback_window/summary.json :: subsets/t*=0/A-/rows/gt_history/level/recovery; fraction: subsets/t*=0/A-/fraction/recovery/gt_history
9 temporal_feedback_window,t*=0,A-,gt_history - normal,,delta recovery (absolute reduction if negative),52.5862,35.0479,64.9136,pp,,,,,116,17,autovla_misalignment_poc/outputs/temporal_feedback_window/summary.json :: subsets/t*=0/A-/rows/gt_history/vs_normal/recovery (p in json: mcnemar/wilcoxon)
9 temporal_feedback_window,t*=0,A-,gt_history,,ade5,1.46,0.7302,2.4261,m,,,,,116,17,autovla_misalignment_poc/outputs/temporal_feedback_window/summary.json :: subsets/t*=0/A-/rows/gt_history/level/ade5; fraction: subsets/t*=0/A-/fraction/ade5/gt_history
9 temporal_feedback_window,t*=0,A-,gt_history - normal,,delta ade5 (absolute reduction if negative),-1.9232,-2.388,-1.3281,m,,,,,116,17,autovla_misalignment_poc/outputs/temporal_feedback_window/summary.json :: subsets/t*=0/A-/rows/gt_history/vs_normal/ade5 (p in json: mcnemar/wilcoxon)
9 temporal_feedback_window,t*=0,A-,gt_history,,fde5,3.0522,1.4429,4.984,m,,,,,116,17,autovla_misalignment_poc/outputs/temporal_feedback_window/summary.json :: subsets/t*=0/A-/rows/gt_history/level/fde5; fraction: subsets/t*=0/A-/fraction/fde5/gt_history
9 temporal_feedback_window,t*=0,A-,gt_history - normal,,delta fde5 (absolute reduction if negative),-5.6001,-6.9483,-3.7563,m,,,,,116,17,autovla_misalignment_poc/outputs/temporal_feedback_window/summary.json :: subsets/t*=0/A-/rows/gt_history/vs_normal/fde5 (p in json: mcnemar/wilcoxon)
9 temporal_feedback_window,t*=0,A-,gt_history,,downstream_err,37.069,29.7011,45.9336,%,,,,,116,17,autovla_misalignment_poc/outputs/temporal_feedback_window/summary.json :: subsets/t*=0/A-/rows/gt_history/level/downstream_err; fraction: subsets/t*=0/A-/fraction/downstream_err/gt_history
9 temporal_feedback_window,t*=0,A-,gt_history - normal,,delta downstream_err (absolute reduction if negative),-52.9693,-57.4077,-46.833,pp,,,,,116,17,autovla_misalignment_poc/outputs/temporal_feedback_window/summary.json :: subsets/t*=0/A-/rows/gt_history/vs_normal/downstream_err (p in json: mcnemar/wilcoxon)
9 temporal_feedback_window,t*=0,A-,delay2_len1,,amplification,25.8621,10.4755,44.7653,%,66.1017,43.9014,83.6747,(Normal - row)/(Normal - GT-history),116,17,autovla_misalignment_poc/outputs/temporal_feedback_window/summary.json :: subsets/t*=0/A-/rows/delay2_len1/level/amplification; fraction: subsets/t*=0/A-/fraction/amplification/delay2_len1
9 temporal_feedback_window,t*=0,A-,delay2_len1 - normal,,delta amplification (absolute reduction if negative),-33.6207,-46.6189,-18.9631,pp,,,,,116,17,autovla_misalignment_poc/outputs/temporal_feedback_window/summary.json :: subsets/t*=0/A-/rows/delay2_len1/vs_normal/amplification (p in json: mcnemar/wilcoxon)
9 temporal_feedback_window,t*=0,A-,delay2_len1,,recovery,64.6552,46.6007,80.7026,%,57.377,35.5556,75.0102,(Normal - row)/(Normal - GT-history),116,17,autovla_misalignment_poc/outputs/temporal_feedback_window/summary.json :: subsets/t*=0/A-/rows/delay2_len1/level/recovery; fraction: subsets/t*=0/A-/fraction/recovery/delay2_len1
9 temporal_feedback_window,t*=0,A-,delay2_len1 - normal,,delta recovery (absolute reduction if negative),30.1724,14.8138,43.9503,pp,,,,,116,17,autovla_misalignment_poc/outputs/temporal_feedback_window/summary.json :: subsets/t*=0/A-/rows/delay2_len1/vs_normal/recovery (p in json: mcnemar/wilcoxon)
9 temporal_feedback_window,t*=0,A-,delay2_len1,,ade5,2.2121,1.2427,3.4286,m,,,,,116,17,autovla_misalignment_poc/outputs/temporal_feedback_window/summary.json :: subsets/t*=0/A-/rows/delay2_len1/level/ade5; fraction: subsets/t*=0/A-/fraction/ade5/delay2_len1
9 temporal_feedback_window,t*=0,A-,delay2_len1 - normal,,delta ade5 (absolute reduction if negative),-1.171,-1.391,-0.8794,m,,,,,116,17,autovla_misalignment_poc/outputs/temporal_feedback_window/summary.json :: subsets/t*=0/A-/rows/delay2_len1/vs_normal/ade5 (p in json: mcnemar/wilcoxon)
9 temporal_feedback_window,t*=0,A-,delay2_len1,,fde5,5.38,2.8748,7.9982,m,58.4326,48.194,74.4601,(Normal - row)/(Normal - GT-history),116,17,autovla_misalignment_poc/outputs/temporal_feedback_window/summary.json :: subsets/t*=0/A-/rows/delay2_len1/level/fde5; fraction: subsets/t*=0/A-/fraction/fde5/delay2_len1
9 temporal_feedback_window,t*=0,A-,delay2_len1 - normal,,delta fde5 (absolute reduction if negative),-3.2723,-3.9474,-2.4116,m,,,,,116,17,autovla_misalignment_poc/outputs/temporal_feedback_window/summary.json :: subsets/t*=0/A-/rows/delay2_len1/vs_normal/fde5 (p in json: mcnemar/wilcoxon)
9 temporal_feedback_window,t*=0,A-,delay2_len1,,downstream_err,80.0766,68.6941,91.0258,%,18.8065,6.7794,28.8435,(Normal - row)/(Normal - GT-history),116,17,autovla_misalignment_poc/outputs/temporal_feedback_window/summary.json :: subsets/t*=0/A-/rows/delay2_len1/level/downstream_err; fraction: subsets/t*=0/A-/fraction/downstream_err/delay2_len1
9 temporal_feedback_window,t*=0,A-,delay2_len1 - normal,,delta downstream_err (absolute reduction if negative),-9.9617,-15.6826,-3.2407,pp,,,,,116,17,autovla_misalignment_poc/outputs/temporal_feedback_window/summary.json :: subsets/t*=0/A-/rows/delay2_len1/vs_normal/downstream_err (p in json: mcnemar/wilcoxon)
9 temporal_feedback_window,t*=0,A-,delay3_len1,,amplification,25.0,8.8889,47.109,%,67.7966,36.1058,88.0597,(Normal - row)/(Normal - GT-history),116,17,autovla_misalignment_poc/outputs/temporal_feedback_window/summary.json :: subsets/t*=0/A-/rows/delay3_len1/level/amplification; fraction: subsets/t*=0/A-/fraction/amplification/delay3_len1
9 temporal_feedback_window,t*=0,A-,delay3_len1 - normal,,delta amplification (absolute reduction if negative),-34.4828,-53.1257,-14.2857,pp,,,,,116,17,autovla_misalignment_poc/outputs/temporal_feedback_window/summary.json :: subsets/t*=0/A-/rows/delay3_len1/vs_normal/amplification (p in json: mcnemar/wilcoxon)
9 temporal_feedback_window,t*=0,A-,delay3_len1,,recovery,67.2414,46.0852,84.8512,%,62.2951,30.7692,83.5827,(Normal - row)/(Normal - GT-history),116,17,autovla_misalignment_poc/outputs/temporal_feedback_window/summary.json :: subsets/t*=0/A-/rows/delay3_len1/level/recovery; fraction: subsets/t*=0/A-/fraction/recovery/delay3_len1
9 temporal_feedback_window,t*=0,A-,delay3_len1 - normal,,delta recovery (absolute reduction if negative),32.7586,11.9388,51.9487,pp,,,,,116,17,autovla_misalignment_poc/outputs/temporal_feedback_window/summary.json :: subsets/t*=0/A-/rows/delay3_len1/vs_normal/recovery (p in json: mcnemar/wilcoxon)
9 temporal_feedback_window,t*=0,A-,delay3_len1,,ade5,2.2804,1.3557,3.4437,m,,,,,116,17,autovla_misalignment_poc/outputs/temporal_feedback_window/summary.json :: subsets/t*=0/A-/rows/delay3_len1/level/ade5; fraction: subsets/t*=0/A-/fraction/ade5/delay3_len1
9 temporal_feedback_window,t*=0,A-,delay3_len1 - normal,,delta ade5 (absolute reduction if negative),-1.1028,-1.3242,-0.7945,m,,,,,116,17,autovla_misalignment_poc/outputs/temporal_feedback_window/summary.json :: subsets/t*=0/A-/rows/delay3_len1/vs_normal/ade5 (p in json: mcnemar/wilcoxon)
9 temporal_feedback_window,t*=0,A-,delay3_len1,,fde5,5.066,2.9427,7.2885,m,64.0387,58.0939,73.6709,(Normal - row)/(Normal - GT-history),116,17,autovla_misalignment_poc/outputs/temporal_feedback_window/summary.json :: subsets/t*=0/A-/rows/delay3_len1/level/fde5; fraction: subsets/t*=0/A-/fraction/fde5/delay3_len1
9 temporal_feedback_window,t*=0,A-,delay3_len1 - normal,,delta fde5 (absolute reduction if negative),-3.5862,-4.3356,-2.4738,m,,,,,116,17,autovla_misalignment_poc/outputs/temporal_feedback_window/summary.json :: subsets/t*=0/A-/rows/delay3_len1/vs_normal/fde5 (p in json: mcnemar/wilcoxon)
9 temporal_feedback_window,t*=0,A-,delay3_len1,,downstream_err,80.8429,74.5784,88.8889,%,17.3599,7.65,26.2526,(Normal - row)/(Normal - GT-history),116,17,autovla_misalignment_poc/outputs/temporal_feedback_window/summary.json :: subsets/t*=0/A-/rows/delay3_len1/level/downstream_err; fraction: subsets/t*=0/A-/fraction/downstream_err/delay3_len1
9 temporal_feedback_window,t*=0,A-,delay3_len1 - normal,,delta downstream_err (absolute reduction if negative),-9.1954,-14.4759,-3.8194,pp,,,,,116,17,autovla_misalignment_poc/outputs/temporal_feedback_window/summary.json :: subsets/t*=0/A-/rows/delay3_len1/vs_normal/downstream_err (p in json: mcnemar/wilcoxon)
9 temporal_feedback_window,t*=0,A-,delay4_len1,,amplification,21.5517,6.8182,42.2934,%,74.5763,45.2716,94.4482,(Normal - row)/(Normal - GT-history),116,17,autovla_misalignment_poc/outputs/temporal_feedback_window/summary.json :: subsets/t*=0/A-/rows/delay4_len1/level/amplification; fraction: subsets/t*=0/A-/fraction/amplification/delay4_len1
9 temporal_feedback_window,t*=0,A-,delay4_len1 - normal,,delta amplification (absolute reduction if negative),-37.931,-56.5796,-18.3894,pp,,,,,116,17,autovla_misalignment_poc/outputs/temporal_feedback_window/summary.json :: subsets/t*=0/A-/rows/delay4_len1/vs_normal/amplification (p in json: mcnemar/wilcoxon)
9 temporal_feedback_window,t*=0,A-,delay4_len1,,recovery,68.1034,46.9226,85.2113,%,63.9344,30.7653,83.871,(Normal - row)/(Normal - GT-history),116,17,autovla_misalignment_poc/outputs/temporal_feedback_window/summary.json :: subsets/t*=0/A-/rows/delay4_len1/level/recovery; fraction: subsets/t*=0/A-/fraction/recovery/delay4_len1
9 temporal_feedback_window,t*=0,A-,delay4_len1 - normal,,delta recovery (absolute reduction if negative),33.6207,11.4269,52.5011,pp,,,,,116,17,autovla_misalignment_poc/outputs/temporal_feedback_window/summary.json :: subsets/t*=0/A-/rows/delay4_len1/vs_normal/recovery (p in json: mcnemar/wilcoxon)
9 temporal_feedback_window,t*=0,A-,delay4_len1,,ade5,2.5498,1.5427,3.6787,m,,,,,116,17,autovla_misalignment_poc/outputs/temporal_feedback_window/summary.json :: subsets/t*=0/A-/rows/delay4_len1/level/ade5; fraction: subsets/t*=0/A-/fraction/ade5/delay4_len1
9 temporal_feedback_window,t*=0,A-,delay4_len1 - normal,,delta ade5 (absolute reduction if negative),-0.8334,-1.0296,-0.6248,m,,,,,116,17,autovla_misalignment_poc/outputs/temporal_feedback_window/summary.json :: subsets/t*=0/A-/rows/delay4_len1/vs_normal/ade5 (p in json: mcnemar/wilcoxon)
9 temporal_feedback_window,t*=0,A-,delay4_len1,,fde5,5.6044,3.3662,7.6259,m,54.425,49.9923,61.3204,(Normal - row)/(Normal - GT-history),116,17,autovla_misalignment_poc/outputs/temporal_feedback_window/summary.json :: subsets/t*=0/A-/rows/delay4_len1/level/fde5; fraction: subsets/t*=0/A-/fraction/fde5/delay4_len1
9 temporal_feedback_window,t*=0,A-,delay4_len1 - normal,,delta fde5 (absolute reduction if negative),-3.0478,-3.6912,-2.2086,m,,,,,116,17,autovla_misalignment_poc/outputs/temporal_feedback_window/summary.json :: subsets/t*=0/A-/rows/delay4_len1/vs_normal/fde5 (p in json: mcnemar/wilcoxon)
9 temporal_feedback_window,t*=0,A-,delay4_len1,,downstream_err,84.9617,79.6465,91.5481,%,9.5841,4.7034,15.3641,(Normal - row)/(Normal - GT-history),116,17,autovla_misalignment_poc/outputs/temporal_feedback_window/summary.json :: subsets/t*=0/A-/rows/delay4_len1/level/downstream_err; fraction: subsets/t*=0/A-/fraction/downstream_err/delay4_len1
9 temporal_feedback_window,t*=0,A-,delay4_len1 - normal,,delta downstream_err (absolute reduction if negative),-5.0766,-8.5716,-2.364,pp,,,,,116,17,autovla_misalignment_poc/outputs/temporal_feedback_window/summary.json :: subsets/t*=0/A-/rows/delay4_len1/vs_normal/downstream_err (p in json: mcnemar/wilcoxon)
9 temporal_feedback_window,t*=0,A-,delay2_len2,,amplification,20.6897,5.2057,42.2834,%,76.2712,49.0566,92.5926,(Normal - row)/(Normal - GT-history),116,17,autovla_misalignment_poc/outputs/temporal_feedback_window/summary.json :: subsets/t*=0/A-/rows/delay2_len2/level/amplification; fraction: subsets/t*=0/A-/fraction/amplification/delay2_len2
9 temporal_feedback_window,t*=0,A-,delay2_len2 - normal,,delta amplification (absolute reduction if negative),-38.7931,-53.8462,-20.8676,pp,,,,,116,17,autovla_misalignment_poc/outputs/temporal_feedback_window/summary.json :: subsets/t*=0/A-/rows/delay2_len2/vs_normal/amplification (p in json: mcnemar/wilcoxon)
9 temporal_feedback_window,t*=0,A-,delay2_len2,,recovery,69.8276,48.7985,87.5024,%,67.2131,40.7392,86.4635,(Normal - row)/(Normal - GT-history),116,17,autovla_misalignment_poc/outputs/temporal_feedback_window/summary.json :: subsets/t*=0/A-/rows/delay2_len2/level/recovery; fraction: subsets/t*=0/A-/fraction/recovery/delay2_len2
9 temporal_feedback_window,t*=0,A-,delay2_len2 - normal,,delta recovery (absolute reduction if negative),35.3448,16.8317,51.6151,pp,,,,,116,17,autovla_misalignment_poc/outputs/temporal_feedback_window/summary.json :: subsets/t*=0/A-/rows/delay2_len2/vs_normal/recovery (p in json: mcnemar/wilcoxon)
9 temporal_feedback_window,t*=0,A-,delay2_len2,,ade5,1.926,1.054,3.126,m,,,,,116,17,autovla_misalignment_poc/outputs/temporal_feedback_window/summary.json :: subsets/t*=0/A-/rows/delay2_len2/level/ade5; fraction: subsets/t*=0/A-/fraction/ade5/delay2_len2
9 temporal_feedback_window,t*=0,A-,delay2_len2 - normal,,delta ade5 (absolute reduction if negative),-1.4572,-1.7662,-1.0244,m,,,,,116,17,autovla_misalignment_poc/outputs/temporal_feedback_window/summary.json :: subsets/t*=0/A-/rows/delay2_len2/vs_normal/ade5 (p in json: mcnemar/wilcoxon)
9 temporal_feedback_window,t*=0,A-,delay2_len2,,fde5,4.3364,2.2029,6.8373,m,77.0688,64.9214,89.8412,(Normal - row)/(Normal - GT-history),116,17,autovla_misalignment_poc/outputs/temporal_feedback_window/summary.json :: subsets/t*=0/A-/rows/delay2_len2/level/fde5; fraction: subsets/t*=0/A-/fraction/fde5/delay2_len2
9 temporal_feedback_window,t*=0,A-,delay2_len2 - normal,,delta fde5 (absolute reduction if negative),-4.3159,-5.4538,-2.8615,m,,,,,116,17,autovla_misalignment_poc/outputs/temporal_feedback_window/summary.json :: subsets/t*=0/A-/rows/delay2_len2/vs_normal/fde5 (p in json: mcnemar/wilcoxon)
9 temporal_feedback_window,t*=0,A-,delay2_len2,,downstream_err,69.8276,58.8234,84.048,%,38.1555,20.5936,50.5997,(Normal - row)/(Normal - GT-history),116,17,autovla_misalignment_poc/outputs/temporal_feedback_window/summary.json :: subsets/t*=0/A-/rows/delay2_len2/level/downstream_err; fraction: subsets/t*=0/A-/fraction/downstream_err/delay2_len2
9 temporal_feedback_window,t*=0,A-,delay2_len2 - normal,,delta downstream_err (absolute reduction if negative),-20.2107,-28.3965,-9.9415,pp,,,,,116,17,autovla_misalignment_poc/outputs/temporal_feedback_window/summary.json :: subsets/t*=0/A-/rows/delay2_len2/vs_normal/downstream_err (p in json: mcnemar/wilcoxon)
9 temporal_feedback_window,t*=0,A-,delay3_len2,,amplification,17.2414,3.6746,36.7361,%,83.0508,57.1359,100.0,(Normal - row)/(Normal - GT-history),116,17,autovla_misalignment_poc/outputs/temporal_feedback_window/summary.json :: subsets/t*=0/A-/rows/delay3_len2/level/amplification; fraction: subsets/t*=0/A-/fraction/amplification/delay3_len2
9 temporal_feedback_window,t*=0,A-,delay3_len2 - normal,,delta amplification (absolute reduction if negative),-42.2414,-60.295,-21.8162,pp,,,,,116,17,autovla_misalignment_poc/outputs/temporal_feedback_window/summary.json :: subsets/t*=0/A-/rows/delay3_len2/vs_normal/amplification (p in json: mcnemar/wilcoxon)
9 temporal_feedback_window,t*=0,A-,delay3_len2,,recovery,74.1379,53.9819,90.0035,%,75.4098,46.875,94.3213,(Normal - row)/(Normal - GT-history),116,17,autovla_misalignment_poc/outputs/temporal_feedback_window/summary.json :: subsets/t*=0/A-/rows/delay3_len2/level/recovery; fraction: subsets/t*=0/A-/fraction/recovery/delay3_len2
9 temporal_feedback_window,t*=0,A-,delay3_len2 - normal,,delta recovery (absolute reduction if negative),39.6552,17.541,58.4071,pp,,,,,116,17,autovla_misalignment_poc/outputs/temporal_feedback_window/summary.json :: subsets/t*=0/A-/rows/delay3_len2/vs_normal/recovery (p in json: mcnemar/wilcoxon)
9 temporal_feedback_window,t*=0,A-,delay3_len2,,ade5,2.2039,1.2801,3.4167,m,,,,,116,17,autovla_misalignment_poc/outputs/temporal_feedback_window/summary.json :: subsets/t*=0/A-/rows/delay3_len2/level/ade5; fraction: subsets/t*=0/A-/fraction/ade5/delay3_len2
9 temporal_feedback_window,t*=0,A-,delay3_len2 - normal,,delta ade5 (absolute reduction if negative),-1.1792,-1.3892,-0.8596,m,,,,,116,17,autovla_misalignment_poc/outputs/temporal_feedback_window/summary.json :: subsets/t*=0/A-/rows/delay3_len2/vs_normal/ade5 (p in json: mcnemar/wilcoxon)
9 temporal_feedback_window,t*=0,A-,delay3_len2,,fde5,4.7545,2.6591,7.1517,m,69.602,61.1938,77.5488,(Normal - row)/(Normal - GT-history),116,17,autovla_misalignment_poc/outputs/temporal_feedback_window/summary.json :: subsets/t*=0/A-/rows/delay3_len2/level/fde5; fraction: subsets/t*=0/A-/fraction/fde5/delay3_len2
9 temporal_feedback_window,t*=0,A-,delay3_len2 - normal,,delta fde5 (absolute reduction if negative),-3.8978,-4.762,-2.6598,m,,,,,116,17,autovla_misalignment_poc/outputs/temporal_feedback_window/summary.json :: subsets/t*=0/A-/rows/delay3_len2/vs_normal/fde5 (p in json: mcnemar/wilcoxon)
9 temporal_feedback_window,t*=0,A-,delay3_len2,,downstream_err,77.4904,70.9647,86.1402,%,23.689,12.8282,33.2867,(Normal - row)/(Normal - GT-history),116,17,autovla_misalignment_poc/outputs/temporal_feedback_window/summary.json :: subsets/t*=0/A-/rows/delay3_len2/level/downstream_err; fraction: subsets/t*=0/A-/fraction/downstream_err/delay3_len2
9 temporal_feedback_window,t*=0,A-,delay3_len2 - normal,,delta downstream_err (absolute reduction if negative),-12.5479,-18.5683,-6.7245,pp,,,,,116,17,autovla_misalignment_poc/outputs/temporal_feedback_window/summary.json :: subsets/t*=0/A-/rows/delay3_len2/vs_normal/downstream_err (p in json: mcnemar/wilcoxon)
9 temporal_feedback_window,t*=0,A-,skipfirst2_full,,amplification,11.2069,0.7406,26.3657,%,94.9153,83.0189,100.0,(Normal - row)/(Normal - GT-history),116,17,autovla_misalignment_poc/outputs/temporal_feedback_window/summary.json :: subsets/t*=0/A-/rows/skipfirst2_full/level/amplification; fraction: subsets/t*=0/A-/fraction/amplification/skipfirst2_full
9 temporal_feedback_window,t*=0,A-,skipfirst2_full - normal,,delta amplification (absolute reduction if negative),-48.2759,-62.1879,-31.5778,pp,,,,,116,17,autovla_misalignment_poc/outputs/temporal_feedback_window/summary.json :: subsets/t*=0/A-/rows/skipfirst2_full/vs_normal/amplification (p in json: mcnemar/wilcoxon)
9 temporal_feedback_window,t*=0,A-,skipfirst2_full,,recovery,84.4828,67.4685,96.8,%,95.082,85.7068,100.0,(Normal - row)/(Normal - GT-history),116,17,autovla_misalignment_poc/outputs/temporal_feedback_window/summary.json :: subsets/t*=0/A-/rows/skipfirst2_full/level/recovery; fraction: subsets/t*=0/A-/fraction/recovery/skipfirst2_full
9 temporal_feedback_window,t*=0,A-,skipfirst2_full - normal,,delta recovery (absolute reduction if negative),50.0,30.8761,63.7007,pp,,,,,116,17,autovla_misalignment_poc/outputs/temporal_feedback_window/summary.json :: subsets/t*=0/A-/rows/skipfirst2_full/vs_normal/recovery (p in json: mcnemar/wilcoxon)
9 temporal_feedback_window,t*=0,A-,skipfirst2_full,,ade5,1.769,0.9115,2.9505,m,,,,,116,17,autovla_misalignment_poc/outputs/temporal_feedback_window/summary.json :: subsets/t*=0/A-/rows/skipfirst2_full/level/ade5; fraction: subsets/t*=0/A-/fraction/ade5/skipfirst2_full
9 temporal_feedback_window,t*=0,A-,skipfirst2_full - normal,,delta ade5 (absolute reduction if negative),-1.6141,-1.9267,-1.1609,m,,,,,116,17,autovla_misalignment_poc/outputs/temporal_feedback_window/summary.json :: subsets/t*=0/A-/rows/skipfirst2_full/vs_normal/ade5 (p in json: mcnemar/wilcoxon)
9 temporal_feedback_window,t*=0,A-,skipfirst2_full,,fde5,3.5936,1.6939,5.9092,m,90.332,81.5772,99.2275,(Normal - row)/(Normal - GT-history),116,17,autovla_misalignment_poc/outputs/temporal_feedback_window/summary.json :: subsets/t*=0/A-/rows/skipfirst2_full/level/fde5; fraction: subsets/t*=0/A-/fraction/fde5/skipfirst2_full
9 temporal_feedback_window,t*=0,A-,skipfirst2_full - normal,,delta fde5 (absolute reduction if negative),-5.0587,-6.2031,-3.5024,m,,,,,116,17,autovla_misalignment_poc/outputs/temporal_feedback_window/summary.json :: subsets/t*=0/A-/rows/skipfirst2_full/vs_normal/fde5 (p in json: mcnemar/wilcoxon)
9 temporal_feedback_window,t*=0,A-,skipfirst2_full,,downstream_err,44.5402,37.1395,53.0014,%,85.8951,82.3108,88.5193,(Normal - row)/(Normal - GT-history),116,17,autovla_misalignment_poc/outputs/temporal_feedback_window/summary.json :: subsets/t*=0/A-/rows/skipfirst2_full/level/downstream_err; fraction: subsets/t*=0/A-/fraction/downstream_err/skipfirst2_full
9 temporal_feedback_window,t*=0,A-,skipfirst2_full - normal,,delta downstream_err (absolute reduction if negative),-45.4981,-49.6476,-39.304,pp,,,,,116,17,autovla_misalignment_poc/outputs/temporal_feedback_window/summary.json :: subsets/t*=0/A-/rows/skipfirst2_full/vs_normal/downstream_err (p in json: mcnemar/wilcoxon)
9 temporal_feedback_window,t*=0,A-,skipfirst3_full,,amplification,11.2069,0.7406,26.3657,%,94.9153,83.0189,100.0,(Normal - row)/(Normal - GT-history),116,17,autovla_misalignment_poc/outputs/temporal_feedback_window/summary.json :: subsets/t*=0/A-/rows/skipfirst3_full/level/amplification; fraction: subsets/t*=0/A-/fraction/amplification/skipfirst3_full
9 temporal_feedback_window,t*=0,A-,skipfirst3_full - normal,,delta amplification (absolute reduction if negative),-48.2759,-62.1879,-31.5778,pp,,,,,116,17,autovla_misalignment_poc/outputs/temporal_feedback_window/summary.json :: subsets/t*=0/A-/rows/skipfirst3_full/vs_normal/amplification (p in json: mcnemar/wilcoxon)
9 temporal_feedback_window,t*=0,A-,skipfirst3_full,,recovery,82.7586,64.0777,96.1792,%,91.8033,72.7146,100.0,(Normal - row)/(Normal - GT-history),116,17,autovla_misalignment_poc/outputs/temporal_feedback_window/summary.json :: subsets/t*=0/A-/rows/skipfirst3_full/level/recovery; fraction: subsets/t*=0/A-/fraction/recovery/skipfirst3_full
9 temporal_feedback_window,t*=0,A-,skipfirst3_full - normal,,delta recovery (absolute reduction if negative),48.2759,27.268,62.7907,pp,,,,,116,17,autovla_misalignment_poc/outputs/temporal_feedback_window/summary.json :: subsets/t*=0/A-/rows/skipfirst3_full/vs_normal/recovery (p in json: mcnemar/wilcoxon)
9 temporal_feedback_window,t*=0,A-,skipfirst3_full,,ade5,2.1253,1.2109,3.3091,m,,,,,116,17,autovla_misalignment_poc/outputs/temporal_feedback_window/summary.json :: subsets/t*=0/A-/rows/skipfirst3_full/level/ade5; fraction: subsets/t*=0/A-/fraction/ade5/skipfirst3_full
9 temporal_feedback_window,t*=0,A-,skipfirst3_full - normal,,delta ade5 (absolute reduction if negative),-1.2579,-1.4993,-0.903,m,,,,,116,17,autovla_misalignment_poc/outputs/temporal_feedback_window/summary.json :: subsets/t*=0/A-/rows/skipfirst3_full/vs_normal/ade5 (p in json: mcnemar/wilcoxon)
9 temporal_feedback_window,t*=0,A-,skipfirst3_full,,fde5,4.3474,2.3138,6.6312,m,76.8722,71.6038,82.5473,(Normal - row)/(Normal - GT-history),116,17,autovla_misalignment_poc/outputs/temporal_feedback_window/summary.json :: subsets/t*=0/A-/rows/skipfirst3_full/level/fde5; fraction: subsets/t*=0/A-/fraction/fde5/skipfirst3_full
9 temporal_feedback_window,t*=0,A-,skipfirst3_full - normal,,delta fde5 (absolute reduction if negative),-4.3049,-5.2686,-2.9809,m,,,,,116,17,autovla_misalignment_poc/outputs/temporal_feedback_window/summary.json :: subsets/t*=0/A-/rows/skipfirst3_full/vs_normal/fde5 (p in json: mcnemar/wilcoxon)
9 temporal_feedback_window,t*=0,A-,skipfirst3_full,,downstream_err,54.6935,47.8871,62.931,%,66.7269,63.7411,69.0549,(Normal - row)/(Normal - GT-history),116,17,autovla_misalignment_poc/outputs/temporal_feedback_window/summary.json :: subsets/t*=0/A-/rows/skipfirst3_full/level/downstream_err; fraction: subsets/t*=0/A-/fraction/downstream_err/skipfirst3_full
9 temporal_feedback_window,t*=0,A-,skipfirst3_full - normal,,delta downstream_err (absolute reduction if negative),-35.3448,-39.123,-30.4905,pp,,,,,116,17,autovla_misalignment_poc/outputs/temporal_feedback_window/summary.json :: subsets/t*=0/A-/rows/skipfirst3_full/vs_normal/downstream_err (p in json: mcnemar/wilcoxon)
9 temporal_feedback_window,t*=0,A+,normal,,amplification,6.1404,3.4309,10.0361,%,,,,,342,51,autovla_misalignment_poc/outputs/temporal_feedback_window/summary.json :: subsets/t*=0/A+/rows/normal/level/amplification; fraction: subsets/t*=0/A+/fraction/amplification/normal
9 temporal_feedback_window,t*=0,A+,normal,,recovery,91.5205,87.1206,95.5062,%,,,,,342,51,autovla_misalignment_poc/outputs/temporal_feedback_window/summary.json :: subsets/t*=0/A+/rows/normal/level/recovery; fraction: subsets/t*=0/A+/fraction/recovery/normal
9 temporal_feedback_window,t*=0,A+,normal,,ade5,1.3064,0.9743,1.635,m,,,,,342,51,autovla_misalignment_poc/outputs/temporal_feedback_window/summary.json :: subsets/t*=0/A+/rows/normal/level/ade5; fraction: subsets/t*=0/A+/fraction/ade5/normal
9 temporal_feedback_window,t*=0,A+,normal,,fde5,2.8883,2.221,3.5096,m,,,,,342,51,autovla_misalignment_poc/outputs/temporal_feedback_window/summary.json :: subsets/t*=0/A+/rows/normal/level/fde5; fraction: subsets/t*=0/A+/fraction/fde5/normal
9 temporal_feedback_window,t*=0,A+,normal,,downstream_err,71.6374,62.1412,78.4294,%,,,,,342,51,autovla_misalignment_poc/outputs/temporal_feedback_window/summary.json :: subsets/t*=0/A+/rows/normal/level/downstream_err; fraction: subsets/t*=0/A+/fraction/downstream_err/normal
9 temporal_feedback_window,t*=0,A+,win1,,amplification,3.2164,1.4534,5.8025,%,66.6667,-56.3889,266.6667,(Normal - row)/(Normal - GT-history),342,51,autovla_misalignment_poc/outputs/temporal_feedback_window/summary.json :: subsets/t*=0/A+/rows/win1/level/amplification; fraction: subsets/t*=0/A+/fraction/amplification/win1
9 temporal_feedback_window,t*=0,A+,win1 - normal,,delta amplification (absolute reduction if negative),-2.924,-4.6809,-1.2242,pp,,,,,342,51,autovla_misalignment_poc/outputs/temporal_feedback_window/summary.json :: subsets/t*=0/A+/rows/win1/vs_normal/amplification (p in json: mcnemar/wilcoxon)
9 temporal_feedback_window,t*=0,A+,win1,,recovery,94.4444,92.5698,97.0339,%,55.5556,-60.0,200.0,(Normal - row)/(Normal - GT-history),342,51,autovla_misalignment_poc/outputs/temporal_feedback_window/summary.json :: subsets/t*=0/A+/rows/win1/level/recovery; fraction: subsets/t*=0/A+/fraction/recovery/win1
9 temporal_feedback_window,t*=0,A+,win1 - normal,,delta recovery (absolute reduction if negative),2.924,0.3267,6.7471,pp,,,,,342,51,autovla_misalignment_poc/outputs/temporal_feedback_window/summary.json :: subsets/t*=0/A+/rows/win1/vs_normal/recovery (p in json: mcnemar/wilcoxon)
9 temporal_feedback_window,t*=0,A+,win1,,ade5,0.8576,0.6077,1.1274,m,,,,,342,51,autovla_misalignment_poc/outputs/temporal_feedback_window/summary.json :: subsets/t*=0/A+/rows/win1/level/ade5; fraction: subsets/t*=0/A+/fraction/ade5/win1
9 temporal_feedback_window,t*=0,A+,win1 - normal,,delta ade5 (absolute reduction if negative),-0.4488,-0.6028,-0.301,m,,,,,342,51,autovla_misalignment_poc/outputs/temporal_feedback_window/summary.json :: subsets/t*=0/A+/rows/win1/vs_normal/ade5 (p in json: mcnemar/wilcoxon)
9 temporal_feedback_window,t*=0,A+,win1,,fde5,1.8993,1.3593,2.3768,m,62.4888,50.4154,77.2248,(Normal - row)/(Normal - GT-history),342,51,autovla_misalignment_poc/outputs/temporal_feedback_window/summary.json :: subsets/t*=0/A+/rows/win1/level/fde5; fraction: subsets/t*=0/A+/fraction/fde5/win1
9 temporal_feedback_window,t*=0,A+,win1 - normal,,delta fde5 (absolute reduction if negative),-0.989,-1.3513,-0.6842,m,,,,,342,51,autovla_misalignment_poc/outputs/temporal_feedback_window/summary.json :: subsets/t*=0/A+/rows/win1/vs_normal/fde5 (p in json: mcnemar/wilcoxon)
9 temporal_feedback_window,t*=0,A+,win1,,downstream_err,56.7251,48.615,65.2277,%,32.669,22.5535,39.4566,(Normal - row)/(Normal - GT-history),342,51,autovla_misalignment_poc/outputs/temporal_feedback_window/summary.json :: subsets/t*=0/A+/rows/win1/level/downstream_err; fraction: subsets/t*=0/A+/fraction/downstream_err/win1
9 temporal_feedback_window,t*=0,A+,win1 - normal,,delta downstream_err (absolute reduction if negative),-14.9123,-19.6195,-8.7718,pp,,,,,342,51,autovla_misalignment_poc/outputs/temporal_feedback_window/summary.json :: subsets/t*=0/A+/rows/win1/vs_normal/downstream_err (p in json: mcnemar/wilcoxon)
9 temporal_feedback_window,t*=0,A+,win2,,amplification,2.924,0.898,5.8149,%,73.3333,20.0,200.0,(Normal - row)/(Normal - GT-history),342,51,autovla_misalignment_poc/outputs/temporal_feedback_window/summary.json :: subsets/t*=0/A+/rows/win2/level/amplification; fraction: subsets/t*=0/A+/fraction/amplification/win2
9 temporal_feedback_window,t*=0,A+,win2 - normal,,delta amplification (absolute reduction if negative),-3.2164,-6.0292,-0.4868,pp,,,,,342,51,autovla_misalignment_poc/outputs/temporal_feedback_window/summary.json :: subsets/t*=0/A+/rows/win2/vs_normal/amplification (p in json: mcnemar/wilcoxon)
9 temporal_feedback_window,t*=0,A+,win2,,recovery,94.7368,92.2652,97.2851,%,61.1111,6.7857,150.0,(Normal - row)/(Normal - GT-history),342,51,autovla_misalignment_poc/outputs/temporal_feedback_window/summary.json :: subsets/t*=0/A+/rows/win2/level/recovery; fraction: subsets/t*=0/A+/fraction/recovery/win2
9 temporal_feedback_window,t*=0,A+,win2 - normal,,delta recovery (absolute reduction if negative),3.2164,-0.5918,7.8656,pp,,,,,342,51,autovla_misalignment_poc/outputs/temporal_feedback_window/summary.json :: subsets/t*=0/A+/rows/win2/vs_normal/recovery (p in json: mcnemar/wilcoxon)
9 temporal_feedback_window,t*=0,A+,win2,,ade5,0.7447,0.503,0.9832,m,,,,,342,51,autovla_misalignment_poc/outputs/temporal_feedback_window/summary.json :: subsets/t*=0/A+/rows/win2/level/ade5; fraction: subsets/t*=0/A+/fraction/ade5/win2
9 temporal_feedback_window,t*=0,A+,win2 - normal,,delta ade5 (absolute reduction if negative),-0.5617,-0.7327,-0.3999,m,,,,,342,51,autovla_misalignment_poc/outputs/temporal_feedback_window/summary.json :: subsets/t*=0/A+/rows/win2/vs_normal/ade5 (p in json: mcnemar/wilcoxon)
9 temporal_feedback_window,t*=0,A+,win2,,fde5,1.6072,1.0897,2.0275,m,80.9442,69.1887,96.3389,(Normal - row)/(Normal - GT-history),342,51,autovla_misalignment_poc/outputs/temporal_feedback_window/summary.json :: subsets/t*=0/A+/rows/win2/level/fde5; fraction: subsets/t*=0/A+/fraction/fde5/win2
9 temporal_feedback_window,t*=0,A+,win2 - normal,,delta fde5 (absolute reduction if negative),-1.2811,-1.745,-0.8675,m,,,,,342,51,autovla_misalignment_poc/outputs/temporal_feedback_window/summary.json :: subsets/t*=0/A+/rows/win2/vs_normal/fde5 (p in json: mcnemar/wilcoxon)
9 temporal_feedback_window,t*=0,A+,win2,,downstream_err,46.1014,37.1021,54.6879,%,55.9431,48.6323,63.9797,(Normal - row)/(Normal - GT-history),342,51,autovla_misalignment_poc/outputs/temporal_feedback_window/summary.json :: subsets/t*=0/A+/rows/win2/level/downstream_err; fraction: subsets/t*=0/A+/fraction/downstream_err/win2
9 temporal_feedback_window,t*=0,A+,win2 - normal,,delta downstream_err (absolute reduction if negative),-25.5361,-31.1548,-19.2688,pp,,,,,342,51,autovla_misalignment_poc/outputs/temporal_feedback_window/summary.json :: subsets/t*=0/A+/rows/win2/vs_normal/downstream_err (p in json: mcnemar/wilcoxon)
9 temporal_feedback_window,t*=0,A+,win3,,amplification,3.8012,1.437,7.6636,%,53.3333,-71.0417,100.0,(Normal - row)/(Normal - GT-history),342,51,autovla_misalignment_poc/outputs/temporal_feedback_window/summary.json :: subsets/t*=0/A+/rows/win3/level/amplification; fraction: subsets/t*=0/A+/fraction/amplification/win3
9 temporal_feedback_window,t*=0,A+,win3 - normal,,delta amplification (absolute reduction if negative),-2.3392,-5.6893,1.7947,pp,,,,,342,51,autovla_misalignment_poc/outputs/temporal_feedback_window/summary.json :: subsets/t*=0/A+/rows/win3/vs_normal/amplification (p in json: mcnemar/wilcoxon)
9 temporal_feedback_window,t*=0,A+,win3,,recovery,94.7368,90.9482,97.3607,%,61.1111,-40.0,100.0,(Normal - row)/(Normal - GT-history),342,51,autovla_misalignment_poc/outputs/temporal_feedback_window/summary.json :: subsets/t*=0/A+/rows/win3/level/recovery; fraction: subsets/t*=0/A+/fraction/recovery/win3
9 temporal_feedback_window,t*=0,A+,win3 - normal,,delta recovery (absolute reduction if negative),3.2164,-2.2897,7.6643,pp,,,,,342,51,autovla_misalignment_poc/outputs/temporal_feedback_window/summary.json :: subsets/t*=0/A+/rows/win3/vs_normal/recovery (p in json: mcnemar/wilcoxon)
9 temporal_feedback_window,t*=0,A+,win3,,ade5,0.7132,0.4946,0.9706,m,,,,,342,51,autovla_misalignment_poc/outputs/temporal_feedback_window/summary.json :: subsets/t*=0/A+/rows/win3/level/ade5; fraction: subsets/t*=0/A+/fraction/ade5/win3
9 temporal_feedback_window,t*=0,A+,win3 - normal,,delta ade5 (absolute reduction if negative),-0.5932,-0.7469,-0.4185,m,,,,,342,51,autovla_misalignment_poc/outputs/temporal_feedback_window/summary.json :: subsets/t*=0/A+/rows/win3/vs_normal/ade5 (p in json: mcnemar/wilcoxon)
9 temporal_feedback_window,t*=0,A+,win3,,fde5,1.5358,1.0799,2.0491,m,85.4515,67.7543,94.4979,(Normal - row)/(Normal - GT-history),342,51,autovla_misalignment_poc/outputs/temporal_feedback_window/summary.json :: subsets/t*=0/A+/rows/win3/level/fde5; fraction: subsets/t*=0/A+/fraction/fde5/win3
9 temporal_feedback_window,t*=0,A+,win3 - normal,,delta fde5 (absolute reduction if negative),-1.3524,-1.7717,-0.8237,m,,,,,342,51,autovla_misalignment_poc/outputs/temporal_feedback_window/summary.json :: subsets/t*=0/A+/rows/win3/vs_normal/fde5 (p in json: mcnemar/wilcoxon)
9 temporal_feedback_window,t*=0,A+,win3,,downstream_err,39.5387,30.9762,48.0159,%,70.3203,62.9213,80.2942,(Normal - row)/(Normal - GT-history),342,51,autovla_misalignment_poc/outputs/temporal_feedback_window/summary.json :: subsets/t*=0/A+/rows/win3/level/downstream_err; fraction: subsets/t*=0/A+/fraction/downstream_err/win3
9 temporal_feedback_window,t*=0,A+,win3 - normal,,delta downstream_err (absolute reduction if negative),-32.0988,-39.5288,-24.6581,pp,,,,,342,51,autovla_misalignment_poc/outputs/temporal_feedback_window/summary.json :: subsets/t*=0/A+/rows/win3/vs_normal/downstream_err (p in json: mcnemar/wilcoxon)
9 temporal_feedback_window,t*=0,A+,win4,,amplification,2.0468,0.2717,5.9767,%,93.3333,75.0,100.0,(Normal - row)/(Normal - GT-history),342,51,autovla_misalignment_poc/outputs/temporal_feedback_window/summary.json :: subsets/t*=0/A+/rows/win4/level/amplification; fraction: subsets/t*=0/A+/fraction/amplification/win4
9 temporal_feedback_window,t*=0,A+,win4 - normal,,delta amplification (absolute reduction if negative),-4.0936,-7.8215,0.7114,pp,,,,,342,51,autovla_misalignment_poc/outputs/temporal_feedback_window/summary.json :: subsets/t*=0/A+/rows/win4/vs_normal/amplification (p in json: mcnemar/wilcoxon)
9 temporal_feedback_window,t*=0,A+,win4,,recovery,96.1988,91.9665,98.4212,%,88.8889,50.0,100.0,(Normal - row)/(Normal - GT-history),342,51,autovla_misalignment_poc/outputs/temporal_feedback_window/summary.json :: subsets/t*=0/A+/rows/win4/level/recovery; fraction: subsets/t*=0/A+/fraction/recovery/win4
9 temporal_feedback_window,t*=0,A+,win4 - normal,,delta recovery (absolute reduction if negative),4.6784,-1.7768,9.2954,pp,,,,,342,51,autovla_misalignment_poc/outputs/temporal_feedback_window/summary.json :: subsets/t*=0/A+/rows/win4/vs_normal/recovery (p in json: mcnemar/wilcoxon)
9 temporal_feedback_window,t*=0,A+,win4,,ade5,0.7,0.4869,0.9557,m,,,,,342,51,autovla_misalignment_poc/outputs/temporal_feedback_window/summary.json :: subsets/t*=0/A+/rows/win4/level/ade5; fraction: subsets/t*=0/A+/fraction/ade5/win4
9 temporal_feedback_window,t*=0,A+,win4 - normal,,delta ade5 (absolute reduction if negative),-0.6064,-0.7623,-0.4283,m,,,,,342,51,autovla_misalignment_poc/outputs/temporal_feedback_window/summary.json :: subsets/t*=0/A+/rows/win4/vs_normal/ade5 (p in json: mcnemar/wilcoxon)
9 temporal_feedback_window,t*=0,A+,win4,,fde5,1.4804,1.0457,2.0001,m,88.9568,70.7014,97.6883,(Normal - row)/(Normal - GT-history),342,51,autovla_misalignment_poc/outputs/temporal_feedback_window/summary.json :: subsets/t*=0/A+/rows/win4/level/fde5; fraction: subsets/t*=0/A+/fraction/fde5/win4
9 temporal_feedback_window,t*=0,A+,win4 - normal,,delta fde5 (absolute reduction if negative),-1.4079,-1.8351,-0.8506,m,,,,,342,51,autovla_misalignment_poc/outputs/temporal_feedback_window/summary.json :: subsets/t*=0/A+/rows/win4/vs_normal/fde5 (p in json: mcnemar/wilcoxon)
9 temporal_feedback_window,t*=0,A+,win4,,downstream_err,34.3405,27.5415,42.9741,%,81.7082,72.2495,88.0791,(Normal - row)/(Normal - GT-history),342,51,autovla_misalignment_poc/outputs/temporal_feedback_window/summary.json :: subsets/t*=0/A+/rows/win4/level/downstream_err; fraction: subsets/t*=0/A+/fraction/downstream_err/win4
9 temporal_feedback_window,t*=0,A+,win4 - normal,,delta downstream_err (absolute reduction if negative),-37.2969,-44.1313,-28.3652,pp,,,,,342,51,autovla_misalignment_poc/outputs/temporal_feedback_window/summary.json :: subsets/t*=0/A+/rows/win4/vs_normal/downstream_err (p in json: mcnemar/wilcoxon)
9 temporal_feedback_window,t*=0,A+,win5,,amplification,1.7544,0.0,5.8544,%,100.0,100.0,100.0,(Normal - row)/(Normal - GT-history),342,51,autovla_misalignment_poc/outputs/temporal_feedback_window/summary.json :: subsets/t*=0/A+/rows/win5/level/amplification; fraction: subsets/t*=0/A+/fraction/amplification/win5
9 temporal_feedback_window,t*=0,A+,win5 - normal,,delta amplification (absolute reduction if negative),-4.386,-8.6423,0.5855,pp,,,,,342,51,autovla_misalignment_poc/outputs/temporal_feedback_window/summary.json :: subsets/t*=0/A+/rows/win5/vs_normal/amplification (p in json: mcnemar/wilcoxon)
9 temporal_feedback_window,t*=0,A+,win5,,recovery,96.7836,92.5,98.8765,%,100.0,100.0,100.0,(Normal - row)/(Normal - GT-history),342,51,autovla_misalignment_poc/outputs/temporal_feedback_window/summary.json :: subsets/t*=0/A+/rows/win5/level/recovery; fraction: subsets/t*=0/A+/fraction/recovery/win5
9 temporal_feedback_window,t*=0,A+,win5 - normal,,delta recovery (absolute reduction if negative),5.2632,-1.5297,10.6001,pp,,,,,342,51,autovla_misalignment_poc/outputs/temporal_feedback_window/summary.json :: subsets/t*=0/A+/rows/win5/vs_normal/recovery (p in json: mcnemar/wilcoxon)
9 temporal_feedback_window,t*=0,A+,win5,,ade5,0.6834,0.4738,0.9462,m,,,,,342,51,autovla_misalignment_poc/outputs/temporal_feedback_window/summary.json :: subsets/t*=0/A+/rows/win5/level/ade5; fraction: subsets/t*=0/A+/fraction/ade5/win5
9 temporal_feedback_window,t*=0,A+,win5 - normal,,delta ade5 (absolute reduction if negative),-0.623,-0.7713,-0.4434,m,,,,,342,51,autovla_misalignment_poc/outputs/temporal_feedback_window/summary.json :: subsets/t*=0/A+/rows/win5/vs_normal/ade5 (p in json: mcnemar/wilcoxon)
9 temporal_feedback_window,t*=0,A+,win5,,fde5,1.3944,0.9779,1.9548,m,94.3911,77.4267,99.5032,(Normal - row)/(Normal - GT-history),342,51,autovla_misalignment_poc/outputs/temporal_feedback_window/summary.json :: subsets/t*=0/A+/rows/win5/level/fde5; fraction: subsets/t*=0/A+/fraction/fde5/win5
9 temporal_feedback_window,t*=0,A+,win5 - normal,,delta fde5 (absolute reduction if negative),-1.4939,-1.8836,-0.9442,m,,,,,342,51,autovla_misalignment_poc/outputs/temporal_feedback_window/summary.json :: subsets/t*=0/A+/rows/win5/vs_normal/fde5 (p in json: mcnemar/wilcoxon)
9 temporal_feedback_window,t*=0,A+,win5,,downstream_err,29.5647,24.1305,37.76,%,92.1708,87.0445,94.7733,(Normal - row)/(Normal - GT-history),342,51,autovla_misalignment_poc/outputs/temporal_feedback_window/summary.json :: subsets/t*=0/A+/rows/win5/level/downstream_err; fraction: subsets/t*=0/A+/fraction/downstream_err/win5
9 temporal_feedback_window,t*=0,A+,win5 - normal,,delta downstream_err (absolute reduction if negative),-42.0728,-47.9229,-33.8686,pp,,,,,342,51,autovla_misalignment_poc/outputs/temporal_feedback_window/summary.json :: subsets/t*=0/A+/rows/win5/vs_normal/downstream_err (p in json: mcnemar/wilcoxon)
9 temporal_feedback_window,t*=0,A+,win6,,amplification,1.7544,0.0,5.8544,%,100.0,100.0,100.0,(Normal - row)/(Normal - GT-history),342,51,autovla_misalignment_poc/outputs/temporal_feedback_window/summary.json :: subsets/t*=0/A+/rows/win6/level/amplification; fraction: subsets/t*=0/A+/fraction/amplification/win6
9 temporal_feedback_window,t*=0,A+,win6 - normal,,delta amplification (absolute reduction if negative),-4.386,-8.6423,0.5855,pp,,,,,342,51,autovla_misalignment_poc/outputs/temporal_feedback_window/summary.json :: subsets/t*=0/A+/rows/win6/vs_normal/amplification (p in json: mcnemar/wilcoxon)
9 temporal_feedback_window,t*=0,A+,win6,,recovery,96.7836,92.5,98.8765,%,100.0,100.0,100.0,(Normal - row)/(Normal - GT-history),342,51,autovla_misalignment_poc/outputs/temporal_feedback_window/summary.json :: subsets/t*=0/A+/rows/win6/level/recovery; fraction: subsets/t*=0/A+/fraction/recovery/win6
9 temporal_feedback_window,t*=0,A+,win6 - normal,,delta recovery (absolute reduction if negative),5.2632,-1.5297,10.6001,pp,,,,,342,51,autovla_misalignment_poc/outputs/temporal_feedback_window/summary.json :: subsets/t*=0/A+/rows/win6/vs_normal/recovery (p in json: mcnemar/wilcoxon)
9 temporal_feedback_window,t*=0,A+,win6,,ade5,0.6818,0.4716,0.9455,m,,,,,342,51,autovla_misalignment_poc/outputs/temporal_feedback_window/summary.json :: subsets/t*=0/A+/rows/win6/level/ade5; fraction: subsets/t*=0/A+/fraction/ade5/win6
9 temporal_feedback_window,t*=0,A+,win6 - normal,,delta ade5 (absolute reduction if negative),-0.6246,-0.7717,-0.4466,m,,,,,342,51,autovla_misalignment_poc/outputs/temporal_feedback_window/summary.json :: subsets/t*=0/A+/rows/win6/vs_normal/ade5 (p in json: mcnemar/wilcoxon)
9 temporal_feedback_window,t*=0,A+,win6,,fde5,1.3869,0.9651,1.9539,m,94.8612,78.1888,99.8476,(Normal - row)/(Normal - GT-history),342,51,autovla_misalignment_poc/outputs/temporal_feedback_window/summary.json :: subsets/t*=0/A+/rows/win6/level/fde5; fraction: subsets/t*=0/A+/fraction/fde5/win6
9 temporal_feedback_window,t*=0,A+,win6 - normal,,delta fde5 (absolute reduction if negative),-1.5013,-1.8895,-0.9499,m,,,,,342,51,autovla_misalignment_poc/outputs/temporal_feedback_window/summary.json :: subsets/t*=0/A+/rows/win6/vs_normal/fde5 (p in json: mcnemar/wilcoxon)
9 temporal_feedback_window,t*=0,A+,win6,,downstream_err,28.2651,22.5898,36.4337,%,95.0178,91.4257,96.9534,(Normal - row)/(Normal - GT-history),342,51,autovla_misalignment_poc/outputs/temporal_feedback_window/summary.json :: subsets/t*=0/A+/rows/win6/level/downstream_err; fraction: subsets/t*=0/A+/fraction/downstream_err/win6
9 temporal_feedback_window,t*=0,A+,win6 - normal,,delta downstream_err (absolute reduction if negative),-43.3723,-49.0289,-35.3041,pp,,,,,342,51,autovla_misalignment_poc/outputs/temporal_feedback_window/summary.json :: subsets/t*=0/A+/rows/win6/vs_normal/downstream_err (p in json: mcnemar/wilcoxon)
9 temporal_feedback_window,t*=0,A+,win7,,amplification,1.7544,0.0,5.8544,%,100.0,100.0,100.0,(Normal - row)/(Normal - GT-history),342,51,autovla_misalignment_poc/outputs/temporal_feedback_window/summary.json :: subsets/t*=0/A+/rows/win7/level/amplification; fraction: subsets/t*=0/A+/fraction/amplification/win7
9 temporal_feedback_window,t*=0,A+,win7 - normal,,delta amplification (absolute reduction if negative),-4.386,-8.6423,0.5855,pp,,,,,342,51,autovla_misalignment_poc/outputs/temporal_feedback_window/summary.json :: subsets/t*=0/A+/rows/win7/vs_normal/amplification (p in json: mcnemar/wilcoxon)
9 temporal_feedback_window,t*=0,A+,win7,,recovery,96.7836,92.5,98.8765,%,100.0,100.0,100.0,(Normal - row)/(Normal - GT-history),342,51,autovla_misalignment_poc/outputs/temporal_feedback_window/summary.json :: subsets/t*=0/A+/rows/win7/level/recovery; fraction: subsets/t*=0/A+/fraction/recovery/win7
9 temporal_feedback_window,t*=0,A+,win7 - normal,,delta recovery (absolute reduction if negative),5.2632,-1.5297,10.6001,pp,,,,,342,51,autovla_misalignment_poc/outputs/temporal_feedback_window/summary.json :: subsets/t*=0/A+/rows/win7/vs_normal/recovery (p in json: mcnemar/wilcoxon)
9 temporal_feedback_window,t*=0,A+,win7,,ade5,0.6807,0.4704,0.944,m,,,,,342,51,autovla_misalignment_poc/outputs/temporal_feedback_window/summary.json :: subsets/t*=0/A+/rows/win7/level/ade5; fraction: subsets/t*=0/A+/fraction/ade5/win7
9 temporal_feedback_window,t*=0,A+,win7 - normal,,delta ade5 (absolute reduction if negative),-0.6257,-0.7741,-0.4477,m,,,,,342,51,autovla_misalignment_poc/outputs/temporal_feedback_window/summary.json :: subsets/t*=0/A+/rows/win7/vs_normal/ade5 (p in json: mcnemar/wilcoxon)
9 temporal_feedback_window,t*=0,A+,win7,,fde5,1.3785,0.9587,1.9276,m,95.3956,79.5846,99.9556,(Normal - row)/(Normal - GT-history),342,51,autovla_misalignment_poc/outputs/temporal_feedback_window/summary.json :: subsets/t*=0/A+/rows/win7/level/fde5; fraction: subsets/t*=0/A+/fraction/fde5/win7
9 temporal_feedback_window,t*=0,A+,win7 - normal,,delta fde5 (absolute reduction if negative),-1.5098,-1.8949,-0.9599,m,,,,,342,51,autovla_misalignment_poc/outputs/temporal_feedback_window/summary.json :: subsets/t*=0/A+/rows/win7/vs_normal/fde5 (p in json: mcnemar/wilcoxon)
9 temporal_feedback_window,t*=0,A+,win7,,downstream_err,27.4204,22.0028,35.2528,%,96.8683,93.7651,98.393,(Normal - row)/(Normal - GT-history),342,51,autovla_misalignment_poc/outputs/temporal_feedback_window/summary.json :: subsets/t*=0/A+/rows/win7/level/downstream_err; fraction: subsets/t*=0/A+/fraction/downstream_err/win7
9 temporal_feedback_window,t*=0,A+,win7 - normal,,delta downstream_err (absolute reduction if negative),-44.217,-50.0008,-36.1958,pp,,,,,342,51,autovla_misalignment_poc/outputs/temporal_feedback_window/summary.json :: subsets/t*=0/A+/rows/win7/vs_normal/downstream_err (p in json: mcnemar/wilcoxon)
9 temporal_feedback_window,t*=0,A+,win8,,amplification,1.7544,0.0,5.8544,%,100.0,100.0,100.0,(Normal - row)/(Normal - GT-history),342,51,autovla_misalignment_poc/outputs/temporal_feedback_window/summary.json :: subsets/t*=0/A+/rows/win8/level/amplification; fraction: subsets/t*=0/A+/fraction/amplification/win8
9 temporal_feedback_window,t*=0,A+,win8 - normal,,delta amplification (absolute reduction if negative),-4.386,-8.6423,0.5855,pp,,,,,342,51,autovla_misalignment_poc/outputs/temporal_feedback_window/summary.json :: subsets/t*=0/A+/rows/win8/vs_normal/amplification (p in json: mcnemar/wilcoxon)
9 temporal_feedback_window,t*=0,A+,win8,,recovery,96.7836,92.5,98.8765,%,100.0,100.0,100.0,(Normal - row)/(Normal - GT-history),342,51,autovla_misalignment_poc/outputs/temporal_feedback_window/summary.json :: subsets/t*=0/A+/rows/win8/level/recovery; fraction: subsets/t*=0/A+/fraction/recovery/win8
9 temporal_feedback_window,t*=0,A+,win8 - normal,,delta recovery (absolute reduction if negative),5.2632,-1.5297,10.6001,pp,,,,,342,51,autovla_misalignment_poc/outputs/temporal_feedback_window/summary.json :: subsets/t*=0/A+/rows/win8/vs_normal/recovery (p in json: mcnemar/wilcoxon)
9 temporal_feedback_window,t*=0,A+,win8,,ade5,0.6734,0.4631,0.9396,m,,,,,342,51,autovla_misalignment_poc/outputs/temporal_feedback_window/summary.json :: subsets/t*=0/A+/rows/win8/level/ade5; fraction: subsets/t*=0/A+/fraction/ade5/win8
9 temporal_feedback_window,t*=0,A+,win8 - normal,,delta ade5 (absolute reduction if negative),-0.6329,-0.7773,-0.4631,m,,,,,342,51,autovla_misalignment_poc/outputs/temporal_feedback_window/summary.json :: subsets/t*=0/A+/rows/win8/vs_normal/ade5 (p in json: mcnemar/wilcoxon)
9 temporal_feedback_window,t*=0,A+,win8,,fde5,1.3056,0.9091,1.7838,m,100.0,100.0,100.0,(Normal - row)/(Normal - GT-history),342,51,autovla_misalignment_poc/outputs/temporal_feedback_window/summary.json :: subsets/t*=0/A+/rows/win8/level/fde5; fraction: subsets/t*=0/A+/fraction/fde5/win8
9 temporal_feedback_window,t*=0,A+,win8 - normal,,delta fde5 (absolute reduction if negative),-1.5827,-1.9171,-1.1572,m,,,,,342,51,autovla_misalignment_poc/outputs/temporal_feedback_window/summary.json :: subsets/t*=0/A+/rows/win8/vs_normal/fde5 (p in json: mcnemar/wilcoxon)
9 temporal_feedback_window,t*=0,A+,win8,,downstream_err,25.9909,20.6626,33.6691,%,100.0,100.0,100.0,(Normal - row)/(Normal - GT-history),342,51,autovla_misalignment_poc/outputs/temporal_feedback_window/summary.json :: subsets/t*=0/A+/rows/win8/level/downstream_err; fraction: subsets/t*=0/A+/fraction/downstream_err/win8
9 temporal_feedback_window,t*=0,A+,win8 - normal,,delta downstream_err (absolute reduction if negative),-45.6465,-51.3935,-37.9893,pp,,,,,342,51,autovla_misalignment_poc/outputs/temporal_feedback_window/summary.json :: subsets/t*=0/A+/rows/win8/vs_normal/downstream_err (p in json: mcnemar/wilcoxon)
9 temporal_feedback_window,t*=0,A+,gt_history,,amplification,1.7544,0.0,5.8544,%,,,,,342,51,autovla_misalignment_poc/outputs/temporal_feedback_window/summary.json :: subsets/t*=0/A+/rows/gt_history/level/amplification; fraction: subsets/t*=0/A+/fraction/amplification/gt_history
9 temporal_feedback_window,t*=0,A+,gt_history - normal,,delta amplification (absolute reduction if negative),-4.386,-8.6423,0.5855,pp,,,,,342,51,autovla_misalignment_poc/outputs/temporal_feedback_window/summary.json :: subsets/t*=0/A+/rows/gt_history/vs_normal/amplification (p in json: mcnemar/wilcoxon)
9 temporal_feedback_window,t*=0,A+,gt_history,,recovery,96.7836,92.5,98.8765,%,,,,,342,51,autovla_misalignment_poc/outputs/temporal_feedback_window/summary.json :: subsets/t*=0/A+/rows/gt_history/level/recovery; fraction: subsets/t*=0/A+/fraction/recovery/gt_history
9 temporal_feedback_window,t*=0,A+,gt_history - normal,,delta recovery (absolute reduction if negative),5.2632,-1.5297,10.6001,pp,,,,,342,51,autovla_misalignment_poc/outputs/temporal_feedback_window/summary.json :: subsets/t*=0/A+/rows/gt_history/vs_normal/recovery (p in json: mcnemar/wilcoxon)
9 temporal_feedback_window,t*=0,A+,gt_history,,ade5,0.6734,0.4631,0.9396,m,,,,,342,51,autovla_misalignment_poc/outputs/temporal_feedback_window/summary.json :: subsets/t*=0/A+/rows/gt_history/level/ade5; fraction: subsets/t*=0/A+/fraction/ade5/gt_history
9 temporal_feedback_window,t*=0,A+,gt_history - normal,,delta ade5 (absolute reduction if negative),-0.6329,-0.7773,-0.4631,m,,,,,342,51,autovla_misalignment_poc/outputs/temporal_feedback_window/summary.json :: subsets/t*=0/A+/rows/gt_history/vs_normal/ade5 (p in json: mcnemar/wilcoxon)
9 temporal_feedback_window,t*=0,A+,gt_history,,fde5,1.3056,0.9091,1.7838,m,,,,,342,51,autovla_misalignment_poc/outputs/temporal_feedback_window/summary.json :: subsets/t*=0/A+/rows/gt_history/level/fde5; fraction: subsets/t*=0/A+/fraction/fde5/gt_history
9 temporal_feedback_window,t*=0,A+,gt_history - normal,,delta fde5 (absolute reduction if negative),-1.5827,-1.9171,-1.1572,m,,,,,342,51,autovla_misalignment_poc/outputs/temporal_feedback_window/summary.json :: subsets/t*=0/A+/rows/gt_history/vs_normal/fde5 (p in json: mcnemar/wilcoxon)
9 temporal_feedback_window,t*=0,A+,gt_history,,downstream_err,25.9909,20.6626,33.6691,%,,,,,342,51,autovla_misalignment_poc/outputs/temporal_feedback_window/summary.json :: subsets/t*=0/A+/rows/gt_history/level/downstream_err; fraction: subsets/t*=0/A+/fraction/downstream_err/gt_history
9 temporal_feedback_window,t*=0,A+,gt_history - normal,,delta downstream_err (absolute reduction if negative),-45.6465,-51.3935,-37.9893,pp,,,,,342,51,autovla_misalignment_poc/outputs/temporal_feedback_window/summary.json :: subsets/t*=0/A+/rows/gt_history/vs_normal/downstream_err (p in json: mcnemar/wilcoxon)
9 temporal_feedback_window,t*=0,A+,delay2_len1,,amplification,4.0936,0.9867,6.7206,%,46.6667,-88.4416,250.0,(Normal - row)/(Normal - GT-history),342,51,autovla_misalignment_poc/outputs/temporal_feedback_window/summary.json :: subsets/t*=0/A+/rows/delay2_len1/level/amplification; fraction: subsets/t*=0/A+/fraction/amplification/delay2_len1
9 temporal_feedback_window,t*=0,A+,delay2_len1 - normal,,delta amplification (absolute reduction if negative),-2.0468,-7.2669,1.4327,pp,,,,,342,51,autovla_misalignment_poc/outputs/temporal_feedback_window/summary.json :: subsets/t*=0/A+/rows/delay2_len1/vs_normal/amplification (p in json: mcnemar/wilcoxon)
9 temporal_feedback_window,t*=0,A+,delay2_len1,,recovery,93.8596,90.4364,98.195,%,44.4444,-100.0,288.125,(Normal - row)/(Normal - GT-history),342,51,autovla_misalignment_poc/outputs/temporal_feedback_window/summary.json :: subsets/t*=0/A+/rows/delay2_len1/level/recovery; fraction: subsets/t*=0/A+/fraction/recovery/delay2_len1
9 temporal_feedback_window,t*=0,A+,delay2_len1 - normal,,delta recovery (absolute reduction if negative),2.3392,-1.2763,8.0908,pp,,,,,342,51,autovla_misalignment_poc/outputs/temporal_feedback_window/summary.json :: subsets/t*=0/A+/rows/delay2_len1/vs_normal/recovery (p in json: mcnemar/wilcoxon)
9 temporal_feedback_window,t*=0,A+,delay2_len1,,ade5,0.9145,0.6219,1.1852,m,,,,,342,51,autovla_misalignment_poc/outputs/temporal_feedback_window/summary.json :: subsets/t*=0/A+/rows/delay2_len1/level/ade5; fraction: subsets/t*=0/A+/fraction/ade5/delay2_len1
9 temporal_feedback_window,t*=0,A+,delay2_len1 - normal,,delta ade5 (absolute reduction if negative),-0.3919,-0.5354,-0.2854,m,,,,,342,51,autovla_misalignment_poc/outputs/temporal_feedback_window/summary.json :: subsets/t*=0/A+/rows/delay2_len1/vs_normal/ade5 (p in json: mcnemar/wilcoxon)
9 temporal_feedback_window,t*=0,A+,delay2_len1,,fde5,1.9628,1.3014,2.4393,m,58.4752,45.7408,76.1348,(Normal - row)/(Normal - GT-history),342,51,autovla_misalignment_poc/outputs/temporal_feedback_window/summary.json :: subsets/t*=0/A+/rows/delay2_len1/level/fde5; fraction: subsets/t*=0/A+/fraction/fde5/delay2_len1
9 temporal_feedback_window,t*=0,A+,delay2_len1 - normal,,delta fde5 (absolute reduction if negative),-0.9255,-1.3747,-0.635,m,,,,,342,51,autovla_misalignment_poc/outputs/temporal_feedback_window/summary.json :: subsets/t*=0/A+/rows/delay2_len1/vs_normal/fde5 (p in json: mcnemar/wilcoxon)
9 temporal_feedback_window,t*=0,A+,delay2_len1,,downstream_err,58.3821,47.9789,66.1879,%,29.0391,24.8474,37.0153,(Normal - row)/(Normal - GT-history),342,51,autovla_misalignment_poc/outputs/temporal_feedback_window/summary.json :: subsets/t*=0/A+/rows/delay2_len1/level/downstream_err; fraction: subsets/t*=0/A+/fraction/downstream_err/delay2_len1
9 temporal_feedback_window,t*=0,A+,delay2_len1 - normal,,delta downstream_err (absolute reduction if negative),-13.2554,-15.7304,-11.0073,pp,,,,,342,51,autovla_misalignment_poc/outputs/temporal_feedback_window/summary.json :: subsets/t*=0/A+/rows/delay2_len1/vs_normal/downstream_err (p in json: mcnemar/wilcoxon)
9 temporal_feedback_window,t*=0,A+,delay3_len1,,amplification,4.9708,2.6225,8.1969,%,26.6667,-100.0,100.0,(Normal - row)/(Normal - GT-history),342,51,autovla_misalignment_poc/outputs/temporal_feedback_window/summary.json :: subsets/t*=0/A+/rows/delay3_len1/level/amplification; fraction: subsets/t*=0/A+/fraction/amplification/delay3_len1
9 temporal_feedback_window,t*=0,A+,delay3_len1 - normal,,delta amplification (absolute reduction if negative),-1.1696,-3.6364,1.873,pp,,,,,342,51,autovla_misalignment_poc/outputs/temporal_feedback_window/summary.json :: subsets/t*=0/A+/rows/delay3_len1/vs_normal/amplification (p in json: mcnemar/wilcoxon)
9 temporal_feedback_window,t*=0,A+,delay3_len1,,recovery,93.2749,90.3371,96.227,%,33.3333,-60.0,100.0,(Normal - row)/(Normal - GT-history),342,51,autovla_misalignment_poc/outputs/temporal_feedback_window/summary.json :: subsets/t*=0/A+/rows/delay3_len1/level/recovery; fraction: subsets/t*=0/A+/fraction/recovery/delay3_len1
9 temporal_feedback_window,t*=0,A+,delay3_len1 - normal,,delta recovery (absolute reduction if negative),1.7544,-1.7427,5.067,pp,,,,,342,51,autovla_misalignment_poc/outputs/temporal_feedback_window/summary.json :: subsets/t*=0/A+/rows/delay3_len1/vs_normal/recovery (p in json: mcnemar/wilcoxon)
9 temporal_feedback_window,t*=0,A+,delay3_len1,,ade5,0.9953,0.7327,1.29,m,,,,,342,51,autovla_misalignment_poc/outputs/temporal_feedback_window/summary.json :: subsets/t*=0/A+/rows/delay3_len1/level/ade5; fraction: subsets/t*=0/A+/fraction/ade5/delay3_len1
9 temporal_feedback_window,t*=0,A+,delay3_len1 - normal,,delta ade5 (absolute reduction if negative),-0.3111,-0.4186,-0.1862,m,,,,,342,51,autovla_misalignment_poc/outputs/temporal_feedback_window/summary.json :: subsets/t*=0/A+/rows/delay3_len1/vs_normal/ade5 (p in json: mcnemar/wilcoxon)
9 temporal_feedback_window,t*=0,A+,delay3_len1,,fde5,2.0604,1.5744,2.5763,m,52.3077,33.0824,63.1917,(Normal - row)/(Normal - GT-history),342,51,autovla_misalignment_poc/outputs/temporal_feedback_window/summary.json :: subsets/t*=0/A+/rows/delay3_len1/level/fde5; fraction: subsets/t*=0/A+/fraction/fde5/delay3_len1
9 temporal_feedback_window,t*=0,A+,delay3_len1 - normal,,delta fde5 (absolute reduction if negative),-0.8279,-1.1625,-0.3979,m,,,,,342,51,autovla_misalignment_poc/outputs/temporal_feedback_window/summary.json :: subsets/t*=0/A+/rows/delay3_len1/vs_normal/fde5 (p in json: mcnemar/wilcoxon)
9 temporal_feedback_window,t*=0,A+,delay3_len1,,downstream_err,60.3639,51.4731,69.9634,%,24.6975,15.5302,30.3328,(Normal - row)/(Normal - GT-history),342,51,autovla_misalignment_poc/outputs/temporal_feedback_window/summary.json :: subsets/t*=0/A+/rows/delay3_len1/level/downstream_err; fraction: subsets/t*=0/A+/fraction/downstream_err/delay3_len1
9 temporal_feedback_window,t*=0,A+,delay3_len1 - normal,,delta downstream_err (absolute reduction if negative),-11.2736,-14.1654,-7.0488,pp,,,,,342,51,autovla_misalignment_poc/outputs/temporal_feedback_window/summary.json :: subsets/t*=0/A+/rows/delay3_len1/vs_normal/downstream_err (p in json: mcnemar/wilcoxon)
9 temporal_feedback_window,t*=0,A+,delay4_len1,,amplification,2.0468,0.8618,3.3615,%,93.3333,-100.0,400.0,(Normal - row)/(Normal - GT-history),342,51,autovla_misalignment_poc/outputs/temporal_feedback_window/summary.json :: subsets/t*=0/A+/rows/delay4_len1/level/amplification; fraction: subsets/t*=0/A+/fraction/amplification/delay4_len1
9 temporal_feedback_window,t*=0,A+,delay4_len1 - normal,,delta amplification (absolute reduction if negative),-4.0936,-6.9309,-1.9606,pp,,,,,342,51,autovla_misalignment_poc/outputs/temporal_feedback_window/summary.json :: subsets/t*=0/A+/rows/delay4_len1/vs_normal/amplification (p in json: mcnemar/wilcoxon)
9 temporal_feedback_window,t*=0,A+,delay4_len1,,recovery,95.614,93.4614,97.8356,%,77.7778,-150.0,313.125,(Normal - row)/(Normal - GT-history),342,51,autovla_misalignment_poc/outputs/temporal_feedback_window/summary.json :: subsets/t*=0/A+/rows/delay4_len1/level/recovery; fraction: subsets/t*=0/A+/fraction/recovery/delay4_len1
9 temporal_feedback_window,t*=0,A+,delay4_len1 - normal,,delta recovery (absolute reduction if negative),4.0936,1.8725,6.8031,pp,,,,,342,51,autovla_misalignment_poc/outputs/temporal_feedback_window/summary.json :: subsets/t*=0/A+/rows/delay4_len1/vs_normal/recovery (p in json: mcnemar/wilcoxon)
9 temporal_feedback_window,t*=0,A+,delay4_len1,,ade5,1.0243,0.7619,1.3197,m,,,,,342,51,autovla_misalignment_poc/outputs/temporal_feedback_window/summary.json :: subsets/t*=0/A+/rows/delay4_len1/level/ade5; fraction: subsets/t*=0/A+/fraction/ade5/delay4_len1
9 temporal_feedback_window,t*=0,A+,delay4_len1 - normal,,delta ade5 (absolute reduction if negative),-0.2821,-0.3593,-0.1891,m,,,,,342,51,autovla_misalignment_poc/outputs/temporal_feedback_window/summary.json :: subsets/t*=0/A+/rows/delay4_len1/vs_normal/ade5 (p in json: mcnemar/wilcoxon)
9 temporal_feedback_window,t*=0,A+,delay4_len1,,fde5,1.9522,1.5023,2.4131,m,59.1473,48.0344,70.0723,(Normal - row)/(Normal - GT-history),342,51,autovla_misalignment_poc/outputs/temporal_feedback_window/summary.json :: subsets/t*=0/A+/rows/delay4_len1/level/fde5; fraction: subsets/t*=0/A+/fraction/fde5/delay4_len1
9 temporal_feedback_window,t*=0,A+,delay4_len1 - normal,,delta fde5 (absolute reduction if negative),-0.9361,-1.2045,-0.642,m,,,,,342,51,autovla_misalignment_poc/outputs/temporal_feedback_window/summary.json :: subsets/t*=0/A+/rows/delay4_len1/vs_normal/fde5 (p in json: mcnemar/wilcoxon)
9 temporal_feedback_window,t*=0,A+,delay4_len1,,downstream_err,64.2625,54.6972,72.1284,%,16.1566,10.8639,21.4115,(Normal - row)/(Normal - GT-history),342,51,autovla_misalignment_poc/outputs/temporal_feedback_window/summary.json :: subsets/t*=0/A+/rows/delay4_len1/level/downstream_err; fraction: subsets/t*=0/A+/fraction/downstream_err/delay4_len1
9 temporal_feedback_window,t*=0,A+,delay4_len1 - normal,,delta downstream_err (absolute reduction if negative),-7.3749,-8.7928,-5.1652,pp,,,,,342,51,autovla_misalignment_poc/outputs/temporal_feedback_window/summary.json :: subsets/t*=0/A+/rows/delay4_len1/vs_normal/downstream_err (p in json: mcnemar/wilcoxon)
9 temporal_feedback_window,t*=0,A+,delay2_len2,,amplification,3.5088,1.5789,5.2941,%,60.0,0.0,150.0,(Normal - row)/(Normal - GT-history),342,51,autovla_misalignment_poc/outputs/temporal_feedback_window/summary.json :: subsets/t*=0/A+/rows/delay2_len2/level/amplification; fraction: subsets/t*=0/A+/fraction/amplification/delay2_len2
9 temporal_feedback_window,t*=0,A+,delay2_len2 - normal,,delta amplification (absolute reduction if negative),-2.6316,-6.8182,0.0,pp,,,,,342,51,autovla_misalignment_poc/outputs/temporal_feedback_window/summary.json :: subsets/t*=0/A+/rows/delay2_len2/vs_normal/amplification (p in json: mcnemar/wilcoxon)
9 temporal_feedback_window,t*=0,A+,delay2_len2,,recovery,96.1988,94.3393,98.4129,%,88.8889,-77.625,300.0,(Normal - row)/(Normal - GT-history),342,51,autovla_misalignment_poc/outputs/temporal_feedback_window/summary.json :: subsets/t*=0/A+/rows/delay2_len2/level/recovery; fraction: subsets/t*=0/A+/fraction/recovery/delay2_len2
9 temporal_feedback_window,t*=0,A+,delay2_len2 - normal,,delta recovery (absolute reduction if negative),4.6784,1.1828,9.6258,pp,,,,,342,51,autovla_misalignment_poc/outputs/temporal_feedback_window/summary.json :: subsets/t*=0/A+/rows/delay2_len2/vs_normal/recovery (p in json: mcnemar/wilcoxon)
9 temporal_feedback_window,t*=0,A+,delay2_len2,,ade5,0.8348,0.5941,1.1124,m,,,,,342,51,autovla_misalignment_poc/outputs/temporal_feedback_window/summary.json :: subsets/t*=0/A+/rows/delay2_len2/level/ade5; fraction: subsets/t*=0/A+/fraction/ade5/delay2_len2
9 temporal_feedback_window,t*=0,A+,delay2_len2 - normal,,delta ade5 (absolute reduction if negative),-0.4716,-0.5974,-0.3266,m,,,,,342,51,autovla_misalignment_poc/outputs/temporal_feedback_window/summary.json :: subsets/t*=0/A+/rows/delay2_len2/vs_normal/ade5 (p in json: mcnemar/wilcoxon)
9 temporal_feedback_window,t*=0,A+,delay2_len2,,fde5,1.706,1.2211,2.1955,m,74.7015,66.3678,83.0325,(Normal - row)/(Normal - GT-history),342,51,autovla_misalignment_poc/outputs/temporal_feedback_window/summary.json :: subsets/t*=0/A+/rows/delay2_len2/level/fde5; fraction: subsets/t*=0/A+/fraction/fde5/delay2_len2
9 temporal_feedback_window,t*=0,A+,delay2_len2 - normal,,delta fde5 (absolute reduction if negative),-1.1823,-1.544,-0.7972,m,,,,,342,51,autovla_misalignment_poc/outputs/temporal_feedback_window/summary.json :: subsets/t*=0/A+/rows/delay2_len2/vs_normal/fde5 (p in json: mcnemar/wilcoxon)
9 temporal_feedback_window,t*=0,A+,delay2_len2,,downstream_err,50.6823,41.995,58.6941,%,45.9075,41.1201,51.4507,(Normal - row)/(Normal - GT-history),342,51,autovla_misalignment_poc/outputs/temporal_feedback_window/summary.json :: subsets/t*=0/A+/rows/delay2_len2/level/downstream_err; fraction: subsets/t*=0/A+/fraction/downstream_err/delay2_len2
9 temporal_feedback_window,t*=0,A+,delay2_len2 - normal,,delta downstream_err (absolute reduction if negative),-20.9552,-23.9009,-17.2326,pp,,,,,342,51,autovla_misalignment_poc/outputs/temporal_feedback_window/summary.json :: subsets/t*=0/A+/rows/delay2_len2/vs_normal/downstream_err (p in json: mcnemar/wilcoxon)
9 temporal_feedback_window,t*=0,A+,delay3_len2,,amplification,2.6316,0.881,5.1857,%,80.0,50.0,200.0,(Normal - row)/(Normal - GT-history),342,51,autovla_misalignment_poc/outputs/temporal_feedback_window/summary.json :: subsets/t*=0/A+/rows/delay3_len2/level/amplification; fraction: subsets/t*=0/A+/fraction/amplification/delay3_len2
9 temporal_feedback_window,t*=0,A+,delay3_len2 - normal,,delta amplification (absolute reduction if negative),-3.5088,-6.7799,0.0,pp,,,,,342,51,autovla_misalignment_poc/outputs/temporal_feedback_window/summary.json :: subsets/t*=0/A+/rows/delay3_len2/vs_normal/amplification (p in json: mcnemar/wilcoxon)
9 temporal_feedback_window,t*=0,A+,delay3_len2,,recovery,94.7368,90.5549,97.3689,%,61.1111,-17.2857,141.5,(Normal - row)/(Normal - GT-history),342,51,autovla_misalignment_poc/outputs/temporal_feedback_window/summary.json :: subsets/t*=0/A+/rows/delay3_len2/level/recovery; fraction: subsets/t*=0/A+/fraction/recovery/delay3_len2
9 temporal_feedback_window,t*=0,A+,delay3_len2 - normal,,delta recovery (absolute reduction if negative),3.2164,-1.4632,6.2651,pp,,,,,342,51,autovla_misalignment_poc/outputs/temporal_feedback_window/summary.json :: subsets/t*=0/A+/rows/delay3_len2/vs_normal/recovery (p in json: mcnemar/wilcoxon)
9 temporal_feedback_window,t*=0,A+,delay3_len2,,ade5,0.936,0.6821,1.2445,m,,,,,342,51,autovla_misalignment_poc/outputs/temporal_feedback_window/summary.json :: subsets/t*=0/A+/rows/delay3_len2/level/ade5; fraction: subsets/t*=0/A+/fraction/ade5/delay3_len2
9 temporal_feedback_window,t*=0,A+,delay3_len2 - normal,,delta ade5 (absolute reduction if negative),-0.3704,-0.4715,-0.244,m,,,,,342,51,autovla_misalignment_poc/outputs/temporal_feedback_window/summary.json :: subsets/t*=0/A+/rows/delay3_len2/vs_normal/ade5 (p in json: mcnemar/wilcoxon)
9 temporal_feedback_window,t*=0,A+,delay3_len2,,fde5,1.8188,1.3628,2.3965,m,67.573,50.1361,75.8685,(Normal - row)/(Normal - GT-history),342,51,autovla_misalignment_poc/outputs/temporal_feedback_window/summary.json :: subsets/t*=0/A+/rows/delay3_len2/level/fde5; fraction: subsets/t*=0/A+/fraction/fde5/delay3_len2
9 temporal_feedback_window,t*=0,A+,delay3_len2 - normal,,delta fde5 (absolute reduction if negative),-1.0694,-1.3947,-0.6031,m,,,,,342,51,autovla_misalignment_poc/outputs/temporal_feedback_window/summary.json :: subsets/t*=0/A+/rows/delay3_len2/vs_normal/fde5 (p in json: mcnemar/wilcoxon)
9 temporal_feedback_window,t*=0,A+,delay3_len2,,downstream_err,55.4256,46.5186,63.941,%,35.516,27.8217,41.1997,(Normal - row)/(Normal - GT-history),342,51,autovla_misalignment_poc/outputs/temporal_feedback_window/summary.json :: subsets/t*=0/A+/rows/delay3_len2/level/downstream_err; fraction: subsets/t*=0/A+/fraction/downstream_err/delay3_len2
9 temporal_feedback_window,t*=0,A+,delay3_len2 - normal,,delta downstream_err (absolute reduction if negative),-16.2118,-18.4531,-12.5665,pp,,,,,342,51,autovla_misalignment_poc/outputs/temporal_feedback_window/summary.json :: subsets/t*=0/A+/rows/delay3_len2/vs_normal/downstream_err (p in json: mcnemar/wilcoxon)
9 temporal_feedback_window,t*=0,A+,skipfirst2_full,,amplification,1.7544,0.0,5.4209,%,100.0,75.0,163.5,(Normal - row)/(Normal - GT-history),342,51,autovla_misalignment_poc/outputs/temporal_feedback_window/summary.json :: subsets/t*=0/A+/rows/skipfirst2_full/level/amplification; fraction: subsets/t*=0/A+/fraction/amplification/skipfirst2_full
9 temporal_feedback_window,t*=0,A+,skipfirst2_full - normal,,delta amplification (absolute reduction if negative),-4.386,-8.9747,0.3984,pp,,,,,342,51,autovla_misalignment_poc/outputs/temporal_feedback_window/summary.json :: subsets/t*=0/A+/rows/skipfirst2_full/vs_normal/amplification (p in json: mcnemar/wilcoxon)
9 temporal_feedback_window,t*=0,A+,skipfirst2_full,,recovery,97.6608,93.7928,99.4725,%,116.6667,0.0,263.5,(Normal - row)/(Normal - GT-history),342,51,autovla_misalignment_poc/outputs/temporal_feedback_window/summary.json :: subsets/t*=0/A+/rows/skipfirst2_full/level/recovery; fraction: subsets/t*=0/A+/fraction/recovery/skipfirst2_full
9 temporal_feedback_window,t*=0,A+,skipfirst2_full - normal,,delta recovery (absolute reduction if negative),6.1404,0.0,11.1846,pp,,,,,342,51,autovla_misalignment_poc/outputs/temporal_feedback_window/summary.json :: subsets/t*=0/A+/rows/skipfirst2_full/vs_normal/recovery (p in json: mcnemar/wilcoxon)
9 temporal_feedback_window,t*=0,A+,skipfirst2_full,,ade5,0.8056,0.5789,1.0912,m,,,,,342,51,autovla_misalignment_poc/outputs/temporal_feedback_window/summary.json :: subsets/t*=0/A+/rows/skipfirst2_full/level/ade5; fraction: subsets/t*=0/A+/fraction/ade5/skipfirst2_full
9 temporal_feedback_window,t*=0,A+,skipfirst2_full - normal,,delta ade5 (absolute reduction if negative),-0.5008,-0.62,-0.3481,m,,,,,342,51,autovla_misalignment_poc/outputs/temporal_feedback_window/summary.json :: subsets/t*=0/A+/rows/skipfirst2_full/vs_normal/ade5 (p in json: mcnemar/wilcoxon)
9 temporal_feedback_window,t*=0,A+,skipfirst2_full,,fde5,1.5142,1.1167,2.0376,m,86.8213,79.907,90.6532,(Normal - row)/(Normal - GT-history),342,51,autovla_misalignment_poc/outputs/temporal_feedback_window/summary.json :: subsets/t*=0/A+/rows/skipfirst2_full/level/fde5; fraction: subsets/t*=0/A+/fraction/fde5/skipfirst2_full
9 temporal_feedback_window,t*=0,A+,skipfirst2_full - normal,,delta fde5 (absolute reduction if negative),-1.3741,-1.6876,-0.9531,m,,,,,342,51,autovla_misalignment_poc/outputs/temporal_feedback_window/summary.json :: subsets/t*=0/A+/rows/skipfirst2_full/vs_normal/fde5 (p in json: mcnemar/wilcoxon)
9 temporal_feedback_window,t*=0,A+,skipfirst2_full,,downstream_err,34.2105,27.485,41.6289,%,81.9929,79.437,85.9362,(Normal - row)/(Normal - GT-history),342,51,autovla_misalignment_poc/outputs/temporal_feedback_window/summary.json :: subsets/t*=0/A+/rows/skipfirst2_full/level/downstream_err; fraction: subsets/t*=0/A+/fraction/downstream_err/skipfirst2_full
9 temporal_feedback_window,t*=0,A+,skipfirst2_full - normal,,delta downstream_err (absolute reduction if negative),-37.4269,-41.5938,-31.9092,pp,,,,,342,51,autovla_misalignment_poc/outputs/temporal_feedback_window/summary.json :: subsets/t*=0/A+/rows/skipfirst2_full/vs_normal/downstream_err (p in json: mcnemar/wilcoxon)
9 temporal_feedback_window,t*=0,A+,skipfirst3_full,,amplification,1.7544,0.0,5.4209,%,100.0,75.0,163.5,(Normal - row)/(Normal - GT-history),342,51,autovla_misalignment_poc/outputs/temporal_feedback_window/summary.json :: subsets/t*=0/A+/rows/skipfirst3_full/level/amplification; fraction: subsets/t*=0/A+/fraction/amplification/skipfirst3_full
9 temporal_feedback_window,t*=0,A+,skipfirst3_full - normal,,delta amplification (absolute reduction if negative),-4.386,-8.9747,0.3984,pp,,,,,342,51,autovla_misalignment_poc/outputs/temporal_feedback_window/summary.json :: subsets/t*=0/A+/rows/skipfirst3_full/vs_normal/amplification (p in json: mcnemar/wilcoxon)
9 temporal_feedback_window,t*=0,A+,skipfirst3_full,,recovery,97.6608,93.9559,99.6379,%,116.6667,-12.5,300.0,(Normal - row)/(Normal - GT-history),342,51,autovla_misalignment_poc/outputs/temporal_feedback_window/summary.json :: subsets/t*=0/A+/rows/skipfirst3_full/level/recovery; fraction: subsets/t*=0/A+/fraction/recovery/skipfirst3_full
9 temporal_feedback_window,t*=0,A+,skipfirst3_full - normal,,delta recovery (absolute reduction if negative),6.1404,0.4165,11.2729,pp,,,,,342,51,autovla_misalignment_poc/outputs/temporal_feedback_window/summary.json :: subsets/t*=0/A+/rows/skipfirst3_full/vs_normal/recovery (p in json: mcnemar/wilcoxon)
9 temporal_feedback_window,t*=0,A+,skipfirst3_full,,ade5,0.9251,0.6669,1.2148,m,,,,,342,51,autovla_misalignment_poc/outputs/temporal_feedback_window/summary.json :: subsets/t*=0/A+/rows/skipfirst3_full/level/ade5; fraction: subsets/t*=0/A+/fraction/ade5/skipfirst3_full
9 temporal_feedback_window,t*=0,A+,skipfirst3_full - normal,,delta ade5 (absolute reduction if negative),-0.3813,-0.4814,-0.2673,m,,,,,342,51,autovla_misalignment_poc/outputs/temporal_feedback_window/summary.json :: subsets/t*=0/A+/rows/skipfirst3_full/vs_normal/ade5 (p in json: mcnemar/wilcoxon)
9 temporal_feedback_window,t*=0,A+,skipfirst3_full,,fde5,1.6905,1.2406,2.1768,m,75.6802,69.3623,81.956,(Normal - row)/(Normal - GT-history),342,51,autovla_misalignment_poc/outputs/temporal_feedback_window/summary.json :: subsets/t*=0/A+/rows/skipfirst3_full/level/fde5; fraction: subsets/t*=0/A+/fraction/fde5/skipfirst3_full
9 temporal_feedback_window,t*=0,A+,skipfirst3_full - normal,,delta fde5 (absolute reduction if negative),-1.1978,-1.4919,-0.8487,m,,,,,342,51,autovla_misalignment_poc/outputs/temporal_feedback_window/summary.json :: subsets/t*=0/A+/rows/skipfirst3_full/vs_normal/fde5 (p in json: mcnemar/wilcoxon)
9 temporal_feedback_window,t*=0,A+,skipfirst3_full,,downstream_err,41.7479,34.4069,49.5649,%,65.4804,60.1577,70.0502,(Normal - row)/(Normal - GT-history),342,51,autovla_misalignment_poc/outputs/temporal_feedback_window/summary.json :: subsets/t*=0/A+/rows/skipfirst3_full/level/downstream_err; fraction: subsets/t*=0/A+/fraction/downstream_err/skipfirst3_full
9 temporal_feedback_window,t*=0,A+,skipfirst3_full - normal,,delta downstream_err (absolute reduction if negative),-29.8895,-32.8718,-25.1852,pp,,,,,342,51,autovla_misalignment_poc/outputs/temporal_feedback_window/summary.json :: subsets/t*=0/A+/rows/skipfirst3_full/vs_normal/downstream_err (p in json: mcnemar/wilcoxon)
9 temporal_feedback_window,t*=1,A-,normal,,amplification,42.236,21.5679,59.5238,%,,,,,161,22,autovla_misalignment_poc/outputs/temporal_feedback_window/summary.json :: subsets/t*=1/A-/rows/normal/level/amplification; fraction: subsets/t*=1/A-/fraction/amplification/normal
9 temporal_feedback_window,t*=1,A-,normal,,recovery,49.6894,36.6376,64.5161,%,,,,,161,22,autovla_misalignment_poc/outputs/temporal_feedback_window/summary.json :: subsets/t*=1/A-/rows/normal/level/recovery; fraction: subsets/t*=1/A-/fraction/recovery/normal
9 temporal_feedback_window,t*=1,A-,normal,,ade5,2.2078,1.5077,2.8272,m,,,,,161,22,autovla_misalignment_poc/outputs/temporal_feedback_window/summary.json :: subsets/t*=1/A-/rows/normal/level/ade5; fraction: subsets/t*=1/A-/fraction/ade5/normal
9 temporal_feedback_window,t*=1,A-,normal,,fde5,5.799,3.5864,7.5186,m,,,,,161,22,autovla_misalignment_poc/outputs/temporal_feedback_window/summary.json :: subsets/t*=1/A-/rows/normal/level/fde5; fraction: subsets/t*=1/A-/fraction/fde5/normal
9 temporal_feedback_window,t*=1,A-,normal,,downstream_err,93.9441,90.6656,96.3504,%,,,,,161,22,autovla_misalignment_poc/outputs/temporal_feedback_window/summary.json :: subsets/t*=1/A-/rows/normal/level/downstream_err; fraction: subsets/t*=1/A-/fraction/downstream_err/normal
9 temporal_feedback_window,t*=1,A-,win1,,amplification,23.6025,11.9993,42.052,%,44.1176,8.3224,59.5522,(Normal - row)/(Normal - GT-history),161,22,autovla_misalignment_poc/outputs/temporal_feedback_window/summary.json :: subsets/t*=1/A-/rows/win1/level/amplification; fraction: subsets/t*=1/A-/fraction/amplification/win1
9 temporal_feedback_window,t*=1,A-,win1 - normal,,delta amplification (absolute reduction if negative),-18.6335,-28.7184,-2.5316,pp,,,,,161,22,autovla_misalignment_poc/outputs/temporal_feedback_window/summary.json :: subsets/t*=1/A-/rows/win1/vs_normal/amplification (p in json: mcnemar/wilcoxon)
9 temporal_feedback_window,t*=1,A-,win1,,recovery,67.7019,44.9427,78.1028,%,37.1795,-9.6774,53.128,(Normal - row)/(Normal - GT-history),161,22,autovla_misalignment_poc/outputs/temporal_feedback_window/summary.json :: subsets/t*=1/A-/rows/win1/level/recovery; fraction: subsets/t*=1/A-/fraction/recovery/win1
9 temporal_feedback_window,t*=1,A-,win1 - normal,,delta recovery (absolute reduction if negative),18.0124,-3.8961,27.5006,pp,,,,,161,22,autovla_misalignment_poc/outputs/temporal_feedback_window/summary.json :: subsets/t*=1/A-/rows/win1/vs_normal/recovery (p in json: mcnemar/wilcoxon)
9 temporal_feedback_window,t*=1,A-,win1,,ade5,1.1923,0.8372,1.6975,m,,,,,161,22,autovla_misalignment_poc/outputs/temporal_feedback_window/summary.json :: subsets/t*=1/A-/rows/win1/level/ade5; fraction: subsets/t*=1/A-/fraction/ade5/win1
9 temporal_feedback_window,t*=1,A-,win1 - normal,,delta ade5 (absolute reduction if negative),-1.0156,-1.3136,-0.5903,m,,,,,161,22,autovla_misalignment_poc/outputs/temporal_feedback_window/summary.json :: subsets/t*=1/A-/rows/win1/vs_normal/ade5 (p in json: mcnemar/wilcoxon)
9 temporal_feedback_window,t*=1,A-,win1,,fde5,3.1107,1.9211,4.5482,m,59.3713,39.2236,71.228,(Normal - row)/(Normal - GT-history),161,22,autovla_misalignment_poc/outputs/temporal_feedback_window/summary.json :: subsets/t*=1/A-/rows/win1/level/fde5; fraction: subsets/t*=1/A-/fraction/fde5/win1
9 temporal_feedback_window,t*=1,A-,win1 - normal,,delta fde5 (absolute reduction if negative),-2.6883,-3.507,-1.4525,m,,,,,161,22,autovla_misalignment_poc/outputs/temporal_feedback_window/summary.json :: subsets/t*=1/A-/rows/win1/vs_normal/fde5 (p in json: mcnemar/wilcoxon)
9 temporal_feedback_window,t*=1,A-,win1,,downstream_err,69.8758,61.8995,81.1859,%,39.9485,23.0348,51.9891,(Normal - row)/(Normal - GT-history),161,22,autovla_misalignment_poc/outputs/temporal_feedback_window/summary.json :: subsets/t*=1/A-/rows/win1/level/downstream_err; fraction: subsets/t*=1/A-/fraction/downstream_err/win1
9 temporal_feedback_window,t*=1,A-,win1 - normal,,delta downstream_err (absolute reduction if negative),-24.0683,-30.5733,-13.3717,pp,,,,,161,22,autovla_misalignment_poc/outputs/temporal_feedback_window/summary.json :: subsets/t*=1/A-/rows/win1/vs_normal/downstream_err (p in json: mcnemar/wilcoxon)
9 temporal_feedback_window,t*=1,A-,win2,,amplification,9.9379,4.9774,19.2597,%,76.4706,55.5556,83.8235,(Normal - row)/(Normal - GT-history),161,22,autovla_misalignment_poc/outputs/temporal_feedback_window/summary.json :: subsets/t*=1/A-/rows/win2/level/amplification; fraction: subsets/t*=1/A-/fraction/amplification/win2
9 temporal_feedback_window,t*=1,A-,win2 - normal,,delta amplification (absolute reduction if negative),-32.2981,-45.1862,-14.6659,pp,,,,,161,22,autovla_misalignment_poc/outputs/temporal_feedback_window/summary.json :: subsets/t*=1/A-/rows/win2/vs_normal/amplification (p in json: mcnemar/wilcoxon)
9 temporal_feedback_window,t*=1,A-,win2,,recovery,83.2298,66.3155,89.5929,%,69.2308,34.9971,80.4361,(Normal - row)/(Normal - GT-history),161,22,autovla_misalignment_poc/outputs/temporal_feedback_window/summary.json :: subsets/t*=1/A-/rows/win2/level/recovery; fraction: subsets/t*=1/A-/fraction/recovery/win2
9 temporal_feedback_window,t*=1,A-,win2 - normal,,delta recovery (absolute reduction if negative),33.5404,13.0831,44.4957,pp,,,,,161,22,autovla_misalignment_poc/outputs/temporal_feedback_window/summary.json :: subsets/t*=1/A-/rows/win2/vs_normal/recovery (p in json: mcnemar/wilcoxon)
9 temporal_feedback_window,t*=1,A-,win2,,ade5,0.91,0.6613,1.275,m,,,,,161,22,autovla_misalignment_poc/outputs/temporal_feedback_window/summary.json :: subsets/t*=1/A-/rows/win2/level/ade5; fraction: subsets/t*=1/A-/fraction/ade5/win2
9 temporal_feedback_window,t*=1,A-,win2 - normal,,delta ade5 (absolute reduction if negative),-1.2978,-1.6661,-0.8178,m,,,,,161,22,autovla_misalignment_poc/outputs/temporal_feedback_window/summary.json :: subsets/t*=1/A-/rows/win2/vs_normal/ade5 (p in json: mcnemar/wilcoxon)
9 temporal_feedback_window,t*=1,A-,win2,,fde5,2.1464,1.3448,3.1204,m,80.6675,67.2922,88.1387,(Normal - row)/(Normal - GT-history),161,22,autovla_misalignment_poc/outputs/temporal_feedback_window/summary.json :: subsets/t*=1/A-/rows/win2/level/fde5; fraction: subsets/t*=1/A-/fraction/fde5/win2
9 temporal_feedback_window,t*=1,A-,win2 - normal,,delta fde5 (absolute reduction if negative),-3.6526,-4.7247,-2.1194,m,,,,,161,22,autovla_misalignment_poc/outputs/temporal_feedback_window/summary.json :: subsets/t*=1/A-/rows/win2/vs_normal/fde5 (p in json: mcnemar/wilcoxon)
9 temporal_feedback_window,t*=1,A-,win2,,downstream_err,60.4037,54.0667,71.0675,%,55.6701,39.2539,65.0008,(Normal - row)/(Normal - GT-history),161,22,autovla_misalignment_poc/outputs/temporal_feedback_window/summary.json :: subsets/t*=1/A-/rows/win2/level/downstream_err; fraction: subsets/t*=1/A-/fraction/downstream_err/win2
9 temporal_feedback_window,t*=1,A-,win2 - normal,,delta downstream_err (absolute reduction if negative),-33.5404,-38.7615,-22.6011,pp,,,,,161,22,autovla_misalignment_poc/outputs/temporal_feedback_window/summary.json :: subsets/t*=1/A-/rows/win2/vs_normal/downstream_err (p in json: mcnemar/wilcoxon)
9 temporal_feedback_window,t*=1,A-,win3,,amplification,2.4845,0.0,4.9505,%,94.1176,89.2857,100.0,(Normal - row)/(Normal - GT-history),161,22,autovla_misalignment_poc/outputs/temporal_feedback_window/summary.json :: subsets/t*=1/A-/rows/win3/level/amplification; fraction: subsets/t*=1/A-/fraction/amplification/win3
9 temporal_feedback_window,t*=1,A-,win3 - normal,,delta amplification (absolute reduction if negative),-39.7516,-55.697,-20.7692,pp,,,,,161,22,autovla_misalignment_poc/outputs/temporal_feedback_window/summary.json :: subsets/t*=1/A-/rows/win3/vs_normal/amplification (p in json: mcnemar/wilcoxon)
9 temporal_feedback_window,t*=1,A-,win3,,recovery,94.4099,85.7143,97.736,%,92.3077,82.5,96.1538,(Normal - row)/(Normal - GT-history),161,22,autovla_misalignment_poc/outputs/temporal_feedback_window/summary.json :: subsets/t*=1/A-/rows/win3/level/recovery; fraction: subsets/t*=1/A-/fraction/recovery/win3
9 temporal_feedback_window,t*=1,A-,win3 - normal,,delta recovery (absolute reduction if negative),44.7205,27.7353,57.0009,pp,,,,,161,22,autovla_misalignment_poc/outputs/temporal_feedback_window/summary.json :: subsets/t*=1/A-/rows/win3/vs_normal/recovery (p in json: mcnemar/wilcoxon)
9 temporal_feedback_window,t*=1,A-,win3,,ade5,0.7674,0.5794,1.0542,m,,,,,161,22,autovla_misalignment_poc/outputs/temporal_feedback_window/summary.json :: subsets/t*=1/A-/rows/win3/level/ade5; fraction: subsets/t*=1/A-/fraction/ade5/win3
9 temporal_feedback_window,t*=1,A-,win3 - normal,,delta ade5 (absolute reduction if negative),-1.4404,-1.8756,-0.8902,m,,,,,161,22,autovla_misalignment_poc/outputs/temporal_feedback_window/summary.json :: subsets/t*=1/A-/rows/win3/vs_normal/ade5 (p in json: mcnemar/wilcoxon)
9 temporal_feedback_window,t*=1,A-,win3,,fde5,1.5281,1.0668,2.0354,m,94.3223,91.0701,97.6091,(Normal - row)/(Normal - GT-history),161,22,autovla_misalignment_poc/outputs/temporal_feedback_window/summary.json :: subsets/t*=1/A-/rows/win3/level/fde5; fraction: subsets/t*=1/A-/fraction/fde5/win3
9 temporal_feedback_window,t*=1,A-,win3 - normal,,delta fde5 (absolute reduction if negative),-4.2709,-5.7116,-2.4466,m,,,,,161,22,autovla_misalignment_poc/outputs/temporal_feedback_window/summary.json :: subsets/t*=1/A-/rows/win3/vs_normal/fde5 (p in json: mcnemar/wilcoxon)
9 temporal_feedback_window,t*=1,A-,win3,,downstream_err,45.3416,40.7998,53.2682,%,80.6701,69.4817,88.0514,(Normal - row)/(Normal - GT-history),161,22,autovla_misalignment_poc/outputs/temporal_feedback_window/summary.json :: subsets/t*=1/A-/rows/win3/level/downstream_err; fraction: subsets/t*=1/A-/fraction/downstream_err/win3
9 temporal_feedback_window,t*=1,A-,win3 - normal,,delta downstream_err (absolute reduction if negative),-48.6025,-53.2013,-39.0561,pp,,,,,161,22,autovla_misalignment_poc/outputs/temporal_feedback_window/summary.json :: subsets/t*=1/A-/rows/win3/vs_normal/downstream_err (p in json: mcnemar/wilcoxon)
9 temporal_feedback_window,t*=1,A-,win4,,amplification,0.0,0.0,0.0,%,100.0,100.0,100.0,(Normal - row)/(Normal - GT-history),161,22,autovla_misalignment_poc/outputs/temporal_feedback_window/summary.json :: subsets/t*=1/A-/rows/win4/level/amplification; fraction: subsets/t*=1/A-/fraction/amplification/win4
9 temporal_feedback_window,t*=1,A-,win4 - normal,,delta amplification (absolute reduction if negative),-42.236,-59.5238,-21.5679,pp,,,,,161,22,autovla_misalignment_poc/outputs/temporal_feedback_window/summary.json :: subsets/t*=1/A-/rows/win4/vs_normal/amplification (p in json: mcnemar/wilcoxon)
9 temporal_feedback_window,t*=1,A-,win4,,recovery,98.1366,90.9625,100.0,%,100.0,100.0,100.0,(Normal - row)/(Normal - GT-history),161,22,autovla_misalignment_poc/outputs/temporal_feedback_window/summary.json :: subsets/t*=1/A-/rows/win4/level/recovery; fraction: subsets/t*=1/A-/fraction/recovery/win4
9 temporal_feedback_window,t*=1,A-,win4 - normal,,delta recovery (absolute reduction if negative),48.4472,31.5315,61.7041,pp,,,,,161,22,autovla_misalignment_poc/outputs/temporal_feedback_window/summary.json :: subsets/t*=1/A-/rows/win4/vs_normal/recovery (p in json: mcnemar/wilcoxon)
9 temporal_feedback_window,t*=1,A-,win4,,ade5,0.7372,0.5689,1.0089,m,,,,,161,22,autovla_misalignment_poc/outputs/temporal_feedback_window/summary.json :: subsets/t*=1/A-/rows/win4/level/ade5; fraction: subsets/t*=1/A-/fraction/ade5/win4
9 temporal_feedback_window,t*=1,A-,win4 - normal,,delta ade5 (absolute reduction if negative),-1.4707,-1.9063,-0.9091,m,,,,,161,22,autovla_misalignment_poc/outputs/temporal_feedback_window/summary.json :: subsets/t*=1/A-/rows/win4/vs_normal/ade5 (p in json: mcnemar/wilcoxon)
9 temporal_feedback_window,t*=1,A-,win4,,fde5,1.3733,1.0411,1.7883,m,97.741,92.4466,100.1794,(Normal - row)/(Normal - GT-history),161,22,autovla_misalignment_poc/outputs/temporal_feedback_window/summary.json :: subsets/t*=1/A-/rows/win4/level/fde5; fraction: subsets/t*=1/A-/fraction/fde5/win4
9 temporal_feedback_window,t*=1,A-,win4 - normal,,delta fde5 (absolute reduction if negative),-4.4257,-5.8681,-2.4912,m,,,,,161,22,autovla_misalignment_poc/outputs/temporal_feedback_window/summary.json :: subsets/t*=1/A-/rows/win4/vs_normal/fde5 (p in json: mcnemar/wilcoxon)
9 temporal_feedback_window,t*=1,A-,win4,,downstream_err,38.8199,34.4693,44.5779,%,91.4948,85.3726,97.6959,(Normal - row)/(Normal - GT-history),161,22,autovla_misalignment_poc/outputs/temporal_feedback_window/summary.json :: subsets/t*=1/A-/rows/win4/level/downstream_err; fraction: subsets/t*=1/A-/fraction/downstream_err/win4
9 temporal_feedback_window,t*=1,A-,win4 - normal,,delta downstream_err (absolute reduction if negative),-55.1242,-60.3063,-47.5831,pp,,,,,161,22,autovla_misalignment_poc/outputs/temporal_feedback_window/summary.json :: subsets/t*=1/A-/rows/win4/vs_normal/downstream_err (p in json: mcnemar/wilcoxon)
9 temporal_feedback_window,t*=1,A-,win5,,amplification,0.0,0.0,0.0,%,100.0,100.0,100.0,(Normal - row)/(Normal - GT-history),161,22,autovla_misalignment_poc/outputs/temporal_feedback_window/summary.json :: subsets/t*=1/A-/rows/win5/level/amplification; fraction: subsets/t*=1/A-/fraction/amplification/win5
9 temporal_feedback_window,t*=1,A-,win5 - normal,,delta amplification (absolute reduction if negative),-42.236,-59.5238,-21.5679,pp,,,,,161,22,autovla_misalignment_poc/outputs/temporal_feedback_window/summary.json :: subsets/t*=1/A-/rows/win5/vs_normal/amplification (p in json: mcnemar/wilcoxon)
9 temporal_feedback_window,t*=1,A-,win5,,recovery,98.1366,90.9625,100.0,%,100.0,100.0,100.0,(Normal - row)/(Normal - GT-history),161,22,autovla_misalignment_poc/outputs/temporal_feedback_window/summary.json :: subsets/t*=1/A-/rows/win5/level/recovery; fraction: subsets/t*=1/A-/fraction/recovery/win5
9 temporal_feedback_window,t*=1,A-,win5 - normal,,delta recovery (absolute reduction if negative),48.4472,31.5315,61.7041,pp,,,,,161,22,autovla_misalignment_poc/outputs/temporal_feedback_window/summary.json :: subsets/t*=1/A-/rows/win5/vs_normal/recovery (p in json: mcnemar/wilcoxon)
9 temporal_feedback_window,t*=1,A-,win5,,ade5,0.7238,0.5521,0.9966,m,,,,,161,22,autovla_misalignment_poc/outputs/temporal_feedback_window/summary.json :: subsets/t*=1/A-/rows/win5/level/ade5; fraction: subsets/t*=1/A-/fraction/ade5/win5
9 temporal_feedback_window,t*=1,A-,win5 - normal,,delta ade5 (absolute reduction if negative),-1.484,-1.9238,-0.9195,m,,,,,161,22,autovla_misalignment_poc/outputs/temporal_feedback_window/summary.json :: subsets/t*=1/A-/rows/win5/vs_normal/ade5 (p in json: mcnemar/wilcoxon)
9 temporal_feedback_window,t*=1,A-,win5,,fde5,1.2848,0.951,1.732,m,99.6975,97.9737,100.3143,(Normal - row)/(Normal - GT-history),161,22,autovla_misalignment_poc/outputs/temporal_feedback_window/summary.json :: subsets/t*=1/A-/rows/win5/level/fde5; fraction: subsets/t*=1/A-/fraction/fde5/win5
9 temporal_feedback_window,t*=1,A-,win5 - normal,,delta fde5 (absolute reduction if negative),-4.5142,-5.947,-2.5949,m,,,,,161,22,autovla_misalignment_poc/outputs/temporal_feedback_window/summary.json :: subsets/t*=1/A-/rows/win5/vs_normal/fde5 (p in json: mcnemar/wilcoxon)
9 temporal_feedback_window,t*=1,A-,win5,,downstream_err,35.4037,33.4558,40.3583,%,97.1649,94.3593,98.808,(Normal - row)/(Normal - GT-history),161,22,autovla_misalignment_poc/outputs/temporal_feedback_window/summary.json :: subsets/t*=1/A-/rows/win5/level/downstream_err; fraction: subsets/t*=1/A-/fraction/downstream_err/win5
9 temporal_feedback_window,t*=1,A-,win5 - normal,,delta downstream_err (absolute reduction if negative),-58.5404,-61.9347,-52.2059,pp,,,,,161,22,autovla_misalignment_poc/outputs/temporal_feedback_window/summary.json :: subsets/t*=1/A-/rows/win5/vs_normal/downstream_err (p in json: mcnemar/wilcoxon)
9 temporal_feedback_window,t*=1,A-,win6,,amplification,0.0,0.0,0.0,%,100.0,100.0,100.0,(Normal - row)/(Normal - GT-history),161,22,autovla_misalignment_poc/outputs/temporal_feedback_window/summary.json :: subsets/t*=1/A-/rows/win6/level/amplification; fraction: subsets/t*=1/A-/fraction/amplification/win6
9 temporal_feedback_window,t*=1,A-,win6 - normal,,delta amplification (absolute reduction if negative),-42.236,-59.5238,-21.5679,pp,,,,,161,22,autovla_misalignment_poc/outputs/temporal_feedback_window/summary.json :: subsets/t*=1/A-/rows/win6/vs_normal/amplification (p in json: mcnemar/wilcoxon)
9 temporal_feedback_window,t*=1,A-,win6,,recovery,98.1366,90.9625,100.0,%,100.0,100.0,100.0,(Normal - row)/(Normal - GT-history),161,22,autovla_misalignment_poc/outputs/temporal_feedback_window/summary.json :: subsets/t*=1/A-/rows/win6/level/recovery; fraction: subsets/t*=1/A-/fraction/recovery/win6
9 temporal_feedback_window,t*=1,A-,win6 - normal,,delta recovery (absolute reduction if negative),48.4472,31.5315,61.7041,pp,,,,,161,22,autovla_misalignment_poc/outputs/temporal_feedback_window/summary.json :: subsets/t*=1/A-/rows/win6/vs_normal/recovery (p in json: mcnemar/wilcoxon)
9 temporal_feedback_window,t*=1,A-,win6,,ade5,0.7209,0.545,0.9963,m,,,,,161,22,autovla_misalignment_poc/outputs/temporal_feedback_window/summary.json :: subsets/t*=1/A-/rows/win6/level/ade5; fraction: subsets/t*=1/A-/fraction/ade5/win6
9 temporal_feedback_window,t*=1,A-,win6 - normal,,delta ade5 (absolute reduction if negative),-1.4869,-1.9241,-0.9274,m,,,,,161,22,autovla_misalignment_poc/outputs/temporal_feedback_window/summary.json :: subsets/t*=1/A-/rows/win6/vs_normal/ade5 (p in json: mcnemar/wilcoxon)
9 temporal_feedback_window,t*=1,A-,win6,,fde5,1.2627,0.9111,1.7278,m,100.1852,100.0,100.4309,(Normal - row)/(Normal - GT-history),161,22,autovla_misalignment_poc/outputs/temporal_feedback_window/summary.json :: subsets/t*=1/A-/rows/win6/level/fde5; fraction: subsets/t*=1/A-/fraction/fde5/win6
9 temporal_feedback_window,t*=1,A-,win6 - normal,,delta fde5 (absolute reduction if negative),-4.5363,-5.9484,-2.6486,m,,,,,161,22,autovla_misalignment_poc/outputs/temporal_feedback_window/summary.json :: subsets/t*=1/A-/rows/win6/vs_normal/fde5 (p in json: mcnemar/wilcoxon)
9 temporal_feedback_window,t*=1,A-,win6,,downstream_err,34.6273,32.6345,39.0422,%,98.4536,97.3404,100.0,(Normal - row)/(Normal - GT-history),161,22,autovla_misalignment_poc/outputs/temporal_feedback_window/summary.json :: subsets/t*=1/A-/rows/win6/level/downstream_err; fraction: subsets/t*=1/A-/fraction/downstream_err/win6
9 temporal_feedback_window,t*=1,A-,win6 - normal,,delta downstream_err (absolute reduction if negative),-59.3168,-62.2581,-53.8907,pp,,,,,161,22,autovla_misalignment_poc/outputs/temporal_feedback_window/summary.json :: subsets/t*=1/A-/rows/win6/vs_normal/downstream_err (p in json: mcnemar/wilcoxon)
9 temporal_feedback_window,t*=1,A-,win7,,amplification,0.0,0.0,0.0,%,100.0,100.0,100.0,(Normal - row)/(Normal - GT-history),161,22,autovla_misalignment_poc/outputs/temporal_feedback_window/summary.json :: subsets/t*=1/A-/rows/win7/level/amplification; fraction: subsets/t*=1/A-/fraction/amplification/win7
9 temporal_feedback_window,t*=1,A-,win7 - normal,,delta amplification (absolute reduction if negative),-42.236,-59.5238,-21.5679,pp,,,,,161,22,autovla_misalignment_poc/outputs/temporal_feedback_window/summary.json :: subsets/t*=1/A-/rows/win7/vs_normal/amplification (p in json: mcnemar/wilcoxon)
9 temporal_feedback_window,t*=1,A-,win7,,recovery,98.1366,90.9625,100.0,%,100.0,100.0,100.0,(Normal - row)/(Normal - GT-history),161,22,autovla_misalignment_poc/outputs/temporal_feedback_window/summary.json :: subsets/t*=1/A-/rows/win7/level/recovery; fraction: subsets/t*=1/A-/fraction/recovery/win7
9 temporal_feedback_window,t*=1,A-,win7 - normal,,delta recovery (absolute reduction if negative),48.4472,31.5315,61.7041,pp,,,,,161,22,autovla_misalignment_poc/outputs/temporal_feedback_window/summary.json :: subsets/t*=1/A-/rows/win7/vs_normal/recovery (p in json: mcnemar/wilcoxon)
9 temporal_feedback_window,t*=1,A-,win7,,ade5,0.7217,0.5458,0.9972,m,,,,,161,22,autovla_misalignment_poc/outputs/temporal_feedback_window/summary.json :: subsets/t*=1/A-/rows/win7/level/ade5; fraction: subsets/t*=1/A-/fraction/ade5/win7
9 temporal_feedback_window,t*=1,A-,win7 - normal,,delta ade5 (absolute reduction if negative),-1.4861,-1.9235,-0.927,m,,,,,161,22,autovla_misalignment_poc/outputs/temporal_feedback_window/summary.json :: subsets/t*=1/A-/rows/win7/vs_normal/ade5 (p in json: mcnemar/wilcoxon)
9 temporal_feedback_window,t*=1,A-,win7,,fde5,1.2711,0.9154,1.7358,m,100.0,100.0,100.0,(Normal - row)/(Normal - GT-history),161,22,autovla_misalignment_poc/outputs/temporal_feedback_window/summary.json :: subsets/t*=1/A-/rows/win7/level/fde5; fraction: subsets/t*=1/A-/fraction/fde5/win7
9 temporal_feedback_window,t*=1,A-,win7 - normal,,delta fde5 (absolute reduction if negative),-4.5279,-5.9394,-2.6418,m,,,,,161,22,autovla_misalignment_poc/outputs/temporal_feedback_window/summary.json :: subsets/t*=1/A-/rows/win7/vs_normal/fde5 (p in json: mcnemar/wilcoxon)
9 temporal_feedback_window,t*=1,A-,win7,,downstream_err,33.6957,32.0689,38.3673,%,100.0,100.0,100.0,(Normal - row)/(Normal - GT-history),161,22,autovla_misalignment_poc/outputs/temporal_feedback_window/summary.json :: subsets/t*=1/A-/rows/win7/level/downstream_err; fraction: subsets/t*=1/A-/fraction/downstream_err/win7
9 temporal_feedback_window,t*=1,A-,win7 - normal,,delta downstream_err (absolute reduction if negative),-60.2484,-63.2048,-54.5725,pp,,,,,161,22,autovla_misalignment_poc/outputs/temporal_feedback_window/summary.json :: subsets/t*=1/A-/rows/win7/vs_normal/downstream_err (p in json: mcnemar/wilcoxon)
9 temporal_feedback_window,t*=1,A-,win8,,amplification,0.0,0.0,0.0,%,100.0,100.0,100.0,(Normal - row)/(Normal - GT-history),161,22,autovla_misalignment_poc/outputs/temporal_feedback_window/summary.json :: subsets/t*=1/A-/rows/win8/level/amplification; fraction: subsets/t*=1/A-/fraction/amplification/win8
9 temporal_feedback_window,t*=1,A-,win8 - normal,,delta amplification (absolute reduction if negative),-42.236,-59.5238,-21.5679,pp,,,,,161,22,autovla_misalignment_poc/outputs/temporal_feedback_window/summary.json :: subsets/t*=1/A-/rows/win8/vs_normal/amplification (p in json: mcnemar/wilcoxon)
9 temporal_feedback_window,t*=1,A-,win8,,recovery,98.1366,90.9625,100.0,%,100.0,100.0,100.0,(Normal - row)/(Normal - GT-history),161,22,autovla_misalignment_poc/outputs/temporal_feedback_window/summary.json :: subsets/t*=1/A-/rows/win8/level/recovery; fraction: subsets/t*=1/A-/fraction/recovery/win8
9 temporal_feedback_window,t*=1,A-,win8 - normal,,delta recovery (absolute reduction if negative),48.4472,31.5315,61.7041,pp,,,,,161,22,autovla_misalignment_poc/outputs/temporal_feedback_window/summary.json :: subsets/t*=1/A-/rows/win8/vs_normal/recovery (p in json: mcnemar/wilcoxon)
9 temporal_feedback_window,t*=1,A-,win8,,ade5,0.7217,0.5458,0.9972,m,,,,,161,22,autovla_misalignment_poc/outputs/temporal_feedback_window/summary.json :: subsets/t*=1/A-/rows/win8/level/ade5; fraction: subsets/t*=1/A-/fraction/ade5/win8
9 temporal_feedback_window,t*=1,A-,win8 - normal,,delta ade5 (absolute reduction if negative),-1.4861,-1.9235,-0.927,m,,,,,161,22,autovla_misalignment_poc/outputs/temporal_feedback_window/summary.json :: subsets/t*=1/A-/rows/win8/vs_normal/ade5 (p in json: mcnemar/wilcoxon)
9 temporal_feedback_window,t*=1,A-,win8,,fde5,1.2711,0.9154,1.7358,m,100.0,100.0,100.0,(Normal - row)/(Normal - GT-history),161,22,autovla_misalignment_poc/outputs/temporal_feedback_window/summary.json :: subsets/t*=1/A-/rows/win8/level/fde5; fraction: subsets/t*=1/A-/fraction/fde5/win8
9 temporal_feedback_window,t*=1,A-,win8 - normal,,delta fde5 (absolute reduction if negative),-4.5279,-5.9394,-2.6418,m,,,,,161,22,autovla_misalignment_poc/outputs/temporal_feedback_window/summary.json :: subsets/t*=1/A-/rows/win8/vs_normal/fde5 (p in json: mcnemar/wilcoxon)
9 temporal_feedback_window,t*=1,A-,win8,,downstream_err,33.6957,32.0689,38.3673,%,100.0,100.0,100.0,(Normal - row)/(Normal - GT-history),161,22,autovla_misalignment_poc/outputs/temporal_feedback_window/summary.json :: subsets/t*=1/A-/rows/win8/level/downstream_err; fraction: subsets/t*=1/A-/fraction/downstream_err/win8
9 temporal_feedback_window,t*=1,A-,win8 - normal,,delta downstream_err (absolute reduction if negative),-60.2484,-63.2048,-54.5725,pp,,,,,161,22,autovla_misalignment_poc/outputs/temporal_feedback_window/summary.json :: subsets/t*=1/A-/rows/win8/vs_normal/downstream_err (p in json: mcnemar/wilcoxon)
9 temporal_feedback_window,t*=1,A-,gt_history,,amplification,0.0,0.0,0.0,%,,,,,161,22,autovla_misalignment_poc/outputs/temporal_feedback_window/summary.json :: subsets/t*=1/A-/rows/gt_history/level/amplification; fraction: subsets/t*=1/A-/fraction/amplification/gt_history
9 temporal_feedback_window,t*=1,A-,gt_history - normal,,delta amplification (absolute reduction if negative),-42.236,-59.5238,-21.5679,pp,,,,,161,22,autovla_misalignment_poc/outputs/temporal_feedback_window/summary.json :: subsets/t*=1/A-/rows/gt_history/vs_normal/amplification (p in json: mcnemar/wilcoxon)
9 temporal_feedback_window,t*=1,A-,gt_history,,recovery,98.1366,90.9625,100.0,%,,,,,161,22,autovla_misalignment_poc/outputs/temporal_feedback_window/summary.json :: subsets/t*=1/A-/rows/gt_history/level/recovery; fraction: subsets/t*=1/A-/fraction/recovery/gt_history
9 temporal_feedback_window,t*=1,A-,gt_history - normal,,delta recovery (absolute reduction if negative),48.4472,31.5315,61.7041,pp,,,,,161,22,autovla_misalignment_poc/outputs/temporal_feedback_window/summary.json :: subsets/t*=1/A-/rows/gt_history/vs_normal/recovery (p in json: mcnemar/wilcoxon)
9 temporal_feedback_window,t*=1,A-,gt_history,,ade5,0.7217,0.5458,0.9972,m,,,,,161,22,autovla_misalignment_poc/outputs/temporal_feedback_window/summary.json :: subsets/t*=1/A-/rows/gt_history/level/ade5; fraction: subsets/t*=1/A-/fraction/ade5/gt_history
9 temporal_feedback_window,t*=1,A-,gt_history - normal,,delta ade5 (absolute reduction if negative),-1.4861,-1.9235,-0.927,m,,,,,161,22,autovla_misalignment_poc/outputs/temporal_feedback_window/summary.json :: subsets/t*=1/A-/rows/gt_history/vs_normal/ade5 (p in json: mcnemar/wilcoxon)
9 temporal_feedback_window,t*=1,A-,gt_history,,fde5,1.2711,0.9154,1.7358,m,,,,,161,22,autovla_misalignment_poc/outputs/temporal_feedback_window/summary.json :: subsets/t*=1/A-/rows/gt_history/level/fde5; fraction: subsets/t*=1/A-/fraction/fde5/gt_history
9 temporal_feedback_window,t*=1,A-,gt_history - normal,,delta fde5 (absolute reduction if negative),-4.5279,-5.9394,-2.6418,m,,,,,161,22,autovla_misalignment_poc/outputs/temporal_feedback_window/summary.json :: subsets/t*=1/A-/rows/gt_history/vs_normal/fde5 (p in json: mcnemar/wilcoxon)
9 temporal_feedback_window,t*=1,A-,gt_history,,downstream_err,33.6957,32.0689,38.3673,%,,,,,161,22,autovla_misalignment_poc/outputs/temporal_feedback_window/summary.json :: subsets/t*=1/A-/rows/gt_history/level/downstream_err; fraction: subsets/t*=1/A-/fraction/downstream_err/gt_history
9 temporal_feedback_window,t*=1,A-,gt_history - normal,,delta downstream_err (absolute reduction if negative),-60.2484,-63.2048,-54.5725,pp,,,,,161,22,autovla_misalignment_poc/outputs/temporal_feedback_window/summary.json :: subsets/t*=1/A-/rows/gt_history/vs_normal/downstream_err (p in json: mcnemar/wilcoxon)
9 temporal_feedback_window,t*=1,A-,delay2_len1,,amplification,16.7702,8.4208,23.438,%,60.2941,44.8276,73.5364,(Normal - row)/(Normal - GT-history),161,22,autovla_misalignment_poc/outputs/temporal_feedback_window/summary.json :: subsets/t*=1/A-/rows/delay2_len1/level/amplification; fraction: subsets/t*=1/A-/fraction/amplification/delay2_len1
9 temporal_feedback_window,t*=1,A-,delay2_len1 - normal,,delta amplification (absolute reduction if negative),-25.4658,-38.851,-11.3384,pp,,,,,161,22,autovla_misalignment_poc/outputs/temporal_feedback_window/summary.json :: subsets/t*=1/A-/rows/delay2_len1/vs_normal/amplification (p in json: mcnemar/wilcoxon)
9 temporal_feedback_window,t*=1,A-,delay2_len1,,recovery,73.2919,64.9631,79.0478,%,48.7179,17.9944,63.462,(Normal - row)/(Normal - GT-history),161,22,autovla_misalignment_poc/outputs/temporal_feedback_window/summary.json :: subsets/t*=1/A-/rows/delay2_len1/level/recovery; fraction: subsets/t*=1/A-/fraction/recovery/delay2_len1
9 temporal_feedback_window,t*=1,A-,delay2_len1 - normal,,delta recovery (absolute reduction if negative),23.6025,6.2458,37.3494,pp,,,,,161,22,autovla_misalignment_poc/outputs/temporal_feedback_window/summary.json :: subsets/t*=1/A-/rows/delay2_len1/vs_normal/recovery (p in json: mcnemar/wilcoxon)
9 temporal_feedback_window,t*=1,A-,delay2_len1,,ade5,1.3597,0.9498,1.6817,m,,,,,161,22,autovla_misalignment_poc/outputs/temporal_feedback_window/summary.json :: subsets/t*=1/A-/rows/delay2_len1/level/ade5; fraction: subsets/t*=1/A-/fraction/ade5/delay2_len1
9 temporal_feedback_window,t*=1,A-,delay2_len1 - normal,,delta ade5 (absolute reduction if negative),-0.8481,-1.1988,-0.513,m,,,,,161,22,autovla_misalignment_poc/outputs/temporal_feedback_window/summary.json :: subsets/t*=1/A-/rows/delay2_len1/vs_normal/ade5 (p in json: mcnemar/wilcoxon)
9 temporal_feedback_window,t*=1,A-,delay2_len1,,fde5,3.3047,2.0545,4.1819,m,55.0873,47.2588,69.6627,(Normal - row)/(Normal - GT-history),161,22,autovla_misalignment_poc/outputs/temporal_feedback_window/summary.json :: subsets/t*=1/A-/rows/delay2_len1/level/fde5; fraction: subsets/t*=1/A-/fraction/fde5/delay2_len1
9 temporal_feedback_window,t*=1,A-,delay2_len1 - normal,,delta fde5 (absolute reduction if negative),-2.4943,-3.5535,-1.3991,m,,,,,161,22,autovla_misalignment_poc/outputs/temporal_feedback_window/summary.json :: subsets/t*=1/A-/rows/delay2_len1/vs_normal/fde5 (p in json: mcnemar/wilcoxon)
9 temporal_feedback_window,t*=1,A-,delay2_len1,,downstream_err,82.6863,78.4653,87.0201,%,18.6856,11.1345,26.2518,(Normal - row)/(Normal - GT-history),161,22,autovla_misalignment_poc/outputs/temporal_feedback_window/summary.json :: subsets/t*=1/A-/rows/delay2_len1/level/downstream_err; fraction: subsets/t*=1/A-/fraction/downstream_err/delay2_len1
9 temporal_feedback_window,t*=1,A-,delay2_len1 - normal,,delta downstream_err (absolute reduction if negative),-11.2578,-15.9633,-6.3985,pp,,,,,161,22,autovla_misalignment_poc/outputs/temporal_feedback_window/summary.json :: subsets/t*=1/A-/rows/delay2_len1/vs_normal/downstream_err (p in json: mcnemar/wilcoxon)
9 temporal_feedback_window,t*=1,A-,delay3_len1,,amplification,14.2857,9.5646,25.0079,%,66.1765,40.0,76.7681,(Normal - row)/(Normal - GT-history),161,22,autovla_misalignment_poc/outputs/temporal_feedback_window/summary.json :: subsets/t*=1/A-/rows/delay3_len1/level/amplification; fraction: subsets/t*=1/A-/fraction/amplification/delay3_len1
9 temporal_feedback_window,t*=1,A-,delay3_len1 - normal,,delta amplification (absolute reduction if negative),-27.9503,-40.4762,-9.4573,pp,,,,,161,22,autovla_misalignment_poc/outputs/temporal_feedback_window/summary.json :: subsets/t*=1/A-/rows/delay3_len1/vs_normal/amplification (p in json: mcnemar/wilcoxon)
9 temporal_feedback_window,t*=1,A-,delay3_len1,,recovery,73.913,57.1393,84.1383,%,50.0,-6.9027,72.942,(Normal - row)/(Normal - GT-history),161,22,autovla_misalignment_poc/outputs/temporal_feedback_window/summary.json :: subsets/t*=1/A-/rows/delay3_len1/level/recovery; fraction: subsets/t*=1/A-/fraction/recovery/delay3_len1
9 temporal_feedback_window,t*=1,A-,delay3_len1 - normal,,delta recovery (absolute reduction if negative),24.2236,-2.4809,41.415,pp,,,,,161,22,autovla_misalignment_poc/outputs/temporal_feedback_window/summary.json :: subsets/t*=1/A-/rows/delay3_len1/vs_normal/recovery (p in json: mcnemar/wilcoxon)
9 temporal_feedback_window,t*=1,A-,delay3_len1,,ade5,1.3808,0.9425,1.7775,m,,,,,161,22,autovla_misalignment_poc/outputs/temporal_feedback_window/summary.json :: subsets/t*=1/A-/rows/delay3_len1/level/ade5; fraction: subsets/t*=1/A-/fraction/ade5/delay3_len1
9 temporal_feedback_window,t*=1,A-,delay3_len1 - normal,,delta ade5 (absolute reduction if negative),-0.827,-1.1638,-0.5346,m,,,,,161,22,autovla_misalignment_poc/outputs/temporal_feedback_window/summary.json :: subsets/t*=1/A-/rows/delay3_len1/vs_normal/ade5 (p in json: mcnemar/wilcoxon)
9 temporal_feedback_window,t*=1,A-,delay3_len1,,fde5,2.9021,1.7931,3.6556,m,63.9788,58.7114,75.436,(Normal - row)/(Normal - GT-history),161,22,autovla_misalignment_poc/outputs/temporal_feedback_window/summary.json :: subsets/t*=1/A-/rows/delay3_len1/level/fde5; fraction: subsets/t*=1/A-/fraction/fde5/delay3_len1
9 temporal_feedback_window,t*=1,A-,delay3_len1 - normal,,delta fde5 (absolute reduction if negative),-2.8969,-4.1207,-1.7058,m,,,,,161,22,autovla_misalignment_poc/outputs/temporal_feedback_window/summary.json :: subsets/t*=1/A-/rows/delay3_len1/vs_normal/fde5 (p in json: mcnemar/wilcoxon)
9 temporal_feedback_window,t*=1,A-,delay3_len1,,downstream_err,81.2112,77.5887,86.3648,%,21.134,10.6291,27.8237,(Normal - row)/(Normal - GT-history),161,22,autovla_misalignment_poc/outputs/temporal_feedback_window/summary.json :: subsets/t*=1/A-/rows/delay3_len1/level/downstream_err; fraction: subsets/t*=1/A-/fraction/downstream_err/delay3_len1
9 temporal_feedback_window,t*=1,A-,delay3_len1 - normal,,delta downstream_err (absolute reduction if negative),-12.7329,-17.0719,-6.1881,pp,,,,,161,22,autovla_misalignment_poc/outputs/temporal_feedback_window/summary.json :: subsets/t*=1/A-/rows/delay3_len1/vs_normal/downstream_err (p in json: mcnemar/wilcoxon)
9 temporal_feedback_window,t*=1,A-,delay4_len1,,amplification,12.4224,7.3389,23.2877,%,70.5882,50.0,78.3784,(Normal - row)/(Normal - GT-history),161,22,autovla_misalignment_poc/outputs/temporal_feedback_window/summary.json :: subsets/t*=1/A-/rows/delay4_len1/level/amplification; fraction: subsets/t*=1/A-/fraction/amplification/delay4_len1
9 temporal_feedback_window,t*=1,A-,delay4_len1 - normal,,delta amplification (absolute reduction if negative),-29.8137,-41.6675,-12.5903,pp,,,,,161,22,autovla_misalignment_poc/outputs/temporal_feedback_window/summary.json :: subsets/t*=1/A-/rows/delay4_len1/vs_normal/amplification (p in json: mcnemar/wilcoxon)
9 temporal_feedback_window,t*=1,A-,delay4_len1,,recovery,73.2919,61.9552,82.4677,%,48.7179,6.3929,71.1607,(Normal - row)/(Normal - GT-history),161,22,autovla_misalignment_poc/outputs/temporal_feedback_window/summary.json :: subsets/t*=1/A-/rows/delay4_len1/level/recovery; fraction: subsets/t*=1/A-/fraction/recovery/delay4_len1
9 temporal_feedback_window,t*=1,A-,delay4_len1 - normal,,delta recovery (absolute reduction if negative),23.6025,2.475,39.0262,pp,,,,,161,22,autovla_misalignment_poc/outputs/temporal_feedback_window/summary.json :: subsets/t*=1/A-/rows/delay4_len1/vs_normal/recovery (p in json: mcnemar/wilcoxon)
9 temporal_feedback_window,t*=1,A-,delay4_len1,,ade5,1.6011,1.0908,2.0671,m,,,,,161,22,autovla_misalignment_poc/outputs/temporal_feedback_window/summary.json :: subsets/t*=1/A-/rows/delay4_len1/level/ade5; fraction: subsets/t*=1/A-/fraction/ade5/delay4_len1
9 temporal_feedback_window,t*=1,A-,delay4_len1 - normal,,delta ade5 (absolute reduction if negative),-0.6067,-0.8449,-0.382,m,,,,,161,22,autovla_misalignment_poc/outputs/temporal_feedback_window/summary.json :: subsets/t*=1/A-/rows/delay4_len1/vs_normal/ade5 (p in json: mcnemar/wilcoxon)
9 temporal_feedback_window,t*=1,A-,delay4_len1,,fde5,3.2924,1.956,4.2736,m,55.3585,49.6207,66.7558,(Normal - row)/(Normal - GT-history),161,22,autovla_misalignment_poc/outputs/temporal_feedback_window/summary.json :: subsets/t*=1/A-/rows/delay4_len1/level/fde5; fraction: subsets/t*=1/A-/fraction/fde5/delay4_len1
9 temporal_feedback_window,t*=1,A-,delay4_len1 - normal,,delta fde5 (absolute reduction if negative),-2.5066,-3.4755,-1.5133,m,,,,,161,22,autovla_misalignment_poc/outputs/temporal_feedback_window/summary.json :: subsets/t*=1/A-/rows/delay4_len1/vs_normal/fde5 (p in json: mcnemar/wilcoxon)
9 temporal_feedback_window,t*=1,A-,delay4_len1,,downstream_err,87.6553,83.0246,90.5846,%,10.4381,6.1249,16.2614,(Normal - row)/(Normal - GT-history),161,22,autovla_misalignment_poc/outputs/temporal_feedback_window/summary.json :: subsets/t*=1/A-/rows/delay4_len1/level/downstream_err; fraction: subsets/t*=1/A-/fraction/downstream_err/delay4_len1
9 temporal_feedback_window,t*=1,A-,delay4_len1 - normal,,delta downstream_err (absolute reduction if negative),-6.2888,-9.7714,-3.6076,pp,,,,,161,22,autovla_misalignment_poc/outputs/temporal_feedback_window/summary.json :: subsets/t*=1/A-/rows/delay4_len1/vs_normal/downstream_err (p in json: mcnemar/wilcoxon)
9 temporal_feedback_window,t*=1,A-,delay2_len2,,amplification,8.6957,5.095,15.4762,%,79.4118,55.2609,88.4232,(Normal - row)/(Normal - GT-history),161,22,autovla_misalignment_poc/outputs/temporal_feedback_window/summary.json :: subsets/t*=1/A-/rows/delay2_len2/level/amplification; fraction: subsets/t*=1/A-/fraction/amplification/delay2_len2
9 temporal_feedback_window,t*=1,A-,delay2_len2 - normal,,delta amplification (absolute reduction if negative),-33.5404,-48.688,-12.4182,pp,,,,,161,22,autovla_misalignment_poc/outputs/temporal_feedback_window/summary.json :: subsets/t*=1/A-/rows/delay2_len2/vs_normal/amplification (p in json: mcnemar/wilcoxon)
9 temporal_feedback_window,t*=1,A-,delay2_len2,,recovery,83.2298,72.413,89.4737,%,69.2308,39.2792,81.945,(Normal - row)/(Normal - GT-history),161,22,autovla_misalignment_poc/outputs/temporal_feedback_window/summary.json :: subsets/t*=1/A-/rows/delay2_len2/level/recovery; fraction: subsets/t*=1/A-/fraction/recovery/delay2_len2
9 temporal_feedback_window,t*=1,A-,delay2_len2 - normal,,delta recovery (absolute reduction if negative),33.5404,13.0939,48.4051,pp,,,,,161,22,autovla_misalignment_poc/outputs/temporal_feedback_window/summary.json :: subsets/t*=1/A-/rows/delay2_len2/vs_normal/recovery (p in json: mcnemar/wilcoxon)
9 temporal_feedback_window,t*=1,A-,delay2_len2,,ade5,1.0758,0.7961,1.3743,m,,,,,161,22,autovla_misalignment_poc/outputs/temporal_feedback_window/summary.json :: subsets/t*=1/A-/rows/delay2_len2/level/ade5; fraction: subsets/t*=1/A-/fraction/ade5/delay2_len2
9 temporal_feedback_window,t*=1,A-,delay2_len2 - normal,,delta ade5 (absolute reduction if negative),-1.132,-1.5057,-0.7032,m,,,,,161,22,autovla_misalignment_poc/outputs/temporal_feedback_window/summary.json :: subsets/t*=1/A-/rows/delay2_len2/vs_normal/ade5 (p in json: mcnemar/wilcoxon)
9 temporal_feedback_window,t*=1,A-,delay2_len2,,fde5,2.1979,1.558,2.6856,m,79.5315,74.3351,85.3465,(Normal - row)/(Normal - GT-history),161,22,autovla_misalignment_poc/outputs/temporal_feedback_window/summary.json :: subsets/t*=1/A-/rows/delay2_len2/level/fde5; fraction: subsets/t*=1/A-/fraction/fde5/delay2_len2
9 temporal_feedback_window,t*=1,A-,delay2_len2 - normal,,delta fde5 (absolute reduction if negative),-3.6011,-4.8781,-2.0254,m,,,,,161,22,autovla_misalignment_poc/outputs/temporal_feedback_window/summary.json :: subsets/t*=1/A-/rows/delay2_len2/vs_normal/fde5 (p in json: mcnemar/wilcoxon)
9 temporal_feedback_window,t*=1,A-,delay2_len2,,downstream_err,65.528,61.7032,73.0266,%,47.1649,34.4826,54.5722,(Normal - row)/(Normal - GT-history),161,22,autovla_misalignment_poc/outputs/temporal_feedback_window/summary.json :: subsets/t*=1/A-/rows/delay2_len2/level/downstream_err; fraction: subsets/t*=1/A-/fraction/downstream_err/delay2_len2
9 temporal_feedback_window,t*=1,A-,delay2_len2 - normal,,delta downstream_err (absolute reduction if negative),-28.4161,-33.6316,-19.477,pp,,,,,161,22,autovla_misalignment_poc/outputs/temporal_feedback_window/summary.json :: subsets/t*=1/A-/rows/delay2_len2/vs_normal/downstream_err (p in json: mcnemar/wilcoxon)
9 temporal_feedback_window,t*=1,A-,delay3_len2,,amplification,7.4534,4.1787,13.4154,%,82.3529,58.3333,91.3043,(Normal - row)/(Normal - GT-history),161,22,autovla_misalignment_poc/outputs/temporal_feedback_window/summary.json :: subsets/t*=1/A-/rows/delay3_len2/level/amplification; fraction: subsets/t*=1/A-/fraction/amplification/delay3_len2
9 temporal_feedback_window,t*=1,A-,delay3_len2 - normal,,delta amplification (absolute reduction if negative),-34.7826,-50.5747,-13.0761,pp,,,,,161,22,autovla_misalignment_poc/outputs/temporal_feedback_window/summary.json :: subsets/t*=1/A-/rows/delay3_len2/vs_normal/amplification (p in json: mcnemar/wilcoxon)
9 temporal_feedback_window,t*=1,A-,delay3_len2,,recovery,82.6087,69.4898,91.0513,%,67.9487,23.0714,85.8989,(Normal - row)/(Normal - GT-history),161,22,autovla_misalignment_poc/outputs/temporal_feedback_window/summary.json :: subsets/t*=1/A-/rows/delay3_len2/level/recovery; fraction: subsets/t*=1/A-/fraction/recovery/delay3_len2
9 temporal_feedback_window,t*=1,A-,delay3_len2 - normal,,delta recovery (absolute reduction if negative),32.9193,7.8394,50.0,pp,,,,,161,22,autovla_misalignment_poc/outputs/temporal_feedback_window/summary.json :: subsets/t*=1/A-/rows/delay3_len2/vs_normal/recovery (p in json: mcnemar/wilcoxon)
9 temporal_feedback_window,t*=1,A-,delay3_len2,,ade5,1.288,0.8672,1.6941,m,,,,,161,22,autovla_misalignment_poc/outputs/temporal_feedback_window/summary.json :: subsets/t*=1/A-/rows/delay3_len2/level/ade5; fraction: subsets/t*=1/A-/fraction/ade5/delay3_len2
9 temporal_feedback_window,t*=1,A-,delay3_len2 - normal,,delta ade5 (absolute reduction if negative),-0.9198,-1.2489,-0.6046,m,,,,,161,22,autovla_misalignment_poc/outputs/temporal_feedback_window/summary.json :: subsets/t*=1/A-/rows/delay3_len2/vs_normal/ade5 (p in json: mcnemar/wilcoxon)
9 temporal_feedback_window,t*=1,A-,delay3_len2,,fde5,2.4179,1.4332,3.1783,m,74.6707,71.1103,83.1463,(Normal - row)/(Normal - GT-history),161,22,autovla_misalignment_poc/outputs/temporal_feedback_window/summary.json :: subsets/t*=1/A-/rows/delay3_len2/level/fde5; fraction: subsets/t*=1/A-/fraction/fde5/delay3_len2
9 temporal_feedback_window,t*=1,A-,delay3_len2 - normal,,delta fde5 (absolute reduction if negative),-3.381,-4.5419,-2.0881,m,,,,,161,22,autovla_misalignment_poc/outputs/temporal_feedback_window/summary.json :: subsets/t*=1/A-/rows/delay3_len2/vs_normal/fde5 (p in json: mcnemar/wilcoxon)
9 temporal_feedback_window,t*=1,A-,delay3_len2,,downstream_err,72.8261,67.5816,80.4293,%,35.0515,21.2582,44.2191,(Normal - row)/(Normal - GT-history),161,22,autovla_misalignment_poc/outputs/temporal_feedback_window/summary.json :: subsets/t*=1/A-/rows/delay3_len2/level/downstream_err; fraction: subsets/t*=1/A-/fraction/downstream_err/delay3_len2
9 temporal_feedback_window,t*=1,A-,delay3_len2 - normal,,delta downstream_err (absolute reduction if negative),-21.118,-27.1206,-11.9943,pp,,,,,161,22,autovla_misalignment_poc/outputs/temporal_feedback_window/summary.json :: subsets/t*=1/A-/rows/delay3_len2/vs_normal/downstream_err (p in json: mcnemar/wilcoxon)
9 temporal_feedback_window,t*=1,A-,skipfirst2_full,,amplification,0.6211,0.0,2.4593,%,98.5294,92.3077,100.0,(Normal - row)/(Normal - GT-history),161,22,autovla_misalignment_poc/outputs/temporal_feedback_window/summary.json :: subsets/t*=1/A-/rows/skipfirst2_full/level/amplification; fraction: subsets/t*=1/A-/fraction/amplification/skipfirst2_full
9 temporal_feedback_window,t*=1,A-,skipfirst2_full - normal,,delta amplification (absolute reduction if negative),-41.6149,-58.7466,-20.339,pp,,,,,161,22,autovla_misalignment_poc/outputs/temporal_feedback_window/summary.json :: subsets/t*=1/A-/rows/skipfirst2_full/vs_normal/amplification (p in json: mcnemar/wilcoxon)
9 temporal_feedback_window,t*=1,A-,skipfirst2_full,,recovery,96.8944,87.3874,100.0,%,97.4359,87.8788,100.0,(Normal - row)/(Normal - GT-history),161,22,autovla_misalignment_poc/outputs/temporal_feedback_window/summary.json :: subsets/t*=1/A-/rows/skipfirst2_full/level/recovery; fraction: subsets/t*=1/A-/fraction/recovery/skipfirst2_full
9 temporal_feedback_window,t*=1,A-,skipfirst2_full - normal,,delta recovery (absolute reduction if negative),47.205,28.2247,61.3348,pp,,,,,161,22,autovla_misalignment_poc/outputs/temporal_feedback_window/summary.json :: subsets/t*=1/A-/rows/skipfirst2_full/vs_normal/recovery (p in json: mcnemar/wilcoxon)
9 temporal_feedback_window,t*=1,A-,skipfirst2_full,,ade5,1.0114,0.7308,1.3177,m,,,,,161,22,autovla_misalignment_poc/outputs/temporal_feedback_window/summary.json :: subsets/t*=1/A-/rows/skipfirst2_full/level/ade5; fraction: subsets/t*=1/A-/fraction/ade5/skipfirst2_full
9 temporal_feedback_window,t*=1,A-,skipfirst2_full - normal,,delta ade5 (absolute reduction if negative),-1.1964,-1.5857,-0.7488,m,,,,,161,22,autovla_misalignment_poc/outputs/temporal_feedback_window/summary.json :: subsets/t*=1/A-/rows/skipfirst2_full/vs_normal/ade5 (p in json: mcnemar/wilcoxon)
9 temporal_feedback_window,t*=1,A-,skipfirst2_full,,fde5,1.8131,1.2085,2.3027,m,88.0282,85.9856,92.9607,(Normal - row)/(Normal - GT-history),161,22,autovla_misalignment_poc/outputs/temporal_feedback_window/summary.json :: subsets/t*=1/A-/rows/skipfirst2_full/level/fde5; fraction: subsets/t*=1/A-/fraction/fde5/skipfirst2_full
9 temporal_feedback_window,t*=1,A-,skipfirst2_full - normal,,delta fde5 (absolute reduction if negative),-3.9859,-5.368,-2.3168,m,,,,,161,22,autovla_misalignment_poc/outputs/temporal_feedback_window/summary.json :: subsets/t*=1/A-/rows/skipfirst2_full/vs_normal/fde5 (p in json: mcnemar/wilcoxon)
9 temporal_feedback_window,t*=1,A-,skipfirst2_full,,downstream_err,47.4379,44.3093,52.8456,%,77.1907,70.0655,81.6422,(Normal - row)/(Normal - GT-history),161,22,autovla_misalignment_poc/outputs/temporal_feedback_window/summary.json :: subsets/t*=1/A-/rows/skipfirst2_full/level/downstream_err; fraction: subsets/t*=1/A-/fraction/downstream_err/skipfirst2_full
9 temporal_feedback_window,t*=1,A-,skipfirst2_full - normal,,delta downstream_err (absolute reduction if negative),-46.5062,-51.0274,-39.6906,pp,,,,,161,22,autovla_misalignment_poc/outputs/temporal_feedback_window/summary.json :: subsets/t*=1/A-/rows/skipfirst2_full/vs_normal/downstream_err (p in json: mcnemar/wilcoxon)
9 temporal_feedback_window,t*=1,A-,skipfirst3_full,,amplification,1.8634,0.0,5.8267,%,95.5882,86.3597,100.0,(Normal - row)/(Normal - GT-history),161,22,autovla_misalignment_poc/outputs/temporal_feedback_window/summary.json :: subsets/t*=1/A-/rows/skipfirst3_full/level/amplification; fraction: subsets/t*=1/A-/fraction/amplification/skipfirst3_full
9 temporal_feedback_window,t*=1,A-,skipfirst3_full - normal,,delta amplification (absolute reduction if negative),-40.3727,-56.0005,-20.0,pp,,,,,161,22,autovla_misalignment_poc/outputs/temporal_feedback_window/summary.json :: subsets/t*=1/A-/rows/skipfirst3_full/vs_normal/amplification (p in json: mcnemar/wilcoxon)
9 temporal_feedback_window,t*=1,A-,skipfirst3_full,,recovery,96.2733,87.0958,99.3716,%,96.1538,88.0952,100.0,(Normal - row)/(Normal - GT-history),161,22,autovla_misalignment_poc/outputs/temporal_feedback_window/summary.json :: subsets/t*=1/A-/rows/skipfirst3_full/level/recovery; fraction: subsets/t*=1/A-/fraction/recovery/skipfirst3_full
9 temporal_feedback_window,t*=1,A-,skipfirst3_full - normal,,delta recovery (absolute reduction if negative),46.5839,29.0315,58.5993,pp,,,,,161,22,autovla_misalignment_poc/outputs/temporal_feedback_window/summary.json :: subsets/t*=1/A-/rows/skipfirst3_full/vs_normal/recovery (p in json: mcnemar/wilcoxon)
9 temporal_feedback_window,t*=1,A-,skipfirst3_full,,ade5,1.2786,0.8765,1.6701,m,,,,,161,22,autovla_misalignment_poc/outputs/temporal_feedback_window/summary.json :: subsets/t*=1/A-/rows/skipfirst3_full/level/ade5; fraction: subsets/t*=1/A-/fraction/ade5/skipfirst3_full
9 temporal_feedback_window,t*=1,A-,skipfirst3_full - normal,,delta ade5 (absolute reduction if negative),-0.9292,-1.2635,-0.5967,m,,,,,161,22,autovla_misalignment_poc/outputs/temporal_feedback_window/summary.json :: subsets/t*=1/A-/rows/skipfirst3_full/vs_normal/ade5 (p in json: mcnemar/wilcoxon)
9 temporal_feedback_window,t*=1,A-,skipfirst3_full,,fde5,2.3099,1.4398,2.9937,m,77.0563,74.0544,85.0504,(Normal - row)/(Normal - GT-history),161,22,autovla_misalignment_poc/outputs/temporal_feedback_window/summary.json :: subsets/t*=1/A-/rows/skipfirst3_full/level/fde5; fraction: subsets/t*=1/A-/fraction/fde5/skipfirst3_full
9 temporal_feedback_window,t*=1,A-,skipfirst3_full - normal,,delta fde5 (absolute reduction if negative),-3.4891,-4.7597,-2.0925,m,,,,,161,22,autovla_misalignment_poc/outputs/temporal_feedback_window/summary.json :: subsets/t*=1/A-/rows/skipfirst3_full/vs_normal/fde5 (p in json: mcnemar/wilcoxon)
9 temporal_feedback_window,t*=1,A-,skipfirst3_full,,downstream_err,59.7826,55.3191,67.5729,%,56.701,45.0633,63.3182,(Normal - row)/(Normal - GT-history),161,22,autovla_misalignment_poc/outputs/temporal_feedback_window/summary.json :: subsets/t*=1/A-/rows/skipfirst3_full/level/downstream_err; fraction: subsets/t*=1/A-/fraction/downstream_err/skipfirst3_full
9 temporal_feedback_window,t*=1,A-,skipfirst3_full - normal,,delta downstream_err (absolute reduction if negative),-34.1615,-39.0704,-25.9219,pp,,,,,161,22,autovla_misalignment_poc/outputs/temporal_feedback_window/summary.json :: subsets/t*=1/A-/rows/skipfirst3_full/vs_normal/downstream_err (p in json: mcnemar/wilcoxon)
9 temporal_feedback_window,t*=1,A+,normal,,amplification,2.7523,0.3333,4.8866,%,,,,,436,66,autovla_misalignment_poc/outputs/temporal_feedback_window/summary.json :: subsets/t*=1/A+/rows/normal/level/amplification; fraction: subsets/t*=1/A+/fraction/amplification/normal
9 temporal_feedback_window,t*=1,A+,normal,,recovery,96.3303,93.9823,99.0137,%,,,,,436,66,autovla_misalignment_poc/outputs/temporal_feedback_window/summary.json :: subsets/t*=1/A+/rows/normal/level/recovery; fraction: subsets/t*=1/A+/fraction/recovery/normal
9 temporal_feedback_window,t*=1,A+,normal,,ade5,0.8582,0.6333,1.0173,m,,,,,436,66,autovla_misalignment_poc/outputs/temporal_feedback_window/summary.json :: subsets/t*=1/A+/rows/normal/level/ade5; fraction: subsets/t*=1/A+/fraction/ade5/normal
9 temporal_feedback_window,t*=1,A+,normal,,fde5,1.9783,1.4076,2.3853,m,,,,,436,66,autovla_misalignment_poc/outputs/temporal_feedback_window/summary.json :: subsets/t*=1/A+/rows/normal/level/fde5; fraction: subsets/t*=1/A+/fraction/fde5/normal
9 temporal_feedback_window,t*=1,A+,normal,,downstream_err,67.5459,62.2213,72.5494,%,,,,,436,66,autovla_misalignment_poc/outputs/temporal_feedback_window/summary.json :: subsets/t*=1/A+/rows/normal/level/downstream_err; fraction: subsets/t*=1/A+/fraction/downstream_err/normal
9 temporal_feedback_window,t*=1,A+,win1,,amplification,1.1468,0.2101,2.5347,%,58.3333,-100.0,92.0192,(Normal - row)/(Normal - GT-history),436,66,autovla_misalignment_poc/outputs/temporal_feedback_window/summary.json :: subsets/t*=1/A+/rows/win1/level/amplification; fraction: subsets/t*=1/A+/fraction/amplification/win1
9 temporal_feedback_window,t*=1,A+,win1 - normal,,delta amplification (absolute reduction if negative),-1.6055,-3.6877,0.9639,pp,,,,,436,66,autovla_misalignment_poc/outputs/temporal_feedback_window/summary.json :: subsets/t*=1/A+/rows/win1/vs_normal/amplification (p in json: mcnemar/wilcoxon)
9 temporal_feedback_window,t*=1,A+,win1,,recovery,98.1651,95.0873,99.7899,%,53.3333,-55.5556,107.8846,(Normal - row)/(Normal - GT-history),436,66,autovla_misalignment_poc/outputs/temporal_feedback_window/summary.json :: subsets/t*=1/A+/rows/win1/level/recovery; fraction: subsets/t*=1/A+/fraction/recovery/win1
9 temporal_feedback_window,t*=1,A+,win1 - normal,,delta recovery (absolute reduction if negative),1.8349,-0.9639,4.0519,pp,,,,,436,66,autovla_misalignment_poc/outputs/temporal_feedback_window/summary.json :: subsets/t*=1/A+/rows/win1/vs_normal/recovery (p in json: mcnemar/wilcoxon)
9 temporal_feedback_window,t*=1,A+,win1,,ade5,0.6051,0.4581,0.7393,m,,,,,436,66,autovla_misalignment_poc/outputs/temporal_feedback_window/summary.json :: subsets/t*=1/A+/rows/win1/level/ade5; fraction: subsets/t*=1/A+/fraction/ade5/win1
9 temporal_feedback_window,t*=1,A+,win1 - normal,,delta ade5 (absolute reduction if negative),-0.2531,-0.3821,-0.0611,m,,,,,436,66,autovla_misalignment_poc/outputs/temporal_feedback_window/summary.json :: subsets/t*=1/A+/rows/win1/vs_normal/ade5 (p in json: mcnemar/wilcoxon)
9 temporal_feedback_window,t*=1,A+,win1,,fde5,1.3494,0.9667,1.7035,m,55.4799,14.2814,75.1126,(Normal - row)/(Normal - GT-history),436,66,autovla_misalignment_poc/outputs/temporal_feedback_window/summary.json :: subsets/t*=1/A+/rows/win1/level/fde5; fraction: subsets/t*=1/A+/fraction/fde5/win1
9 temporal_feedback_window,t*=1,A+,win1 - normal,,delta fde5 (absolute reduction if negative),-0.6289,-0.9742,-0.1177,m,,,,,436,66,autovla_misalignment_poc/outputs/temporal_feedback_window/summary.json :: subsets/t*=1/A+/rows/win1/vs_normal/fde5 (p in json: mcnemar/wilcoxon)
9 temporal_feedback_window,t*=1,A+,win1,,downstream_err,49.5413,41.7138,57.067,%,44.0084,34.5695,52.9671,(Normal - row)/(Normal - GT-history),436,66,autovla_misalignment_poc/outputs/temporal_feedback_window/summary.json :: subsets/t*=1/A+/rows/win1/level/downstream_err; fraction: subsets/t*=1/A+/fraction/downstream_err/win1
9 temporal_feedback_window,t*=1,A+,win1 - normal,,delta downstream_err (absolute reduction if negative),-18.0046,-21.8752,-14.0888,pp,,,,,436,66,autovla_misalignment_poc/outputs/temporal_feedback_window/summary.json :: subsets/t*=1/A+/rows/win1/vs_normal/downstream_err (p in json: mcnemar/wilcoxon)
9 temporal_feedback_window,t*=1,A+,win2,,amplification,0.0,0.0,0.0,%,100.0,100.0,100.0,(Normal - row)/(Normal - GT-history),436,66,autovla_misalignment_poc/outputs/temporal_feedback_window/summary.json :: subsets/t*=1/A+/rows/win2/level/amplification; fraction: subsets/t*=1/A+/fraction/amplification/win2
9 temporal_feedback_window,t*=1,A+,win2 - normal,,delta amplification (absolute reduction if negative),-2.7523,-4.8866,-0.3333,pp,,,,,436,66,autovla_misalignment_poc/outputs/temporal_feedback_window/summary.json :: subsets/t*=1/A+/rows/win2/vs_normal/amplification (p in json: mcnemar/wilcoxon)
9 temporal_feedback_window,t*=1,A+,win2,,recovery,99.7706,99.1824,100.0,%,100.0,100.0,100.0,(Normal - row)/(Normal - GT-history),436,66,autovla_misalignment_poc/outputs/temporal_feedback_window/summary.json :: subsets/t*=1/A+/rows/win2/level/recovery; fraction: subsets/t*=1/A+/fraction/recovery/win2
9 temporal_feedback_window,t*=1,A+,win2 - normal,,delta recovery (absolute reduction if negative),3.4404,0.6054,5.7872,pp,,,,,436,66,autovla_misalignment_poc/outputs/temporal_feedback_window/summary.json :: subsets/t*=1/A+/rows/win2/vs_normal/recovery (p in json: mcnemar/wilcoxon)
9 temporal_feedback_window,t*=1,A+,win2,,ade5,0.503,0.3773,0.6189,m,,,,,436,66,autovla_misalignment_poc/outputs/temporal_feedback_window/summary.json :: subsets/t*=1/A+/rows/win2/level/ade5; fraction: subsets/t*=1/A+/fraction/ade5/win2
9 temporal_feedback_window,t*=1,A+,win2 - normal,,delta ade5 (absolute reduction if negative),-0.3551,-0.4529,-0.2177,m,,,,,436,66,autovla_misalignment_poc/outputs/temporal_feedback_window/summary.json :: subsets/t*=1/A+/rows/win2/vs_normal/ade5 (p in json: mcnemar/wilcoxon)
9 temporal_feedback_window,t*=1,A+,win2,,fde5,1.0603,0.7351,1.3702,m,80.983,67.2838,92.439,(Normal - row)/(Normal - GT-history),436,66,autovla_misalignment_poc/outputs/temporal_feedback_window/summary.json :: subsets/t*=1/A+/rows/win2/level/fde5; fraction: subsets/t*=1/A+/fraction/fde5/win2
9 temporal_feedback_window,t*=1,A+,win2 - normal,,delta fde5 (absolute reduction if negative),-0.918,-1.1888,-0.5594,m,,,,,436,66,autovla_misalignment_poc/outputs/temporal_feedback_window/summary.json :: subsets/t*=1/A+/rows/win2/vs_normal/fde5 (p in json: mcnemar/wilcoxon)
9 temporal_feedback_window,t*=1,A+,win2,,downstream_err,39.0768,31.2805,46.9815,%,69.5865,59.1952,78.9739,(Normal - row)/(Normal - GT-history),436,66,autovla_misalignment_poc/outputs/temporal_feedback_window/summary.json :: subsets/t*=1/A+/rows/win2/level/downstream_err; fraction: subsets/t*=1/A+/fraction/downstream_err/win2
9 temporal_feedback_window,t*=1,A+,win2 - normal,,delta downstream_err (absolute reduction if negative),-28.469,-33.4023,-23.5475,pp,,,,,436,66,autovla_misalignment_poc/outputs/temporal_feedback_window/summary.json :: subsets/t*=1/A+/rows/win2/vs_normal/downstream_err (p in json: mcnemar/wilcoxon)
9 temporal_feedback_window,t*=1,A+,win3,,amplification,0.0,0.0,0.0,%,100.0,100.0,100.0,(Normal - row)/(Normal - GT-history),436,66,autovla_misalignment_poc/outputs/temporal_feedback_window/summary.json :: subsets/t*=1/A+/rows/win3/level/amplification; fraction: subsets/t*=1/A+/fraction/amplification/win3
9 temporal_feedback_window,t*=1,A+,win3 - normal,,delta amplification (absolute reduction if negative),-2.7523,-4.8866,-0.3333,pp,,,,,436,66,autovla_misalignment_poc/outputs/temporal_feedback_window/summary.json :: subsets/t*=1/A+/rows/win3/vs_normal/amplification (p in json: mcnemar/wilcoxon)
9 temporal_feedback_window,t*=1,A+,win3,,recovery,99.5413,98.7342,100.0,%,93.3333,71.4286,100.0,(Normal - row)/(Normal - GT-history),436,66,autovla_misalignment_poc/outputs/temporal_feedback_window/summary.json :: subsets/t*=1/A+/rows/win3/level/recovery; fraction: subsets/t*=1/A+/fraction/recovery/win3
9 temporal_feedback_window,t*=1,A+,win3 - normal,,delta recovery (absolute reduction if negative),3.211,0.5115,5.4497,pp,,,,,436,66,autovla_misalignment_poc/outputs/temporal_feedback_window/summary.json :: subsets/t*=1/A+/rows/win3/vs_normal/recovery (p in json: mcnemar/wilcoxon)
9 temporal_feedback_window,t*=1,A+,win3,,ade5,0.4714,0.3599,0.557,m,,,,,436,66,autovla_misalignment_poc/outputs/temporal_feedback_window/summary.json :: subsets/t*=1/A+/rows/win3/level/ade5; fraction: subsets/t*=1/A+/fraction/ade5/win3
9 temporal_feedback_window,t*=1,A+,win3 - normal,,delta ade5 (absolute reduction if negative),-0.3867,-0.4842,-0.2466,m,,,,,436,66,autovla_misalignment_poc/outputs/temporal_feedback_window/summary.json :: subsets/t*=1/A+/rows/win3/vs_normal/ade5 (p in json: mcnemar/wilcoxon)
9 temporal_feedback_window,t*=1,A+,win3,,fde5,0.9617,0.6751,1.1659,m,89.6818,86.1629,96.6849,(Normal - row)/(Normal - GT-history),436,66,autovla_misalignment_poc/outputs/temporal_feedback_window/summary.json :: subsets/t*=1/A+/rows/win3/level/fde5; fraction: subsets/t*=1/A+/fraction/fde5/win3
9 temporal_feedback_window,t*=1,A+,win3 - normal,,delta fde5 (absolute reduction if negative),-1.0167,-1.274,-0.6607,m,,,,,436,66,autovla_misalignment_poc/outputs/temporal_feedback_window/summary.json :: subsets/t*=1/A+/rows/win3/vs_normal/fde5 (p in json: mcnemar/wilcoxon)
9 temporal_feedback_window,t*=1,A+,win3,,downstream_err,34.8337,27.9205,41.2183,%,79.958,72.9951,87.143,(Normal - row)/(Normal - GT-history),436,66,autovla_misalignment_poc/outputs/temporal_feedback_window/summary.json :: subsets/t*=1/A+/rows/win3/level/downstream_err; fraction: subsets/t*=1/A+/fraction/downstream_err/win3
9 temporal_feedback_window,t*=1,A+,win3 - normal,,delta downstream_err (absolute reduction if negative),-32.7122,-36.994,-28.6752,pp,,,,,436,66,autovla_misalignment_poc/outputs/temporal_feedback_window/summary.json :: subsets/t*=1/A+/rows/win3/vs_normal/downstream_err (p in json: mcnemar/wilcoxon)
9 temporal_feedback_window,t*=1,A+,win4,,amplification,0.0,0.0,0.0,%,100.0,100.0,100.0,(Normal - row)/(Normal - GT-history),436,66,autovla_misalignment_poc/outputs/temporal_feedback_window/summary.json :: subsets/t*=1/A+/rows/win4/level/amplification; fraction: subsets/t*=1/A+/fraction/amplification/win4
9 temporal_feedback_window,t*=1,A+,win4 - normal,,delta amplification (absolute reduction if negative),-2.7523,-4.8866,-0.3333,pp,,,,,436,66,autovla_misalignment_poc/outputs/temporal_feedback_window/summary.json :: subsets/t*=1/A+/rows/win4/vs_normal/amplification (p in json: mcnemar/wilcoxon)
9 temporal_feedback_window,t*=1,A+,win4,,recovery,99.5413,98.7342,100.0,%,93.3333,71.4286,100.0,(Normal - row)/(Normal - GT-history),436,66,autovla_misalignment_poc/outputs/temporal_feedback_window/summary.json :: subsets/t*=1/A+/rows/win4/level/recovery; fraction: subsets/t*=1/A+/fraction/recovery/win4
9 temporal_feedback_window,t*=1,A+,win4 - normal,,delta recovery (absolute reduction if negative),3.211,0.5115,5.4497,pp,,,,,436,66,autovla_misalignment_poc/outputs/temporal_feedback_window/summary.json :: subsets/t*=1/A+/rows/win4/vs_normal/recovery (p in json: mcnemar/wilcoxon)
9 temporal_feedback_window,t*=1,A+,win4,,ade5,0.4515,0.3523,0.5276,m,,,,,436,66,autovla_misalignment_poc/outputs/temporal_feedback_window/summary.json :: subsets/t*=1/A+/rows/win4/level/ade5; fraction: subsets/t*=1/A+/fraction/ade5/win4
9 temporal_feedback_window,t*=1,A+,win4 - normal,,delta ade5 (absolute reduction if negative),-0.4066,-0.5143,-0.2537,m,,,,,436,66,autovla_misalignment_poc/outputs/temporal_feedback_window/summary.json :: subsets/t*=1/A+/rows/win4/vs_normal/ade5 (p in json: mcnemar/wilcoxon)
9 temporal_feedback_window,t*=1,A+,win4,,fde5,0.8579,0.6535,1.0136,m,98.8341,96.5896,99.8176,(Normal - row)/(Normal - GT-history),436,66,autovla_misalignment_poc/outputs/temporal_feedback_window/summary.json :: subsets/t*=1/A+/rows/win4/level/fde5; fraction: subsets/t*=1/A+/fraction/fde5/win4
9 temporal_feedback_window,t*=1,A+,win4 - normal,,delta fde5 (absolute reduction if negative),-1.1204,-1.4243,-0.6894,m,,,,,436,66,autovla_misalignment_poc/outputs/temporal_feedback_window/summary.json :: subsets/t*=1/A+/rows/win4/vs_normal/fde5 (p in json: mcnemar/wilcoxon)
9 temporal_feedback_window,t*=1,A+,win4,,downstream_err,30.8773,24.7301,36.9688,%,89.6286,84.3345,94.2806,(Normal - row)/(Normal - GT-history),436,66,autovla_misalignment_poc/outputs/temporal_feedback_window/summary.json :: subsets/t*=1/A+/rows/win4/level/downstream_err; fraction: subsets/t*=1/A+/fraction/downstream_err/win4
9 temporal_feedback_window,t*=1,A+,win4 - normal,,delta downstream_err (absolute reduction if negative),-36.6686,-40.2468,-33.0485,pp,,,,,436,66,autovla_misalignment_poc/outputs/temporal_feedback_window/summary.json :: subsets/t*=1/A+/rows/win4/vs_normal/downstream_err (p in json: mcnemar/wilcoxon)
9 temporal_feedback_window,t*=1,A+,win5,,amplification,0.0,0.0,0.0,%,100.0,100.0,100.0,(Normal - row)/(Normal - GT-history),436,66,autovla_misalignment_poc/outputs/temporal_feedback_window/summary.json :: subsets/t*=1/A+/rows/win5/level/amplification; fraction: subsets/t*=1/A+/fraction/amplification/win5
9 temporal_feedback_window,t*=1,A+,win5 - normal,,delta amplification (absolute reduction if negative),-2.7523,-4.8866,-0.3333,pp,,,,,436,66,autovla_misalignment_poc/outputs/temporal_feedback_window/summary.json :: subsets/t*=1/A+/rows/win5/vs_normal/amplification (p in json: mcnemar/wilcoxon)
9 temporal_feedback_window,t*=1,A+,win5,,recovery,99.5413,98.7342,100.0,%,93.3333,71.4286,100.0,(Normal - row)/(Normal - GT-history),436,66,autovla_misalignment_poc/outputs/temporal_feedback_window/summary.json :: subsets/t*=1/A+/rows/win5/level/recovery; fraction: subsets/t*=1/A+/fraction/recovery/win5
9 temporal_feedback_window,t*=1,A+,win5 - normal,,delta recovery (absolute reduction if negative),3.211,0.5115,5.4497,pp,,,,,436,66,autovla_misalignment_poc/outputs/temporal_feedback_window/summary.json :: subsets/t*=1/A+/rows/win5/vs_normal/recovery (p in json: mcnemar/wilcoxon)
9 temporal_feedback_window,t*=1,A+,win5,,ade5,0.4515,0.3514,0.5273,m,,,,,436,66,autovla_misalignment_poc/outputs/temporal_feedback_window/summary.json :: subsets/t*=1/A+/rows/win5/level/ade5; fraction: subsets/t*=1/A+/fraction/ade5/win5
9 temporal_feedback_window,t*=1,A+,win5 - normal,,delta ade5 (absolute reduction if negative),-0.4067,-0.5142,-0.2542,m,,,,,436,66,autovla_misalignment_poc/outputs/temporal_feedback_window/summary.json :: subsets/t*=1/A+/rows/win5/vs_normal/ade5 (p in json: mcnemar/wilcoxon)
9 temporal_feedback_window,t*=1,A+,win5,,fde5,0.858,0.6473,1.0149,m,98.832,96.8261,99.8894,(Normal - row)/(Normal - GT-history),436,66,autovla_misalignment_poc/outputs/temporal_feedback_window/summary.json :: subsets/t*=1/A+/rows/win5/level/fde5; fraction: subsets/t*=1/A+/fraction/fde5/win5
9 temporal_feedback_window,t*=1,A+,win5 - normal,,delta fde5 (absolute reduction if negative),-1.1204,-1.4238,-0.6871,m,,,,,436,66,autovla_misalignment_poc/outputs/temporal_feedback_window/summary.json :: subsets/t*=1/A+/rows/win5/vs_normal/fde5 (p in json: mcnemar/wilcoxon)
9 temporal_feedback_window,t*=1,A+,win5,,downstream_err,28.469,23.3686,32.8335,%,95.5151,94.1893,97.3956,(Normal - row)/(Normal - GT-history),436,66,autovla_misalignment_poc/outputs/temporal_feedback_window/summary.json :: subsets/t*=1/A+/rows/win5/level/downstream_err; fraction: subsets/t*=1/A+/fraction/downstream_err/win5
9 temporal_feedback_window,t*=1,A+,win5 - normal,,delta downstream_err (absolute reduction if negative),-39.0768,-42.2444,-35.9413,pp,,,,,436,66,autovla_misalignment_poc/outputs/temporal_feedback_window/summary.json :: subsets/t*=1/A+/rows/win5/vs_normal/downstream_err (p in json: mcnemar/wilcoxon)
9 temporal_feedback_window,t*=1,A+,win6,,amplification,0.0,0.0,0.0,%,100.0,100.0,100.0,(Normal - row)/(Normal - GT-history),436,66,autovla_misalignment_poc/outputs/temporal_feedback_window/summary.json :: subsets/t*=1/A+/rows/win6/level/amplification; fraction: subsets/t*=1/A+/fraction/amplification/win6
9 temporal_feedback_window,t*=1,A+,win6 - normal,,delta amplification (absolute reduction if negative),-2.7523,-4.8866,-0.3333,pp,,,,,436,66,autovla_misalignment_poc/outputs/temporal_feedback_window/summary.json :: subsets/t*=1/A+/rows/win6/vs_normal/amplification (p in json: mcnemar/wilcoxon)
9 temporal_feedback_window,t*=1,A+,win6,,recovery,99.7706,99.1824,100.0,%,100.0,100.0,100.0,(Normal - row)/(Normal - GT-history),436,66,autovla_misalignment_poc/outputs/temporal_feedback_window/summary.json :: subsets/t*=1/A+/rows/win6/level/recovery; fraction: subsets/t*=1/A+/fraction/recovery/win6
9 temporal_feedback_window,t*=1,A+,win6 - normal,,delta recovery (absolute reduction if negative),3.4404,0.6054,5.7872,pp,,,,,436,66,autovla_misalignment_poc/outputs/temporal_feedback_window/summary.json :: subsets/t*=1/A+/rows/win6/vs_normal/recovery (p in json: mcnemar/wilcoxon)
9 temporal_feedback_window,t*=1,A+,win6,,ade5,0.4498,0.3515,0.5256,m,,,,,436,66,autovla_misalignment_poc/outputs/temporal_feedback_window/summary.json :: subsets/t*=1/A+/rows/win6/level/ade5; fraction: subsets/t*=1/A+/fraction/ade5/win6
9 temporal_feedback_window,t*=1,A+,win6 - normal,,delta ade5 (absolute reduction if negative),-0.4083,-0.5153,-0.257,m,,,,,436,66,autovla_misalignment_poc/outputs/temporal_feedback_window/summary.json :: subsets/t*=1/A+/rows/win6/vs_normal/ade5 (p in json: mcnemar/wilcoxon)
9 temporal_feedback_window,t*=1,A+,win6,,fde5,0.8456,0.6329,1.0037,m,99.9186,99.7514,100.1726,(Normal - row)/(Normal - GT-history),436,66,autovla_misalignment_poc/outputs/temporal_feedback_window/summary.json :: subsets/t*=1/A+/rows/win6/level/fde5; fraction: subsets/t*=1/A+/fraction/fde5/win6
9 temporal_feedback_window,t*=1,A+,win6 - normal,,delta fde5 (absolute reduction if negative),-1.1327,-1.4298,-0.7048,m,,,,,436,66,autovla_misalignment_poc/outputs/temporal_feedback_window/summary.json :: subsets/t*=1/A+/rows/win6/vs_normal/fde5 (p in json: mcnemar/wilcoxon)
9 temporal_feedback_window,t*=1,A+,win6,,downstream_err,27.4656,22.7188,31.7665,%,97.9678,96.5746,99.0258,(Normal - row)/(Normal - GT-history),436,66,autovla_misalignment_poc/outputs/temporal_feedback_window/summary.json :: subsets/t*=1/A+/rows/win6/level/downstream_err; fraction: subsets/t*=1/A+/fraction/downstream_err/win6
9 temporal_feedback_window,t*=1,A+,win6 - normal,,delta downstream_err (absolute reduction if negative),-40.0803,-43.3079,-36.6033,pp,,,,,436,66,autovla_misalignment_poc/outputs/temporal_feedback_window/summary.json :: subsets/t*=1/A+/rows/win6/vs_normal/downstream_err (p in json: mcnemar/wilcoxon)
9 temporal_feedback_window,t*=1,A+,win7,,amplification,0.0,0.0,0.0,%,100.0,100.0,100.0,(Normal - row)/(Normal - GT-history),436,66,autovla_misalignment_poc/outputs/temporal_feedback_window/summary.json :: subsets/t*=1/A+/rows/win7/level/amplification; fraction: subsets/t*=1/A+/fraction/amplification/win7
9 temporal_feedback_window,t*=1,A+,win7 - normal,,delta amplification (absolute reduction if negative),-2.7523,-4.8866,-0.3333,pp,,,,,436,66,autovla_misalignment_poc/outputs/temporal_feedback_window/summary.json :: subsets/t*=1/A+/rows/win7/vs_normal/amplification (p in json: mcnemar/wilcoxon)
9 temporal_feedback_window,t*=1,A+,win7,,recovery,99.7706,99.1824,100.0,%,100.0,100.0,100.0,(Normal - row)/(Normal - GT-history),436,66,autovla_misalignment_poc/outputs/temporal_feedback_window/summary.json :: subsets/t*=1/A+/rows/win7/level/recovery; fraction: subsets/t*=1/A+/fraction/recovery/win7
9 temporal_feedback_window,t*=1,A+,win7 - normal,,delta recovery (absolute reduction if negative),3.4404,0.6054,5.7872,pp,,,,,436,66,autovla_misalignment_poc/outputs/temporal_feedback_window/summary.json :: subsets/t*=1/A+/rows/win7/vs_normal/recovery (p in json: mcnemar/wilcoxon)
9 temporal_feedback_window,t*=1,A+,win7,,ade5,0.4498,0.3514,0.5256,m,,,,,436,66,autovla_misalignment_poc/outputs/temporal_feedback_window/summary.json :: subsets/t*=1/A+/rows/win7/level/ade5; fraction: subsets/t*=1/A+/fraction/ade5/win7
9 temporal_feedback_window,t*=1,A+,win7 - normal,,delta ade5 (absolute reduction if negative),-0.4084,-0.5155,-0.257,m,,,,,436,66,autovla_misalignment_poc/outputs/temporal_feedback_window/summary.json :: subsets/t*=1/A+/rows/win7/vs_normal/ade5 (p in json: mcnemar/wilcoxon)
9 temporal_feedback_window,t*=1,A+,win7,,fde5,0.8447,0.6318,1.0028,m,100.0,100.0,100.0,(Normal - row)/(Normal - GT-history),436,66,autovla_misalignment_poc/outputs/temporal_feedback_window/summary.json :: subsets/t*=1/A+/rows/win7/level/fde5; fraction: subsets/t*=1/A+/fraction/fde5/win7
9 temporal_feedback_window,t*=1,A+,win7 - normal,,delta fde5 (absolute reduction if negative),-1.1336,-1.4322,-0.7054,m,,,,,436,66,autovla_misalignment_poc/outputs/temporal_feedback_window/summary.json :: subsets/t*=1/A+/rows/win7/vs_normal/fde5 (p in json: mcnemar/wilcoxon)
9 temporal_feedback_window,t*=1,A+,win7,,downstream_err,26.6342,22.144,30.7046,%,100.0,100.0,100.0,(Normal - row)/(Normal - GT-history),436,66,autovla_misalignment_poc/outputs/temporal_feedback_window/summary.json :: subsets/t*=1/A+/rows/win7/level/downstream_err; fraction: subsets/t*=1/A+/fraction/downstream_err/win7
9 temporal_feedback_window,t*=1,A+,win7 - normal,,delta downstream_err (absolute reduction if negative),-40.9117,-44.0933,-37.6165,pp,,,,,436,66,autovla_misalignment_poc/outputs/temporal_feedback_window/summary.json :: subsets/t*=1/A+/rows/win7/vs_normal/downstream_err (p in json: mcnemar/wilcoxon)
9 temporal_feedback_window,t*=1,A+,win8,,amplification,0.0,0.0,0.0,%,100.0,100.0,100.0,(Normal - row)/(Normal - GT-history),436,66,autovla_misalignment_poc/outputs/temporal_feedback_window/summary.json :: subsets/t*=1/A+/rows/win8/level/amplification; fraction: subsets/t*=1/A+/fraction/amplification/win8
9 temporal_feedback_window,t*=1,A+,win8 - normal,,delta amplification (absolute reduction if negative),-2.7523,-4.8866,-0.3333,pp,,,,,436,66,autovla_misalignment_poc/outputs/temporal_feedback_window/summary.json :: subsets/t*=1/A+/rows/win8/vs_normal/amplification (p in json: mcnemar/wilcoxon)
9 temporal_feedback_window,t*=1,A+,win8,,recovery,99.7706,99.1824,100.0,%,100.0,100.0,100.0,(Normal - row)/(Normal - GT-history),436,66,autovla_misalignment_poc/outputs/temporal_feedback_window/summary.json :: subsets/t*=1/A+/rows/win8/level/recovery; fraction: subsets/t*=1/A+/fraction/recovery/win8
9 temporal_feedback_window,t*=1,A+,win8 - normal,,delta recovery (absolute reduction if negative),3.4404,0.6054,5.7872,pp,,,,,436,66,autovla_misalignment_poc/outputs/temporal_feedback_window/summary.json :: subsets/t*=1/A+/rows/win8/vs_normal/recovery (p in json: mcnemar/wilcoxon)
9 temporal_feedback_window,t*=1,A+,win8,,ade5,0.4498,0.3514,0.5256,m,,,,,436,66,autovla_misalignment_poc/outputs/temporal_feedback_window/summary.json :: subsets/t*=1/A+/rows/win8/level/ade5; fraction: subsets/t*=1/A+/fraction/ade5/win8
9 temporal_feedback_window,t*=1,A+,win8 - normal,,delta ade5 (absolute reduction if negative),-0.4084,-0.5155,-0.257,m,,,,,436,66,autovla_misalignment_poc/outputs/temporal_feedback_window/summary.json :: subsets/t*=1/A+/rows/win8/vs_normal/ade5 (p in json: mcnemar/wilcoxon)
9 temporal_feedback_window,t*=1,A+,win8,,fde5,0.8447,0.6318,1.0028,m,100.0,100.0,100.0,(Normal - row)/(Normal - GT-history),436,66,autovla_misalignment_poc/outputs/temporal_feedback_window/summary.json :: subsets/t*=1/A+/rows/win8/level/fde5; fraction: subsets/t*=1/A+/fraction/fde5/win8
9 temporal_feedback_window,t*=1,A+,win8 - normal,,delta fde5 (absolute reduction if negative),-1.1336,-1.4322,-0.7054,m,,,,,436,66,autovla_misalignment_poc/outputs/temporal_feedback_window/summary.json :: subsets/t*=1/A+/rows/win8/vs_normal/fde5 (p in json: mcnemar/wilcoxon)
9 temporal_feedback_window,t*=1,A+,win8,,downstream_err,26.6342,22.144,30.7046,%,100.0,100.0,100.0,(Normal - row)/(Normal - GT-history),436,66,autovla_misalignment_poc/outputs/temporal_feedback_window/summary.json :: subsets/t*=1/A+/rows/win8/level/downstream_err; fraction: subsets/t*=1/A+/fraction/downstream_err/win8
9 temporal_feedback_window,t*=1,A+,win8 - normal,,delta downstream_err (absolute reduction if negative),-40.9117,-44.0933,-37.6165,pp,,,,,436,66,autovla_misalignment_poc/outputs/temporal_feedback_window/summary.json :: subsets/t*=1/A+/rows/win8/vs_normal/downstream_err (p in json: mcnemar/wilcoxon)
9 temporal_feedback_window,t*=1,A+,gt_history,,amplification,0.0,0.0,0.0,%,,,,,436,66,autovla_misalignment_poc/outputs/temporal_feedback_window/summary.json :: subsets/t*=1/A+/rows/gt_history/level/amplification; fraction: subsets/t*=1/A+/fraction/amplification/gt_history
9 temporal_feedback_window,t*=1,A+,gt_history - normal,,delta amplification (absolute reduction if negative),-2.7523,-4.8866,-0.3333,pp,,,,,436,66,autovla_misalignment_poc/outputs/temporal_feedback_window/summary.json :: subsets/t*=1/A+/rows/gt_history/vs_normal/amplification (p in json: mcnemar/wilcoxon)
9 temporal_feedback_window,t*=1,A+,gt_history,,recovery,99.7706,99.1824,100.0,%,,,,,436,66,autovla_misalignment_poc/outputs/temporal_feedback_window/summary.json :: subsets/t*=1/A+/rows/gt_history/level/recovery; fraction: subsets/t*=1/A+/fraction/recovery/gt_history
9 temporal_feedback_window,t*=1,A+,gt_history - normal,,delta recovery (absolute reduction if negative),3.4404,0.6054,5.7872,pp,,,,,436,66,autovla_misalignment_poc/outputs/temporal_feedback_window/summary.json :: subsets/t*=1/A+/rows/gt_history/vs_normal/recovery (p in json: mcnemar/wilcoxon)
9 temporal_feedback_window,t*=1,A+,gt_history,,ade5,0.4498,0.3514,0.5256,m,,,,,436,66,autovla_misalignment_poc/outputs/temporal_feedback_window/summary.json :: subsets/t*=1/A+/rows/gt_history/level/ade5; fraction: subsets/t*=1/A+/fraction/ade5/gt_history
9 temporal_feedback_window,t*=1,A+,gt_history - normal,,delta ade5 (absolute reduction if negative),-0.4084,-0.5155,-0.257,m,,,,,436,66,autovla_misalignment_poc/outputs/temporal_feedback_window/summary.json :: subsets/t*=1/A+/rows/gt_history/vs_normal/ade5 (p in json: mcnemar/wilcoxon)
9 temporal_feedback_window,t*=1,A+,gt_history,,fde5,0.8447,0.6318,1.0028,m,,,,,436,66,autovla_misalignment_poc/outputs/temporal_feedback_window/summary.json :: subsets/t*=1/A+/rows/gt_history/level/fde5; fraction: subsets/t*=1/A+/fraction/fde5/gt_history
9 temporal_feedback_window,t*=1,A+,gt_history - normal,,delta fde5 (absolute reduction if negative),-1.1336,-1.4322,-0.7054,m,,,,,436,66,autovla_misalignment_poc/outputs/temporal_feedback_window/summary.json :: subsets/t*=1/A+/rows/gt_history/vs_normal/fde5 (p in json: mcnemar/wilcoxon)
9 temporal_feedback_window,t*=1,A+,gt_history,,downstream_err,26.6342,22.144,30.7046,%,,,,,436,66,autovla_misalignment_poc/outputs/temporal_feedback_window/summary.json :: subsets/t*=1/A+/rows/gt_history/level/downstream_err; fraction: subsets/t*=1/A+/fraction/downstream_err/gt_history
9 temporal_feedback_window,t*=1,A+,gt_history - normal,,delta downstream_err (absolute reduction if negative),-40.9117,-44.0933,-37.6165,pp,,,,,436,66,autovla_misalignment_poc/outputs/temporal_feedback_window/summary.json :: subsets/t*=1/A+/rows/gt_history/vs_normal/downstream_err (p in json: mcnemar/wilcoxon)
9 temporal_feedback_window,t*=1,A+,delay2_len1,,amplification,0.9174,0.0,1.7352,%,66.6667,40.0,100.0,(Normal - row)/(Normal - GT-history),436,66,autovla_misalignment_poc/outputs/temporal_feedback_window/summary.json :: subsets/t*=1/A+/rows/delay2_len1/level/amplification; fraction: subsets/t*=1/A+/fraction/amplification/delay2_len1
9 temporal_feedback_window,t*=1,A+,delay2_len1 - normal,,delta amplification (absolute reduction if negative),-1.8349,-3.8835,-0.3333,pp,,,,,436,66,autovla_misalignment_poc/outputs/temporal_feedback_window/summary.json :: subsets/t*=1/A+/rows/delay2_len1/vs_normal/amplification (p in json: mcnemar/wilcoxon)
9 temporal_feedback_window,t*=1,A+,delay2_len1,,recovery,98.1651,96.8921,99.5733,%,53.3333,-17.6667,86.9167,(Normal - row)/(Normal - GT-history),436,66,autovla_misalignment_poc/outputs/temporal_feedback_window/summary.json :: subsets/t*=1/A+/rows/delay2_len1/level/recovery; fraction: subsets/t*=1/A+/fraction/recovery/delay2_len1
9 temporal_feedback_window,t*=1,A+,delay2_len1 - normal,,delta recovery (absolute reduction if negative),1.8349,-0.2778,4.0287,pp,,,,,436,66,autovla_misalignment_poc/outputs/temporal_feedback_window/summary.json :: subsets/t*=1/A+/rows/delay2_len1/vs_normal/recovery (p in json: mcnemar/wilcoxon)
9 temporal_feedback_window,t*=1,A+,delay2_len1,,ade5,0.5778,0.4269,0.7101,m,,,,,436,66,autovla_misalignment_poc/outputs/temporal_feedback_window/summary.json :: subsets/t*=1/A+/rows/delay2_len1/level/ade5; fraction: subsets/t*=1/A+/fraction/ade5/delay2_len1
9 temporal_feedback_window,t*=1,A+,delay2_len1 - normal,,delta ade5 (absolute reduction if negative),-0.2803,-0.3606,-0.174,m,,,,,436,66,autovla_misalignment_poc/outputs/temporal_feedback_window/summary.json :: subsets/t*=1/A+/rows/delay2_len1/vs_normal/ade5 (p in json: mcnemar/wilcoxon)
9 temporal_feedback_window,t*=1,A+,delay2_len1,,fde5,1.2105,0.8405,1.5734,m,67.7367,50.6235,81.3534,(Normal - row)/(Normal - GT-history),436,66,autovla_misalignment_poc/outputs/temporal_feedback_window/summary.json :: subsets/t*=1/A+/rows/delay2_len1/level/fde5; fraction: subsets/t*=1/A+/fraction/fde5/delay2_len1
9 temporal_feedback_window,t*=1,A+,delay2_len1 - normal,,delta fde5 (absolute reduction if negative),-0.7679,-1.0228,-0.4378,m,,,,,436,66,autovla_misalignment_poc/outputs/temporal_feedback_window/summary.json :: subsets/t*=1/A+/rows/delay2_len1/vs_normal/fde5 (p in json: mcnemar/wilcoxon)
9 temporal_feedback_window,t*=1,A+,delay2_len1,,downstream_err,50.4587,42.723,57.7209,%,41.7659,32.7897,51.925,(Normal - row)/(Normal - GT-history),436,66,autovla_misalignment_poc/outputs/temporal_feedback_window/summary.json :: subsets/t*=1/A+/rows/delay2_len1/level/downstream_err; fraction: subsets/t*=1/A+/fraction/downstream_err/delay2_len1
9 temporal_feedback_window,t*=1,A+,delay2_len1 - normal,,delta downstream_err (absolute reduction if negative),-17.0872,-22.1544,-13.0536,pp,,,,,436,66,autovla_misalignment_poc/outputs/temporal_feedback_window/summary.json :: subsets/t*=1/A+/rows/delay2_len1/vs_normal/downstream_err (p in json: mcnemar/wilcoxon)
9 temporal_feedback_window,t*=1,A+,delay3_len1,,amplification,0.9174,0.0,1.8489,%,66.6667,40.0,100.0,(Normal - row)/(Normal - GT-history),436,66,autovla_misalignment_poc/outputs/temporal_feedback_window/summary.json :: subsets/t*=1/A+/rows/delay3_len1/level/amplification; fraction: subsets/t*=1/A+/fraction/amplification/delay3_len1
9 temporal_feedback_window,t*=1,A+,delay3_len1 - normal,,delta amplification (absolute reduction if negative),-1.8349,-3.7235,-0.3333,pp,,,,,436,66,autovla_misalignment_poc/outputs/temporal_feedback_window/summary.json :: subsets/t*=1/A+/rows/delay3_len1/vs_normal/amplification (p in json: mcnemar/wilcoxon)
9 temporal_feedback_window,t*=1,A+,delay3_len1,,recovery,97.7064,95.4953,99.4595,%,40.0,-25.0,80.0,(Normal - row)/(Normal - GT-history),436,66,autovla_misalignment_poc/outputs/temporal_feedback_window/summary.json :: subsets/t*=1/A+/rows/delay3_len1/level/recovery; fraction: subsets/t*=1/A+/fraction/recovery/delay3_len1
9 temporal_feedback_window,t*=1,A+,delay3_len1 - normal,,delta recovery (absolute reduction if negative),1.3761,-0.29,2.8571,pp,,,,,436,66,autovla_misalignment_poc/outputs/temporal_feedback_window/summary.json :: subsets/t*=1/A+/rows/delay3_len1/vs_normal/recovery (p in json: mcnemar/wilcoxon)
9 temporal_feedback_window,t*=1,A+,delay3_len1,,ade5,0.646,0.4764,0.763,m,,,,,436,66,autovla_misalignment_poc/outputs/temporal_feedback_window/summary.json :: subsets/t*=1/A+/rows/delay3_len1/level/ade5; fraction: subsets/t*=1/A+/fraction/ade5/delay3_len1
9 temporal_feedback_window,t*=1,A+,delay3_len1 - normal,,delta ade5 (absolute reduction if negative),-0.2122,-0.2779,-0.1413,m,,,,,436,66,autovla_misalignment_poc/outputs/temporal_feedback_window/summary.json :: subsets/t*=1/A+/rows/delay3_len1/vs_normal/ade5 (p in json: mcnemar/wilcoxon)
9 temporal_feedback_window,t*=1,A+,delay3_len1,,fde5,1.329,0.9235,1.6066,m,57.2803,48.8466,69.0963,(Normal - row)/(Normal - GT-history),436,66,autovla_misalignment_poc/outputs/temporal_feedback_window/summary.json :: subsets/t*=1/A+/rows/delay3_len1/level/fde5; fraction: subsets/t*=1/A+/fraction/fde5/delay3_len1
9 temporal_feedback_window,t*=1,A+,delay3_len1 - normal,,delta fde5 (absolute reduction if negative),-0.6493,-0.8606,-0.4235,m,,,,,436,66,autovla_misalignment_poc/outputs/temporal_feedback_window/summary.json :: subsets/t*=1/A+/rows/delay3_len1/vs_normal/fde5 (p in json: mcnemar/wilcoxon)
9 temporal_feedback_window,t*=1,A+,delay3_len1,,downstream_err,57.7122,50.6916,63.5099,%,24.0364,18.701,32.0838,(Normal - row)/(Normal - GT-history),436,66,autovla_misalignment_poc/outputs/temporal_feedback_window/summary.json :: subsets/t*=1/A+/rows/delay3_len1/level/downstream_err; fraction: subsets/t*=1/A+/fraction/downstream_err/delay3_len1
9 temporal_feedback_window,t*=1,A+,delay3_len1 - normal,,delta downstream_err (absolute reduction if negative),-9.8337,-13.3633,-7.5629,pp,,,,,436,66,autovla_misalignment_poc/outputs/temporal_feedback_window/summary.json :: subsets/t*=1/A+/rows/delay3_len1/vs_normal/downstream_err (p in json: mcnemar/wilcoxon)
9 temporal_feedback_window,t*=1,A+,delay4_len1,,amplification,0.6881,0.0,1.4019,%,75.0,60.0,100.0,(Normal - row)/(Normal - GT-history),436,66,autovla_misalignment_poc/outputs/temporal_feedback_window/summary.json :: subsets/t*=1/A+/rows/delay4_len1/level/amplification; fraction: subsets/t*=1/A+/fraction/amplification/delay4_len1
9 temporal_feedback_window,t*=1,A+,delay4_len1 - normal,,delta amplification (absolute reduction if negative),-2.0642,-3.8639,-0.3333,pp,,,,,436,66,autovla_misalignment_poc/outputs/temporal_feedback_window/summary.json :: subsets/t*=1/A+/rows/delay4_len1/vs_normal/amplification (p in json: mcnemar/wilcoxon)
9 temporal_feedback_window,t*=1,A+,delay4_len1,,recovery,97.7064,95.7911,100.0,%,40.0,-0.0,121.5,(Normal - row)/(Normal - GT-history),436,66,autovla_misalignment_poc/outputs/temporal_feedback_window/summary.json :: subsets/t*=1/A+/rows/delay4_len1/level/recovery; fraction: subsets/t*=1/A+/fraction/recovery/delay4_len1
9 temporal_feedback_window,t*=1,A+,delay4_len1 - normal,,delta recovery (absolute reduction if negative),1.3761,0.0,3.5329,pp,,,,,436,66,autovla_misalignment_poc/outputs/temporal_feedback_window/summary.json :: subsets/t*=1/A+/rows/delay4_len1/vs_normal/recovery (p in json: mcnemar/wilcoxon)
9 temporal_feedback_window,t*=1,A+,delay4_len1,,ade5,0.6949,0.5223,0.8183,m,,,,,436,66,autovla_misalignment_poc/outputs/temporal_feedback_window/summary.json :: subsets/t*=1/A+/rows/delay4_len1/level/ade5; fraction: subsets/t*=1/A+/fraction/ade5/delay4_len1
9 temporal_feedback_window,t*=1,A+,delay4_len1 - normal,,delta ade5 (absolute reduction if negative),-0.1633,-0.2058,-0.1052,m,,,,,436,66,autovla_misalignment_poc/outputs/temporal_feedback_window/summary.json :: subsets/t*=1/A+/rows/delay4_len1/vs_normal/ade5 (p in json: mcnemar/wilcoxon)
9 temporal_feedback_window,t*=1,A+,delay4_len1,,fde5,1.3289,0.9544,1.5936,m,57.2923,53.9334,62.9114,(Normal - row)/(Normal - GT-history),436,66,autovla_misalignment_poc/outputs/temporal_feedback_window/summary.json :: subsets/t*=1/A+/rows/delay4_len1/level/fde5; fraction: subsets/t*=1/A+/fraction/fde5/delay4_len1
9 temporal_feedback_window,t*=1,A+,delay4_len1 - normal,,delta fde5 (absolute reduction if negative),-0.6495,-0.8183,-0.421,m,,,,,436,66,autovla_misalignment_poc/outputs/temporal_feedback_window/summary.json :: subsets/t*=1/A+/rows/delay4_len1/vs_normal/fde5 (p in json: mcnemar/wilcoxon)
9 temporal_feedback_window,t*=1,A+,delay4_len1,,downstream_err,58.7729,52.6993,63.9504,%,21.4436,17.6661,26.5407,(Normal - row)/(Normal - GT-history),436,66,autovla_misalignment_poc/outputs/temporal_feedback_window/summary.json :: subsets/t*=1/A+/rows/delay4_len1/level/downstream_err; fraction: subsets/t*=1/A+/fraction/downstream_err/delay4_len1
9 temporal_feedback_window,t*=1,A+,delay4_len1 - normal,,delta downstream_err (absolute reduction if negative),-8.7729,-10.6551,-7.2797,pp,,,,,436,66,autovla_misalignment_poc/outputs/temporal_feedback_window/summary.json :: subsets/t*=1/A+/rows/delay4_len1/vs_normal/downstream_err (p in json: mcnemar/wilcoxon)
9 temporal_feedback_window,t*=1,A+,delay2_len2,,amplification,0.2294,0.0,0.5155,%,91.6667,80.0,100.0,(Normal - row)/(Normal - GT-history),436,66,autovla_misalignment_poc/outputs/temporal_feedback_window/summary.json :: subsets/t*=1/A+/rows/delay2_len2/level/amplification; fraction: subsets/t*=1/A+/fraction/amplification/delay2_len2
9 temporal_feedback_window,t*=1,A+,delay2_len2 - normal,,delta amplification (absolute reduction if negative),-2.5229,-4.6512,-0.3333,pp,,,,,436,66,autovla_misalignment_poc/outputs/temporal_feedback_window/summary.json :: subsets/t*=1/A+/rows/delay2_len2/vs_normal/amplification (p in json: mcnemar/wilcoxon)
9 temporal_feedback_window,t*=1,A+,delay2_len2,,recovery,98.3945,96.4911,99.7319,%,60.0,-33.3333,90.9091,(Normal - row)/(Normal - GT-history),436,66,autovla_misalignment_poc/outputs/temporal_feedback_window/summary.json :: subsets/t*=1/A+/rows/delay2_len2/level/recovery; fraction: subsets/t*=1/A+/fraction/recovery/delay2_len2
9 temporal_feedback_window,t*=1,A+,delay2_len2 - normal,,delta recovery (absolute reduction if negative),2.0642,-0.5436,4.307,pp,,,,,436,66,autovla_misalignment_poc/outputs/temporal_feedback_window/summary.json :: subsets/t*=1/A+/rows/delay2_len2/vs_normal/recovery (p in json: mcnemar/wilcoxon)
9 temporal_feedback_window,t*=1,A+,delay2_len2,,ade5,0.5263,0.3986,0.6181,m,,,,,436,66,autovla_misalignment_poc/outputs/temporal_feedback_window/summary.json :: subsets/t*=1/A+/rows/delay2_len2/level/ade5; fraction: subsets/t*=1/A+/fraction/ade5/delay2_len2
9 temporal_feedback_window,t*=1,A+,delay2_len2 - normal,,delta ade5 (absolute reduction if negative),-0.3319,-0.4126,-0.2175,m,,,,,436,66,autovla_misalignment_poc/outputs/temporal_feedback_window/summary.json :: subsets/t*=1/A+/rows/delay2_len2/vs_normal/ade5 (p in json: mcnemar/wilcoxon)
9 temporal_feedback_window,t*=1,A+,delay2_len2,,fde5,1.0305,0.7485,1.2262,m,83.6092,79.4757,91.0984,(Normal - row)/(Normal - GT-history),436,66,autovla_misalignment_poc/outputs/temporal_feedback_window/summary.json :: subsets/t*=1/A+/rows/delay2_len2/level/fde5; fraction: subsets/t*=1/A+/fraction/fde5/delay2_len2
9 temporal_feedback_window,t*=1,A+,delay2_len2 - normal,,delta fde5 (absolute reduction if negative),-0.9478,-1.1945,-0.6076,m,,,,,436,66,autovla_misalignment_poc/outputs/temporal_feedback_window/summary.json :: subsets/t*=1/A+/rows/delay2_len2/vs_normal/fde5 (p in json: mcnemar/wilcoxon)
9 temporal_feedback_window,t*=1,A+,delay2_len2,,downstream_err,45.1835,37.3908,51.8263,%,54.6601,46.5582,64.4825,(Normal - row)/(Normal - GT-history),436,66,autovla_misalignment_poc/outputs/temporal_feedback_window/summary.json :: subsets/t*=1/A+/rows/delay2_len2/level/downstream_err; fraction: subsets/t*=1/A+/fraction/downstream_err/delay2_len2
9 temporal_feedback_window,t*=1,A+,delay2_len2 - normal,,delta downstream_err (absolute reduction if negative),-22.3624,-27.2507,-18.2939,pp,,,,,436,66,autovla_misalignment_poc/outputs/temporal_feedback_window/summary.json :: subsets/t*=1/A+/rows/delay2_len2/vs_normal/downstream_err (p in json: mcnemar/wilcoxon)
9 temporal_feedback_window,t*=1,A+,delay3_len2,,amplification,0.9174,0.0,1.6867,%,66.6667,0.0,100.0,(Normal - row)/(Normal - GT-history),436,66,autovla_misalignment_poc/outputs/temporal_feedback_window/summary.json :: subsets/t*=1/A+/rows/delay3_len2/level/amplification; fraction: subsets/t*=1/A+/fraction/amplification/delay3_len2
9 temporal_feedback_window,t*=1,A+,delay3_len2 - normal,,delta amplification (absolute reduction if negative),-1.8349,-3.6563,0.0,pp,,,,,436,66,autovla_misalignment_poc/outputs/temporal_feedback_window/summary.json :: subsets/t*=1/A+/rows/delay3_len2/vs_normal/amplification (p in json: mcnemar/wilcoxon)
9 temporal_feedback_window,t*=1,A+,delay3_len2,,recovery,97.9358,95.7447,99.7127,%,46.6667,-0.0,100.0,(Normal - row)/(Normal - GT-history),436,66,autovla_misalignment_poc/outputs/temporal_feedback_window/summary.json :: subsets/t*=1/A+/rows/delay3_len2/level/recovery; fraction: subsets/t*=1/A+/fraction/recovery/delay3_len2
9 temporal_feedback_window,t*=1,A+,delay3_len2 - normal,,delta recovery (absolute reduction if negative),1.6055,0.0,3.2316,pp,,,,,436,66,autovla_misalignment_poc/outputs/temporal_feedback_window/summary.json :: subsets/t*=1/A+/rows/delay3_len2/vs_normal/recovery (p in json: mcnemar/wilcoxon)
9 temporal_feedback_window,t*=1,A+,delay3_len2,,ade5,0.6128,0.4682,0.7121,m,,,,,436,66,autovla_misalignment_poc/outputs/temporal_feedback_window/summary.json :: subsets/t*=1/A+/rows/delay3_len2/level/ade5; fraction: subsets/t*=1/A+/fraction/ade5/delay3_len2
9 temporal_feedback_window,t*=1,A+,delay3_len2 - normal,,delta ade5 (absolute reduction if negative),-0.2454,-0.3182,-0.1524,m,,,,,436,66,autovla_misalignment_poc/outputs/temporal_feedback_window/summary.json :: subsets/t*=1/A+/rows/delay3_len2/vs_normal/ade5 (p in json: mcnemar/wilcoxon)
9 temporal_feedback_window,t*=1,A+,delay3_len2,,fde5,1.1499,0.8558,1.3387,m,73.0785,66.5942,81.0042,(Normal - row)/(Normal - GT-history),436,66,autovla_misalignment_poc/outputs/temporal_feedback_window/summary.json :: subsets/t*=1/A+/rows/delay3_len2/level/fde5; fraction: subsets/t*=1/A+/fraction/fde5/delay3_len2
9 temporal_feedback_window,t*=1,A+,delay3_len2 - normal,,delta fde5 (absolute reduction if negative),-0.8284,-1.0956,-0.4913,m,,,,,436,66,autovla_misalignment_poc/outputs/temporal_feedback_window/summary.json :: subsets/t*=1/A+/rows/delay3_len2/vs_normal/fde5 (p in json: mcnemar/wilcoxon)
9 temporal_feedback_window,t*=1,A+,delay3_len2,,downstream_err,49.914,43.9639,55.4688,%,43.0974,39.2088,47.8645,(Normal - row)/(Normal - GT-history),436,66,autovla_misalignment_poc/outputs/temporal_feedback_window/summary.json :: subsets/t*=1/A+/rows/delay3_len2/level/downstream_err; fraction: subsets/t*=1/A+/fraction/downstream_err/delay3_len2
9 temporal_feedback_window,t*=1,A+,delay3_len2 - normal,,delta downstream_err (absolute reduction if negative),-17.6319,-19.9463,-15.6497,pp,,,,,436,66,autovla_misalignment_poc/outputs/temporal_feedback_window/summary.json :: subsets/t*=1/A+/rows/delay3_len2/vs_normal/downstream_err (p in json: mcnemar/wilcoxon)
9 temporal_feedback_window,t*=1,A+,skipfirst2_full,,amplification,0.2294,0.0,0.5155,%,91.6667,80.0,100.0,(Normal - row)/(Normal - GT-history),436,66,autovla_misalignment_poc/outputs/temporal_feedback_window/summary.json :: subsets/t*=1/A+/rows/skipfirst2_full/level/amplification; fraction: subsets/t*=1/A+/fraction/amplification/skipfirst2_full
9 temporal_feedback_window,t*=1,A+,skipfirst2_full - normal,,delta amplification (absolute reduction if negative),-2.5229,-4.6512,-0.3333,pp,,,,,436,66,autovla_misalignment_poc/outputs/temporal_feedback_window/summary.json :: subsets/t*=1/A+/rows/skipfirst2_full/vs_normal/amplification (p in json: mcnemar/wilcoxon)
9 temporal_feedback_window,t*=1,A+,skipfirst2_full,,recovery,99.0826,97.9949,100.0,%,80.0,20.0,100.0,(Normal - row)/(Normal - GT-history),436,66,autovla_misalignment_poc/outputs/temporal_feedback_window/summary.json :: subsets/t*=1/A+/rows/skipfirst2_full/level/recovery; fraction: subsets/t*=1/A+/fraction/recovery/skipfirst2_full
9 temporal_feedback_window,t*=1,A+,skipfirst2_full - normal,,delta recovery (absolute reduction if negative),2.7523,0.0,5.1207,pp,,,,,436,66,autovla_misalignment_poc/outputs/temporal_feedback_window/summary.json :: subsets/t*=1/A+/rows/skipfirst2_full/vs_normal/recovery (p in json: mcnemar/wilcoxon)
9 temporal_feedback_window,t*=1,A+,skipfirst2_full,,ade5,0.504,0.391,0.5836,m,,,,,436,66,autovla_misalignment_poc/outputs/temporal_feedback_window/summary.json :: subsets/t*=1/A+/rows/skipfirst2_full/level/ade5; fraction: subsets/t*=1/A+/fraction/ade5/skipfirst2_full
9 temporal_feedback_window,t*=1,A+,skipfirst2_full - normal,,delta ade5 (absolute reduction if negative),-0.3542,-0.4441,-0.2252,m,,,,,436,66,autovla_misalignment_poc/outputs/temporal_feedback_window/summary.json :: subsets/t*=1/A+/rows/skipfirst2_full/vs_normal/ade5 (p in json: mcnemar/wilcoxon)
9 temporal_feedback_window,t*=1,A+,skipfirst2_full,,fde5,0.8987,0.687,1.0437,m,95.2362,90.737,100.0031,(Normal - row)/(Normal - GT-history),436,66,autovla_misalignment_poc/outputs/temporal_feedback_window/summary.json :: subsets/t*=1/A+/rows/skipfirst2_full/level/fde5; fraction: subsets/t*=1/A+/fraction/fde5/skipfirst2_full
9 temporal_feedback_window,t*=1,A+,skipfirst2_full - normal,,delta fde5 (absolute reduction if negative),-1.0796,-1.372,-0.6684,m,,,,,436,66,autovla_misalignment_poc/outputs/temporal_feedback_window/summary.json :: subsets/t*=1/A+/rows/skipfirst2_full/vs_normal/fde5 (p in json: mcnemar/wilcoxon)
9 temporal_feedback_window,t*=1,A+,skipfirst2_full,,downstream_err,33.8303,29.2906,37.988,%,82.4107,79.8585,84.5804,(Normal - row)/(Normal - GT-history),436,66,autovla_misalignment_poc/outputs/temporal_feedback_window/summary.json :: subsets/t*=1/A+/rows/skipfirst2_full/level/downstream_err; fraction: subsets/t*=1/A+/fraction/downstream_err/skipfirst2_full
9 temporal_feedback_window,t*=1,A+,skipfirst2_full - normal,,delta downstream_err (absolute reduction if negative),-33.7156,-36.5362,-30.7651,pp,,,,,436,66,autovla_misalignment_poc/outputs/temporal_feedback_window/summary.json :: subsets/t*=1/A+/rows/skipfirst2_full/vs_normal/downstream_err (p in json: mcnemar/wilcoxon)
9 temporal_feedback_window,t*=1,A+,skipfirst3_full,,amplification,0.6881,0.0,1.4019,%,75.0,60.0,100.0,(Normal - row)/(Normal - GT-history),436,66,autovla_misalignment_poc/outputs/temporal_feedback_window/summary.json :: subsets/t*=1/A+/rows/skipfirst3_full/level/amplification; fraction: subsets/t*=1/A+/fraction/amplification/skipfirst3_full
9 temporal_feedback_window,t*=1,A+,skipfirst3_full - normal,,delta amplification (absolute reduction if negative),-2.0642,-3.8639,-0.3333,pp,,,,,436,66,autovla_misalignment_poc/outputs/temporal_feedback_window/summary.json :: subsets/t*=1/A+/rows/skipfirst3_full/vs_normal/amplification (p in json: mcnemar/wilcoxon)
9 temporal_feedback_window,t*=1,A+,skipfirst3_full,,recovery,99.0826,98.3713,100.0,%,80.0,66.6667,133.3333,(Normal - row)/(Normal - GT-history),436,66,autovla_misalignment_poc/outputs/temporal_feedback_window/summary.json :: subsets/t*=1/A+/rows/skipfirst3_full/level/recovery; fraction: subsets/t*=1/A+/fraction/recovery/skipfirst3_full
9 temporal_feedback_window,t*=1,A+,skipfirst3_full - normal,,delta recovery (absolute reduction if negative),2.7523,0.8086,4.5947,pp,,,,,436,66,autovla_misalignment_poc/outputs/temporal_feedback_window/summary.json :: subsets/t*=1/A+/rows/skipfirst3_full/vs_normal/recovery (p in json: mcnemar/wilcoxon)
9 temporal_feedback_window,t*=1,A+,skipfirst3_full,,ade5,0.6103,0.4656,0.7114,m,,,,,436,66,autovla_misalignment_poc/outputs/temporal_feedback_window/summary.json :: subsets/t*=1/A+/rows/skipfirst3_full/level/ade5; fraction: subsets/t*=1/A+/fraction/ade5/skipfirst3_full
9 temporal_feedback_window,t*=1,A+,skipfirst3_full - normal,,delta ade5 (absolute reduction if negative),-0.2479,-0.3178,-0.1559,m,,,,,436,66,autovla_misalignment_poc/outputs/temporal_feedback_window/summary.json :: subsets/t*=1/A+/rows/skipfirst3_full/vs_normal/ade5 (p in json: mcnemar/wilcoxon)
9 temporal_feedback_window,t*=1,A+,skipfirst3_full,,fde5,1.1194,0.8379,1.3048,m,75.7653,71.1663,82.0938,(Normal - row)/(Normal - GT-history),436,66,autovla_misalignment_poc/outputs/temporal_feedback_window/summary.json :: subsets/t*=1/A+/rows/skipfirst3_full/level/fde5; fraction: subsets/t*=1/A+/fraction/fde5/skipfirst3_full
9 temporal_feedback_window,t*=1,A+,skipfirst3_full - normal,,delta fde5 (absolute reduction if negative),-0.8589,-1.1092,-0.5271,m,,,,,436,66,autovla_misalignment_poc/outputs/temporal_feedback_window/summary.json :: subsets/t*=1/A+/rows/skipfirst3_full/vs_normal/fde5 (p in json: mcnemar/wilcoxon)
9 temporal_feedback_window,t*=1,A+,skipfirst3_full,,downstream_err,42.3739,37.9663,46.669,%,61.5277,58.2682,64.3524,(Normal - row)/(Normal - GT-history),436,66,autovla_misalignment_poc/outputs/temporal_feedback_window/summary.json :: subsets/t*=1/A+/rows/skipfirst3_full/level/downstream_err; fraction: subsets/t*=1/A+/fraction/downstream_err/skipfirst3_full
9 temporal_feedback_window,t*=1,A+,skipfirst3_full - normal,,delta downstream_err (absolute reduction if negative),-25.172,-27.1207,-23.0158,pp,,,,,436,66,autovla_misalignment_poc/outputs/temporal_feedback_window/summary.json :: subsets/t*=1/A+/rows/skipfirst3_full/vs_normal/downstream_err (p in json: mcnemar/wilcoxon)
9 temporal_feedback_window,t*>=2,A-,normal,,amplification,37.5,22.1006,57.1472,%,,,,,88,13,autovla_misalignment_poc/outputs/temporal_feedback_window/summary.json :: subsets/t*>=2/A-/rows/normal/level/amplification; fraction: subsets/t*>=2/A-/fraction/amplification/normal
9 temporal_feedback_window,t*>=2,A-,normal,,recovery,52.2727,35.4376,67.3919,%,,,,,88,13,autovla_misalignment_poc/outputs/temporal_feedback_window/summary.json :: subsets/t*>=2/A-/rows/normal/level/recovery; fraction: subsets/t*>=2/A-/fraction/recovery/normal
9 temporal_feedback_window,t*>=2,A-,normal,,ade5,1.5614,1.0061,2.096,m,,,,,88,13,autovla_misalignment_poc/outputs/temporal_feedback_window/summary.json :: subsets/t*>=2/A-/rows/normal/level/ade5; fraction: subsets/t*>=2/A-/fraction/ade5/normal
9 temporal_feedback_window,t*>=2,A-,normal,,fde5,4.7209,3.1822,6.2478,m,,,,,88,13,autovla_misalignment_poc/outputs/temporal_feedback_window/summary.json :: subsets/t*>=2/A-/rows/normal/level/fde5; fraction: subsets/t*>=2/A-/fraction/fde5/normal
9 temporal_feedback_window,t*>=2,A-,normal,,downstream_err,90.3409,84.9196,94.7526,%,,,,,88,13,autovla_misalignment_poc/outputs/temporal_feedback_window/summary.json :: subsets/t*>=2/A-/rows/normal/level/downstream_err; fraction: subsets/t*>=2/A-/fraction/downstream_err/normal
9 temporal_feedback_window,t*>=2,A-,win1,,amplification,12.5,4.7605,23.8109,%,78.5714,51.8519,100.0,(Normal - row)/(Normal - GT-history),88,13,autovla_misalignment_poc/outputs/temporal_feedback_window/summary.json :: subsets/t*>=2/A-/rows/win1/level/amplification; fraction: subsets/t*>=2/A-/fraction/amplification/win1
9 temporal_feedback_window,t*>=2,A-,win1 - normal,,delta amplification (absolute reduction if negative),-25.0,-37.6667,-12.5,pp,,,,,88,13,autovla_misalignment_poc/outputs/temporal_feedback_window/summary.json :: subsets/t*>=2/A-/rows/win1/vs_normal/amplification (p in json: mcnemar/wilcoxon)
9 temporal_feedback_window,t*>=2,A-,win1,,recovery,71.5909,57.8932,85.7185,%,48.5714,25.5814,81.4815,(Normal - row)/(Normal - GT-history),88,13,autovla_misalignment_poc/outputs/temporal_feedback_window/summary.json :: subsets/t*>=2/A-/rows/win1/level/recovery; fraction: subsets/t*>=2/A-/fraction/recovery/win1
9 temporal_feedback_window,t*>=2,A-,win1 - normal,,delta recovery (absolute reduction if negative),19.3182,10.0,30.8849,pp,,,,,88,13,autovla_misalignment_poc/outputs/temporal_feedback_window/summary.json :: subsets/t*>=2/A-/rows/win1/vs_normal/recovery (p in json: mcnemar/wilcoxon)
9 temporal_feedback_window,t*>=2,A-,win1,,ade5,0.6516,0.4496,0.8774,m,,,,,88,13,autovla_misalignment_poc/outputs/temporal_feedback_window/summary.json :: subsets/t*>=2/A-/rows/win1/level/ade5; fraction: subsets/t*>=2/A-/fraction/ade5/win1
9 temporal_feedback_window,t*>=2,A-,win1 - normal,,delta ade5 (absolute reduction if negative),-0.9098,-1.3062,-0.5349,m,,,,,88,13,autovla_misalignment_poc/outputs/temporal_feedback_window/summary.json :: subsets/t*>=2/A-/rows/win1/vs_normal/ade5 (p in json: mcnemar/wilcoxon)
9 temporal_feedback_window,t*>=2,A-,win1,,fde5,1.7889,1.2014,2.4321,m,81.1625,66.3521,96.0622,(Normal - row)/(Normal - GT-history),88,13,autovla_misalignment_poc/outputs/temporal_feedback_window/summary.json :: subsets/t*>=2/A-/rows/win1/level/fde5; fraction: subsets/t*>=2/A-/fraction/fde5/win1
9 temporal_feedback_window,t*>=2,A-,win1 - normal,,delta fde5 (absolute reduction if negative),-2.932,-4.2092,-1.697,m,,,,,88,13,autovla_misalignment_poc/outputs/temporal_feedback_window/summary.json :: subsets/t*>=2/A-/rows/win1/vs_normal/fde5 (p in json: mcnemar/wilcoxon)
9 temporal_feedback_window,t*>=2,A-,win1,,downstream_err,69.5455,59.5884,77.8688,%,41.1214,29.5981,56.8105,(Normal - row)/(Normal - GT-history),88,13,autovla_misalignment_poc/outputs/temporal_feedback_window/summary.json :: subsets/t*>=2/A-/rows/win1/level/downstream_err; fraction: subsets/t*>=2/A-/fraction/downstream_err/win1
9 temporal_feedback_window,t*>=2,A-,win1 - normal,,delta downstream_err (absolute reduction if negative),-20.7955,-29.6341,-13.9347,pp,,,,,88,13,autovla_misalignment_poc/outputs/temporal_feedback_window/summary.json :: subsets/t*>=2/A-/rows/win1/vs_normal/downstream_err (p in json: mcnemar/wilcoxon)
9 temporal_feedback_window,t*>=2,A-,win2,,amplification,10.2273,1.754,22.6682,%,85.7143,55.5556,100.0,(Normal - row)/(Normal - GT-history),88,13,autovla_misalignment_poc/outputs/temporal_feedback_window/summary.json :: subsets/t*>=2/A-/rows/win2/level/amplification; fraction: subsets/t*>=2/A-/fraction/amplification/win2
9 temporal_feedback_window,t*>=2,A-,win2 - normal,,delta amplification (absolute reduction if negative),-27.2727,-40.8451,-13.792,pp,,,,,88,13,autovla_misalignment_poc/outputs/temporal_feedback_window/summary.json :: subsets/t*>=2/A-/rows/win2/vs_normal/amplification (p in json: mcnemar/wilcoxon)
9 temporal_feedback_window,t*>=2,A-,win2,,recovery,80.6818,67.7419,93.0579,%,71.4286,46.6667,100.0,(Normal - row)/(Normal - GT-history),88,13,autovla_misalignment_poc/outputs/temporal_feedback_window/summary.json :: subsets/t*>=2/A-/rows/win2/level/recovery; fraction: subsets/t*>=2/A-/fraction/recovery/win2
9 temporal_feedback_window,t*>=2,A-,win2 - normal,,delta recovery (absolute reduction if negative),28.4091,16.4384,44.8732,pp,,,,,88,13,autovla_misalignment_poc/outputs/temporal_feedback_window/summary.json :: subsets/t*>=2/A-/rows/win2/vs_normal/recovery (p in json: mcnemar/wilcoxon)
9 temporal_feedback_window,t*>=2,A-,win2,,ade5,0.5856,0.3941,0.8055,m,,,,,88,13,autovla_misalignment_poc/outputs/temporal_feedback_window/summary.json :: subsets/t*>=2/A-/rows/win2/level/ade5; fraction: subsets/t*>=2/A-/fraction/ade5/win2
9 temporal_feedback_window,t*>=2,A-,win2 - normal,,delta ade5 (absolute reduction if negative),-0.9758,-1.3596,-0.5863,m,,,,,88,13,autovla_misalignment_poc/outputs/temporal_feedback_window/summary.json :: subsets/t*>=2/A-/rows/win2/vs_normal/ade5 (p in json: mcnemar/wilcoxon)
9 temporal_feedback_window,t*>=2,A-,win2,,fde5,1.416,0.9491,1.9117,m,91.4853,82.2132,100.2763,(Normal - row)/(Normal - GT-history),88,13,autovla_misalignment_poc/outputs/temporal_feedback_window/summary.json :: subsets/t*>=2/A-/rows/win2/level/fde5; fraction: subsets/t*>=2/A-/fraction/fde5/win2
9 temporal_feedback_window,t*>=2,A-,win2 - normal,,delta fde5 (absolute reduction if negative),-3.3049,-4.537,-2.0282,m,,,,,88,13,autovla_misalignment_poc/outputs/temporal_feedback_window/summary.json :: subsets/t*>=2/A-/rows/win2/vs_normal/fde5 (p in json: mcnemar/wilcoxon)
9 temporal_feedback_window,t*>=2,A-,win2,,downstream_err,55.3896,42.3705,68.0611,%,69.1135,51.9738,85.6709,(Normal - row)/(Normal - GT-history),88,13,autovla_misalignment_poc/outputs/temporal_feedback_window/summary.json :: subsets/t*>=2/A-/rows/win2/level/downstream_err; fraction: subsets/t*>=2/A-/fraction/downstream_err/win2
9 temporal_feedback_window,t*>=2,A-,win2 - normal,,delta downstream_err (absolute reduction if negative),-34.9513,-47.0903,-23.9874,pp,,,,,88,13,autovla_misalignment_poc/outputs/temporal_feedback_window/summary.json :: subsets/t*>=2/A-/rows/win2/vs_normal/downstream_err (p in json: mcnemar/wilcoxon)
9 temporal_feedback_window,t*>=2,A-,win3,,amplification,5.6818,0.0,13.255,%,100.0,100.0,100.0,(Normal - row)/(Normal - GT-history),88,13,autovla_misalignment_poc/outputs/temporal_feedback_window/summary.json :: subsets/t*>=2/A-/rows/win3/level/amplification; fraction: subsets/t*>=2/A-/fraction/amplification/win3
9 temporal_feedback_window,t*>=2,A-,win3 - normal,,delta amplification (absolute reduction if negative),-31.8182,-47.439,-17.8945,pp,,,,,88,13,autovla_misalignment_poc/outputs/temporal_feedback_window/summary.json :: subsets/t*>=2/A-/rows/win3/vs_normal/amplification (p in json: mcnemar/wilcoxon)
9 temporal_feedback_window,t*>=2,A-,win3,,recovery,92.0455,79.2683,100.0,%,100.0,100.0,100.0,(Normal - row)/(Normal - GT-history),88,13,autovla_misalignment_poc/outputs/temporal_feedback_window/summary.json :: subsets/t*>=2/A-/rows/win3/level/recovery; fraction: subsets/t*>=2/A-/fraction/recovery/win3
9 temporal_feedback_window,t*>=2,A-,win3 - normal,,delta recovery (absolute reduction if negative),39.7727,25.0,54.5455,pp,,,,,88,13,autovla_misalignment_poc/outputs/temporal_feedback_window/summary.json :: subsets/t*>=2/A-/rows/win3/vs_normal/recovery (p in json: mcnemar/wilcoxon)
9 temporal_feedback_window,t*>=2,A-,win3,,ade5,0.5405,0.3578,0.7571,m,,,,,88,13,autovla_misalignment_poc/outputs/temporal_feedback_window/summary.json :: subsets/t*>=2/A-/rows/win3/level/ade5; fraction: subsets/t*>=2/A-/fraction/ade5/win3
9 temporal_feedback_window,t*>=2,A-,win3 - normal,,delta ade5 (absolute reduction if negative),-1.0209,-1.4,-0.6248,m,,,,,88,13,autovla_misalignment_poc/outputs/temporal_feedback_window/summary.json :: subsets/t*>=2/A-/rows/win3/vs_normal/ade5 (p in json: mcnemar/wilcoxon)
9 temporal_feedback_window,t*>=2,A-,win3,,fde5,1.1631,0.8224,1.6042,m,98.486,95.76,100.4258,(Normal - row)/(Normal - GT-history),88,13,autovla_misalignment_poc/outputs/temporal_feedback_window/summary.json :: subsets/t*>=2/A-/rows/win3/level/fde5; fraction: subsets/t*>=2/A-/fraction/fde5/win3
9 temporal_feedback_window,t*>=2,A-,win3 - normal,,delta fde5 (absolute reduction if negative),-3.5578,-4.7804,-2.1929,m,,,,,88,13,autovla_misalignment_poc/outputs/temporal_feedback_window/summary.json :: subsets/t*>=2/A-/rows/win3/vs_normal/fde5 (p in json: mcnemar/wilcoxon)
9 temporal_feedback_window,t*>=2,A-,win3,,downstream_err,45.5601,35.0125,59.6557,%,88.5506,75.8078,97.1524,(Normal - row)/(Normal - GT-history),88,13,autovla_misalignment_poc/outputs/temporal_feedback_window/summary.json :: subsets/t*>=2/A-/rows/win3/level/downstream_err; fraction: subsets/t*>=2/A-/fraction/downstream_err/win3
9 temporal_feedback_window,t*>=2,A-,win3 - normal,,delta downstream_err (absolute reduction if negative),-44.7808,-55.8918,-31.7636,pp,,,,,88,13,autovla_misalignment_poc/outputs/temporal_feedback_window/summary.json :: subsets/t*>=2/A-/rows/win3/vs_normal/downstream_err (p in json: mcnemar/wilcoxon)
9 temporal_feedback_window,t*>=2,A-,win4,,amplification,5.6818,0.0,13.255,%,100.0,100.0,100.0,(Normal - row)/(Normal - GT-history),88,13,autovla_misalignment_poc/outputs/temporal_feedback_window/summary.json :: subsets/t*>=2/A-/rows/win4/level/amplification; fraction: subsets/t*>=2/A-/fraction/amplification/win4
9 temporal_feedback_window,t*>=2,A-,win4 - normal,,delta amplification (absolute reduction if negative),-31.8182,-47.439,-17.8945,pp,,,,,88,13,autovla_misalignment_poc/outputs/temporal_feedback_window/summary.json :: subsets/t*>=2/A-/rows/win4/vs_normal/amplification (p in json: mcnemar/wilcoxon)
9 temporal_feedback_window,t*>=2,A-,win4,,recovery,92.0455,79.2683,100.0,%,100.0,100.0,100.0,(Normal - row)/(Normal - GT-history),88,13,autovla_misalignment_poc/outputs/temporal_feedback_window/summary.json :: subsets/t*>=2/A-/rows/win4/level/recovery; fraction: subsets/t*>=2/A-/fraction/recovery/win4
9 temporal_feedback_window,t*>=2,A-,win4 - normal,,delta recovery (absolute reduction if negative),39.7727,25.0,54.5455,pp,,,,,88,13,autovla_misalignment_poc/outputs/temporal_feedback_window/summary.json :: subsets/t*>=2/A-/rows/win4/vs_normal/recovery (p in json: mcnemar/wilcoxon)
9 temporal_feedback_window,t*>=2,A-,win4,,ade5,0.5322,0.3485,0.7557,m,,,,,88,13,autovla_misalignment_poc/outputs/temporal_feedback_window/summary.json :: subsets/t*>=2/A-/rows/win4/level/ade5; fraction: subsets/t*>=2/A-/fraction/ade5/win4
9 temporal_feedback_window,t*>=2,A-,win4 - normal,,delta ade5 (absolute reduction if negative),-1.0292,-1.3982,-0.6333,m,,,,,88,13,autovla_misalignment_poc/outputs/temporal_feedback_window/summary.json :: subsets/t*>=2/A-/rows/win4/vs_normal/ade5 (p in json: mcnemar/wilcoxon)
9 temporal_feedback_window,t*>=2,A-,win4,,fde5,1.1121,0.7403,1.6049,m,99.8987,99.741,100.0,(Normal - row)/(Normal - GT-history),88,13,autovla_misalignment_poc/outputs/temporal_feedback_window/summary.json :: subsets/t*>=2/A-/rows/win4/level/fde5; fraction: subsets/t*>=2/A-/fraction/fde5/win4
9 temporal_feedback_window,t*>=2,A-,win4 - normal,,delta fde5 (absolute reduction if negative),-3.6088,-4.8141,-2.2464,m,,,,,88,13,autovla_misalignment_poc/outputs/temporal_feedback_window/summary.json :: subsets/t*>=2/A-/rows/win4/vs_normal/fde5 (p in json: mcnemar/wilcoxon)
9 temporal_feedback_window,t*>=2,A-,win4,,downstream_err,40.7982,32.1185,52.4361,%,97.9669,93.4174,100.0,(Normal - row)/(Normal - GT-history),88,13,autovla_misalignment_poc/outputs/temporal_feedback_window/summary.json :: subsets/t*>=2/A-/rows/win4/level/downstream_err; fraction: subsets/t*>=2/A-/fraction/downstream_err/win4
9 temporal_feedback_window,t*>=2,A-,win4 - normal,,delta downstream_err (absolute reduction if negative),-49.5427,-58.6151,-37.5535,pp,,,,,88,13,autovla_misalignment_poc/outputs/temporal_feedback_window/summary.json :: subsets/t*>=2/A-/rows/win4/vs_normal/downstream_err (p in json: mcnemar/wilcoxon)
9 temporal_feedback_window,t*>=2,A-,win5,,amplification,5.6818,0.0,13.255,%,100.0,100.0,100.0,(Normal - row)/(Normal - GT-history),88,13,autovla_misalignment_poc/outputs/temporal_feedback_window/summary.json :: subsets/t*>=2/A-/rows/win5/level/amplification; fraction: subsets/t*>=2/A-/fraction/amplification/win5
9 temporal_feedback_window,t*>=2,A-,win5 - normal,,delta amplification (absolute reduction if negative),-31.8182,-47.439,-17.8945,pp,,,,,88,13,autovla_misalignment_poc/outputs/temporal_feedback_window/summary.json :: subsets/t*>=2/A-/rows/win5/vs_normal/amplification (p in json: mcnemar/wilcoxon)
9 temporal_feedback_window,t*>=2,A-,win5,,recovery,92.0455,79.2683,100.0,%,100.0,100.0,100.0,(Normal - row)/(Normal - GT-history),88,13,autovla_misalignment_poc/outputs/temporal_feedback_window/summary.json :: subsets/t*>=2/A-/rows/win5/level/recovery; fraction: subsets/t*>=2/A-/fraction/recovery/win5
9 temporal_feedback_window,t*>=2,A-,win5 - normal,,delta recovery (absolute reduction if negative),39.7727,25.0,54.5455,pp,,,,,88,13,autovla_misalignment_poc/outputs/temporal_feedback_window/summary.json :: subsets/t*>=2/A-/rows/win5/vs_normal/recovery (p in json: mcnemar/wilcoxon)
9 temporal_feedback_window,t*>=2,A-,win5,,ade5,0.5318,0.348,0.755,m,,,,,88,13,autovla_misalignment_poc/outputs/temporal_feedback_window/summary.json :: subsets/t*>=2/A-/rows/win5/level/ade5; fraction: subsets/t*>=2/A-/fraction/ade5/win5
9 temporal_feedback_window,t*>=2,A-,win5 - normal,,delta ade5 (absolute reduction if negative),-1.0296,-1.3992,-0.6338,m,,,,,88,13,autovla_misalignment_poc/outputs/temporal_feedback_window/summary.json :: subsets/t*>=2/A-/rows/win5/vs_normal/ade5 (p in json: mcnemar/wilcoxon)
9 temporal_feedback_window,t*>=2,A-,win5,,fde5,1.1084,0.739,1.6026,m,100.0,100.0,100.0,(Normal - row)/(Normal - GT-history),88,13,autovla_misalignment_poc/outputs/temporal_feedback_window/summary.json :: subsets/t*>=2/A-/rows/win5/level/fde5; fraction: subsets/t*>=2/A-/fraction/fde5/win5
9 temporal_feedback_window,t*>=2,A-,win5 - normal,,delta fde5 (absolute reduction if negative),-3.6125,-4.821,-2.248,m,,,,,88,13,autovla_misalignment_poc/outputs/temporal_feedback_window/summary.json :: subsets/t*>=2/A-/rows/win5/vs_normal/fde5 (p in json: mcnemar/wilcoxon)
9 temporal_feedback_window,t*>=2,A-,win5,,downstream_err,39.77,31.7758,50.4542,%,100.0,100.0,100.0,(Normal - row)/(Normal - GT-history),88,13,autovla_misalignment_poc/outputs/temporal_feedback_window/summary.json :: subsets/t*>=2/A-/rows/win5/level/downstream_err; fraction: subsets/t*>=2/A-/fraction/downstream_err/win5
9 temporal_feedback_window,t*>=2,A-,win5 - normal,,delta downstream_err (absolute reduction if negative),-50.5709,-58.8,-39.1183,pp,,,,,88,13,autovla_misalignment_poc/outputs/temporal_feedback_window/summary.json :: subsets/t*>=2/A-/rows/win5/vs_normal/downstream_err (p in json: mcnemar/wilcoxon)
9 temporal_feedback_window,t*>=2,A-,win6,,amplification,5.6818,0.0,13.255,%,100.0,100.0,100.0,(Normal - row)/(Normal - GT-history),88,13,autovla_misalignment_poc/outputs/temporal_feedback_window/summary.json :: subsets/t*>=2/A-/rows/win6/level/amplification; fraction: subsets/t*>=2/A-/fraction/amplification/win6
9 temporal_feedback_window,t*>=2,A-,win6 - normal,,delta amplification (absolute reduction if negative),-31.8182,-47.439,-17.8945,pp,,,,,88,13,autovla_misalignment_poc/outputs/temporal_feedback_window/summary.json :: subsets/t*>=2/A-/rows/win6/vs_normal/amplification (p in json: mcnemar/wilcoxon)
9 temporal_feedback_window,t*>=2,A-,win6,,recovery,92.0455,79.2683,100.0,%,100.0,100.0,100.0,(Normal - row)/(Normal - GT-history),88,13,autovla_misalignment_poc/outputs/temporal_feedback_window/summary.json :: subsets/t*>=2/A-/rows/win6/level/recovery; fraction: subsets/t*>=2/A-/fraction/recovery/win6
9 temporal_feedback_window,t*>=2,A-,win6 - normal,,delta recovery (absolute reduction if negative),39.7727,25.0,54.5455,pp,,,,,88,13,autovla_misalignment_poc/outputs/temporal_feedback_window/summary.json :: subsets/t*>=2/A-/rows/win6/vs_normal/recovery (p in json: mcnemar/wilcoxon)
9 temporal_feedback_window,t*>=2,A-,win6,,ade5,0.5318,0.348,0.755,m,,,,,88,13,autovla_misalignment_poc/outputs/temporal_feedback_window/summary.json :: subsets/t*>=2/A-/rows/win6/level/ade5; fraction: subsets/t*>=2/A-/fraction/ade5/win6
9 temporal_feedback_window,t*>=2,A-,win6 - normal,,delta ade5 (absolute reduction if negative),-1.0296,-1.3992,-0.6338,m,,,,,88,13,autovla_misalignment_poc/outputs/temporal_feedback_window/summary.json :: subsets/t*>=2/A-/rows/win6/vs_normal/ade5 (p in json: mcnemar/wilcoxon)
9 temporal_feedback_window,t*>=2,A-,win6,,fde5,1.1084,0.739,1.6026,m,100.0,100.0,100.0,(Normal - row)/(Normal - GT-history),88,13,autovla_misalignment_poc/outputs/temporal_feedback_window/summary.json :: subsets/t*>=2/A-/rows/win6/level/fde5; fraction: subsets/t*>=2/A-/fraction/fde5/win6
9 temporal_feedback_window,t*>=2,A-,win6 - normal,,delta fde5 (absolute reduction if negative),-3.6125,-4.821,-2.248,m,,,,,88,13,autovla_misalignment_poc/outputs/temporal_feedback_window/summary.json :: subsets/t*>=2/A-/rows/win6/vs_normal/fde5 (p in json: mcnemar/wilcoxon)
9 temporal_feedback_window,t*>=2,A-,win6,,downstream_err,39.77,31.7758,50.4542,%,100.0,100.0,100.0,(Normal - row)/(Normal - GT-history),88,13,autovla_misalignment_poc/outputs/temporal_feedback_window/summary.json :: subsets/t*>=2/A-/rows/win6/level/downstream_err; fraction: subsets/t*>=2/A-/fraction/downstream_err/win6
9 temporal_feedback_window,t*>=2,A-,win6 - normal,,delta downstream_err (absolute reduction if negative),-50.5709,-58.8,-39.1183,pp,,,,,88,13,autovla_misalignment_poc/outputs/temporal_feedback_window/summary.json :: subsets/t*>=2/A-/rows/win6/vs_normal/downstream_err (p in json: mcnemar/wilcoxon)
9 temporal_feedback_window,t*>=2,A-,win7,,amplification,5.6818,0.0,13.255,%,100.0,100.0,100.0,(Normal - row)/(Normal - GT-history),88,13,autovla_misalignment_poc/outputs/temporal_feedback_window/summary.json :: subsets/t*>=2/A-/rows/win7/level/amplification; fraction: subsets/t*>=2/A-/fraction/amplification/win7
9 temporal_feedback_window,t*>=2,A-,win7 - normal,,delta amplification (absolute reduction if negative),-31.8182,-47.439,-17.8945,pp,,,,,88,13,autovla_misalignment_poc/outputs/temporal_feedback_window/summary.json :: subsets/t*>=2/A-/rows/win7/vs_normal/amplification (p in json: mcnemar/wilcoxon)
9 temporal_feedback_window,t*>=2,A-,win7,,recovery,92.0455,79.2683,100.0,%,100.0,100.0,100.0,(Normal - row)/(Normal - GT-history),88,13,autovla_misalignment_poc/outputs/temporal_feedback_window/summary.json :: subsets/t*>=2/A-/rows/win7/level/recovery; fraction: subsets/t*>=2/A-/fraction/recovery/win7
9 temporal_feedback_window,t*>=2,A-,win7 - normal,,delta recovery (absolute reduction if negative),39.7727,25.0,54.5455,pp,,,,,88,13,autovla_misalignment_poc/outputs/temporal_feedback_window/summary.json :: subsets/t*>=2/A-/rows/win7/vs_normal/recovery (p in json: mcnemar/wilcoxon)
9 temporal_feedback_window,t*>=2,A-,win7,,ade5,0.5318,0.348,0.755,m,,,,,88,13,autovla_misalignment_poc/outputs/temporal_feedback_window/summary.json :: subsets/t*>=2/A-/rows/win7/level/ade5; fraction: subsets/t*>=2/A-/fraction/ade5/win7
9 temporal_feedback_window,t*>=2,A-,win7 - normal,,delta ade5 (absolute reduction if negative),-1.0296,-1.3992,-0.6338,m,,,,,88,13,autovla_misalignment_poc/outputs/temporal_feedback_window/summary.json :: subsets/t*>=2/A-/rows/win7/vs_normal/ade5 (p in json: mcnemar/wilcoxon)
9 temporal_feedback_window,t*>=2,A-,win7,,fde5,1.1084,0.739,1.6026,m,100.0,100.0,100.0,(Normal - row)/(Normal - GT-history),88,13,autovla_misalignment_poc/outputs/temporal_feedback_window/summary.json :: subsets/t*>=2/A-/rows/win7/level/fde5; fraction: subsets/t*>=2/A-/fraction/fde5/win7
9 temporal_feedback_window,t*>=2,A-,win7 - normal,,delta fde5 (absolute reduction if negative),-3.6125,-4.821,-2.248,m,,,,,88,13,autovla_misalignment_poc/outputs/temporal_feedback_window/summary.json :: subsets/t*>=2/A-/rows/win7/vs_normal/fde5 (p in json: mcnemar/wilcoxon)
9 temporal_feedback_window,t*>=2,A-,win7,,downstream_err,39.77,31.7758,50.4542,%,100.0,100.0,100.0,(Normal - row)/(Normal - GT-history),88,13,autovla_misalignment_poc/outputs/temporal_feedback_window/summary.json :: subsets/t*>=2/A-/rows/win7/level/downstream_err; fraction: subsets/t*>=2/A-/fraction/downstream_err/win7
9 temporal_feedback_window,t*>=2,A-,win7 - normal,,delta downstream_err (absolute reduction if negative),-50.5709,-58.8,-39.1183,pp,,,,,88,13,autovla_misalignment_poc/outputs/temporal_feedback_window/summary.json :: subsets/t*>=2/A-/rows/win7/vs_normal/downstream_err (p in json: mcnemar/wilcoxon)
9 temporal_feedback_window,t*>=2,A-,win8,,amplification,5.6818,0.0,13.255,%,100.0,100.0,100.0,(Normal - row)/(Normal - GT-history),88,13,autovla_misalignment_poc/outputs/temporal_feedback_window/summary.json :: subsets/t*>=2/A-/rows/win8/level/amplification; fraction: subsets/t*>=2/A-/fraction/amplification/win8
9 temporal_feedback_window,t*>=2,A-,win8 - normal,,delta amplification (absolute reduction if negative),-31.8182,-47.439,-17.8945,pp,,,,,88,13,autovla_misalignment_poc/outputs/temporal_feedback_window/summary.json :: subsets/t*>=2/A-/rows/win8/vs_normal/amplification (p in json: mcnemar/wilcoxon)
9 temporal_feedback_window,t*>=2,A-,win8,,recovery,92.0455,79.2683,100.0,%,100.0,100.0,100.0,(Normal - row)/(Normal - GT-history),88,13,autovla_misalignment_poc/outputs/temporal_feedback_window/summary.json :: subsets/t*>=2/A-/rows/win8/level/recovery; fraction: subsets/t*>=2/A-/fraction/recovery/win8
9 temporal_feedback_window,t*>=2,A-,win8 - normal,,delta recovery (absolute reduction if negative),39.7727,25.0,54.5455,pp,,,,,88,13,autovla_misalignment_poc/outputs/temporal_feedback_window/summary.json :: subsets/t*>=2/A-/rows/win8/vs_normal/recovery (p in json: mcnemar/wilcoxon)
9 temporal_feedback_window,t*>=2,A-,win8,,ade5,0.5318,0.348,0.755,m,,,,,88,13,autovla_misalignment_poc/outputs/temporal_feedback_window/summary.json :: subsets/t*>=2/A-/rows/win8/level/ade5; fraction: subsets/t*>=2/A-/fraction/ade5/win8
9 temporal_feedback_window,t*>=2,A-,win8 - normal,,delta ade5 (absolute reduction if negative),-1.0296,-1.3992,-0.6338,m,,,,,88,13,autovla_misalignment_poc/outputs/temporal_feedback_window/summary.json :: subsets/t*>=2/A-/rows/win8/vs_normal/ade5 (p in json: mcnemar/wilcoxon)
9 temporal_feedback_window,t*>=2,A-,win8,,fde5,1.1084,0.739,1.6026,m,100.0,100.0,100.0,(Normal - row)/(Normal - GT-history),88,13,autovla_misalignment_poc/outputs/temporal_feedback_window/summary.json :: subsets/t*>=2/A-/rows/win8/level/fde5; fraction: subsets/t*>=2/A-/fraction/fde5/win8
9 temporal_feedback_window,t*>=2,A-,win8 - normal,,delta fde5 (absolute reduction if negative),-3.6125,-4.821,-2.248,m,,,,,88,13,autovla_misalignment_poc/outputs/temporal_feedback_window/summary.json :: subsets/t*>=2/A-/rows/win8/vs_normal/fde5 (p in json: mcnemar/wilcoxon)
9 temporal_feedback_window,t*>=2,A-,win8,,downstream_err,39.77,31.7758,50.4542,%,100.0,100.0,100.0,(Normal - row)/(Normal - GT-history),88,13,autovla_misalignment_poc/outputs/temporal_feedback_window/summary.json :: subsets/t*>=2/A-/rows/win8/level/downstream_err; fraction: subsets/t*>=2/A-/fraction/downstream_err/win8
9 temporal_feedback_window,t*>=2,A-,win8 - normal,,delta downstream_err (absolute reduction if negative),-50.5709,-58.8,-39.1183,pp,,,,,88,13,autovla_misalignment_poc/outputs/temporal_feedback_window/summary.json :: subsets/t*>=2/A-/rows/win8/vs_normal/downstream_err (p in json: mcnemar/wilcoxon)
9 temporal_feedback_window,t*>=2,A-,gt_history,,amplification,5.6818,0.0,13.255,%,,,,,88,13,autovla_misalignment_poc/outputs/temporal_feedback_window/summary.json :: subsets/t*>=2/A-/rows/gt_history/level/amplification; fraction: subsets/t*>=2/A-/fraction/amplification/gt_history
9 temporal_feedback_window,t*>=2,A-,gt_history - normal,,delta amplification (absolute reduction if negative),-31.8182,-47.439,-17.8945,pp,,,,,88,13,autovla_misalignment_poc/outputs/temporal_feedback_window/summary.json :: subsets/t*>=2/A-/rows/gt_history/vs_normal/amplification (p in json: mcnemar/wilcoxon)
9 temporal_feedback_window,t*>=2,A-,gt_history,,recovery,92.0455,79.2683,100.0,%,,,,,88,13,autovla_misalignment_poc/outputs/temporal_feedback_window/summary.json :: subsets/t*>=2/A-/rows/gt_history/level/recovery; fraction: subsets/t*>=2/A-/fraction/recovery/gt_history
9 temporal_feedback_window,t*>=2,A-,gt_history - normal,,delta recovery (absolute reduction if negative),39.7727,25.0,54.5455,pp,,,,,88,13,autovla_misalignment_poc/outputs/temporal_feedback_window/summary.json :: subsets/t*>=2/A-/rows/gt_history/vs_normal/recovery (p in json: mcnemar/wilcoxon)
9 temporal_feedback_window,t*>=2,A-,gt_history,,ade5,0.5318,0.348,0.755,m,,,,,88,13,autovla_misalignment_poc/outputs/temporal_feedback_window/summary.json :: subsets/t*>=2/A-/rows/gt_history/level/ade5; fraction: subsets/t*>=2/A-/fraction/ade5/gt_history
9 temporal_feedback_window,t*>=2,A-,gt_history - normal,,delta ade5 (absolute reduction if negative),-1.0296,-1.3992,-0.6338,m,,,,,88,13,autovla_misalignment_poc/outputs/temporal_feedback_window/summary.json :: subsets/t*>=2/A-/rows/gt_history/vs_normal/ade5 (p in json: mcnemar/wilcoxon)
9 temporal_feedback_window,t*>=2,A-,gt_history,,fde5,1.1084,0.739,1.6026,m,,,,,88,13,autovla_misalignment_poc/outputs/temporal_feedback_window/summary.json :: subsets/t*>=2/A-/rows/gt_history/level/fde5; fraction: subsets/t*>=2/A-/fraction/fde5/gt_history
9 temporal_feedback_window,t*>=2,A-,gt_history - normal,,delta fde5 (absolute reduction if negative),-3.6125,-4.821,-2.248,m,,,,,88,13,autovla_misalignment_poc/outputs/temporal_feedback_window/summary.json :: subsets/t*>=2/A-/rows/gt_history/vs_normal/fde5 (p in json: mcnemar/wilcoxon)
9 temporal_feedback_window,t*>=2,A-,gt_history,,downstream_err,39.77,31.7758,50.4542,%,,,,,88,13,autovla_misalignment_poc/outputs/temporal_feedback_window/summary.json :: subsets/t*>=2/A-/rows/gt_history/level/downstream_err; fraction: subsets/t*>=2/A-/fraction/downstream_err/gt_history
9 temporal_feedback_window,t*>=2,A-,gt_history - normal,,delta downstream_err (absolute reduction if negative),-50.5709,-58.8,-39.1183,pp,,,,,88,13,autovla_misalignment_poc/outputs/temporal_feedback_window/summary.json :: subsets/t*>=2/A-/rows/gt_history/vs_normal/downstream_err (p in json: mcnemar/wilcoxon)
9 temporal_feedback_window,t*>=2,A-,delay2_len1,,amplification,14.7727,5.3177,27.3973,%,71.4286,48.3871,100.0,(Normal - row)/(Normal - GT-history),88,13,autovla_misalignment_poc/outputs/temporal_feedback_window/summary.json :: subsets/t*>=2/A-/rows/delay2_len1/level/amplification; fraction: subsets/t*>=2/A-/fraction/amplification/delay2_len1
9 temporal_feedback_window,t*>=2,A-,delay2_len1 - normal,,delta amplification (absolute reduction if negative),-22.7273,-31.9156,-13.6364,pp,,,,,88,13,autovla_misalignment_poc/outputs/temporal_feedback_window/summary.json :: subsets/t*>=2/A-/rows/delay2_len1/vs_normal/amplification (p in json: mcnemar/wilcoxon)
9 temporal_feedback_window,t*>=2,A-,delay2_len1,,recovery,81.8182,68.8312,91.1392,%,74.2857,51.513,95.1303,(Normal - row)/(Normal - GT-history),88,13,autovla_misalignment_poc/outputs/temporal_feedback_window/summary.json :: subsets/t*>=2/A-/rows/delay2_len1/level/recovery; fraction: subsets/t*>=2/A-/fraction/recovery/delay2_len1
9 temporal_feedback_window,t*>=2,A-,delay2_len1 - normal,,delta recovery (absolute reduction if negative),29.5455,16.901,40.5435,pp,,,,,88,13,autovla_misalignment_poc/outputs/temporal_feedback_window/summary.json :: subsets/t*>=2/A-/rows/delay2_len1/vs_normal/recovery (p in json: mcnemar/wilcoxon)
9 temporal_feedback_window,t*>=2,A-,delay2_len1,,ade5,0.8901,0.5823,1.1948,m,,,,,88,13,autovla_misalignment_poc/outputs/temporal_feedback_window/summary.json :: subsets/t*>=2/A-/rows/delay2_len1/level/ade5; fraction: subsets/t*>=2/A-/fraction/ade5/delay2_len1
9 temporal_feedback_window,t*>=2,A-,delay2_len1 - normal,,delta ade5 (absolute reduction if negative),-0.6713,-0.9311,-0.3958,m,,,,,88,13,autovla_misalignment_poc/outputs/temporal_feedback_window/summary.json :: subsets/t*>=2/A-/rows/delay2_len1/vs_normal/ade5 (p in json: mcnemar/wilcoxon)
9 temporal_feedback_window,t*>=2,A-,delay2_len1,,fde5,2.2039,1.5028,2.966,m,69.6746,59.6977,79.3382,(Normal - row)/(Normal - GT-history),88,13,autovla_misalignment_poc/outputs/temporal_feedback_window/summary.json :: subsets/t*>=2/A-/rows/delay2_len1/level/fde5; fraction: subsets/t*>=2/A-/fraction/fde5/delay2_len1
9 temporal_feedback_window,t*>=2,A-,delay2_len1 - normal,,delta fde5 (absolute reduction if negative),-2.517,-3.4213,-1.5484,m,,,,,88,13,autovla_misalignment_poc/outputs/temporal_feedback_window/summary.json :: subsets/t*>=2/A-/rows/delay2_len1/vs_normal/fde5 (p in json: mcnemar/wilcoxon)
9 temporal_feedback_window,t*>=2,A-,delay2_len1,,downstream_err,76.0417,67.2205,83.4625,%,28.2756,17.4451,42.6547,(Normal - row)/(Normal - GT-history),88,13,autovla_misalignment_poc/outputs/temporal_feedback_window/summary.json :: subsets/t*>=2/A-/rows/delay2_len1/level/downstream_err; fraction: subsets/t*>=2/A-/fraction/downstream_err/delay2_len1
9 temporal_feedback_window,t*>=2,A-,delay2_len1 - normal,,delta downstream_err (absolute reduction if negative),-14.2992,-21.4006,-8.2894,pp,,,,,88,13,autovla_misalignment_poc/outputs/temporal_feedback_window/summary.json :: subsets/t*>=2/A-/rows/delay2_len1/vs_normal/downstream_err (p in json: mcnemar/wilcoxon)
9 temporal_feedback_window,t*>=2,A-,delay3_len1,,amplification,10.2273,2.752,20.7806,%,85.7143,63.153,107.6923,(Normal - row)/(Normal - GT-history),88,13,autovla_misalignment_poc/outputs/temporal_feedback_window/summary.json :: subsets/t*>=2/A-/rows/delay3_len1/level/amplification; fraction: subsets/t*>=2/A-/fraction/amplification/delay3_len1
9 temporal_feedback_window,t*>=2,A-,delay3_len1 - normal,,delta amplification (absolute reduction if negative),-27.2727,-39.7436,-15.8537,pp,,,,,88,13,autovla_misalignment_poc/outputs/temporal_feedback_window/summary.json :: subsets/t*>=2/A-/rows/delay3_len1/vs_normal/amplification (p in json: mcnemar/wilcoxon)
9 temporal_feedback_window,t*>=2,A-,delay3_len1,,recovery,86.3636,72.2726,95.8773,%,85.7143,64.7011,100.0,(Normal - row)/(Normal - GT-history),88,13,autovla_misalignment_poc/outputs/temporal_feedback_window/summary.json :: subsets/t*>=2/A-/rows/delay3_len1/level/recovery; fraction: subsets/t*>=2/A-/fraction/recovery/delay3_len1
9 temporal_feedback_window,t*>=2,A-,delay3_len1 - normal,,delta recovery (absolute reduction if negative),34.0909,19.7364,47.6927,pp,,,,,88,13,autovla_misalignment_poc/outputs/temporal_feedback_window/summary.json :: subsets/t*>=2/A-/rows/delay3_len1/vs_normal/recovery (p in json: mcnemar/wilcoxon)
9 temporal_feedback_window,t*>=2,A-,delay3_len1,,ade5,1.0116,0.6631,1.3597,m,,,,,88,13,autovla_misalignment_poc/outputs/temporal_feedback_window/summary.json :: subsets/t*>=2/A-/rows/delay3_len1/level/ade5; fraction: subsets/t*>=2/A-/fraction/ade5/delay3_len1
9 temporal_feedback_window,t*>=2,A-,delay3_len1 - normal,,delta ade5 (absolute reduction if negative),-0.5498,-0.7589,-0.3338,m,,,,,88,13,autovla_misalignment_poc/outputs/temporal_feedback_window/summary.json :: subsets/t*>=2/A-/rows/delay3_len1/vs_normal/ade5 (p in json: mcnemar/wilcoxon)
9 temporal_feedback_window,t*>=2,A-,delay3_len1,,fde5,2.2247,1.5004,2.9917,m,69.0988,62.0701,77.5857,(Normal - row)/(Normal - GT-history),88,13,autovla_misalignment_poc/outputs/temporal_feedback_window/summary.json :: subsets/t*>=2/A-/rows/delay3_len1/level/fde5; fraction: subsets/t*>=2/A-/fraction/fde5/delay3_len1
9 temporal_feedback_window,t*>=2,A-,delay3_len1 - normal,,delta fde5 (absolute reduction if negative),-2.4962,-3.3969,-1.589,m,,,,,88,13,autovla_misalignment_poc/outputs/temporal_feedback_window/summary.json :: subsets/t*>=2/A-/rows/delay3_len1/vs_normal/fde5 (p in json: mcnemar/wilcoxon)
9 temporal_feedback_window,t*>=2,A-,delay3_len1,,downstream_err,80.993,73.2474,86.2933,%,18.4848,11.6813,28.7279,(Normal - row)/(Normal - GT-history),88,13,autovla_misalignment_poc/outputs/temporal_feedback_window/summary.json :: subsets/t*>=2/A-/rows/delay3_len1/level/downstream_err; fraction: subsets/t*>=2/A-/fraction/downstream_err/delay3_len1
9 temporal_feedback_window,t*>=2,A-,delay3_len1 - normal,,delta downstream_err (absolute reduction if negative),-9.3479,-13.6155,-5.6138,pp,,,,,88,13,autovla_misalignment_poc/outputs/temporal_feedback_window/summary.json :: subsets/t*>=2/A-/rows/delay3_len1/vs_normal/downstream_err (p in json: mcnemar/wilcoxon)
9 temporal_feedback_window,t*>=2,A-,delay4_len1,,amplification,17.0455,3.5284,36.3636,%,64.2857,34.4828,95.6567,(Normal - row)/(Normal - GT-history),88,13,autovla_misalignment_poc/outputs/temporal_feedback_window/summary.json :: subsets/t*>=2/A-/rows/delay4_len1/level/amplification; fraction: subsets/t*>=2/A-/fraction/amplification/delay4_len1
9 temporal_feedback_window,t*>=2,A-,delay4_len1 - normal,,delta amplification (absolute reduction if negative),-20.4545,-32.3962,-9.6386,pp,,,,,88,13,autovla_misalignment_poc/outputs/temporal_feedback_window/summary.json :: subsets/t*>=2/A-/rows/delay4_len1/vs_normal/amplification (p in json: mcnemar/wilcoxon)
9 temporal_feedback_window,t*>=2,A-,delay4_len1,,recovery,73.8636,58.4138,86.0472,%,54.2857,30.7692,73.9171,(Normal - row)/(Normal - GT-history),88,13,autovla_misalignment_poc/outputs/temporal_feedback_window/summary.json :: subsets/t*>=2/A-/rows/delay4_len1/level/recovery; fraction: subsets/t*>=2/A-/fraction/recovery/delay4_len1
9 temporal_feedback_window,t*>=2,A-,delay4_len1 - normal,,delta recovery (absolute reduction if negative),21.5909,9.2075,35.0519,pp,,,,,88,13,autovla_misalignment_poc/outputs/temporal_feedback_window/summary.json :: subsets/t*>=2/A-/rows/delay4_len1/vs_normal/recovery (p in json: mcnemar/wilcoxon)
9 temporal_feedback_window,t*>=2,A-,delay4_len1,,ade5,1.2798,0.8255,1.7617,m,,,,,88,13,autovla_misalignment_poc/outputs/temporal_feedback_window/summary.json :: subsets/t*>=2/A-/rows/delay4_len1/level/ade5; fraction: subsets/t*>=2/A-/fraction/ade5/delay4_len1
9 temporal_feedback_window,t*>=2,A-,delay4_len1 - normal,,delta ade5 (absolute reduction if negative),-0.2816,-0.3848,-0.1572,m,,,,,88,13,autovla_misalignment_poc/outputs/temporal_feedback_window/summary.json :: subsets/t*>=2/A-/rows/delay4_len1/vs_normal/ade5 (p in json: mcnemar/wilcoxon)
9 temporal_feedback_window,t*>=2,A-,delay4_len1,,fde5,3.2001,2.1,4.5051,m,42.0976,29.6715,52.1718,(Normal - row)/(Normal - GT-history),88,13,autovla_misalignment_poc/outputs/temporal_feedback_window/summary.json :: subsets/t*>=2/A-/rows/delay4_len1/level/fde5; fraction: subsets/t*>=2/A-/fraction/fde5/delay4_len1
9 temporal_feedback_window,t*>=2,A-,delay4_len1 - normal,,delta fde5 (absolute reduction if negative),-1.5208,-2.0954,-0.8692,m,,,,,88,13,autovla_misalignment_poc/outputs/temporal_feedback_window/summary.json :: subsets/t*>=2/A-/rows/delay4_len1/vs_normal/fde5 (p in json: mcnemar/wilcoxon)
9 temporal_feedback_window,t*>=2,A-,delay4_len1,,downstream_err,84.5238,79.5581,89.4487,%,11.5029,5.6878,16.8248,(Normal - row)/(Normal - GT-history),88,13,autovla_misalignment_poc/outputs/temporal_feedback_window/summary.json :: subsets/t*>=2/A-/rows/delay4_len1/level/downstream_err; fraction: subsets/t*>=2/A-/fraction/downstream_err/delay4_len1
9 temporal_feedback_window,t*>=2,A-,delay4_len1 - normal,,delta downstream_err (absolute reduction if negative),-5.8171,-8.9853,-2.6111,pp,,,,,88,13,autovla_misalignment_poc/outputs/temporal_feedback_window/summary.json :: subsets/t*>=2/A-/rows/delay4_len1/vs_normal/downstream_err (p in json: mcnemar/wilcoxon)
9 temporal_feedback_window,t*>=2,A-,delay2_len2,,amplification,5.6818,0.0,13.4146,%,100.0,91.6667,116.6667,(Normal - row)/(Normal - GT-history),88,13,autovla_misalignment_poc/outputs/temporal_feedback_window/summary.json :: subsets/t*>=2/A-/rows/delay2_len2/level/amplification; fraction: subsets/t*>=2/A-/fraction/amplification/delay2_len2
9 temporal_feedback_window,t*>=2,A-,delay2_len2 - normal,,delta amplification (absolute reduction if negative),-31.8182,-46.1538,-19.5876,pp,,,,,88,13,autovla_misalignment_poc/outputs/temporal_feedback_window/summary.json :: subsets/t*>=2/A-/rows/delay2_len2/vs_normal/amplification (p in json: mcnemar/wilcoxon)
9 temporal_feedback_window,t*>=2,A-,delay2_len2,,recovery,90.9091,78.1581,98.7654,%,97.1429,90.3226,100.0,(Normal - row)/(Normal - GT-history),88,13,autovla_misalignment_poc/outputs/temporal_feedback_window/summary.json :: subsets/t*>=2/A-/rows/delay2_len2/level/recovery; fraction: subsets/t*>=2/A-/fraction/recovery/delay2_len2
9 temporal_feedback_window,t*>=2,A-,delay2_len2 - normal,,delta recovery (absolute reduction if negative),38.6364,24.323,53.0008,pp,,,,,88,13,autovla_misalignment_poc/outputs/temporal_feedback_window/summary.json :: subsets/t*>=2/A-/rows/delay2_len2/vs_normal/recovery (p in json: mcnemar/wilcoxon)
9 temporal_feedback_window,t*>=2,A-,delay2_len2,,ade5,0.785,0.5081,1.0715,m,,,,,88,13,autovla_misalignment_poc/outputs/temporal_feedback_window/summary.json :: subsets/t*>=2/A-/rows/delay2_len2/level/ade5; fraction: subsets/t*>=2/A-/fraction/ade5/delay2_len2
9 temporal_feedback_window,t*>=2,A-,delay2_len2 - normal,,delta ade5 (absolute reduction if negative),-0.7764,-1.0665,-0.4809,m,,,,,88,13,autovla_misalignment_poc/outputs/temporal_feedback_window/summary.json :: subsets/t*>=2/A-/rows/delay2_len2/vs_normal/ade5 (p in json: mcnemar/wilcoxon)
9 temporal_feedback_window,t*>=2,A-,delay2_len2,,fde5,1.6812,1.1204,2.3171,m,84.1445,78.3326,90.8508,(Normal - row)/(Normal - GT-history),88,13,autovla_misalignment_poc/outputs/temporal_feedback_window/summary.json :: subsets/t*>=2/A-/rows/delay2_len2/level/fde5; fraction: subsets/t*>=2/A-/fraction/fde5/delay2_len2
9 temporal_feedback_window,t*>=2,A-,delay2_len2 - normal,,delta fde5 (absolute reduction if negative),-3.0397,-4.0741,-1.9608,m,,,,,88,13,autovla_misalignment_poc/outputs/temporal_feedback_window/summary.json :: subsets/t*>=2/A-/rows/delay2_len2/vs_normal/fde5 (p in json: mcnemar/wilcoxon)
9 temporal_feedback_window,t*>=2,A-,delay2_len2,,downstream_err,65.8604,54.9564,75.3255,%,48.4083,33.0246,69.9875,(Normal - row)/(Normal - GT-history),88,13,autovla_misalignment_poc/outputs/temporal_feedback_window/summary.json :: subsets/t*>=2/A-/rows/delay2_len2/level/downstream_err; fraction: subsets/t*>=2/A-/fraction/downstream_err/delay2_len2
9 temporal_feedback_window,t*>=2,A-,delay2_len2 - normal,,delta downstream_err (absolute reduction if negative),-24.4805,-34.1009,-15.9578,pp,,,,,88,13,autovla_misalignment_poc/outputs/temporal_feedback_window/summary.json :: subsets/t*>=2/A-/rows/delay2_len2/vs_normal/downstream_err (p in json: mcnemar/wilcoxon)
9 temporal_feedback_window,t*>=2,A-,delay3_len2,,amplification,7.9545,1.25,16.4755,%,92.8571,75.8621,110.5409,(Normal - row)/(Normal - GT-history),88,13,autovla_misalignment_poc/outputs/temporal_feedback_window/summary.json :: subsets/t*>=2/A-/rows/delay3_len2/level/amplification; fraction: subsets/t*>=2/A-/fraction/amplification/delay3_len2
9 temporal_feedback_window,t*>=2,A-,delay3_len2 - normal,,delta amplification (absolute reduction if negative),-29.5455,-43.4783,-17.3318,pp,,,,,88,13,autovla_misalignment_poc/outputs/temporal_feedback_window/summary.json :: subsets/t*>=2/A-/rows/delay3_len2/vs_normal/amplification (p in json: mcnemar/wilcoxon)
9 temporal_feedback_window,t*>=2,A-,delay3_len2,,recovery,88.6364,79.1196,95.6522,%,91.4286,76.9167,105.0,(Normal - row)/(Normal - GT-history),88,13,autovla_misalignment_poc/outputs/temporal_feedback_window/summary.json :: subsets/t*>=2/A-/rows/delay3_len2/level/recovery; fraction: subsets/t*>=2/A-/fraction/recovery/delay3_len2
9 temporal_feedback_window,t*>=2,A-,delay3_len2 - normal,,delta recovery (absolute reduction if negative),36.3636,22.4693,50.6494,pp,,,,,88,13,autovla_misalignment_poc/outputs/temporal_feedback_window/summary.json :: subsets/t*>=2/A-/rows/delay3_len2/vs_normal/recovery (p in json: mcnemar/wilcoxon)
9 temporal_feedback_window,t*>=2,A-,delay3_len2,,ade5,1.0055,0.6408,1.3896,m,,,,,88,13,autovla_misalignment_poc/outputs/temporal_feedback_window/summary.json :: subsets/t*>=2/A-/rows/delay3_len2/level/ade5; fraction: subsets/t*>=2/A-/fraction/ade5/delay3_len2
9 temporal_feedback_window,t*>=2,A-,delay3_len2 - normal,,delta ade5 (absolute reduction if negative),-0.5559,-0.7484,-0.3371,m,,,,,88,13,autovla_misalignment_poc/outputs/temporal_feedback_window/summary.json :: subsets/t*>=2/A-/rows/delay3_len2/vs_normal/ade5 (p in json: mcnemar/wilcoxon)
9 temporal_feedback_window,t*>=2,A-,delay3_len2,,fde5,2.1651,1.3786,3.0807,m,70.7497,61.6939,79.0916,(Normal - row)/(Normal - GT-history),88,13,autovla_misalignment_poc/outputs/temporal_feedback_window/summary.json :: subsets/t*>=2/A-/rows/delay3_len2/level/fde5; fraction: subsets/t*>=2/A-/fraction/fde5/delay3_len2
9 temporal_feedback_window,t*>=2,A-,delay3_len2 - normal,,delta fde5 (absolute reduction if negative),-2.5558,-3.352,-1.6355,m,,,,,88,13,autovla_misalignment_poc/outputs/temporal_feedback_window/summary.json :: subsets/t*>=2/A-/rows/delay3_len2/vs_normal/fde5 (p in json: mcnemar/wilcoxon)
9 temporal_feedback_window,t*>=2,A-,delay3_len2,,downstream_err,74.4995,68.3858,80.7276,%,31.3252,22.9737,40.0077,(Normal - row)/(Normal - GT-history),88,13,autovla_misalignment_poc/outputs/temporal_feedback_window/summary.json :: subsets/t*>=2/A-/rows/delay3_len2/level/downstream_err; fraction: subsets/t*>=2/A-/fraction/downstream_err/delay3_len2
9 temporal_feedback_window,t*>=2,A-,delay3_len2 - normal,,delta downstream_err (absolute reduction if negative),-15.8415,-20.6515,-10.2956,pp,,,,,88,13,autovla_misalignment_poc/outputs/temporal_feedback_window/summary.json :: subsets/t*>=2/A-/rows/delay3_len2/vs_normal/downstream_err (p in json: mcnemar/wilcoxon)
9 temporal_feedback_window,t*>=2,A-,skipfirst2_full,,amplification,5.6818,0.0,13.4146,%,100.0,91.6667,116.6667,(Normal - row)/(Normal - GT-history),88,13,autovla_misalignment_poc/outputs/temporal_feedback_window/summary.json :: subsets/t*>=2/A-/rows/skipfirst2_full/level/amplification; fraction: subsets/t*>=2/A-/fraction/amplification/skipfirst2_full
9 temporal_feedback_window,t*>=2,A-,skipfirst2_full - normal,,delta amplification (absolute reduction if negative),-31.8182,-46.1538,-19.5876,pp,,,,,88,13,autovla_misalignment_poc/outputs/temporal_feedback_window/summary.json :: subsets/t*>=2/A-/rows/skipfirst2_full/vs_normal/amplification (p in json: mcnemar/wilcoxon)
9 temporal_feedback_window,t*>=2,A-,skipfirst2_full,,recovery,92.0455,81.7073,98.7654,%,100.0,91.8863,109.0909,(Normal - row)/(Normal - GT-history),88,13,autovla_misalignment_poc/outputs/temporal_feedback_window/summary.json :: subsets/t*>=2/A-/rows/skipfirst2_full/level/recovery; fraction: subsets/t*>=2/A-/fraction/recovery/skipfirst2_full
9 temporal_feedback_window,t*>=2,A-,skipfirst2_full - normal,,delta recovery (absolute reduction if negative),39.7727,25.3329,53.8483,pp,,,,,88,13,autovla_misalignment_poc/outputs/temporal_feedback_window/summary.json :: subsets/t*>=2/A-/rows/skipfirst2_full/vs_normal/recovery (p in json: mcnemar/wilcoxon)
9 temporal_feedback_window,t*>=2,A-,skipfirst2_full,,ade5,0.773,0.4861,1.0765,m,,,,,88,13,autovla_misalignment_poc/outputs/temporal_feedback_window/summary.json :: subsets/t*>=2/A-/rows/skipfirst2_full/level/ade5; fraction: subsets/t*>=2/A-/fraction/ade5/skipfirst2_full
9 temporal_feedback_window,t*>=2,A-,skipfirst2_full - normal,,delta ade5 (absolute reduction if negative),-0.7884,-1.0742,-0.485,m,,,,,88,13,autovla_misalignment_poc/outputs/temporal_feedback_window/summary.json :: subsets/t*>=2/A-/rows/skipfirst2_full/vs_normal/ade5 (p in json: mcnemar/wilcoxon)
9 temporal_feedback_window,t*>=2,A-,skipfirst2_full,,fde5,1.6003,1.0276,2.3095,m,86.3839,79.7372,92.2096,(Normal - row)/(Normal - GT-history),88,13,autovla_misalignment_poc/outputs/temporal_feedback_window/summary.json :: subsets/t*>=2/A-/rows/skipfirst2_full/level/fde5; fraction: subsets/t*>=2/A-/fraction/fde5/skipfirst2_full
9 temporal_feedback_window,t*>=2,A-,skipfirst2_full - normal,,delta fde5 (absolute reduction if negative),-3.1206,-4.1317,-2.0018,m,,,,,88,13,autovla_misalignment_poc/outputs/temporal_feedback_window/summary.json :: subsets/t*>=2/A-/rows/skipfirst2_full/vs_normal/fde5 (p in json: mcnemar/wilcoxon)
9 temporal_feedback_window,t*>=2,A-,skipfirst2_full,,downstream_err,56.1472,48.2251,64.3394,%,67.6154,57.2614,82.3366,(Normal - row)/(Normal - GT-history),88,13,autovla_misalignment_poc/outputs/temporal_feedback_window/summary.json :: subsets/t*>=2/A-/rows/skipfirst2_full/level/downstream_err; fraction: subsets/t*>=2/A-/fraction/downstream_err/skipfirst2_full
9 temporal_feedback_window,t*>=2,A-,skipfirst2_full - normal,,delta downstream_err (absolute reduction if negative),-34.1937,-41.1575,-25.3899,pp,,,,,88,13,autovla_misalignment_poc/outputs/temporal_feedback_window/summary.json :: subsets/t*>=2/A-/rows/skipfirst2_full/vs_normal/downstream_err (p in json: mcnemar/wilcoxon)
9 temporal_feedback_window,t*>=2,A-,skipfirst3_full,,amplification,9.0909,1.25,19.7683,%,89.2857,73.3333,107.6923,(Normal - row)/(Normal - GT-history),88,13,autovla_misalignment_poc/outputs/temporal_feedback_window/summary.json :: subsets/t*>=2/A-/rows/skipfirst3_full/level/amplification; fraction: subsets/t*>=2/A-/fraction/amplification/skipfirst3_full
9 temporal_feedback_window,t*>=2,A-,skipfirst3_full - normal,,delta amplification (absolute reduction if negative),-28.4091,-41.3075,-17.0449,pp,,,,,88,13,autovla_misalignment_poc/outputs/temporal_feedback_window/summary.json :: subsets/t*>=2/A-/rows/skipfirst3_full/vs_normal/amplification (p in json: mcnemar/wilcoxon)
9 temporal_feedback_window,t*>=2,A-,skipfirst3_full,,recovery,89.7727,79.3103,97.4138,%,94.2857,78.1163,106.4534,(Normal - row)/(Normal - GT-history),88,13,autovla_misalignment_poc/outputs/temporal_feedback_window/summary.json :: subsets/t*>=2/A-/rows/skipfirst3_full/level/recovery; fraction: subsets/t*>=2/A-/fraction/recovery/skipfirst3_full
9 temporal_feedback_window,t*>=2,A-,skipfirst3_full - normal,,delta recovery (absolute reduction if negative),37.5,22.7848,51.7262,pp,,,,,88,13,autovla_misalignment_poc/outputs/temporal_feedback_window/summary.json :: subsets/t*>=2/A-/rows/skipfirst3_full/vs_normal/recovery (p in json: mcnemar/wilcoxon)
9 temporal_feedback_window,t*>=2,A-,skipfirst3_full,,ade5,1.0115,0.6446,1.3935,m,,,,,88,13,autovla_misalignment_poc/outputs/temporal_feedback_window/summary.json :: subsets/t*>=2/A-/rows/skipfirst3_full/level/ade5; fraction: subsets/t*>=2/A-/fraction/ade5/skipfirst3_full
9 temporal_feedback_window,t*>=2,A-,skipfirst3_full - normal,,delta ade5 (absolute reduction if negative),-0.5499,-0.7443,-0.3319,m,,,,,88,13,autovla_misalignment_poc/outputs/temporal_feedback_window/summary.json :: subsets/t*>=2/A-/rows/skipfirst3_full/vs_normal/ade5 (p in json: mcnemar/wilcoxon)
9 temporal_feedback_window,t*>=2,A-,skipfirst3_full,,fde5,2.1985,1.4195,3.0745,m,69.823,61.304,77.252,(Normal - row)/(Normal - GT-history),88,13,autovla_misalignment_poc/outputs/temporal_feedback_window/summary.json :: subsets/t*>=2/A-/rows/skipfirst3_full/level/fde5; fraction: subsets/t*>=2/A-/fraction/fde5/skipfirst3_full
9 temporal_feedback_window,t*>=2,A-,skipfirst3_full - normal,,delta fde5 (absolute reduction if negative),-2.5223,-3.3114,-1.5962,m,,,,,88,13,autovla_misalignment_poc/outputs/temporal_feedback_window/summary.json :: subsets/t*>=2/A-/rows/skipfirst3_full/vs_normal/fde5 (p in json: mcnemar/wilcoxon)
9 temporal_feedback_window,t*>=2,A-,skipfirst3_full,,downstream_err,68.2495,60.7857,75.2662,%,43.6841,35.291,55.7134,(Normal - row)/(Normal - GT-history),88,13,autovla_misalignment_poc/outputs/temporal_feedback_window/summary.json :: subsets/t*>=2/A-/rows/skipfirst3_full/level/downstream_err; fraction: subsets/t*>=2/A-/fraction/downstream_err/skipfirst3_full
9 temporal_feedback_window,t*>=2,A-,skipfirst3_full - normal,,delta downstream_err (absolute reduction if negative),-22.0915,-27.4872,-15.4603,pp,,,,,88,13,autovla_misalignment_poc/outputs/temporal_feedback_window/summary.json :: subsets/t*>=2/A-/rows/skipfirst3_full/vs_normal/downstream_err (p in json: mcnemar/wilcoxon)
9 temporal_feedback_window,t*>=2,A+,normal,,amplification,4.1509,1.8749,5.8824,%,,,,,265,39,autovla_misalignment_poc/outputs/temporal_feedback_window/summary.json :: subsets/t*>=2/A+/rows/normal/level/amplification; fraction: subsets/t*>=2/A+/fraction/amplification/normal
9 temporal_feedback_window,t*>=2,A+,normal,,recovery,94.717,93.133,96.8422,%,,,,,265,39,autovla_misalignment_poc/outputs/temporal_feedback_window/summary.json :: subsets/t*>=2/A+/rows/normal/level/recovery; fraction: subsets/t*>=2/A+/fraction/recovery/normal
9 temporal_feedback_window,t*>=2,A+,normal,,ade5,0.6898,0.4831,0.9043,m,,,,,265,39,autovla_misalignment_poc/outputs/temporal_feedback_window/summary.json :: subsets/t*>=2/A+/rows/normal/level/ade5; fraction: subsets/t*>=2/A+/fraction/ade5/normal
9 temporal_feedback_window,t*>=2,A+,normal,,fde5,1.8511,1.2707,2.4416,m,,,,,265,39,autovla_misalignment_poc/outputs/temporal_feedback_window/summary.json :: subsets/t*>=2/A+/rows/normal/level/fde5; fraction: subsets/t*>=2/A+/fraction/fde5/normal
9 temporal_feedback_window,t*>=2,A+,normal,,downstream_err,76.7538,66.6313,83.7405,%,,,,,265,39,autovla_misalignment_poc/outputs/temporal_feedback_window/summary.json :: subsets/t*>=2/A+/rows/normal/level/downstream_err; fraction: subsets/t*>=2/A+/fraction/downstream_err/normal
9 temporal_feedback_window,t*>=2,A+,win1,,amplification,1.1321,0.0,2.0833,%,72.7273,60.0,100.0,(Normal - row)/(Normal - GT-history),265,39,autovla_misalignment_poc/outputs/temporal_feedback_window/summary.json :: subsets/t*>=2/A+/rows/win1/level/amplification; fraction: subsets/t*>=2/A+/fraction/amplification/win1
9 temporal_feedback_window,t*>=2,A+,win1 - normal,,delta amplification (absolute reduction if negative),-3.0189,-4.0268,-1.5788,pp,,,,,265,39,autovla_misalignment_poc/outputs/temporal_feedback_window/summary.json :: subsets/t*>=2/A+/rows/win1/vs_normal/amplification (p in json: mcnemar/wilcoxon)
9 temporal_feedback_window,t*>=2,A+,win1,,recovery,96.6038,94.1963,98.6177,%,55.5556,-0.0,100.0,(Normal - row)/(Normal - GT-history),265,39,autovla_misalignment_poc/outputs/temporal_feedback_window/summary.json :: subsets/t*>=2/A+/rows/win1/level/recovery; fraction: subsets/t*>=2/A+/fraction/recovery/win1
9 temporal_feedback_window,t*>=2,A+,win1 - normal,,delta recovery (absolute reduction if negative),1.8868,0.0,3.0769,pp,,,,,265,39,autovla_misalignment_poc/outputs/temporal_feedback_window/summary.json :: subsets/t*>=2/A+/rows/win1/vs_normal/recovery (p in json: mcnemar/wilcoxon)
9 temporal_feedback_window,t*>=2,A+,win1,,ade5,0.458,0.3128,0.6327,m,,,,,265,39,autovla_misalignment_poc/outputs/temporal_feedback_window/summary.json :: subsets/t*>=2/A+/rows/win1/level/ade5; fraction: subsets/t*>=2/A+/fraction/ade5/win1
9 temporal_feedback_window,t*>=2,A+,win1 - normal,,delta ade5 (absolute reduction if negative),-0.2318,-0.3438,-0.1278,m,,,,,265,39,autovla_misalignment_poc/outputs/temporal_feedback_window/summary.json :: subsets/t*>=2/A+/rows/win1/vs_normal/ade5 (p in json: mcnemar/wilcoxon)
9 temporal_feedback_window,t*>=2,A+,win1,,fde5,1.1487,0.7564,1.6596,m,73.3435,54.5522,87.6293,(Normal - row)/(Normal - GT-history),265,39,autovla_misalignment_poc/outputs/temporal_feedback_window/summary.json :: subsets/t*>=2/A+/rows/win1/level/fde5; fraction: subsets/t*>=2/A+/fraction/fde5/win1
9 temporal_feedback_window,t*>=2,A+,win1 - normal,,delta fde5 (absolute reduction if negative),-0.7024,-0.9802,-0.3924,m,,,,,265,39,autovla_misalignment_poc/outputs/temporal_feedback_window/summary.json :: subsets/t*>=2/A+/rows/win1/vs_normal/fde5 (p in json: mcnemar/wilcoxon)
9 temporal_feedback_window,t*>=2,A+,win1,,downstream_err,56.7826,47.3542,65.6329,%,49.152,36.5674,58.3713,(Normal - row)/(Normal - GT-history),265,39,autovla_misalignment_poc/outputs/temporal_feedback_window/summary.json :: subsets/t*>=2/A+/rows/win1/level/downstream_err; fraction: subsets/t*>=2/A+/fraction/downstream_err/win1
9 temporal_feedback_window,t*>=2,A+,win1 - normal,,delta downstream_err (absolute reduction if negative),-19.9712,-25.5407,-12.8362,pp,,,,,265,39,autovla_misalignment_poc/outputs/temporal_feedback_window/summary.json :: subsets/t*>=2/A+/rows/win1/vs_normal/downstream_err (p in json: mcnemar/wilcoxon)
9 temporal_feedback_window,t*>=2,A+,win2,,amplification,0.0,0.0,0.0,%,100.0,100.0,100.0,(Normal - row)/(Normal - GT-history),265,39,autovla_misalignment_poc/outputs/temporal_feedback_window/summary.json :: subsets/t*>=2/A+/rows/win2/level/amplification; fraction: subsets/t*>=2/A+/fraction/amplification/win2
9 temporal_feedback_window,t*>=2,A+,win2 - normal,,delta amplification (absolute reduction if negative),-4.1509,-5.8824,-1.8749,pp,,,,,265,39,autovla_misalignment_poc/outputs/temporal_feedback_window/summary.json :: subsets/t*>=2/A+/rows/win2/vs_normal/amplification (p in json: mcnemar/wilcoxon)
9 temporal_feedback_window,t*>=2,A+,win2,,recovery,98.1132,96.5986,99.3506,%,100.0,71.4286,150.0,(Normal - row)/(Normal - GT-history),265,39,autovla_misalignment_poc/outputs/temporal_feedback_window/summary.json :: subsets/t*>=2/A+/rows/win2/level/recovery; fraction: subsets/t*>=2/A+/fraction/recovery/win2
9 temporal_feedback_window,t*>=2,A+,win2 - normal,,delta recovery (absolute reduction if negative),3.3962,1.6302,4.7319,pp,,,,,265,39,autovla_misalignment_poc/outputs/temporal_feedback_window/summary.json :: subsets/t*>=2/A+/rows/win2/vs_normal/recovery (p in json: mcnemar/wilcoxon)
9 temporal_feedback_window,t*>=2,A+,win2,,ade5,0.4189,0.2903,0.5503,m,,,,,265,39,autovla_misalignment_poc/outputs/temporal_feedback_window/summary.json :: subsets/t*>=2/A+/rows/win2/level/ade5; fraction: subsets/t*>=2/A+/fraction/ade5/win2
9 temporal_feedback_window,t*>=2,A+,win2 - normal,,delta ade5 (absolute reduction if negative),-0.2709,-0.4033,-0.1602,m,,,,,265,39,autovla_misalignment_poc/outputs/temporal_feedback_window/summary.json :: subsets/t*>=2/A+/rows/win2/vs_normal/ade5 (p in json: mcnemar/wilcoxon)
9 temporal_feedback_window,t*>=2,A+,win2,,fde5,0.9781,0.6562,1.312,m,91.1559,84.0371,97.6049,(Normal - row)/(Normal - GT-history),265,39,autovla_misalignment_poc/outputs/temporal_feedback_window/summary.json :: subsets/t*>=2/A+/rows/win2/level/fde5; fraction: subsets/t*>=2/A+/fraction/fde5/win2
9 temporal_feedback_window,t*>=2,A+,win2 - normal,,delta fde5 (absolute reduction if negative),-0.873,-1.2384,-0.5356,m,,,,,265,39,autovla_misalignment_poc/outputs/temporal_feedback_window/summary.json :: subsets/t*>=2/A+/rows/win2/vs_normal/fde5 (p in json: mcnemar/wilcoxon)
9 temporal_feedback_window,t*>=2,A+,win2,,downstream_err,49.2507,40.307,57.8846,%,67.689,55.9715,78.0727,(Normal - row)/(Normal - GT-history),265,39,autovla_misalignment_poc/outputs/temporal_feedback_window/summary.json :: subsets/t*>=2/A+/rows/win2/level/downstream_err; fraction: subsets/t*>=2/A+/fraction/downstream_err/win2
9 temporal_feedback_window,t*>=2,A+,win2 - normal,,delta downstream_err (absolute reduction if negative),-27.5031,-34.1696,-19.4882,pp,,,,,265,39,autovla_misalignment_poc/outputs/temporal_feedback_window/summary.json :: subsets/t*>=2/A+/rows/win2/vs_normal/downstream_err (p in json: mcnemar/wilcoxon)
9 temporal_feedback_window,t*>=2,A+,win3,,amplification,0.0,0.0,0.0,%,100.0,100.0,100.0,(Normal - row)/(Normal - GT-history),265,39,autovla_misalignment_poc/outputs/temporal_feedback_window/summary.json :: subsets/t*>=2/A+/rows/win3/level/amplification; fraction: subsets/t*>=2/A+/fraction/amplification/win3
9 temporal_feedback_window,t*>=2,A+,win3 - normal,,delta amplification (absolute reduction if negative),-4.1509,-5.8824,-1.8749,pp,,,,,265,39,autovla_misalignment_poc/outputs/temporal_feedback_window/summary.json :: subsets/t*>=2/A+/rows/win3/vs_normal/amplification (p in json: mcnemar/wilcoxon)
9 temporal_feedback_window,t*>=2,A+,win3,,recovery,98.1132,96.341,99.5918,%,100.0,100.0,100.0,(Normal - row)/(Normal - GT-history),265,39,autovla_misalignment_poc/outputs/temporal_feedback_window/summary.json :: subsets/t*>=2/A+/rows/win3/level/recovery; fraction: subsets/t*>=2/A+/fraction/recovery/win3
9 temporal_feedback_window,t*>=2,A+,win3 - normal,,delta recovery (absolute reduction if negative),3.3962,1.5304,5.0197,pp,,,,,265,39,autovla_misalignment_poc/outputs/temporal_feedback_window/summary.json :: subsets/t*>=2/A+/rows/win3/vs_normal/recovery (p in json: mcnemar/wilcoxon)
9 temporal_feedback_window,t*>=2,A+,win3,,ade5,0.4036,0.2824,0.5323,m,,,,,265,39,autovla_misalignment_poc/outputs/temporal_feedback_window/summary.json :: subsets/t*>=2/A+/rows/win3/level/ade5; fraction: subsets/t*>=2/A+/fraction/ade5/win3
9 temporal_feedback_window,t*>=2,A+,win3 - normal,,delta ade5 (absolute reduction if negative),-0.2862,-0.4274,-0.1681,m,,,,,265,39,autovla_misalignment_poc/outputs/temporal_feedback_window/summary.json :: subsets/t*>=2/A+/rows/win3/vs_normal/ade5 (p in json: mcnemar/wilcoxon)
9 temporal_feedback_window,t*>=2,A+,win3,,fde5,0.9023,0.6056,1.2321,m,99.076,96.6691,100.0103,(Normal - row)/(Normal - GT-history),265,39,autovla_misalignment_poc/outputs/temporal_feedback_window/summary.json :: subsets/t*>=2/A+/rows/win3/level/fde5; fraction: subsets/t*>=2/A+/fraction/fde5/win3
9 temporal_feedback_window,t*>=2,A+,win3 - normal,,delta fde5 (absolute reduction if negative),-0.9489,-1.3669,-0.5773,m,,,,,265,39,autovla_misalignment_poc/outputs/temporal_feedback_window/summary.json :: subsets/t*>=2/A+/rows/win3/vs_normal/fde5 (p in json: mcnemar/wilcoxon)
9 temporal_feedback_window,t*>=2,A+,win3,,downstream_err,40.4528,33.6766,47.469,%,89.3417,84.6556,94.0038,(Normal - row)/(Normal - GT-history),265,39,autovla_misalignment_poc/outputs/temporal_feedback_window/summary.json :: subsets/t*>=2/A+/rows/win3/level/downstream_err; fraction: subsets/t*>=2/A+/fraction/downstream_err/win3
9 temporal_feedback_window,t*>=2,A+,win3 - normal,,delta downstream_err (absolute reduction if negative),-36.301,-42.6113,-27.6099,pp,,,,,265,39,autovla_misalignment_poc/outputs/temporal_feedback_window/summary.json :: subsets/t*>=2/A+/rows/win3/vs_normal/downstream_err (p in json: mcnemar/wilcoxon)
9 temporal_feedback_window,t*>=2,A+,win4,,amplification,0.0,0.0,0.0,%,100.0,100.0,100.0,(Normal - row)/(Normal - GT-history),265,39,autovla_misalignment_poc/outputs/temporal_feedback_window/summary.json :: subsets/t*>=2/A+/rows/win4/level/amplification; fraction: subsets/t*>=2/A+/fraction/amplification/win4
9 temporal_feedback_window,t*>=2,A+,win4 - normal,,delta amplification (absolute reduction if negative),-4.1509,-5.8824,-1.8749,pp,,,,,265,39,autovla_misalignment_poc/outputs/temporal_feedback_window/summary.json :: subsets/t*>=2/A+/rows/win4/vs_normal/amplification (p in json: mcnemar/wilcoxon)
9 temporal_feedback_window,t*>=2,A+,win4,,recovery,98.1132,96.341,99.5918,%,100.0,100.0,100.0,(Normal - row)/(Normal - GT-history),265,39,autovla_misalignment_poc/outputs/temporal_feedback_window/summary.json :: subsets/t*>=2/A+/rows/win4/level/recovery; fraction: subsets/t*>=2/A+/fraction/recovery/win4
9 temporal_feedback_window,t*>=2,A+,win4 - normal,,delta recovery (absolute reduction if negative),3.3962,1.5304,5.0197,pp,,,,,265,39,autovla_misalignment_poc/outputs/temporal_feedback_window/summary.json :: subsets/t*>=2/A+/rows/win4/vs_normal/recovery (p in json: mcnemar/wilcoxon)
9 temporal_feedback_window,t*>=2,A+,win4,,ade5,0.4019,0.2787,0.5305,m,,,,,265,39,autovla_misalignment_poc/outputs/temporal_feedback_window/summary.json :: subsets/t*>=2/A+/rows/win4/level/ade5; fraction: subsets/t*>=2/A+/fraction/ade5/win4
9 temporal_feedback_window,t*>=2,A+,win4 - normal,,delta ade5 (absolute reduction if negative),-0.2879,-0.4309,-0.1706,m,,,,,265,39,autovla_misalignment_poc/outputs/temporal_feedback_window/summary.json :: subsets/t*>=2/A+/rows/win4/vs_normal/ade5 (p in json: mcnemar/wilcoxon)
9 temporal_feedback_window,t*>=2,A+,win4,,fde5,0.8919,0.5924,1.2197,m,100.1554,99.7087,100.6417,(Normal - row)/(Normal - GT-history),265,39,autovla_misalignment_poc/outputs/temporal_feedback_window/summary.json :: subsets/t*>=2/A+/rows/win4/level/fde5; fraction: subsets/t*>=2/A+/fraction/fde5/win4
9 temporal_feedback_window,t*>=2,A+,win4 - normal,,delta fde5 (absolute reduction if negative),-0.9592,-1.3781,-0.5935,m,,,,,265,39,autovla_misalignment_poc/outputs/temporal_feedback_window/summary.json :: subsets/t*>=2/A+/rows/win4/vs_normal/fde5 (p in json: mcnemar/wilcoxon)
9 temporal_feedback_window,t*>=2,A+,win4,,downstream_err,39.4825,32.5816,46.1166,%,91.7299,87.3253,96.9966,(Normal - row)/(Normal - GT-history),265,39,autovla_misalignment_poc/outputs/temporal_feedback_window/summary.json :: subsets/t*>=2/A+/rows/win4/level/downstream_err; fraction: subsets/t*>=2/A+/fraction/downstream_err/win4
9 temporal_feedback_window,t*>=2,A+,win4 - normal,,delta downstream_err (absolute reduction if negative),-37.2713,-43.5354,-28.8337,pp,,,,,265,39,autovla_misalignment_poc/outputs/temporal_feedback_window/summary.json :: subsets/t*>=2/A+/rows/win4/vs_normal/downstream_err (p in json: mcnemar/wilcoxon)
9 temporal_feedback_window,t*>=2,A+,win5,,amplification,0.0,0.0,0.0,%,100.0,100.0,100.0,(Normal - row)/(Normal - GT-history),265,39,autovla_misalignment_poc/outputs/temporal_feedback_window/summary.json :: subsets/t*>=2/A+/rows/win5/level/amplification; fraction: subsets/t*>=2/A+/fraction/amplification/win5
9 temporal_feedback_window,t*>=2,A+,win5 - normal,,delta amplification (absolute reduction if negative),-4.1509,-5.8824,-1.8749,pp,,,,,265,39,autovla_misalignment_poc/outputs/temporal_feedback_window/summary.json :: subsets/t*>=2/A+/rows/win5/vs_normal/amplification (p in json: mcnemar/wilcoxon)
9 temporal_feedback_window,t*>=2,A+,win5,,recovery,98.1132,96.341,99.5918,%,100.0,100.0,100.0,(Normal - row)/(Normal - GT-history),265,39,autovla_misalignment_poc/outputs/temporal_feedback_window/summary.json :: subsets/t*>=2/A+/rows/win5/level/recovery; fraction: subsets/t*>=2/A+/fraction/recovery/win5
9 temporal_feedback_window,t*>=2,A+,win5 - normal,,delta recovery (absolute reduction if negative),3.3962,1.5304,5.0197,pp,,,,,265,39,autovla_misalignment_poc/outputs/temporal_feedback_window/summary.json :: subsets/t*>=2/A+/rows/win5/vs_normal/recovery (p in json: mcnemar/wilcoxon)
9 temporal_feedback_window,t*>=2,A+,win5,,ade5,0.4024,0.2792,0.531,m,,,,,265,39,autovla_misalignment_poc/outputs/temporal_feedback_window/summary.json :: subsets/t*>=2/A+/rows/win5/level/ade5; fraction: subsets/t*>=2/A+/fraction/ade5/win5
9 temporal_feedback_window,t*>=2,A+,win5 - normal,,delta ade5 (absolute reduction if negative),-0.2874,-0.4308,-0.1699,m,,,,,265,39,autovla_misalignment_poc/outputs/temporal_feedback_window/summary.json :: subsets/t*>=2/A+/rows/win5/vs_normal/ade5 (p in json: mcnemar/wilcoxon)
9 temporal_feedback_window,t*>=2,A+,win5,,fde5,0.895,0.5926,1.2227,m,99.8292,99.4783,100.0002,(Normal - row)/(Normal - GT-history),265,39,autovla_misalignment_poc/outputs/temporal_feedback_window/summary.json :: subsets/t*>=2/A+/rows/win5/level/fde5; fraction: subsets/t*>=2/A+/fraction/fde5/win5
9 temporal_feedback_window,t*>=2,A+,win5 - normal,,delta fde5 (absolute reduction if negative),-0.9561,-1.3728,-0.5897,m,,,,,265,39,autovla_misalignment_poc/outputs/temporal_feedback_window/summary.json :: subsets/t*>=2/A+/rows/win5/vs_normal/fde5 (p in json: mcnemar/wilcoxon)
9 temporal_feedback_window,t*>=2,A+,win5,,downstream_err,36.5535,31.0873,42.7688,%,98.9386,96.3802,100.0,(Normal - row)/(Normal - GT-history),265,39,autovla_misalignment_poc/outputs/temporal_feedback_window/summary.json :: subsets/t*>=2/A+/rows/win5/level/downstream_err; fraction: subsets/t*>=2/A+/fraction/downstream_err/win5
9 temporal_feedback_window,t*>=2,A+,win5 - normal,,delta downstream_err (absolute reduction if negative),-40.2004,-46.8605,-30.9178,pp,,,,,265,39,autovla_misalignment_poc/outputs/temporal_feedback_window/summary.json :: subsets/t*>=2/A+/rows/win5/vs_normal/downstream_err (p in json: mcnemar/wilcoxon)
9 temporal_feedback_window,t*>=2,A+,win6,,amplification,0.0,0.0,0.0,%,100.0,100.0,100.0,(Normal - row)/(Normal - GT-history),265,39,autovla_misalignment_poc/outputs/temporal_feedback_window/summary.json :: subsets/t*>=2/A+/rows/win6/level/amplification; fraction: subsets/t*>=2/A+/fraction/amplification/win6
9 temporal_feedback_window,t*>=2,A+,win6 - normal,,delta amplification (absolute reduction if negative),-4.1509,-5.8824,-1.8749,pp,,,,,265,39,autovla_misalignment_poc/outputs/temporal_feedback_window/summary.json :: subsets/t*>=2/A+/rows/win6/vs_normal/amplification (p in json: mcnemar/wilcoxon)
9 temporal_feedback_window,t*>=2,A+,win6,,recovery,98.1132,96.341,99.5918,%,100.0,100.0,100.0,(Normal - row)/(Normal - GT-history),265,39,autovla_misalignment_poc/outputs/temporal_feedback_window/summary.json :: subsets/t*>=2/A+/rows/win6/level/recovery; fraction: subsets/t*>=2/A+/fraction/recovery/win6
9 temporal_feedback_window,t*>=2,A+,win6 - normal,,delta recovery (absolute reduction if negative),3.3962,1.5304,5.0197,pp,,,,,265,39,autovla_misalignment_poc/outputs/temporal_feedback_window/summary.json :: subsets/t*>=2/A+/rows/win6/vs_normal/recovery (p in json: mcnemar/wilcoxon)
9 temporal_feedback_window,t*>=2,A+,win6,,ade5,0.4022,0.2788,0.5308,m,,,,,265,39,autovla_misalignment_poc/outputs/temporal_feedback_window/summary.json :: subsets/t*>=2/A+/rows/win6/level/ade5; fraction: subsets/t*>=2/A+/fraction/ade5/win6
9 temporal_feedback_window,t*>=2,A+,win6 - normal,,delta ade5 (absolute reduction if negative),-0.2876,-0.4309,-0.17,m,,,,,265,39,autovla_misalignment_poc/outputs/temporal_feedback_window/summary.json :: subsets/t*>=2/A+/rows/win6/vs_normal/ade5 (p in json: mcnemar/wilcoxon)
9 temporal_feedback_window,t*>=2,A+,win6,,fde5,0.8934,0.5902,1.2211,m,100.0,100.0,100.0,(Normal - row)/(Normal - GT-history),265,39,autovla_misalignment_poc/outputs/temporal_feedback_window/summary.json :: subsets/t*>=2/A+/rows/win6/level/fde5; fraction: subsets/t*>=2/A+/fraction/fde5/win6
9 temporal_feedback_window,t*>=2,A+,win6 - normal,,delta fde5 (absolute reduction if negative),-0.9577,-1.3756,-0.5915,m,,,,,265,39,autovla_misalignment_poc/outputs/temporal_feedback_window/summary.json :: subsets/t*>=2/A+/rows/win6/vs_normal/fde5 (p in json: mcnemar/wilcoxon)
9 temporal_feedback_window,t*>=2,A+,win6,,downstream_err,36.1222,30.4189,42.0761,%,100.0,100.0,100.0,(Normal - row)/(Normal - GT-history),265,39,autovla_misalignment_poc/outputs/temporal_feedback_window/summary.json :: subsets/t*>=2/A+/rows/win6/level/downstream_err; fraction: subsets/t*>=2/A+/fraction/downstream_err/win6
9 temporal_feedback_window,t*>=2,A+,win6 - normal,,delta downstream_err (absolute reduction if negative),-40.6316,-47.2465,-31.6497,pp,,,,,265,39,autovla_misalignment_poc/outputs/temporal_feedback_window/summary.json :: subsets/t*>=2/A+/rows/win6/vs_normal/downstream_err (p in json: mcnemar/wilcoxon)
9 temporal_feedback_window,t*>=2,A+,win7,,amplification,0.0,0.0,0.0,%,100.0,100.0,100.0,(Normal - row)/(Normal - GT-history),265,39,autovla_misalignment_poc/outputs/temporal_feedback_window/summary.json :: subsets/t*>=2/A+/rows/win7/level/amplification; fraction: subsets/t*>=2/A+/fraction/amplification/win7
9 temporal_feedback_window,t*>=2,A+,win7 - normal,,delta amplification (absolute reduction if negative),-4.1509,-5.8824,-1.8749,pp,,,,,265,39,autovla_misalignment_poc/outputs/temporal_feedback_window/summary.json :: subsets/t*>=2/A+/rows/win7/vs_normal/amplification (p in json: mcnemar/wilcoxon)
9 temporal_feedback_window,t*>=2,A+,win7,,recovery,98.1132,96.341,99.5918,%,100.0,100.0,100.0,(Normal - row)/(Normal - GT-history),265,39,autovla_misalignment_poc/outputs/temporal_feedback_window/summary.json :: subsets/t*>=2/A+/rows/win7/level/recovery; fraction: subsets/t*>=2/A+/fraction/recovery/win7
9 temporal_feedback_window,t*>=2,A+,win7 - normal,,delta recovery (absolute reduction if negative),3.3962,1.5304,5.0197,pp,,,,,265,39,autovla_misalignment_poc/outputs/temporal_feedback_window/summary.json :: subsets/t*>=2/A+/rows/win7/vs_normal/recovery (p in json: mcnemar/wilcoxon)
9 temporal_feedback_window,t*>=2,A+,win7,,ade5,0.4022,0.2788,0.5308,m,,,,,265,39,autovla_misalignment_poc/outputs/temporal_feedback_window/summary.json :: subsets/t*>=2/A+/rows/win7/level/ade5; fraction: subsets/t*>=2/A+/fraction/ade5/win7
9 temporal_feedback_window,t*>=2,A+,win7 - normal,,delta ade5 (absolute reduction if negative),-0.2876,-0.4309,-0.17,m,,,,,265,39,autovla_misalignment_poc/outputs/temporal_feedback_window/summary.json :: subsets/t*>=2/A+/rows/win7/vs_normal/ade5 (p in json: mcnemar/wilcoxon)
9 temporal_feedback_window,t*>=2,A+,win7,,fde5,0.8934,0.5902,1.2211,m,100.0,100.0,100.0,(Normal - row)/(Normal - GT-history),265,39,autovla_misalignment_poc/outputs/temporal_feedback_window/summary.json :: subsets/t*>=2/A+/rows/win7/level/fde5; fraction: subsets/t*>=2/A+/fraction/fde5/win7
9 temporal_feedback_window,t*>=2,A+,win7 - normal,,delta fde5 (absolute reduction if negative),-0.9577,-1.3756,-0.5915,m,,,,,265,39,autovla_misalignment_poc/outputs/temporal_feedback_window/summary.json :: subsets/t*>=2/A+/rows/win7/vs_normal/fde5 (p in json: mcnemar/wilcoxon)
9 temporal_feedback_window,t*>=2,A+,win7,,downstream_err,36.1222,30.4189,42.0761,%,100.0,100.0,100.0,(Normal - row)/(Normal - GT-history),265,39,autovla_misalignment_poc/outputs/temporal_feedback_window/summary.json :: subsets/t*>=2/A+/rows/win7/level/downstream_err; fraction: subsets/t*>=2/A+/fraction/downstream_err/win7
9 temporal_feedback_window,t*>=2,A+,win7 - normal,,delta downstream_err (absolute reduction if negative),-40.6316,-47.2465,-31.6497,pp,,,,,265,39,autovla_misalignment_poc/outputs/temporal_feedback_window/summary.json :: subsets/t*>=2/A+/rows/win7/vs_normal/downstream_err (p in json: mcnemar/wilcoxon)
9 temporal_feedback_window,t*>=2,A+,win8,,amplification,0.0,0.0,0.0,%,100.0,100.0,100.0,(Normal - row)/(Normal - GT-history),265,39,autovla_misalignment_poc/outputs/temporal_feedback_window/summary.json :: subsets/t*>=2/A+/rows/win8/level/amplification; fraction: subsets/t*>=2/A+/fraction/amplification/win8
9 temporal_feedback_window,t*>=2,A+,win8 - normal,,delta amplification (absolute reduction if negative),-4.1509,-5.8824,-1.8749,pp,,,,,265,39,autovla_misalignment_poc/outputs/temporal_feedback_window/summary.json :: subsets/t*>=2/A+/rows/win8/vs_normal/amplification (p in json: mcnemar/wilcoxon)
9 temporal_feedback_window,t*>=2,A+,win8,,recovery,98.1132,96.341,99.5918,%,100.0,100.0,100.0,(Normal - row)/(Normal - GT-history),265,39,autovla_misalignment_poc/outputs/temporal_feedback_window/summary.json :: subsets/t*>=2/A+/rows/win8/level/recovery; fraction: subsets/t*>=2/A+/fraction/recovery/win8
9 temporal_feedback_window,t*>=2,A+,win8 - normal,,delta recovery (absolute reduction if negative),3.3962,1.5304,5.0197,pp,,,,,265,39,autovla_misalignment_poc/outputs/temporal_feedback_window/summary.json :: subsets/t*>=2/A+/rows/win8/vs_normal/recovery (p in json: mcnemar/wilcoxon)
9 temporal_feedback_window,t*>=2,A+,win8,,ade5,0.4022,0.2788,0.5308,m,,,,,265,39,autovla_misalignment_poc/outputs/temporal_feedback_window/summary.json :: subsets/t*>=2/A+/rows/win8/level/ade5; fraction: subsets/t*>=2/A+/fraction/ade5/win8
9 temporal_feedback_window,t*>=2,A+,win8 - normal,,delta ade5 (absolute reduction if negative),-0.2876,-0.4309,-0.17,m,,,,,265,39,autovla_misalignment_poc/outputs/temporal_feedback_window/summary.json :: subsets/t*>=2/A+/rows/win8/vs_normal/ade5 (p in json: mcnemar/wilcoxon)
9 temporal_feedback_window,t*>=2,A+,win8,,fde5,0.8934,0.5902,1.2211,m,100.0,100.0,100.0,(Normal - row)/(Normal - GT-history),265,39,autovla_misalignment_poc/outputs/temporal_feedback_window/summary.json :: subsets/t*>=2/A+/rows/win8/level/fde5; fraction: subsets/t*>=2/A+/fraction/fde5/win8
9 temporal_feedback_window,t*>=2,A+,win8 - normal,,delta fde5 (absolute reduction if negative),-0.9577,-1.3756,-0.5915,m,,,,,265,39,autovla_misalignment_poc/outputs/temporal_feedback_window/summary.json :: subsets/t*>=2/A+/rows/win8/vs_normal/fde5 (p in json: mcnemar/wilcoxon)
9 temporal_feedback_window,t*>=2,A+,win8,,downstream_err,36.1222,30.4189,42.0761,%,100.0,100.0,100.0,(Normal - row)/(Normal - GT-history),265,39,autovla_misalignment_poc/outputs/temporal_feedback_window/summary.json :: subsets/t*>=2/A+/rows/win8/level/downstream_err; fraction: subsets/t*>=2/A+/fraction/downstream_err/win8
9 temporal_feedback_window,t*>=2,A+,win8 - normal,,delta downstream_err (absolute reduction if negative),-40.6316,-47.2465,-31.6497,pp,,,,,265,39,autovla_misalignment_poc/outputs/temporal_feedback_window/summary.json :: subsets/t*>=2/A+/rows/win8/vs_normal/downstream_err (p in json: mcnemar/wilcoxon)
9 temporal_feedback_window,t*>=2,A+,gt_history,,amplification,0.0,0.0,0.0,%,,,,,265,39,autovla_misalignment_poc/outputs/temporal_feedback_window/summary.json :: subsets/t*>=2/A+/rows/gt_history/level/amplification; fraction: subsets/t*>=2/A+/fraction/amplification/gt_history
9 temporal_feedback_window,t*>=2,A+,gt_history - normal,,delta amplification (absolute reduction if negative),-4.1509,-5.8824,-1.8749,pp,,,,,265,39,autovla_misalignment_poc/outputs/temporal_feedback_window/summary.json :: subsets/t*>=2/A+/rows/gt_history/vs_normal/amplification (p in json: mcnemar/wilcoxon)
9 temporal_feedback_window,t*>=2,A+,gt_history,,recovery,98.1132,96.341,99.5918,%,,,,,265,39,autovla_misalignment_poc/outputs/temporal_feedback_window/summary.json :: subsets/t*>=2/A+/rows/gt_history/level/recovery; fraction: subsets/t*>=2/A+/fraction/recovery/gt_history
9 temporal_feedback_window,t*>=2,A+,gt_history - normal,,delta recovery (absolute reduction if negative),3.3962,1.5304,5.0197,pp,,,,,265,39,autovla_misalignment_poc/outputs/temporal_feedback_window/summary.json :: subsets/t*>=2/A+/rows/gt_history/vs_normal/recovery (p in json: mcnemar/wilcoxon)
9 temporal_feedback_window,t*>=2,A+,gt_history,,ade5,0.4022,0.2788,0.5308,m,,,,,265,39,autovla_misalignment_poc/outputs/temporal_feedback_window/summary.json :: subsets/t*>=2/A+/rows/gt_history/level/ade5; fraction: subsets/t*>=2/A+/fraction/ade5/gt_history
9 temporal_feedback_window,t*>=2,A+,gt_history - normal,,delta ade5 (absolute reduction if negative),-0.2876,-0.4309,-0.17,m,,,,,265,39,autovla_misalignment_poc/outputs/temporal_feedback_window/summary.json :: subsets/t*>=2/A+/rows/gt_history/vs_normal/ade5 (p in json: mcnemar/wilcoxon)
9 temporal_feedback_window,t*>=2,A+,gt_history,,fde5,0.8934,0.5902,1.2211,m,,,,,265,39,autovla_misalignment_poc/outputs/temporal_feedback_window/summary.json :: subsets/t*>=2/A+/rows/gt_history/level/fde5; fraction: subsets/t*>=2/A+/fraction/fde5/gt_history
9 temporal_feedback_window,t*>=2,A+,gt_history - normal,,delta fde5 (absolute reduction if negative),-0.9577,-1.3756,-0.5915,m,,,,,265,39,autovla_misalignment_poc/outputs/temporal_feedback_window/summary.json :: subsets/t*>=2/A+/rows/gt_history/vs_normal/fde5 (p in json: mcnemar/wilcoxon)
9 temporal_feedback_window,t*>=2,A+,gt_history,,downstream_err,36.1222,30.4189,42.0761,%,,,,,265,39,autovla_misalignment_poc/outputs/temporal_feedback_window/summary.json :: subsets/t*>=2/A+/rows/gt_history/level/downstream_err; fraction: subsets/t*>=2/A+/fraction/downstream_err/gt_history
9 temporal_feedback_window,t*>=2,A+,gt_history - normal,,delta downstream_err (absolute reduction if negative),-40.6316,-47.2465,-31.6497,pp,,,,,265,39,autovla_misalignment_poc/outputs/temporal_feedback_window/summary.json :: subsets/t*>=2/A+/rows/gt_history/vs_normal/downstream_err (p in json: mcnemar/wilcoxon)
9 temporal_feedback_window,t*>=2,A+,delay2_len1,,amplification,1.5094,0.0,3.3004,%,63.6364,25.0,100.0,(Normal - row)/(Normal - GT-history),265,39,autovla_misalignment_poc/outputs/temporal_feedback_window/summary.json :: subsets/t*>=2/A+/rows/delay2_len1/level/amplification; fraction: subsets/t*>=2/A+/fraction/amplification/delay2_len1
9 temporal_feedback_window,t*>=2,A+,delay2_len1 - normal,,delta amplification (absolute reduction if negative),-2.6415,-4.4199,-0.8969,pp,,,,,265,39,autovla_misalignment_poc/outputs/temporal_feedback_window/summary.json :: subsets/t*>=2/A+/rows/delay2_len1/vs_normal/amplification (p in json: mcnemar/wilcoxon)
9 temporal_feedback_window,t*>=2,A+,delay2_len1,,recovery,96.6038,94.6805,98.6111,%,55.5556,11.1111,142.8571,(Normal - row)/(Normal - GT-history),265,39,autovla_misalignment_poc/outputs/temporal_feedback_window/summary.json :: subsets/t*>=2/A+/rows/delay2_len1/level/recovery; fraction: subsets/t*>=2/A+/fraction/recovery/delay2_len1
9 temporal_feedback_window,t*>=2,A+,delay2_len1 - normal,,delta recovery (absolute reduction if negative),1.8868,0.4098,3.3558,pp,,,,,265,39,autovla_misalignment_poc/outputs/temporal_feedback_window/summary.json :: subsets/t*>=2/A+/rows/delay2_len1/vs_normal/recovery (p in json: mcnemar/wilcoxon)
9 temporal_feedback_window,t*>=2,A+,delay2_len1,,ade5,0.5163,0.3653,0.672,m,,,,,265,39,autovla_misalignment_poc/outputs/temporal_feedback_window/summary.json :: subsets/t*>=2/A+/rows/delay2_len1/level/ade5; fraction: subsets/t*>=2/A+/fraction/ade5/delay2_len1
9 temporal_feedback_window,t*>=2,A+,delay2_len1 - normal,,delta ade5 (absolute reduction if negative),-0.1735,-0.2383,-0.1108,m,,,,,265,39,autovla_misalignment_poc/outputs/temporal_feedback_window/summary.json :: subsets/t*>=2/A+/rows/delay2_len1/vs_normal/ade5 (p in json: mcnemar/wilcoxon)
9 temporal_feedback_window,t*>=2,A+,delay2_len1,,fde5,1.2853,0.9039,1.7029,m,59.084,48.3143,69.5893,(Normal - row)/(Normal - GT-history),265,39,autovla_misalignment_poc/outputs/temporal_feedback_window/summary.json :: subsets/t*>=2/A+/rows/delay2_len1/level/fde5; fraction: subsets/t*>=2/A+/fraction/fde5/delay2_len1
9 temporal_feedback_window,t*>=2,A+,delay2_len1 - normal,,delta fde5 (absolute reduction if negative),-0.5659,-0.7444,-0.3529,m,,,,,265,39,autovla_misalignment_poc/outputs/temporal_feedback_window/summary.json :: subsets/t*>=2/A+/rows/delay2_len1/vs_normal/fde5 (p in json: mcnemar/wilcoxon)
9 temporal_feedback_window,t*>=2,A+,delay2_len1,,downstream_err,65.0728,54.8891,73.4713,%,28.7486,19.4888,39.5698,(Normal - row)/(Normal - GT-history),265,39,autovla_misalignment_poc/outputs/temporal_feedback_window/summary.json :: subsets/t*>=2/A+/rows/delay2_len1/level/downstream_err; fraction: subsets/t*>=2/A+/fraction/downstream_err/delay2_len1
9 temporal_feedback_window,t*>=2,A+,delay2_len1 - normal,,delta downstream_err (absolute reduction if negative),-11.681,-16.3389,-7.2328,pp,,,,,265,39,autovla_misalignment_poc/outputs/temporal_feedback_window/summary.json :: subsets/t*>=2/A+/rows/delay2_len1/vs_normal/downstream_err (p in json: mcnemar/wilcoxon)
9 temporal_feedback_window,t*>=2,A+,delay3_len1,,amplification,1.1321,0.0,3.0003,%,72.7273,25.0,100.0,(Normal - row)/(Normal - GT-history),265,39,autovla_misalignment_poc/outputs/temporal_feedback_window/summary.json :: subsets/t*>=2/A+/rows/delay3_len1/level/amplification; fraction: subsets/t*>=2/A+/fraction/amplification/delay3_len1
9 temporal_feedback_window,t*>=2,A+,delay3_len1 - normal,,delta amplification (absolute reduction if negative),-3.0189,-5.2632,-0.9216,pp,,,,,265,39,autovla_misalignment_poc/outputs/temporal_feedback_window/summary.json :: subsets/t*>=2/A+/rows/delay3_len1/vs_normal/amplification (p in json: mcnemar/wilcoxon)
9 temporal_feedback_window,t*>=2,A+,delay3_len1,,recovery,96.2264,94.3181,98.5076,%,44.4444,-18.1818,166.6667,(Normal - row)/(Normal - GT-history),265,39,autovla_misalignment_poc/outputs/temporal_feedback_window/summary.json :: subsets/t*>=2/A+/rows/delay3_len1/level/recovery; fraction: subsets/t*>=2/A+/fraction/recovery/delay3_len1
9 temporal_feedback_window,t*>=2,A+,delay3_len1 - normal,,delta recovery (absolute reduction if negative),1.5094,-0.6098,4.0821,pp,,,,,265,39,autovla_misalignment_poc/outputs/temporal_feedback_window/summary.json :: subsets/t*>=2/A+/rows/delay3_len1/vs_normal/recovery (p in json: mcnemar/wilcoxon)
9 temporal_feedback_window,t*>=2,A+,delay3_len1,,ade5,0.5557,0.3929,0.7283,m,,,,,265,39,autovla_misalignment_poc/outputs/temporal_feedback_window/summary.json :: subsets/t*>=2/A+/rows/delay3_len1/level/ade5; fraction: subsets/t*>=2/A+/fraction/ade5/delay3_len1
9 temporal_feedback_window,t*>=2,A+,delay3_len1 - normal,,delta ade5 (absolute reduction if negative),-0.1341,-0.2109,-0.0718,m,,,,,265,39,autovla_misalignment_poc/outputs/temporal_feedback_window/summary.json :: subsets/t*>=2/A+/rows/delay3_len1/vs_normal/ade5 (p in json: mcnemar/wilcoxon)
9 temporal_feedback_window,t*>=2,A+,delay3_len1,,fde5,1.3349,0.9156,1.7706,m,53.8964,41.9021,62.2797,(Normal - row)/(Normal - GT-history),265,39,autovla_misalignment_poc/outputs/temporal_feedback_window/summary.json :: subsets/t*>=2/A+/rows/delay3_len1/level/fde5; fraction: subsets/t*>=2/A+/fraction/fde5/delay3_len1
9 temporal_feedback_window,t*>=2,A+,delay3_len1 - normal,,delta fde5 (absolute reduction if negative),-0.5162,-0.8035,-0.2686,m,,,,,265,39,autovla_misalignment_poc/outputs/temporal_feedback_window/summary.json :: subsets/t*>=2/A+/rows/delay3_len1/vs_normal/fde5 (p in json: mcnemar/wilcoxon)
9 temporal_feedback_window,t*>=2,A+,delay3_len1,,downstream_err,69.177,60.3314,76.1798,%,18.6476,11.0784,25.4405,(Normal - row)/(Normal - GT-history),265,39,autovla_misalignment_poc/outputs/temporal_feedback_window/summary.json :: subsets/t*>=2/A+/rows/delay3_len1/level/downstream_err; fraction: subsets/t*>=2/A+/fraction/downstream_err/delay3_len1
9 temporal_feedback_window,t*>=2,A+,delay3_len1 - normal,,delta downstream_err (absolute reduction if negative),-7.5768,-10.6448,-3.869,pp,,,,,265,39,autovla_misalignment_poc/outputs/temporal_feedback_window/summary.json :: subsets/t*>=2/A+/rows/delay3_len1/vs_normal/downstream_err (p in json: mcnemar/wilcoxon)
9 temporal_feedback_window,t*>=2,A+,delay4_len1,,amplification,1.8868,0.0,3.7737,%,54.5455,21.4286,100.0,(Normal - row)/(Normal - GT-history),265,39,autovla_misalignment_poc/outputs/temporal_feedback_window/summary.json :: subsets/t*>=2/A+/rows/delay4_len1/level/amplification; fraction: subsets/t*>=2/A+/fraction/amplification/delay4_len1
9 temporal_feedback_window,t*>=2,A+,delay4_len1 - normal,,delta amplification (absolute reduction if negative),-2.2642,-3.8963,-0.8196,pp,,,,,265,39,autovla_misalignment_poc/outputs/temporal_feedback_window/summary.json :: subsets/t*>=2/A+/rows/delay4_len1/vs_normal/amplification (p in json: mcnemar/wilcoxon)
9 temporal_feedback_window,t*>=2,A+,delay4_len1,,recovery,96.6038,94.9405,98.5577,%,55.5556,20.0,100.0,(Normal - row)/(Normal - GT-history),265,39,autovla_misalignment_poc/outputs/temporal_feedback_window/summary.json :: subsets/t*>=2/A+/rows/delay4_len1/level/recovery; fraction: subsets/t*>=2/A+/fraction/recovery/delay4_len1
9 temporal_feedback_window,t*>=2,A+,delay4_len1 - normal,,delta recovery (absolute reduction if negative),1.8868,0.722,2.956,pp,,,,,265,39,autovla_misalignment_poc/outputs/temporal_feedback_window/summary.json :: subsets/t*>=2/A+/rows/delay4_len1/vs_normal/recovery (p in json: mcnemar/wilcoxon)
9 temporal_feedback_window,t*>=2,A+,delay4_len1,,ade5,0.6086,0.4312,0.7859,m,,,,,265,39,autovla_misalignment_poc/outputs/temporal_feedback_window/summary.json :: subsets/t*>=2/A+/rows/delay4_len1/level/ade5; fraction: subsets/t*>=2/A+/fraction/ade5/delay4_len1
9 temporal_feedback_window,t*>=2,A+,delay4_len1 - normal,,delta ade5 (absolute reduction if negative),-0.0811,-0.1248,-0.045,m,,,,,265,39,autovla_misalignment_poc/outputs/temporal_feedback_window/summary.json :: subsets/t*>=2/A+/rows/delay4_len1/vs_normal/ade5 (p in json: mcnemar/wilcoxon)
9 temporal_feedback_window,t*>=2,A+,delay4_len1,,fde5,1.4194,0.9744,1.8062,m,45.0803,35.8971,52.1577,(Normal - row)/(Normal - GT-history),265,39,autovla_misalignment_poc/outputs/temporal_feedback_window/summary.json :: subsets/t*>=2/A+/rows/delay4_len1/level/fde5; fraction: subsets/t*>=2/A+/fraction/fde5/delay4_len1
9 temporal_feedback_window,t*>=2,A+,delay4_len1 - normal,,delta fde5 (absolute reduction if negative),-0.4317,-0.6924,-0.2155,m,,,,,265,39,autovla_misalignment_poc/outputs/temporal_feedback_window/summary.json :: subsets/t*>=2/A+/rows/delay4_len1/vs_normal/fde5 (p in json: mcnemar/wilcoxon)
9 temporal_feedback_window,t*>=2,A+,delay4_len1,,downstream_err,72.9155,63.3463,79.3447,%,9.4465,5.4691,15.0673,(Normal - row)/(Normal - GT-history),265,39,autovla_misalignment_poc/outputs/temporal_feedback_window/summary.json :: subsets/t*>=2/A+/rows/delay4_len1/level/downstream_err; fraction: subsets/t*>=2/A+/fraction/downstream_err/delay4_len1
9 temporal_feedback_window,t*>=2,A+,delay4_len1 - normal,,delta downstream_err (absolute reduction if negative),-3.8383,-6.0896,-1.9778,pp,,,,,265,39,autovla_misalignment_poc/outputs/temporal_feedback_window/summary.json :: subsets/t*>=2/A+/rows/delay4_len1/vs_normal/downstream_err (p in json: mcnemar/wilcoxon)
9 temporal_feedback_window,t*>=2,A+,delay2_len2,,amplification,1.1321,0.0,2.3462,%,72.7273,50.0,100.0,(Normal - row)/(Normal - GT-history),265,39,autovla_misalignment_poc/outputs/temporal_feedback_window/summary.json :: subsets/t*>=2/A+/rows/delay2_len2/level/amplification; fraction: subsets/t*>=2/A+/fraction/amplification/delay2_len2
9 temporal_feedback_window,t*>=2,A+,delay2_len2 - normal,,delta amplification (absolute reduction if negative),-3.0189,-4.5046,-1.4422,pp,,,,,265,39,autovla_misalignment_poc/outputs/temporal_feedback_window/summary.json :: subsets/t*>=2/A+/rows/delay2_len2/vs_normal/amplification (p in json: mcnemar/wilcoxon)
9 temporal_feedback_window,t*>=2,A+,delay2_len2,,recovery,96.6038,95.0226,98.1203,%,55.5556,16.6667,133.3333,(Normal - row)/(Normal - GT-history),265,39,autovla_misalignment_poc/outputs/temporal_feedback_window/summary.json :: subsets/t*>=2/A+/rows/delay2_len2/level/recovery; fraction: subsets/t*>=2/A+/fraction/recovery/delay2_len2
9 temporal_feedback_window,t*>=2,A+,delay2_len2 - normal,,delta recovery (absolute reduction if negative),1.8868,0.4694,3.2895,pp,,,,,265,39,autovla_misalignment_poc/outputs/temporal_feedback_window/summary.json :: subsets/t*>=2/A+/rows/delay2_len2/vs_normal/recovery (p in json: mcnemar/wilcoxon)
9 temporal_feedback_window,t*>=2,A+,delay2_len2,,ade5,0.4947,0.3502,0.6496,m,,,,,265,39,autovla_misalignment_poc/outputs/temporal_feedback_window/summary.json :: subsets/t*>=2/A+/rows/delay2_len2/level/ade5; fraction: subsets/t*>=2/A+/fraction/ade5/delay2_len2
9 temporal_feedback_window,t*>=2,A+,delay2_len2 - normal,,delta ade5 (absolute reduction if negative),-0.1951,-0.2789,-0.1198,m,,,,,265,39,autovla_misalignment_poc/outputs/temporal_feedback_window/summary.json :: subsets/t*>=2/A+/rows/delay2_len2/vs_normal/ade5 (p in json: mcnemar/wilcoxon)
9 temporal_feedback_window,t*>=2,A+,delay2_len2,,fde5,1.1593,0.8057,1.5478,m,72.2349,63.2764,78.6569,(Normal - row)/(Normal - GT-history),265,39,autovla_misalignment_poc/outputs/temporal_feedback_window/summary.json :: subsets/t*>=2/A+/rows/delay2_len2/level/fde5; fraction: subsets/t*>=2/A+/fraction/fde5/delay2_len2
9 temporal_feedback_window,t*>=2,A+,delay2_len2 - normal,,delta fde5 (absolute reduction if negative),-0.6918,-0.9901,-0.4138,m,,,,,265,39,autovla_misalignment_poc/outputs/temporal_feedback_window/summary.json :: subsets/t*>=2/A+/rows/delay2_len2/vs_normal/fde5 (p in json: mcnemar/wilcoxon)
9 temporal_feedback_window,t*>=2,A+,delay2_len2,,downstream_err,57.5067,47.9282,65.6475,%,47.3697,36.7085,60.149,(Normal - row)/(Normal - GT-history),265,39,autovla_misalignment_poc/outputs/temporal_feedback_window/summary.json :: subsets/t*>=2/A+/rows/delay2_len2/level/downstream_err; fraction: subsets/t*>=2/A+/fraction/downstream_err/delay2_len2
9 temporal_feedback_window,t*>=2,A+,delay2_len2 - normal,,delta downstream_err (absolute reduction if negative),-19.2471,-25.1054,-13.537,pp,,,,,265,39,autovla_misalignment_poc/outputs/temporal_feedback_window/summary.json :: subsets/t*>=2/A+/rows/delay2_len2/vs_normal/downstream_err (p in json: mcnemar/wilcoxon)
9 temporal_feedback_window,t*>=2,A+,delay3_len2,,amplification,1.1321,0.0,3.0003,%,72.7273,25.0,100.0,(Normal - row)/(Normal - GT-history),265,39,autovla_misalignment_poc/outputs/temporal_feedback_window/summary.json :: subsets/t*>=2/A+/rows/delay3_len2/level/amplification; fraction: subsets/t*>=2/A+/fraction/amplification/delay3_len2
9 temporal_feedback_window,t*>=2,A+,delay3_len2 - normal,,delta amplification (absolute reduction if negative),-3.0189,-5.2632,-0.9216,pp,,,,,265,39,autovla_misalignment_poc/outputs/temporal_feedback_window/summary.json :: subsets/t*>=2/A+/rows/delay3_len2/vs_normal/amplification (p in json: mcnemar/wilcoxon)
9 temporal_feedback_window,t*>=2,A+,delay3_len2,,recovery,97.3585,95.4997,99.216,%,77.7778,22.2222,200.0,(Normal - row)/(Normal - GT-history),265,39,autovla_misalignment_poc/outputs/temporal_feedback_window/summary.json :: subsets/t*>=2/A+/rows/delay3_len2/level/recovery; fraction: subsets/t*>=2/A+/fraction/recovery/delay3_len2
9 temporal_feedback_window,t*>=2,A+,delay3_len2 - normal,,delta recovery (absolute reduction if negative),2.6415,0.7998,4.7015,pp,,,,,265,39,autovla_misalignment_poc/outputs/temporal_feedback_window/summary.json :: subsets/t*>=2/A+/rows/delay3_len2/vs_normal/recovery (p in json: mcnemar/wilcoxon)
9 temporal_feedback_window,t*>=2,A+,delay3_len2,,ade5,0.541,0.3845,0.6971,m,,,,,265,39,autovla_misalignment_poc/outputs/temporal_feedback_window/summary.json :: subsets/t*>=2/A+/rows/delay3_len2/level/ade5; fraction: subsets/t*>=2/A+/fraction/ade5/delay3_len2
9 temporal_feedback_window,t*>=2,A+,delay3_len2 - normal,,delta ade5 (absolute reduction if negative),-0.1488,-0.2272,-0.0868,m,,,,,265,39,autovla_misalignment_poc/outputs/temporal_feedback_window/summary.json :: subsets/t*>=2/A+/rows/delay3_len2/vs_normal/ade5 (p in json: mcnemar/wilcoxon)
9 temporal_feedback_window,t*>=2,A+,delay3_len2,,fde5,1.2229,0.8405,1.5726,m,65.5941,58.7342,70.8404,(Normal - row)/(Normal - GT-history),265,39,autovla_misalignment_poc/outputs/temporal_feedback_window/summary.json :: subsets/t*>=2/A+/rows/delay3_len2/level/fde5; fraction: subsets/t*>=2/A+/fraction/fde5/delay3_len2
9 temporal_feedback_window,t*>=2,A+,delay3_len2 - normal,,delta fde5 (absolute reduction if negative),-0.6282,-0.9527,-0.3648,m,,,,,265,39,autovla_misalignment_poc/outputs/temporal_feedback_window/summary.json :: subsets/t*>=2/A+/rows/delay3_len2/vs_normal/fde5 (p in json: mcnemar/wilcoxon)
9 temporal_feedback_window,t*>=2,A+,delay3_len2,,downstream_err,65.0189,55.6594,72.0823,%,28.8813,21.6606,38.2425,(Normal - row)/(Normal - GT-history),265,39,autovla_misalignment_poc/outputs/temporal_feedback_window/summary.json :: subsets/t*>=2/A+/rows/delay3_len2/level/downstream_err; fraction: subsets/t*>=2/A+/fraction/downstream_err/delay3_len2
9 temporal_feedback_window,t*>=2,A+,delay3_len2 - normal,,delta downstream_err (absolute reduction if negative),-11.735,-15.8633,-7.8874,pp,,,,,265,39,autovla_misalignment_poc/outputs/temporal_feedback_window/summary.json :: subsets/t*>=2/A+/rows/delay3_len2/vs_normal/downstream_err (p in json: mcnemar/wilcoxon)
9 temporal_feedback_window,t*>=2,A+,skipfirst2_full,,amplification,1.1321,0.0,2.3462,%,72.7273,50.0,100.0,(Normal - row)/(Normal - GT-history),265,39,autovla_misalignment_poc/outputs/temporal_feedback_window/summary.json :: subsets/t*>=2/A+/rows/skipfirst2_full/level/amplification; fraction: subsets/t*>=2/A+/fraction/amplification/skipfirst2_full
9 temporal_feedback_window,t*>=2,A+,skipfirst2_full - normal,,delta amplification (absolute reduction if negative),-3.0189,-4.5046,-1.4422,pp,,,,,265,39,autovla_misalignment_poc/outputs/temporal_feedback_window/summary.json :: subsets/t*>=2/A+/rows/skipfirst2_full/vs_normal/amplification (p in json: mcnemar/wilcoxon)
9 temporal_feedback_window,t*>=2,A+,skipfirst2_full,,recovery,97.7358,96.3767,99.1668,%,88.8889,50.0,150.0,(Normal - row)/(Normal - GT-history),265,39,autovla_misalignment_poc/outputs/temporal_feedback_window/summary.json :: subsets/t*>=2/A+/rows/skipfirst2_full/level/recovery; fraction: subsets/t*>=2/A+/fraction/recovery/skipfirst2_full
9 temporal_feedback_window,t*>=2,A+,skipfirst2_full - normal,,delta recovery (absolute reduction if negative),3.0189,1.4422,4.5046,pp,,,,,265,39,autovla_misalignment_poc/outputs/temporal_feedback_window/summary.json :: subsets/t*>=2/A+/rows/skipfirst2_full/vs_normal/recovery (p in json: mcnemar/wilcoxon)
9 temporal_feedback_window,t*>=2,A+,skipfirst2_full,,ade5,0.4816,0.3403,0.6258,m,,,,,265,39,autovla_misalignment_poc/outputs/temporal_feedback_window/summary.json :: subsets/t*>=2/A+/rows/skipfirst2_full/level/ade5; fraction: subsets/t*>=2/A+/fraction/ade5/skipfirst2_full
9 temporal_feedback_window,t*>=2,A+,skipfirst2_full - normal,,delta ade5 (absolute reduction if negative),-0.2081,-0.3045,-0.1266,m,,,,,265,39,autovla_misalignment_poc/outputs/temporal_feedback_window/summary.json :: subsets/t*>=2/A+/rows/skipfirst2_full/vs_normal/ade5 (p in json: mcnemar/wilcoxon)
9 temporal_feedback_window,t*>=2,A+,skipfirst2_full,,fde5,1.0744,0.7466,1.4048,m,81.1017,74.6791,86.3978,(Normal - row)/(Normal - GT-history),265,39,autovla_misalignment_poc/outputs/temporal_feedback_window/summary.json :: subsets/t*>=2/A+/rows/skipfirst2_full/level/fde5; fraction: subsets/t*>=2/A+/fraction/fde5/skipfirst2_full
9 temporal_feedback_window,t*>=2,A+,skipfirst2_full - normal,,delta fde5 (absolute reduction if negative),-0.7767,-1.1379,-0.4603,m,,,,,265,39,autovla_misalignment_poc/outputs/temporal_feedback_window/summary.json :: subsets/t*>=2/A+/rows/skipfirst2_full/vs_normal/fde5 (p in json: mcnemar/wilcoxon)
9 temporal_feedback_window,t*>=2,A+,skipfirst2_full,,downstream_err,48.4843,41.6277,53.6381,%,69.5752,62.5915,77.65,(Normal - row)/(Normal - GT-history),265,39,autovla_misalignment_poc/outputs/temporal_feedback_window/summary.json :: subsets/t*>=2/A+/rows/skipfirst2_full/level/downstream_err; fraction: subsets/t*>=2/A+/fraction/downstream_err/skipfirst2_full
9 temporal_feedback_window,t*>=2,A+,skipfirst2_full - normal,,delta downstream_err (absolute reduction if negative),-28.2695,-33.4201,-21.766,pp,,,,,265,39,autovla_misalignment_poc/outputs/temporal_feedback_window/summary.json :: subsets/t*>=2/A+/rows/skipfirst2_full/vs_normal/downstream_err (p in json: mcnemar/wilcoxon)
9 temporal_feedback_window,t*>=2,A+,skipfirst3_full,,amplification,1.5094,0.0,3.3004,%,63.6364,25.0,100.0,(Normal - row)/(Normal - GT-history),265,39,autovla_misalignment_poc/outputs/temporal_feedback_window/summary.json :: subsets/t*>=2/A+/rows/skipfirst3_full/level/amplification; fraction: subsets/t*>=2/A+/fraction/amplification/skipfirst3_full
9 temporal_feedback_window,t*>=2,A+,skipfirst3_full - normal,,delta amplification (absolute reduction if negative),-2.6415,-4.4199,-0.8969,pp,,,,,265,39,autovla_misalignment_poc/outputs/temporal_feedback_window/summary.json :: subsets/t*>=2/A+/rows/skipfirst3_full/vs_normal/amplification (p in json: mcnemar/wilcoxon)
9 temporal_feedback_window,t*>=2,A+,skipfirst3_full,,recovery,97.3585,95.6689,99.1271,%,77.7778,25.0,150.0,(Normal - row)/(Normal - GT-history),265,39,autovla_misalignment_poc/outputs/temporal_feedback_window/summary.json :: subsets/t*>=2/A+/rows/skipfirst3_full/level/recovery; fraction: subsets/t*>=2/A+/fraction/recovery/skipfirst3_full
9 temporal_feedback_window,t*>=2,A+,skipfirst3_full - normal,,delta recovery (absolute reduction if negative),2.6415,0.8969,4.4199,pp,,,,,265,39,autovla_misalignment_poc/outputs/temporal_feedback_window/summary.json :: subsets/t*>=2/A+/rows/skipfirst3_full/vs_normal/recovery (p in json: mcnemar/wilcoxon)
9 temporal_feedback_window,t*>=2,A+,skipfirst3_full,,ade5,0.5396,0.3831,0.6955,m,,,,,265,39,autovla_misalignment_poc/outputs/temporal_feedback_window/summary.json :: subsets/t*>=2/A+/rows/skipfirst3_full/level/ade5; fraction: subsets/t*>=2/A+/fraction/ade5/skipfirst3_full
9 temporal_feedback_window,t*>=2,A+,skipfirst3_full - normal,,delta ade5 (absolute reduction if negative),-0.1502,-0.2286,-0.0863,m,,,,,265,39,autovla_misalignment_poc/outputs/temporal_feedback_window/summary.json :: subsets/t*>=2/A+/rows/skipfirst3_full/vs_normal/ade5 (p in json: mcnemar/wilcoxon)
9 temporal_feedback_window,t*>=2,A+,skipfirst3_full,,fde5,1.2069,0.8346,1.5455,m,67.2682,58.3463,74.2588,(Normal - row)/(Normal - GT-history),265,39,autovla_misalignment_poc/outputs/temporal_feedback_window/summary.json :: subsets/t*>=2/A+/rows/skipfirst3_full/level/fde5; fraction: subsets/t*>=2/A+/fraction/fde5/skipfirst3_full
9 temporal_feedback_window,t*>=2,A+,skipfirst3_full - normal,,delta fde5 (absolute reduction if negative),-0.6442,-0.9851,-0.3669,m,,,,,265,39,autovla_misalignment_poc/outputs/temporal_feedback_window/summary.json :: subsets/t*>=2/A+/rows/skipfirst3_full/vs_normal/fde5 (p in json: mcnemar/wilcoxon)
9 temporal_feedback_window,t*>=2,A+,skipfirst3_full,,downstream_err,59.4753,52.0687,64.8291,%,42.5248,36.5322,49.0625,(Normal - row)/(Normal - GT-history),265,39,autovla_misalignment_poc/outputs/temporal_feedback_window/summary.json :: subsets/t*>=2/A+/rows/skipfirst3_full/level/downstream_err; fraction: subsets/t*>=2/A+/fraction/downstream_err/skipfirst3_full
9 temporal_feedback_window,t*>=2,A+,skipfirst3_full - normal,,delta downstream_err (absolute reduction if negative),-17.2785,-21.2019,-12.5447,pp,,,,,265,39,autovla_misalignment_poc/outputs/temporal_feedback_window/summary.json :: subsets/t*>=2/A+/rows/skipfirst3_full/vs_normal/downstream_err (p in json: mcnemar/wilcoxon)
9 temporal_feedback_window,Normal-amplified A- units,A-,normal,,amplification,100.0,100.0,100.0,%,,,,,170,42,autovla_misalignment_poc/outputs/temporal_feedback_window/summary.json :: subsets/Normal-amplified A- units/A-/rows/normal/level/amplification; fraction: subsets/Normal-amplified A- units/A-/fraction/amplification/normal
9 temporal_feedback_window,Normal-amplified A- units,A-,normal,,recovery,0.0,0.0,0.0,%,,,,,170,42,autovla_misalignment_poc/outputs/temporal_feedback_window/summary.json :: subsets/Normal-amplified A- units/A-/rows/normal/level/recovery; fraction: subsets/Normal-amplified A- units/A-/fraction/recovery/normal
9 temporal_feedback_window,Normal-amplified A- units,A-,normal,,ade5,3.7226,3.2264,4.3689,m,,,,,170,42,autovla_misalignment_poc/outputs/temporal_feedback_window/summary.json :: subsets/Normal-amplified A- units/A-/rows/normal/level/ade5; fraction: subsets/Normal-amplified A- units/A-/fraction/ade5/normal
9 temporal_feedback_window,Normal-amplified A- units,A-,normal,,fde5,10.3156,9.0572,11.469,m,,,,,170,42,autovla_misalignment_poc/outputs/temporal_feedback_window/summary.json :: subsets/Normal-amplified A- units/A-/rows/normal/level/fde5; fraction: subsets/Normal-amplified A- units/A-/fraction/fde5/normal
9 temporal_feedback_window,Normal-amplified A- units,A-,normal,,downstream_err,97.8408,96.0405,98.9613,%,,,,,170,42,autovla_misalignment_poc/outputs/temporal_feedback_window/summary.json :: subsets/Normal-amplified A- units/A-/rows/normal/level/downstream_err; fraction: subsets/Normal-amplified A- units/A-/fraction/downstream_err/normal
9 temporal_feedback_window,Normal-amplified A- units,A-,win1,,amplification,49.4118,39.6929,57.4476,%,55.1282,46.4277,68.1204,(Normal - row)/(Normal - GT-history),170,42,autovla_misalignment_poc/outputs/temporal_feedback_window/summary.json :: subsets/Normal-amplified A- units/A-/rows/win1/level/amplification; fraction: subsets/Normal-amplified A- units/A-/fraction/amplification/win1
9 temporal_feedback_window,Normal-amplified A- units,A-,win1 - normal,,delta amplification (absolute reduction if negative),-50.5882,-60.3071,-42.5524,pp,,,,,170,42,autovla_misalignment_poc/outputs/temporal_feedback_window/summary.json :: subsets/Normal-amplified A- units/A-/rows/win1/vs_normal/amplification (p in json: mcnemar/wilcoxon)
9 temporal_feedback_window,Normal-amplified A- units,A-,win1,,recovery,45.8824,38.3178,53.6088,%,52.0,43.697,64.6193,(Normal - row)/(Normal - GT-history),170,42,autovla_misalignment_poc/outputs/temporal_feedback_window/summary.json :: subsets/Normal-amplified A- units/A-/rows/win1/level/recovery; fraction: subsets/Normal-amplified A- units/A-/fraction/recovery/win1
9 temporal_feedback_window,Normal-amplified A- units,A-,win1 - normal,,delta recovery (absolute reduction if negative),45.8824,38.3178,53.6088,pp,,,,,170,42,autovla_misalignment_poc/outputs/temporal_feedback_window/summary.json :: subsets/Normal-amplified A- units/A-/rows/win1/vs_normal/recovery (p in json: mcnemar/wilcoxon)
9 temporal_feedback_window,Normal-amplified A- units,A-,win1,,ade5,2.1185,1.6202,2.7044,m,,,,,170,42,autovla_misalignment_poc/outputs/temporal_feedback_window/summary.json :: subsets/Normal-amplified A- units/A-/rows/win1/level/ade5; fraction: subsets/Normal-amplified A- units/A-/fraction/ade5/win1
9 temporal_feedback_window,Normal-amplified A- units,A-,win1 - normal,,delta ade5 (absolute reduction if negative),-1.6041,-1.8996,-1.3722,m,,,,,170,42,autovla_misalignment_poc/outputs/temporal_feedback_window/summary.json :: subsets/Normal-amplified A- units/A-/rows/win1/vs_normal/ade5 (p in json: mcnemar/wilcoxon)
9 temporal_feedback_window,Normal-amplified A- units,A-,win1,,fde5,5.7004,4.09,7.1838,m,60.2463,53.2215,75.5481,(Normal - row)/(Normal - GT-history),170,42,autovla_misalignment_poc/outputs/temporal_feedback_window/summary.json :: subsets/Normal-amplified A- units/A-/rows/win1/level/fde5; fraction: subsets/Normal-amplified A- units/A-/fraction/fde5/win1
9 temporal_feedback_window,Normal-amplified A- units,A-,win1 - normal,,delta fde5 (absolute reduction if negative),-4.6153,-5.4251,-3.9483,m,,,,,170,42,autovla_misalignment_poc/outputs/temporal_feedback_window/summary.json :: subsets/Normal-amplified A- units/A-/rows/win1/vs_normal/fde5 (p in json: mcnemar/wilcoxon)
9 temporal_feedback_window,Normal-amplified A- units,A-,win1,,downstream_err,80.1984,72.747,89.1282,%,29.3299,15.7391,39.0294,(Normal - row)/(Normal - GT-history),170,42,autovla_misalignment_poc/outputs/temporal_feedback_window/summary.json :: subsets/Normal-amplified A- units/A-/rows/win1/level/downstream_err; fraction: subsets/Normal-amplified A- units/A-/fraction/downstream_err/win1
9 temporal_feedback_window,Normal-amplified A- units,A-,win1 - normal,,delta downstream_err (absolute reduction if negative),-17.6424,-24.3626,-8.722,pp,,,,,170,42,autovla_misalignment_poc/outputs/temporal_feedback_window/summary.json :: subsets/Normal-amplified A- units/A-/rows/win1/vs_normal/downstream_err (p in json: mcnemar/wilcoxon)
9 temporal_feedback_window,Normal-amplified A- units,A-,win2,,amplification,27.0588,16.339,40.1396,%,79.4872,69.2248,90.1961,(Normal - row)/(Normal - GT-history),170,42,autovla_misalignment_poc/outputs/temporal_feedback_window/summary.json :: subsets/Normal-amplified A- units/A-/rows/win2/level/amplification; fraction: subsets/Normal-amplified A- units/A-/fraction/amplification/win2
9 temporal_feedback_window,Normal-amplified A- units,A-,win2 - normal,,delta amplification (absolute reduction if negative),-72.9412,-83.661,-59.8604,pp,,,,,170,42,autovla_misalignment_poc/outputs/temporal_feedback_window/summary.json :: subsets/Normal-amplified A- units/A-/rows/win2/vs_normal/amplification (p in json: mcnemar/wilcoxon)
9 temporal_feedback_window,Normal-amplified A- units,A-,win2,,recovery,68.2353,55.6338,78.1255,%,77.3333,68.7474,86.5169,(Normal - row)/(Normal - GT-history),170,42,autovla_misalignment_poc/outputs/temporal_feedback_window/summary.json :: subsets/Normal-amplified A- units/A-/rows/win2/level/recovery; fraction: subsets/Normal-amplified A- units/A-/fraction/recovery/win2
9 temporal_feedback_window,Normal-amplified A- units,A-,win2 - normal,,delta recovery (absolute reduction if negative),68.2353,55.6338,78.1255,pp,,,,,170,42,autovla_misalignment_poc/outputs/temporal_feedback_window/summary.json :: subsets/Normal-amplified A- units/A-/rows/win2/vs_normal/recovery (p in json: mcnemar/wilcoxon)
9 temporal_feedback_window,Normal-amplified A- units,A-,win2,,ade5,1.5773,1.1108,2.2388,m,,,,,170,42,autovla_misalignment_poc/outputs/temporal_feedback_window/summary.json :: subsets/Normal-amplified A- units/A-/rows/win2/level/ade5; fraction: subsets/Normal-amplified A- units/A-/fraction/ade5/win2
9 temporal_feedback_window,Normal-amplified A- units,A-,win2 - normal,,delta ade5 (absolute reduction if negative),-2.1453,-2.3031,-1.8662,m,,,,,170,42,autovla_misalignment_poc/outputs/temporal_feedback_window/summary.json :: subsets/Normal-amplified A- units/A-/rows/win2/vs_normal/ade5 (p in json: mcnemar/wilcoxon)
9 temporal_feedback_window,Normal-amplified A- units,A-,win2,,fde5,3.8931,2.6994,5.493,m,83.8383,77.5789,90.7833,(Normal - row)/(Normal - GT-history),170,42,autovla_misalignment_poc/outputs/temporal_feedback_window/summary.json :: subsets/Normal-amplified A- units/A-/rows/win2/level/fde5; fraction: subsets/Normal-amplified A- units/A-/fraction/fde5/win2
9 temporal_feedback_window,Normal-amplified A- units,A-,win2 - normal,,delta fde5 (absolute reduction if negative),-6.4226,-6.9649,-5.5721,m,,,,,170,42,autovla_misalignment_poc/outputs/temporal_feedback_window/summary.json :: subsets/Normal-amplified A- units/A-/rows/win2/vs_normal/fde5 (p in json: mcnemar/wilcoxon)
9 temporal_feedback_window,Normal-amplified A- units,A-,win2,,downstream_err,66.8032,58.5868,78.2943,%,51.599,36.0312,61.1533,(Normal - row)/(Normal - GT-history),170,42,autovla_misalignment_poc/outputs/temporal_feedback_window/summary.json :: subsets/Normal-amplified A- units/A-/rows/win2/level/downstream_err; fraction: subsets/Normal-amplified A- units/A-/fraction/downstream_err/win2
9 temporal_feedback_window,Normal-amplified A- units,A-,win2 - normal,,delta downstream_err (absolute reduction if negative),-31.0376,-39.0035,-19.7034,pp,,,,,170,42,autovla_misalignment_poc/outputs/temporal_feedback_window/summary.json :: subsets/Normal-amplified A- units/A-/rows/win2/vs_normal/downstream_err (p in json: mcnemar/wilcoxon)
9 temporal_feedback_window,Normal-amplified A- units,A-,win3,,amplification,17.6471,6.8182,30.7092,%,89.7436,80.6445,98.925,(Normal - row)/(Normal - GT-history),170,42,autovla_misalignment_poc/outputs/temporal_feedback_window/summary.json :: subsets/Normal-amplified A- units/A-/rows/win3/level/amplification; fraction: subsets/Normal-amplified A- units/A-/fraction/amplification/win3
9 temporal_feedback_window,Normal-amplified A- units,A-,win3 - normal,,delta amplification (absolute reduction if negative),-82.3529,-93.1818,-69.2908,pp,,,,,170,42,autovla_misalignment_poc/outputs/temporal_feedback_window/summary.json :: subsets/Normal-amplified A- units/A-/rows/win3/vs_normal/amplification (p in json: mcnemar/wilcoxon)
9 temporal_feedback_window,Normal-amplified A- units,A-,win3,,recovery,78.2353,63.3797,89.7215,%,88.6667,81.3124,96.5527,(Normal - row)/(Normal - GT-history),170,42,autovla_misalignment_poc/outputs/temporal_feedback_window/summary.json :: subsets/Normal-amplified A- units/A-/rows/win3/level/recovery; fraction: subsets/Normal-amplified A- units/A-/fraction/recovery/win3
9 temporal_feedback_window,Normal-amplified A- units,A-,win3 - normal,,delta recovery (absolute reduction if negative),78.2353,63.3797,89.7215,pp,,,,,170,42,autovla_misalignment_poc/outputs/temporal_feedback_window/summary.json :: subsets/Normal-amplified A- units/A-/rows/win3/vs_normal/recovery (p in json: mcnemar/wilcoxon)
9 temporal_feedback_window,Normal-amplified A- units,A-,win3,,ade5,1.4275,0.9503,2.1231,m,,,,,170,42,autovla_misalignment_poc/outputs/temporal_feedback_window/summary.json :: subsets/Normal-amplified A- units/A-/rows/win3/level/ade5; fraction: subsets/Normal-amplified A- units/A-/fraction/ade5/win3
9 temporal_feedback_window,Normal-amplified A- units,A-,win3 - normal,,delta ade5 (absolute reduction if negative),-2.295,-2.457,-2.0494,m,,,,,170,42,autovla_misalignment_poc/outputs/temporal_feedback_window/summary.json :: subsets/Normal-amplified A- units/A-/rows/win3/vs_normal/ade5 (p in json: mcnemar/wilcoxon)
9 temporal_feedback_window,Normal-amplified A- units,A-,win3,,fde5,3.2474,2.1028,4.852,m,92.2661,86.2012,99.2477,(Normal - row)/(Normal - GT-history),170,42,autovla_misalignment_poc/outputs/temporal_feedback_window/summary.json :: subsets/Normal-amplified A- units/A-/rows/win3/level/fde5; fraction: subsets/Normal-amplified A- units/A-/fraction/fde5/win3
9 temporal_feedback_window,Normal-amplified A- units,A-,win3 - normal,,delta fde5 (absolute reduction if negative),-7.0682,-7.8847,-6.0507,m,,,,,170,42,autovla_misalignment_poc/outputs/temporal_feedback_window/summary.json :: subsets/Normal-amplified A- units/A-/rows/win3/vs_normal/fde5 (p in json: mcnemar/wilcoxon)
9 temporal_feedback_window,Normal-amplified A- units,A-,win3,,downstream_err,54.3957,46.794,65.1635,%,72.2262,59.2507,80.7127,(Normal - row)/(Normal - GT-history),170,42,autovla_misalignment_poc/outputs/temporal_feedback_window/summary.json :: subsets/Normal-amplified A- units/A-/rows/win3/level/downstream_err; fraction: subsets/Normal-amplified A- units/A-/fraction/downstream_err/win3
9 temporal_feedback_window,Normal-amplified A- units,A-,win3 - normal,,delta downstream_err (absolute reduction if negative),-43.4451,-50.832,-32.6466,pp,,,,,170,42,autovla_misalignment_poc/outputs/temporal_feedback_window/summary.json :: subsets/Normal-amplified A- units/A-/rows/win3/vs_normal/downstream_err (p in json: mcnemar/wilcoxon)
9 temporal_feedback_window,Normal-amplified A- units,A-,win4,,amplification,11.7647,4.1227,20.1945,%,96.1538,93.8325,100.0,(Normal - row)/(Normal - GT-history),170,42,autovla_misalignment_poc/outputs/temporal_feedback_window/summary.json :: subsets/Normal-amplified A- units/A-/rows/win4/level/amplification; fraction: subsets/Normal-amplified A- units/A-/fraction/amplification/win4
9 temporal_feedback_window,Normal-amplified A- units,A-,win4 - normal,,delta amplification (absolute reduction if negative),-88.2353,-95.8773,-79.8055,pp,,,,,170,42,autovla_misalignment_poc/outputs/temporal_feedback_window/summary.json :: subsets/Normal-amplified A- units/A-/rows/win4/vs_normal/amplification (p in json: mcnemar/wilcoxon)
9 temporal_feedback_window,Normal-amplified A- units,A-,win4,,recovery,84.7059,74.0257,93.1039,%,96.0,94.1176,100.0,(Normal - row)/(Normal - GT-history),170,42,autovla_misalignment_poc/outputs/temporal_feedback_window/summary.json :: subsets/Normal-amplified A- units/A-/rows/win4/level/recovery; fraction: subsets/Normal-amplified A- units/A-/fraction/recovery/win4
9 temporal_feedback_window,Normal-amplified A- units,A-,win4 - normal,,delta recovery (absolute reduction if negative),84.7059,74.0257,93.1039,pp,,,,,170,42,autovla_misalignment_poc/outputs/temporal_feedback_window/summary.json :: subsets/Normal-amplified A- units/A-/rows/win4/vs_normal/recovery (p in json: mcnemar/wilcoxon)
9 temporal_feedback_window,Normal-amplified A- units,A-,win4,,ade5,1.3411,0.9222,1.9393,m,,,,,170,42,autovla_misalignment_poc/outputs/temporal_feedback_window/summary.json :: subsets/Normal-amplified A- units/A-/rows/win4/level/ade5; fraction: subsets/Normal-amplified A- units/A-/fraction/ade5/win4
9 temporal_feedback_window,Normal-amplified A- units,A-,win4 - normal,,delta ade5 (absolute reduction if negative),-2.3815,-2.5683,-2.1037,m,,,,,170,42,autovla_misalignment_poc/outputs/temporal_feedback_window/summary.json :: subsets/Normal-amplified A- units/A-/rows/win4/vs_normal/ade5 (p in json: mcnemar/wilcoxon)
9 temporal_feedback_window,Normal-amplified A- units,A-,win4,,fde5,2.8366,1.9541,4.1385,m,97.6291,96.1617,100.1467,(Normal - row)/(Normal - GT-history),170,42,autovla_misalignment_poc/outputs/temporal_feedback_window/summary.json :: subsets/Normal-amplified A- units/A-/rows/win4/level/fde5; fraction: subsets/Normal-amplified A- units/A-/fraction/fde5/win4
9 temporal_feedback_window,Normal-amplified A- units,A-,win4 - normal,,delta fde5 (absolute reduction if negative),-7.479,-8.1774,-6.4541,m,,,,,170,42,autovla_misalignment_poc/outputs/temporal_feedback_window/summary.json :: subsets/Normal-amplified A- units/A-/rows/win4/vs_normal/fde5 (p in json: mcnemar/wilcoxon)
9 temporal_feedback_window,Normal-amplified A- units,A-,win4,,downstream_err,45.7542,40.0987,52.6853,%,86.5924,81.9518,91.6343,(Normal - row)/(Normal - GT-history),170,42,autovla_misalignment_poc/outputs/temporal_feedback_window/summary.json :: subsets/Normal-amplified A- units/A-/rows/win4/level/downstream_err; fraction: subsets/Normal-amplified A- units/A-/fraction/downstream_err/win4
9 temporal_feedback_window,Normal-amplified A- units,A-,win4 - normal,,delta downstream_err (absolute reduction if negative),-52.0866,-57.5836,-44.9654,pp,,,,,170,42,autovla_misalignment_poc/outputs/temporal_feedback_window/summary.json :: subsets/Normal-amplified A- units/A-/rows/win4/vs_normal/downstream_err (p in json: mcnemar/wilcoxon)
9 temporal_feedback_window,Normal-amplified A- units,A-,win5,,amplification,10.5882,4.0806,17.5182,%,97.4359,95.0408,100.0,(Normal - row)/(Normal - GT-history),170,42,autovla_misalignment_poc/outputs/temporal_feedback_window/summary.json :: subsets/Normal-amplified A- units/A-/rows/win5/level/amplification; fraction: subsets/Normal-amplified A- units/A-/fraction/amplification/win5
9 temporal_feedback_window,Normal-amplified A- units,A-,win5 - normal,,delta amplification (absolute reduction if negative),-89.4118,-95.9194,-82.4818,pp,,,,,170,42,autovla_misalignment_poc/outputs/temporal_feedback_window/summary.json :: subsets/Normal-amplified A- units/A-/rows/win5/vs_normal/amplification (p in json: mcnemar/wilcoxon)
9 temporal_feedback_window,Normal-amplified A- units,A-,win5,,recovery,85.2941,75.1996,93.1039,%,96.6667,94.4444,100.0,(Normal - row)/(Normal - GT-history),170,42,autovla_misalignment_poc/outputs/temporal_feedback_window/summary.json :: subsets/Normal-amplified A- units/A-/rows/win5/level/recovery; fraction: subsets/Normal-amplified A- units/A-/fraction/recovery/win5
9 temporal_feedback_window,Normal-amplified A- units,A-,win5 - normal,,delta recovery (absolute reduction if negative),85.2941,75.1996,93.1039,pp,,,,,170,42,autovla_misalignment_poc/outputs/temporal_feedback_window/summary.json :: subsets/Normal-amplified A- units/A-/rows/win5/vs_normal/recovery (p in json: mcnemar/wilcoxon)
9 temporal_feedback_window,Normal-amplified A- units,A-,win5,,ade5,1.333,0.9053,1.9378,m,,,,,170,42,autovla_misalignment_poc/outputs/temporal_feedback_window/summary.json :: subsets/Normal-amplified A- units/A-/rows/win5/level/ade5; fraction: subsets/Normal-amplified A- units/A-/fraction/ade5/win5
9 temporal_feedback_window,Normal-amplified A- units,A-,win5 - normal,,delta ade5 (absolute reduction if negative),-2.3896,-2.5741,-2.1049,m,,,,,170,42,autovla_misalignment_poc/outputs/temporal_feedback_window/summary.json :: subsets/Normal-amplified A- units/A-/rows/win5/vs_normal/ade5 (p in json: mcnemar/wilcoxon)
9 temporal_feedback_window,Normal-amplified A- units,A-,win5,,fde5,2.7758,1.8617,4.1383,m,98.4225,97.413,99.8769,(Normal - row)/(Normal - GT-history),170,42,autovla_misalignment_poc/outputs/temporal_feedback_window/summary.json :: subsets/Normal-amplified A- units/A-/rows/win5/level/fde5; fraction: subsets/Normal-amplified A- units/A-/fraction/fde5/win5
9 temporal_feedback_window,Normal-amplified A- units,A-,win5 - normal,,delta fde5 (absolute reduction if negative),-7.5398,-8.2289,-6.5245,m,,,,,170,42,autovla_misalignment_poc/outputs/temporal_feedback_window/summary.json :: subsets/Normal-amplified A- units/A-/rows/win5/vs_normal/fde5 (p in json: mcnemar/wilcoxon)
9 temporal_feedback_window,Normal-amplified A- units,A-,win5,,downstream_err,41.7824,36.8536,48.4768,%,93.1953,89.7737,96.2491,(Normal - row)/(Normal - GT-history),170,42,autovla_misalignment_poc/outputs/temporal_feedback_window/summary.json :: subsets/Normal-amplified A- units/A-/rows/win5/level/downstream_err; fraction: subsets/Normal-amplified A- units/A-/fraction/downstream_err/win5
9 temporal_feedback_window,Normal-amplified A- units,A-,win5 - normal,,delta downstream_err (absolute reduction if negative),-56.0584,-60.8436,-49.13,pp,,,,,170,42,autovla_misalignment_poc/outputs/temporal_feedback_window/summary.json :: subsets/Normal-amplified A- units/A-/rows/win5/vs_normal/downstream_err (p in json: mcnemar/wilcoxon)
9 temporal_feedback_window,Normal-amplified A- units,A-,win6,,amplification,8.2353,1.6191,17.3945,%,100.0,100.0,100.0,(Normal - row)/(Normal - GT-history),170,42,autovla_misalignment_poc/outputs/temporal_feedback_window/summary.json :: subsets/Normal-amplified A- units/A-/rows/win6/level/amplification; fraction: subsets/Normal-amplified A- units/A-/fraction/amplification/win6
9 temporal_feedback_window,Normal-amplified A- units,A-,win6 - normal,,delta amplification (absolute reduction if negative),-91.7647,-98.3809,-82.6055,pp,,,,,170,42,autovla_misalignment_poc/outputs/temporal_feedback_window/summary.json :: subsets/Normal-amplified A- units/A-/rows/win6/vs_normal/amplification (p in json: mcnemar/wilcoxon)
9 temporal_feedback_window,Normal-amplified A- units,A-,win6,,recovery,88.2353,75.7278,96.8262,%,100.0,100.0,100.0,(Normal - row)/(Normal - GT-history),170,42,autovla_misalignment_poc/outputs/temporal_feedback_window/summary.json :: subsets/Normal-amplified A- units/A-/rows/win6/level/recovery; fraction: subsets/Normal-amplified A- units/A-/fraction/recovery/win6
9 temporal_feedback_window,Normal-amplified A- units,A-,win6 - normal,,delta recovery (absolute reduction if negative),88.2353,75.7278,96.8262,pp,,,,,170,42,autovla_misalignment_poc/outputs/temporal_feedback_window/summary.json :: subsets/Normal-amplified A- units/A-/rows/win6/vs_normal/recovery (p in json: mcnemar/wilcoxon)
9 temporal_feedback_window,Normal-amplified A- units,A-,win6,,ade5,1.3159,0.8788,1.9375,m,,,,,170,42,autovla_misalignment_poc/outputs/temporal_feedback_window/summary.json :: subsets/Normal-amplified A- units/A-/rows/win6/level/ade5; fraction: subsets/Normal-amplified A- units/A-/fraction/ade5/win6
9 temporal_feedback_window,Normal-amplified A- units,A-,win6 - normal,,delta ade5 (absolute reduction if negative),-2.4067,-2.5858,-2.1083,m,,,,,170,42,autovla_misalignment_poc/outputs/temporal_feedback_window/summary.json :: subsets/Normal-amplified A- units/A-/rows/win6/vs_normal/ade5 (p in json: mcnemar/wilcoxon)
9 temporal_feedback_window,Normal-amplified A- units,A-,win6,,fde5,2.6773,1.7282,4.1449,m,99.7087,99.42,99.9698,(Normal - row)/(Normal - GT-history),170,42,autovla_misalignment_poc/outputs/temporal_feedback_window/summary.json :: subsets/Normal-amplified A- units/A-/rows/win6/level/fde5; fraction: subsets/Normal-amplified A- units/A-/fraction/fde5/win6
9 temporal_feedback_window,Normal-amplified A- units,A-,win6 - normal,,delta fde5 (absolute reduction if negative),-7.6383,-8.3287,-6.5486,m,,,,,170,42,autovla_misalignment_poc/outputs/temporal_feedback_window/summary.json :: subsets/Normal-amplified A- units/A-/rows/win6/vs_normal/fde5 (p in json: mcnemar/wilcoxon)
9 temporal_feedback_window,Normal-amplified A- units,A-,win6,,downstream_err,39.8543,34.781,47.1178,%,96.4007,92.9784,98.7685,(Normal - row)/(Normal - GT-history),170,42,autovla_misalignment_poc/outputs/temporal_feedback_window/summary.json :: subsets/Normal-amplified A- units/A-/rows/win6/level/downstream_err; fraction: subsets/Normal-amplified A- units/A-/fraction/downstream_err/win6
9 temporal_feedback_window,Normal-amplified A- units,A-,win6 - normal,,delta downstream_err (absolute reduction if negative),-57.9865,-62.8215,-50.7008,pp,,,,,170,42,autovla_misalignment_poc/outputs/temporal_feedback_window/summary.json :: subsets/Normal-amplified A- units/A-/rows/win6/vs_normal/downstream_err (p in json: mcnemar/wilcoxon)
9 temporal_feedback_window,Normal-amplified A- units,A-,win7,,amplification,8.2353,1.6191,17.3945,%,100.0,100.0,100.0,(Normal - row)/(Normal - GT-history),170,42,autovla_misalignment_poc/outputs/temporal_feedback_window/summary.json :: subsets/Normal-amplified A- units/A-/rows/win7/level/amplification; fraction: subsets/Normal-amplified A- units/A-/fraction/amplification/win7
9 temporal_feedback_window,Normal-amplified A- units,A-,win7 - normal,,delta amplification (absolute reduction if negative),-91.7647,-98.3809,-82.6055,pp,,,,,170,42,autovla_misalignment_poc/outputs/temporal_feedback_window/summary.json :: subsets/Normal-amplified A- units/A-/rows/win7/vs_normal/amplification (p in json: mcnemar/wilcoxon)
9 temporal_feedback_window,Normal-amplified A- units,A-,win7,,recovery,88.2353,75.7278,96.8262,%,100.0,100.0,100.0,(Normal - row)/(Normal - GT-history),170,42,autovla_misalignment_poc/outputs/temporal_feedback_window/summary.json :: subsets/Normal-amplified A- units/A-/rows/win7/level/recovery; fraction: subsets/Normal-amplified A- units/A-/fraction/recovery/win7
9 temporal_feedback_window,Normal-amplified A- units,A-,win7 - normal,,delta recovery (absolute reduction if negative),88.2353,75.7278,96.8262,pp,,,,,170,42,autovla_misalignment_poc/outputs/temporal_feedback_window/summary.json :: subsets/Normal-amplified A- units/A-/rows/win7/vs_normal/recovery (p in json: mcnemar/wilcoxon)
9 temporal_feedback_window,Normal-amplified A- units,A-,win7,,ade5,1.3137,0.8783,1.9318,m,,,,,170,42,autovla_misalignment_poc/outputs/temporal_feedback_window/summary.json :: subsets/Normal-amplified A- units/A-/rows/win7/level/ade5; fraction: subsets/Normal-amplified A- units/A-/fraction/ade5/win7
9 temporal_feedback_window,Normal-amplified A- units,A-,win7 - normal,,delta ade5 (absolute reduction if negative),-2.4089,-2.5881,-2.1123,m,,,,,170,42,autovla_misalignment_poc/outputs/temporal_feedback_window/summary.json :: subsets/Normal-amplified A- units/A-/rows/win7/vs_normal/ade5 (p in json: mcnemar/wilcoxon)
9 temporal_feedback_window,Normal-amplified A- units,A-,win7,,fde5,2.6617,1.7262,4.1076,m,99.9126,99.8223,100.0201,(Normal - row)/(Normal - GT-history),170,42,autovla_misalignment_poc/outputs/temporal_feedback_window/summary.json :: subsets/Normal-amplified A- units/A-/rows/win7/level/fde5; fraction: subsets/Normal-amplified A- units/A-/fraction/fde5/win7
9 temporal_feedback_window,Normal-amplified A- units,A-,win7 - normal,,delta fde5 (absolute reduction if negative),-7.6539,-8.3373,-6.5776,m,,,,,170,42,autovla_misalignment_poc/outputs/temporal_feedback_window/summary.json :: subsets/Normal-amplified A- units/A-/rows/win7/vs_normal/fde5 (p in json: mcnemar/wilcoxon)
9 temporal_feedback_window,Normal-amplified A- units,A-,win7,,downstream_err,38.539,34.329,44.9079,%,98.5874,96.5629,100.0,(Normal - row)/(Normal - GT-history),170,42,autovla_misalignment_poc/outputs/temporal_feedback_window/summary.json :: subsets/Normal-amplified A- units/A-/rows/win7/level/downstream_err; fraction: subsets/Normal-amplified A- units/A-/fraction/downstream_err/win7
9 temporal_feedback_window,Normal-amplified A- units,A-,win7 - normal,,delta downstream_err (absolute reduction if negative),-59.3018,-63.3029,-52.7551,pp,,,,,170,42,autovla_misalignment_poc/outputs/temporal_feedback_window/summary.json :: subsets/Normal-amplified A- units/A-/rows/win7/vs_normal/downstream_err (p in json: mcnemar/wilcoxon)
9 temporal_feedback_window,Normal-amplified A- units,A-,win8,,amplification,8.2353,1.6191,17.3945,%,100.0,100.0,100.0,(Normal - row)/(Normal - GT-history),170,42,autovla_misalignment_poc/outputs/temporal_feedback_window/summary.json :: subsets/Normal-amplified A- units/A-/rows/win8/level/amplification; fraction: subsets/Normal-amplified A- units/A-/fraction/amplification/win8
9 temporal_feedback_window,Normal-amplified A- units,A-,win8 - normal,,delta amplification (absolute reduction if negative),-91.7647,-98.3809,-82.6055,pp,,,,,170,42,autovla_misalignment_poc/outputs/temporal_feedback_window/summary.json :: subsets/Normal-amplified A- units/A-/rows/win8/vs_normal/amplification (p in json: mcnemar/wilcoxon)
9 temporal_feedback_window,Normal-amplified A- units,A-,win8,,recovery,88.2353,75.7278,96.8262,%,100.0,100.0,100.0,(Normal - row)/(Normal - GT-history),170,42,autovla_misalignment_poc/outputs/temporal_feedback_window/summary.json :: subsets/Normal-amplified A- units/A-/rows/win8/level/recovery; fraction: subsets/Normal-amplified A- units/A-/fraction/recovery/win8
9 temporal_feedback_window,Normal-amplified A- units,A-,win8 - normal,,delta recovery (absolute reduction if negative),88.2353,75.7278,96.8262,pp,,,,,170,42,autovla_misalignment_poc/outputs/temporal_feedback_window/summary.json :: subsets/Normal-amplified A- units/A-/rows/win8/vs_normal/recovery (p in json: mcnemar/wilcoxon)
9 temporal_feedback_window,Normal-amplified A- units,A-,win8,,ade5,1.313,0.8771,1.9318,m,,,,,170,42,autovla_misalignment_poc/outputs/temporal_feedback_window/summary.json :: subsets/Normal-amplified A- units/A-/rows/win8/level/ade5; fraction: subsets/Normal-amplified A- units/A-/fraction/ade5/win8
9 temporal_feedback_window,Normal-amplified A- units,A-,win8 - normal,,delta ade5 (absolute reduction if negative),-2.4096,-2.5885,-2.1122,m,,,,,170,42,autovla_misalignment_poc/outputs/temporal_feedback_window/summary.json :: subsets/Normal-amplified A- units/A-/rows/win8/vs_normal/ade5 (p in json: mcnemar/wilcoxon)
9 temporal_feedback_window,Normal-amplified A- units,A-,win8,,fde5,2.655,1.7165,4.1025,m,100.0,100.0,100.0,(Normal - row)/(Normal - GT-history),170,42,autovla_misalignment_poc/outputs/temporal_feedback_window/summary.json :: subsets/Normal-amplified A- units/A-/rows/win8/level/fde5; fraction: subsets/Normal-amplified A- units/A-/fraction/fde5/win8
9 temporal_feedback_window,Normal-amplified A- units,A-,win8 - normal,,delta fde5 (absolute reduction if negative),-7.6606,-8.3453,-6.5765,m,,,,,170,42,autovla_misalignment_poc/outputs/temporal_feedback_window/summary.json :: subsets/Normal-amplified A- units/A-/rows/win8/vs_normal/fde5 (p in json: mcnemar/wilcoxon)
9 temporal_feedback_window,Normal-amplified A- units,A-,win8,,downstream_err,37.6893,33.6522,43.6662,%,100.0,100.0,100.0,(Normal - row)/(Normal - GT-history),170,42,autovla_misalignment_poc/outputs/temporal_feedback_window/summary.json :: subsets/Normal-amplified A- units/A-/rows/win8/level/downstream_err; fraction: subsets/Normal-amplified A- units/A-/fraction/downstream_err/win8
9 temporal_feedback_window,Normal-amplified A- units,A-,win8 - normal,,delta downstream_err (absolute reduction if negative),-60.1515,-64.0469,-54.0839,pp,,,,,170,42,autovla_misalignment_poc/outputs/temporal_feedback_window/summary.json :: subsets/Normal-amplified A- units/A-/rows/win8/vs_normal/downstream_err (p in json: mcnemar/wilcoxon)
9 temporal_feedback_window,Normal-amplified A- units,A-,gt_history,,amplification,8.2353,1.6191,17.3945,%,,,,,170,42,autovla_misalignment_poc/outputs/temporal_feedback_window/summary.json :: subsets/Normal-amplified A- units/A-/rows/gt_history/level/amplification; fraction: subsets/Normal-amplified A- units/A-/fraction/amplification/gt_history
9 temporal_feedback_window,Normal-amplified A- units,A-,gt_history - normal,,delta amplification (absolute reduction if negative),-91.7647,-98.3809,-82.6055,pp,,,,,170,42,autovla_misalignment_poc/outputs/temporal_feedback_window/summary.json :: subsets/Normal-amplified A- units/A-/rows/gt_history/vs_normal/amplification (p in json: mcnemar/wilcoxon)
9 temporal_feedback_window,Normal-amplified A- units,A-,gt_history,,recovery,88.2353,75.7278,96.8262,%,,,,,170,42,autovla_misalignment_poc/outputs/temporal_feedback_window/summary.json :: subsets/Normal-amplified A- units/A-/rows/gt_history/level/recovery; fraction: subsets/Normal-amplified A- units/A-/fraction/recovery/gt_history
9 temporal_feedback_window,Normal-amplified A- units,A-,gt_history - normal,,delta recovery (absolute reduction if negative),88.2353,75.7278,96.8262,pp,,,,,170,42,autovla_misalignment_poc/outputs/temporal_feedback_window/summary.json :: subsets/Normal-amplified A- units/A-/rows/gt_history/vs_normal/recovery (p in json: mcnemar/wilcoxon)
9 temporal_feedback_window,Normal-amplified A- units,A-,gt_history,,ade5,1.313,0.8771,1.9318,m,,,,,170,42,autovla_misalignment_poc/outputs/temporal_feedback_window/summary.json :: subsets/Normal-amplified A- units/A-/rows/gt_history/level/ade5; fraction: subsets/Normal-amplified A- units/A-/fraction/ade5/gt_history
9 temporal_feedback_window,Normal-amplified A- units,A-,gt_history - normal,,delta ade5 (absolute reduction if negative),-2.4096,-2.5885,-2.1122,m,,,,,170,42,autovla_misalignment_poc/outputs/temporal_feedback_window/summary.json :: subsets/Normal-amplified A- units/A-/rows/gt_history/vs_normal/ade5 (p in json: mcnemar/wilcoxon)
9 temporal_feedback_window,Normal-amplified A- units,A-,gt_history,,fde5,2.655,1.7165,4.1025,m,,,,,170,42,autovla_misalignment_poc/outputs/temporal_feedback_window/summary.json :: subsets/Normal-amplified A- units/A-/rows/gt_history/level/fde5; fraction: subsets/Normal-amplified A- units/A-/fraction/fde5/gt_history
9 temporal_feedback_window,Normal-amplified A- units,A-,gt_history - normal,,delta fde5 (absolute reduction if negative),-7.6606,-8.3453,-6.5765,m,,,,,170,42,autovla_misalignment_poc/outputs/temporal_feedback_window/summary.json :: subsets/Normal-amplified A- units/A-/rows/gt_history/vs_normal/fde5 (p in json: mcnemar/wilcoxon)
9 temporal_feedback_window,Normal-amplified A- units,A-,gt_history,,downstream_err,37.6893,33.6522,43.6662,%,,,,,170,42,autovla_misalignment_poc/outputs/temporal_feedback_window/summary.json :: subsets/Normal-amplified A- units/A-/rows/gt_history/level/downstream_err; fraction: subsets/Normal-amplified A- units/A-/fraction/downstream_err/gt_history
9 temporal_feedback_window,Normal-amplified A- units,A-,gt_history - normal,,delta downstream_err (absolute reduction if negative),-60.1515,-64.0469,-54.0839,pp,,,,,170,42,autovla_misalignment_poc/outputs/temporal_feedback_window/summary.json :: subsets/Normal-amplified A- units/A-/rows/gt_history/vs_normal/downstream_err (p in json: mcnemar/wilcoxon)
9 temporal_feedback_window,Normal-amplified A- units,A-,delay2_len1,,amplification,38.8235,29.8243,48.0318,%,66.6667,59.6483,75.9747,(Normal - row)/(Normal - GT-history),170,42,autovla_misalignment_poc/outputs/temporal_feedback_window/summary.json :: subsets/Normal-amplified A- units/A-/rows/delay2_len1/level/amplification; fraction: subsets/Normal-amplified A- units/A-/fraction/amplification/delay2_len1
9 temporal_feedback_window,Normal-amplified A- units,A-,delay2_len1 - normal,,delta amplification (absolute reduction if negative),-61.1765,-70.1757,-51.9682,pp,,,,,170,42,autovla_misalignment_poc/outputs/temporal_feedback_window/summary.json :: subsets/Normal-amplified A- units/A-/rows/delay2_len1/vs_normal/amplification (p in json: mcnemar/wilcoxon)
9 temporal_feedback_window,Normal-amplified A- units,A-,delay2_len1,,recovery,57.0588,47.5287,64.4867,%,64.6667,58.5586,74.1186,(Normal - row)/(Normal - GT-history),170,42,autovla_misalignment_poc/outputs/temporal_feedback_window/summary.json :: subsets/Normal-amplified A- units/A-/rows/delay2_len1/level/recovery; fraction: subsets/Normal-amplified A- units/A-/fraction/recovery/delay2_len1
9 temporal_feedback_window,Normal-amplified A- units,A-,delay2_len1 - normal,,delta recovery (absolute reduction if negative),57.0588,47.5287,64.4867,pp,,,,,170,42,autovla_misalignment_poc/outputs/temporal_feedback_window/summary.json :: subsets/Normal-amplified A- units/A-/rows/delay2_len1/vs_normal/recovery (p in json: mcnemar/wilcoxon)
9 temporal_feedback_window,Normal-amplified A- units,A-,delay2_len1,,ade5,2.2353,1.7766,2.8586,m,,,,,170,42,autovla_misalignment_poc/outputs/temporal_feedback_window/summary.json :: subsets/Normal-amplified A- units/A-/rows/delay2_len1/level/ade5; fraction: subsets/Normal-amplified A- units/A-/fraction/ade5/delay2_len1
9 temporal_feedback_window,Normal-amplified A- units,A-,delay2_len1 - normal,,delta ade5 (absolute reduction if negative),-1.4872,-1.6326,-1.3407,m,,,,,170,42,autovla_misalignment_poc/outputs/temporal_feedback_window/summary.json :: subsets/Normal-amplified A- units/A-/rows/delay2_len1/vs_normal/ade5 (p in json: mcnemar/wilcoxon)
9 temporal_feedback_window,Normal-amplified A- units,A-,delay2_len1,,fde5,5.5575,4.3664,6.8617,m,62.1113,57.7542,71.4825,(Normal - row)/(Normal - GT-history),170,42,autovla_misalignment_poc/outputs/temporal_feedback_window/summary.json :: subsets/Normal-amplified A- units/A-/rows/delay2_len1/level/fde5; fraction: subsets/Normal-amplified A- units/A-/fraction/fde5/delay2_len1
9 temporal_feedback_window,Normal-amplified A- units,A-,delay2_len1 - normal,,delta fde5 (absolute reduction if negative),-4.7581,-5.1632,-4.3076,m,,,,,170,42,autovla_misalignment_poc/outputs/temporal_feedback_window/summary.json :: subsets/Normal-amplified A- units/A-/rows/delay2_len1/vs_normal/fde5 (p in json: mcnemar/wilcoxon)
9 temporal_feedback_window,Normal-amplified A- units,A-,delay2_len1,,downstream_err,84.8592,80.5568,91.0998,%,21.5814,11.9745,27.5127,(Normal - row)/(Normal - GT-history),170,42,autovla_misalignment_poc/outputs/temporal_feedback_window/summary.json :: subsets/Normal-amplified A- units/A-/rows/delay2_len1/level/downstream_err; fraction: subsets/Normal-amplified A- units/A-/fraction/downstream_err/delay2_len1
9 temporal_feedback_window,Normal-amplified A- units,A-,delay2_len1 - normal,,delta downstream_err (absolute reduction if negative),-12.9816,-17.3881,-6.5499,pp,,,,,170,42,autovla_misalignment_poc/outputs/temporal_feedback_window/summary.json :: subsets/Normal-amplified A- units/A-/rows/delay2_len1/vs_normal/downstream_err (p in json: mcnemar/wilcoxon)
9 temporal_feedback_window,Normal-amplified A- units,A-,delay3_len1,,amplification,32.9412,21.7845,49.0394,%,73.0769,58.9744,82.0896,(Normal - row)/(Normal - GT-history),170,42,autovla_misalignment_poc/outputs/temporal_feedback_window/summary.json :: subsets/Normal-amplified A- units/A-/rows/delay3_len1/level/amplification; fraction: subsets/Normal-amplified A- units/A-/fraction/amplification/delay3_len1
9 temporal_feedback_window,Normal-amplified A- units,A-,delay3_len1 - normal,,delta amplification (absolute reduction if negative),-67.0588,-78.2155,-50.9606,pp,,,,,170,42,autovla_misalignment_poc/outputs/temporal_feedback_window/summary.json :: subsets/Normal-amplified A- units/A-/rows/delay3_len1/vs_normal/amplification (p in json: mcnemar/wilcoxon)
9 temporal_feedback_window,Normal-amplified A- units,A-,delay3_len1,,recovery,63.5294,47.1073,75.3428,%,72.0,58.972,80.1942,(Normal - row)/(Normal - GT-history),170,42,autovla_misalignment_poc/outputs/temporal_feedback_window/summary.json :: subsets/Normal-amplified A- units/A-/rows/delay3_len1/level/recovery; fraction: subsets/Normal-amplified A- units/A-/fraction/recovery/delay3_len1
9 temporal_feedback_window,Normal-amplified A- units,A-,delay3_len1 - normal,,delta recovery (absolute reduction if negative),63.5294,47.1073,75.3428,pp,,,,,170,42,autovla_misalignment_poc/outputs/temporal_feedback_window/summary.json :: subsets/Normal-amplified A- units/A-/rows/delay3_len1/vs_normal/recovery (p in json: mcnemar/wilcoxon)
9 temporal_feedback_window,Normal-amplified A- units,A-,delay3_len1,,ade5,2.3328,1.8328,3.0273,m,,,,,170,42,autovla_misalignment_poc/outputs/temporal_feedback_window/summary.json :: subsets/Normal-amplified A- units/A-/rows/delay3_len1/level/ade5; fraction: subsets/Normal-amplified A- units/A-/fraction/ade5/delay3_len1
9 temporal_feedback_window,Normal-amplified A- units,A-,delay3_len1 - normal,,delta ade5 (absolute reduction if negative),-1.3898,-1.4885,-1.2281,m,,,,,170,42,autovla_misalignment_poc/outputs/temporal_feedback_window/summary.json :: subsets/Normal-amplified A- units/A-/rows/delay3_len1/vs_normal/ade5 (p in json: mcnemar/wilcoxon)
9 temporal_feedback_window,Normal-amplified A- units,A-,delay3_len1,,fde5,5.1926,4.0935,6.6744,m,66.8742,61.9174,72.9879,(Normal - row)/(Normal - GT-history),170,42,autovla_misalignment_poc/outputs/temporal_feedback_window/summary.json :: subsets/Normal-amplified A- units/A-/rows/delay3_len1/level/fde5; fraction: subsets/Normal-amplified A- units/A-/fraction/fde5/delay3_len1
9 temporal_feedback_window,Normal-amplified A- units,A-,delay3_len1 - normal,,delta fde5 (absolute reduction if negative),-5.123,-5.659,-4.4116,m,,,,,170,42,autovla_misalignment_poc/outputs/temporal_feedback_window/summary.json :: subsets/Normal-amplified A- units/A-/rows/delay3_len1/vs_normal/fde5 (p in json: mcnemar/wilcoxon)
9 temporal_feedback_window,Normal-amplified A- units,A-,delay3_len1,,downstream_err,83.9928,79.3978,90.3087,%,23.0219,13.1734,30.562,(Normal - row)/(Normal - GT-history),170,42,autovla_misalignment_poc/outputs/temporal_feedback_window/summary.json :: subsets/Normal-amplified A- units/A-/rows/delay3_len1/level/downstream_err; fraction: subsets/Normal-amplified A- units/A-/fraction/downstream_err/delay3_len1
9 temporal_feedback_window,Normal-amplified A- units,A-,delay3_len1 - normal,,delta downstream_err (absolute reduction if negative),-13.848,-18.7853,-7.5922,pp,,,,,170,42,autovla_misalignment_poc/outputs/temporal_feedback_window/summary.json :: subsets/Normal-amplified A- units/A-/rows/delay3_len1/vs_normal/downstream_err (p in json: mcnemar/wilcoxon)
9 temporal_feedback_window,Normal-amplified A- units,A-,delay4_len1,,amplification,33.5294,21.4949,51.8525,%,72.4359,55.3846,81.7243,(Normal - row)/(Normal - GT-history),170,42,autovla_misalignment_poc/outputs/temporal_feedback_window/summary.json :: subsets/Normal-amplified A- units/A-/rows/delay4_len1/level/amplification; fraction: subsets/Normal-amplified A- units/A-/fraction/amplification/delay4_len1
9 temporal_feedback_window,Normal-amplified A- units,A-,delay4_len1 - normal,,delta amplification (absolute reduction if negative),-66.4706,-78.5051,-48.1475,pp,,,,,170,42,autovla_misalignment_poc/outputs/temporal_feedback_window/summary.json :: subsets/Normal-amplified A- units/A-/rows/delay4_len1/vs_normal/amplification (p in json: mcnemar/wilcoxon)
9 temporal_feedback_window,Normal-amplified A- units,A-,delay4_len1,,recovery,60.0,42.4213,71.0432,%,68.0,53.8421,75.9036,(Normal - row)/(Normal - GT-history),170,42,autovla_misalignment_poc/outputs/temporal_feedback_window/summary.json :: subsets/Normal-amplified A- units/A-/rows/delay4_len1/level/recovery; fraction: subsets/Normal-amplified A- units/A-/fraction/recovery/delay4_len1
9 temporal_feedback_window,Normal-amplified A- units,A-,delay4_len1 - normal,,delta recovery (absolute reduction if negative),60.0,42.4213,71.0432,pp,,,,,170,42,autovla_misalignment_poc/outputs/temporal_feedback_window/summary.json :: subsets/Normal-amplified A- units/A-/rows/delay4_len1/vs_normal/recovery (p in json: mcnemar/wilcoxon)
9 temporal_feedback_window,Normal-amplified A- units,A-,delay4_len1,,ade5,2.7334,2.284,3.334,m,,,,,170,42,autovla_misalignment_poc/outputs/temporal_feedback_window/summary.json :: subsets/Normal-amplified A- units/A-/rows/delay4_len1/level/ade5; fraction: subsets/Normal-amplified A- units/A-/fraction/ade5/delay4_len1
9 temporal_feedback_window,Normal-amplified A- units,A-,delay4_len1 - normal,,delta ade5 (absolute reduction if negative),-0.9892,-1.1079,-0.805,m,,,,,170,42,autovla_misalignment_poc/outputs/temporal_feedback_window/summary.json :: subsets/Normal-amplified A- units/A-/rows/delay4_len1/vs_normal/ade5 (p in json: mcnemar/wilcoxon)
9 temporal_feedback_window,Normal-amplified A- units,A-,delay4_len1,,fde5,6.2082,5.2761,7.359,m,53.6169,47.6812,58.2531,(Normal - row)/(Normal - GT-history),170,42,autovla_misalignment_poc/outputs/temporal_feedback_window/summary.json :: subsets/Normal-amplified A- units/A-/rows/delay4_len1/level/fde5; fraction: subsets/Normal-amplified A- units/A-/fraction/fde5/delay4_len1
9 temporal_feedback_window,Normal-amplified A- units,A-,delay4_len1 - normal,,delta fde5 (absolute reduction if negative),-4.1074,-4.5873,-3.2539,m,,,,,170,42,autovla_misalignment_poc/outputs/temporal_feedback_window/summary.json :: subsets/Normal-amplified A- units/A-/rows/delay4_len1/vs_normal/fde5 (p in json: mcnemar/wilcoxon)
9 temporal_feedback_window,Normal-amplified A- units,A-,delay4_len1,,downstream_err,91.5651,89.028,94.0359,%,10.4331,6.7578,13.8626,(Normal - row)/(Normal - GT-history),170,42,autovla_misalignment_poc/outputs/temporal_feedback_window/summary.json :: subsets/Normal-amplified A- units/A-/rows/delay4_len1/level/downstream_err; fraction: subsets/Normal-amplified A- units/A-/fraction/downstream_err/delay4_len1
9 temporal_feedback_window,Normal-amplified A- units,A-,delay4_len1 - normal,,delta downstream_err (absolute reduction if negative),-6.2757,-8.3938,-3.8429,pp,,,,,170,42,autovla_misalignment_poc/outputs/temporal_feedback_window/summary.json :: subsets/Normal-amplified A- units/A-/rows/delay4_len1/vs_normal/downstream_err (p in json: mcnemar/wilcoxon)
9 temporal_feedback_window,Normal-amplified A- units,A-,delay2_len2,,amplification,22.9412,11.9181,38.3698,%,83.9744,72.6561,91.4474,(Normal - row)/(Normal - GT-history),170,42,autovla_misalignment_poc/outputs/temporal_feedback_window/summary.json :: subsets/Normal-amplified A- units/A-/rows/delay2_len2/level/amplification; fraction: subsets/Normal-amplified A- units/A-/fraction/amplification/delay2_len2
9 temporal_feedback_window,Normal-amplified A- units,A-,delay2_len2 - normal,,delta amplification (absolute reduction if negative),-77.0588,-88.0819,-61.6302,pp,,,,,170,42,autovla_misalignment_poc/outputs/temporal_feedback_window/summary.json :: subsets/Normal-amplified A- units/A-/rows/delay2_len2/vs_normal/amplification (p in json: mcnemar/wilcoxon)
9 temporal_feedback_window,Normal-amplified A- units,A-,delay2_len2,,recovery,71.7647,56.4885,82.9571,%,81.3333,72.4115,87.7867,(Normal - row)/(Normal - GT-history),170,42,autovla_misalignment_poc/outputs/temporal_feedback_window/summary.json :: subsets/Normal-amplified A- units/A-/rows/delay2_len2/level/recovery; fraction: subsets/Normal-amplified A- units/A-/fraction/recovery/delay2_len2
9 temporal_feedback_window,Normal-amplified A- units,A-,delay2_len2 - normal,,delta recovery (absolute reduction if negative),71.7647,56.4885,82.9571,pp,,,,,170,42,autovla_misalignment_poc/outputs/temporal_feedback_window/summary.json :: subsets/Normal-amplified A- units/A-/rows/delay2_len2/vs_normal/recovery (p in json: mcnemar/wilcoxon)
9 temporal_feedback_window,Normal-amplified A- units,A-,delay2_len2,,ade5,1.8545,1.3312,2.6238,m,,,,,170,42,autovla_misalignment_poc/outputs/temporal_feedback_window/summary.json :: subsets/Normal-amplified A- units/A-/rows/delay2_len2/level/ade5; fraction: subsets/Normal-amplified A- units/A-/fraction/ade5/delay2_len2
9 temporal_feedback_window,Normal-amplified A- units,A-,delay2_len2 - normal,,delta ade5 (absolute reduction if negative),-1.868,-2.0157,-1.6326,m,,,,,170,42,autovla_misalignment_poc/outputs/temporal_feedback_window/summary.json :: subsets/Normal-amplified A- units/A-/rows/delay2_len2/vs_normal/ade5 (p in json: mcnemar/wilcoxon)
9 temporal_feedback_window,Normal-amplified A- units,A-,delay2_len2,,fde5,4.0768,2.8984,5.7015,m,81.4401,73.9811,87.6178,(Normal - row)/(Normal - GT-history),170,42,autovla_misalignment_poc/outputs/temporal_feedback_window/summary.json :: subsets/Normal-amplified A- units/A-/rows/delay2_len2/level/fde5; fraction: subsets/Normal-amplified A- units/A-/fraction/fde5/delay2_len2
9 temporal_feedback_window,Normal-amplified A- units,A-,delay2_len2 - normal,,delta fde5 (absolute reduction if negative),-6.2388,-6.9368,-5.2571,m,,,,,170,42,autovla_misalignment_poc/outputs/temporal_feedback_window/summary.json :: subsets/Normal-amplified A- units/A-/rows/delay2_len2/vs_normal/fde5 (p in json: mcnemar/wilcoxon)
9 temporal_feedback_window,Normal-amplified A- units,A-,delay2_len2,,downstream_err,70.6774,61.8346,82.0202,%,45.1583,26.8311,58.2556,(Normal - row)/(Normal - GT-history),170,42,autovla_misalignment_poc/outputs/temporal_feedback_window/summary.json :: subsets/Normal-amplified A- units/A-/rows/delay2_len2/level/downstream_err; fraction: subsets/Normal-amplified A- units/A-/fraction/downstream_err/delay2_len2
9 temporal_feedback_window,Normal-amplified A- units,A-,delay2_len2 - normal,,delta downstream_err (absolute reduction if negative),-27.1634,-36.3816,-15.4719,pp,,,,,170,42,autovla_misalignment_poc/outputs/temporal_feedback_window/summary.json :: subsets/Normal-amplified A- units/A-/rows/delay2_len2/vs_normal/downstream_err (p in json: mcnemar/wilcoxon)
9 temporal_feedback_window,Normal-amplified A- units,A-,delay3_len2,,amplification,20.5882,10.0477,36.2319,%,86.5385,74.7253,93.422,(Normal - row)/(Normal - GT-history),170,42,autovla_misalignment_poc/outputs/temporal_feedback_window/summary.json :: subsets/Normal-amplified A- units/A-/rows/delay3_len2/level/amplification; fraction: subsets/Normal-amplified A- units/A-/fraction/amplification/delay3_len2
9 temporal_feedback_window,Normal-amplified A- units,A-,delay3_len2 - normal,,delta amplification (absolute reduction if negative),-79.4118,-89.9523,-63.7681,pp,,,,,170,42,autovla_misalignment_poc/outputs/temporal_feedback_window/summary.json :: subsets/Normal-amplified A- units/A-/rows/delay3_len2/vs_normal/amplification (p in json: mcnemar/wilcoxon)
9 temporal_feedback_window,Normal-amplified A- units,A-,delay3_len2,,recovery,74.7059,58.2604,85.6459,%,84.6667,73.2756,91.4894,(Normal - row)/(Normal - GT-history),170,42,autovla_misalignment_poc/outputs/temporal_feedback_window/summary.json :: subsets/Normal-amplified A- units/A-/rows/delay3_len2/level/recovery; fraction: subsets/Normal-amplified A- units/A-/fraction/recovery/delay3_len2
9 temporal_feedback_window,Normal-amplified A- units,A-,delay3_len2 - normal,,delta recovery (absolute reduction if negative),74.7059,58.2604,85.6459,pp,,,,,170,42,autovla_misalignment_poc/outputs/temporal_feedback_window/summary.json :: subsets/Normal-amplified A- units/A-/rows/delay3_len2/vs_normal/recovery (p in json: mcnemar/wilcoxon)
9 temporal_feedback_window,Normal-amplified A- units,A-,delay3_len2,,ade5,2.243,1.7261,2.968,m,,,,,170,42,autovla_misalignment_poc/outputs/temporal_feedback_window/summary.json :: subsets/Normal-amplified A- units/A-/rows/delay3_len2/level/ade5; fraction: subsets/Normal-amplified A- units/A-/fraction/ade5/delay3_len2
9 temporal_feedback_window,Normal-amplified A- units,A-,delay3_len2 - normal,,delta ade5 (absolute reduction if negative),-1.4796,-1.5906,-1.2867,m,,,,,170,42,autovla_misalignment_poc/outputs/temporal_feedback_window/summary.json :: subsets/Normal-amplified A- units/A-/rows/delay3_len2/vs_normal/ade5 (p in json: mcnemar/wilcoxon)
9 temporal_feedback_window,Normal-amplified A- units,A-,delay3_len2,,fde5,4.743,3.6361,6.3027,m,72.7438,67.5787,76.559,(Normal - row)/(Normal - GT-history),170,42,autovla_misalignment_poc/outputs/temporal_feedback_window/summary.json :: subsets/Normal-amplified A- units/A-/rows/delay3_len2/level/fde5; fraction: subsets/Normal-amplified A- units/A-/fraction/fde5/delay3_len2
9 temporal_feedback_window,Normal-amplified A- units,A-,delay3_len2 - normal,,delta fde5 (absolute reduction if negative),-5.5726,-6.1439,-4.7329,m,,,,,170,42,autovla_misalignment_poc/outputs/temporal_feedback_window/summary.json :: subsets/Normal-amplified A- units/A-/rows/delay3_len2/vs_normal/fde5 (p in json: mcnemar/wilcoxon)
9 temporal_feedback_window,Normal-amplified A- units,A-,delay3_len2,,downstream_err,77.1604,71.8948,84.2974,%,34.3806,22.0388,42.7008,(Normal - row)/(Normal - GT-history),170,42,autovla_misalignment_poc/outputs/temporal_feedback_window/summary.json :: subsets/Normal-amplified A- units/A-/rows/delay3_len2/level/downstream_err; fraction: subsets/Normal-amplified A- units/A-/fraction/downstream_err/delay3_len2
9 temporal_feedback_window,Normal-amplified A- units,A-,delay3_len2 - normal,,delta downstream_err (absolute reduction if negative),-20.6804,-26.6046,-12.7752,pp,,,,,170,42,autovla_misalignment_poc/outputs/temporal_feedback_window/summary.json :: subsets/Normal-amplified A- units/A-/rows/delay3_len2/vs_normal/downstream_err (p in json: mcnemar/wilcoxon)
9 temporal_feedback_window,Normal-amplified A- units,A-,skipfirst2_full,,amplification,11.1765,2.5393,23.9138,%,96.7949,91.3664,100.0,(Normal - row)/(Normal - GT-history),170,42,autovla_misalignment_poc/outputs/temporal_feedback_window/summary.json :: subsets/Normal-amplified A- units/A-/rows/skipfirst2_full/level/amplification; fraction: subsets/Normal-amplified A- units/A-/fraction/amplification/skipfirst2_full
9 temporal_feedback_window,Normal-amplified A- units,A-,skipfirst2_full - normal,,delta amplification (absolute reduction if negative),-88.8235,-97.4607,-76.0862,pp,,,,,170,42,autovla_misalignment_poc/outputs/temporal_feedback_window/summary.json :: subsets/Normal-amplified A- units/A-/rows/skipfirst2_full/vs_normal/amplification (p in json: mcnemar/wilcoxon)
9 temporal_feedback_window,Normal-amplified A- units,A-,skipfirst2_full,,recovery,85.8824,70.9217,95.6898,%,97.3333,91.5094,100.6331,(Normal - row)/(Normal - GT-history),170,42,autovla_misalignment_poc/outputs/temporal_feedback_window/summary.json :: subsets/Normal-amplified A- units/A-/rows/skipfirst2_full/level/recovery; fraction: subsets/Normal-amplified A- units/A-/fraction/recovery/skipfirst2_full
9 temporal_feedback_window,Normal-amplified A- units,A-,skipfirst2_full - normal,,delta recovery (absolute reduction if negative),85.8824,70.9217,95.6898,pp,,,,,170,42,autovla_misalignment_poc/outputs/temporal_feedback_window/summary.json :: subsets/Normal-amplified A- units/A-/rows/skipfirst2_full/vs_normal/recovery (p in json: mcnemar/wilcoxon)
9 temporal_feedback_window,Normal-amplified A- units,A-,skipfirst2_full,,ade5,1.7306,1.2192,2.4587,m,,,,,170,42,autovla_misalignment_poc/outputs/temporal_feedback_window/summary.json :: subsets/Normal-amplified A- units/A-/rows/skipfirst2_full/level/ade5; fraction: subsets/Normal-amplified A- units/A-/fraction/ade5/skipfirst2_full
9 temporal_feedback_window,Normal-amplified A- units,A-,skipfirst2_full - normal,,delta ade5 (absolute reduction if negative),-1.992,-2.1375,-1.7322,m,,,,,170,42,autovla_misalignment_poc/outputs/temporal_feedback_window/summary.json :: subsets/Normal-amplified A- units/A-/rows/skipfirst2_full/vs_normal/ade5 (p in json: mcnemar/wilcoxon)
9 temporal_feedback_window,Normal-amplified A- units,A-,skipfirst2_full,,fde5,3.4386,2.3473,5.0352,m,89.7709,84.1926,93.6274,(Normal - row)/(Normal - GT-history),170,42,autovla_misalignment_poc/outputs/temporal_feedback_window/summary.json :: subsets/Normal-amplified A- units/A-/rows/skipfirst2_full/level/fde5; fraction: subsets/Normal-amplified A- units/A-/fraction/fde5/skipfirst2_full
9 temporal_feedback_window,Normal-amplified A- units,A-,skipfirst2_full - normal,,delta fde5 (absolute reduction if negative),-6.877,-7.5924,-5.7935,m,,,,,170,42,autovla_misalignment_poc/outputs/temporal_feedback_window/summary.json :: subsets/Normal-amplified A- units/A-/rows/skipfirst2_full/vs_normal/fde5 (p in json: mcnemar/wilcoxon)
9 temporal_feedback_window,Normal-amplified A- units,A-,skipfirst2_full,,downstream_err,48.9372,45.1919,55.2858,%,81.3007,73.2432,85.5191,(Normal - row)/(Normal - GT-history),170,42,autovla_misalignment_poc/outputs/temporal_feedback_window/summary.json :: subsets/Normal-amplified A- units/A-/rows/skipfirst2_full/level/downstream_err; fraction: subsets/Normal-amplified A- units/A-/fraction/downstream_err/skipfirst2_full
9 temporal_feedback_window,Normal-amplified A- units,A-,skipfirst2_full - normal,,delta downstream_err (absolute reduction if negative),-48.9036,-52.9739,-42.0227,pp,,,,,170,42,autovla_misalignment_poc/outputs/temporal_feedback_window/summary.json :: subsets/Normal-amplified A- units/A-/rows/skipfirst2_full/vs_normal/downstream_err (p in json: mcnemar/wilcoxon)
9 temporal_feedback_window,Normal-amplified A- units,A-,skipfirst3_full,,amplification,14.1176,4.9996,28.04,%,93.5897,85.4545,97.9662,(Normal - row)/(Normal - GT-history),170,42,autovla_misalignment_poc/outputs/temporal_feedback_window/summary.json :: subsets/Normal-amplified A- units/A-/rows/skipfirst3_full/level/amplification; fraction: subsets/Normal-amplified A- units/A-/fraction/amplification/skipfirst3_full
9 temporal_feedback_window,Normal-amplified A- units,A-,skipfirst3_full - normal,,delta amplification (absolute reduction if negative),-85.8824,-95.0004,-71.96,pp,,,,,170,42,autovla_misalignment_poc/outputs/temporal_feedback_window/summary.json :: subsets/Normal-amplified A- units/A-/rows/skipfirst3_full/vs_normal/amplification (p in json: mcnemar/wilcoxon)
9 temporal_feedback_window,Normal-amplified A- units,A-,skipfirst3_full,,recovery,82.9412,65.7401,93.4359,%,94.0,83.1683,98.9906,(Normal - row)/(Normal - GT-history),170,42,autovla_misalignment_poc/outputs/temporal_feedback_window/summary.json :: subsets/Normal-amplified A- units/A-/rows/skipfirst3_full/level/recovery; fraction: subsets/Normal-amplified A- units/A-/fraction/recovery/skipfirst3_full
9 temporal_feedback_window,Normal-amplified A- units,A-,skipfirst3_full - normal,,delta recovery (absolute reduction if negative),82.9412,65.7401,93.4359,pp,,,,,170,42,autovla_misalignment_poc/outputs/temporal_feedback_window/summary.json :: subsets/Normal-amplified A- units/A-/rows/skipfirst3_full/vs_normal/recovery (p in json: mcnemar/wilcoxon)
9 temporal_feedback_window,Normal-amplified A- units,A-,skipfirst3_full,,ade5,2.1891,1.6782,2.91,m,,,,,170,42,autovla_misalignment_poc/outputs/temporal_feedback_window/summary.json :: subsets/Normal-amplified A- units/A-/rows/skipfirst3_full/level/ade5; fraction: subsets/Normal-amplified A- units/A-/fraction/ade5/skipfirst3_full
9 temporal_feedback_window,Normal-amplified A- units,A-,skipfirst3_full - normal,,delta ade5 (absolute reduction if negative),-1.5335,-1.6561,-1.3081,m,,,,,170,42,autovla_misalignment_poc/outputs/temporal_feedback_window/summary.json :: subsets/Normal-amplified A- units/A-/rows/skipfirst3_full/vs_normal/ade5 (p in json: mcnemar/wilcoxon)
9 temporal_feedback_window,Normal-amplified A- units,A-,skipfirst3_full,,fde5,4.4446,3.3705,6.0128,m,76.6389,71.6709,79.735,(Normal - row)/(Normal - GT-history),170,42,autovla_misalignment_poc/outputs/temporal_feedback_window/summary.json :: subsets/Normal-amplified A- units/A-/rows/skipfirst3_full/level/fde5; fraction: subsets/Normal-amplified A- units/A-/fraction/fde5/skipfirst3_full
9 temporal_feedback_window,Normal-amplified A- units,A-,skipfirst3_full - normal,,delta fde5 (absolute reduction if negative),-5.871,-6.5082,-4.8817,m,,,,,170,42,autovla_misalignment_poc/outputs/temporal_feedback_window/summary.json :: subsets/Normal-amplified A- units/A-/rows/skipfirst3_full/vs_normal/fde5 (p in json: mcnemar/wilcoxon)
9 temporal_feedback_window,Normal-amplified A- units,A-,skipfirst3_full,,downstream_err,61.4087,57.5363,67.2545,%,60.5672,52.4913,65.6775,(Normal - row)/(Normal - GT-history),170,42,autovla_misalignment_poc/outputs/temporal_feedback_window/summary.json :: subsets/Normal-amplified A- units/A-/rows/skipfirst3_full/level/downstream_err; fraction: subsets/Normal-amplified A- units/A-/fraction/downstream_err/skipfirst3_full
9 temporal_feedback_window,Normal-amplified A- units,A-,skipfirst3_full - normal,,delta downstream_err (absolute reduction if negative),-36.4321,-40.5364,-30.7031,pp,,,,,170,42,autovla_misalignment_poc/outputs/temporal_feedback_window/summary.json :: subsets/Normal-amplified A- units/A-/rows/skipfirst3_full/vs_normal/downstream_err (p in json: mcnemar/wilcoxon)
10 horizon_controlled_window,"in-distribution 10-token, t*=0",A-,normal,1,fde@release+N,0.9211,0.4915,1.5643,m,,,,,116,17,autovla_misalignment_poc/outputs/horizon_controlled_window/summary.json :: analyses/in10/t*=0/A-/N/1/windows/0/level/fde
10 horizon_controlled_window,"in-distribution 10-token, t*=0",A-,normal,1,ade@release+N,0.9211,0.4915,1.5643,m,,,,,116,17,autovla_misalignment_poc/outputs/horizon_controlled_window/summary.json :: analyses/in10/t*=0/A-/N/1/windows/0/level/ade
10 horizon_controlled_window,"in-distribution 10-token, t*=0",A-,normal,1,amplification (FDE@release+N > 3 m),7.7586,0.0,20.3014,%,,,,,116,17,autovla_misalignment_poc/outputs/horizon_controlled_window/summary.json :: analyses/in10/t*=0/A-/N/1/windows/0/level/amp
10 horizon_controlled_window,"in-distribution 10-token, t*=0",A-,normal,1,FDE@release+N > 2 m,16.3793,2.963,37.0697,%,,,,,116,17,autovla_misalignment_poc/outputs/horizon_controlled_window/summary.json :: analyses/in10/t*=0/A-/N/1/windows/0/level/amp2
10 horizon_controlled_window,"in-distribution 10-token, t*=0",A-,win1,1,fde@release+N,0.9939,0.5337,1.6642,m,82.9114,67.0102,92.7739,(Normal_same_poses - win)/(Normal_same_poses - Full_same_poses),116,17,autovla_misalignment_poc/outputs/horizon_controlled_window/summary.json :: analyses/in10/t*=0/A-/N/1/windows/1/level/fde
10 horizon_controlled_window,"in-distribution 10-token, t*=0",A-,win1,1,ade@release+N,0.9939,0.5337,1.6642,m,82.9114,67.0102,92.7739,(Normal_same_poses - win)/(Normal_same_poses - Full_same_poses),116,17,autovla_misalignment_poc/outputs/horizon_controlled_window/summary.json :: analyses/in10/t*=0/A-/N/1/windows/1/level/ade
10 horizon_controlled_window,"in-distribution 10-token, t*=0",A-,win1,1,amplification (FDE@release+N > 3 m),6.0345,0.0,16.7794,%,92.8571,75.0,100.0,(Normal_same_poses - win)/(Normal_same_poses - Full_same_poses),116,17,autovla_misalignment_poc/outputs/horizon_controlled_window/summary.json :: analyses/in10/t*=0/A-/N/1/windows/1/level/amp
10 horizon_controlled_window,"in-distribution 10-token, t*=0",A-,win1,1,FDE@release+N > 2 m,15.5172,1.3423,36.7361,%,107.1429,100.0,125.0,(Normal_same_poses - win)/(Normal_same_poses - Full_same_poses),116,17,autovla_misalignment_poc/outputs/horizon_controlled_window/summary.json :: analyses/in10/t*=0/A-/N/1/windows/1/level/amp2
10 horizon_controlled_window,"in-distribution 10-token, t*=0",A-,win1,1,re-divergence: FDE>2 m after N given error<=1 m at release,0.0,0.0,0.0,%,,,,,87,,autovla_misalignment_poc/outputs/horizon_controlled_window/summary.json :: analyses/in10/t*=0/A-/N/1/windows/1/rediverge_given_stab
10 horizon_controlled_window,"in-distribution 10-token, t*=0",A-,Full (same poses as win1),1,re-divergence: FDE>2 m after N given error<=1 m at release,0.0,0.0,0.0,%,,,,,87,,autovla_misalignment_poc/outputs/horizon_controlled_window/summary.json :: analyses/in10/t*=0/A-/N/1/windows/1/rediverge_given_stab_full
10 horizon_controlled_window,"in-distribution 10-token, t*=0",A-,win2,1,fde@release+N,1.1832,0.565,2.0444,m,98.0063,95.3489,99.6507,(Normal_same_poses - win)/(Normal_same_poses - Full_same_poses),116,17,autovla_misalignment_poc/outputs/horizon_controlled_window/summary.json :: analyses/in10/t*=0/A-/N/1/windows/2/level/fde
10 horizon_controlled_window,"in-distribution 10-token, t*=0",A-,win2,1,ade@release+N,1.1832,0.565,2.0444,m,98.0063,95.3489,99.6507,(Normal_same_poses - win)/(Normal_same_poses - Full_same_poses),116,17,autovla_misalignment_poc/outputs/horizon_controlled_window/summary.json :: analyses/in10/t*=0/A-/N/1/windows/2/level/ade
10 horizon_controlled_window,"in-distribution 10-token, t*=0",A-,win2,1,amplification (FDE@release+N > 3 m),11.2069,1.3072,27.1051,%,105.2632,100.0,120.0,(Normal_same_poses - win)/(Normal_same_poses - Full_same_poses),116,17,autovla_misalignment_poc/outputs/horizon_controlled_window/summary.json :: analyses/in10/t*=0/A-/N/1/windows/2/level/amp
10 horizon_controlled_window,"in-distribution 10-token, t*=0",A-,win2,1,FDE@release+N > 2 m,18.1034,2.6846,40.8345,%,105.0,100.0,115.3846,(Normal_same_poses - win)/(Normal_same_poses - Full_same_poses),116,17,autovla_misalignment_poc/outputs/horizon_controlled_window/summary.json :: analyses/in10/t*=0/A-/N/1/windows/2/level/amp2
10 horizon_controlled_window,"in-distribution 10-token, t*=0",A-,win2,1,re-divergence: FDE>2 m after N given error<=1 m at release,0.0,0.0,0.0,%,,,,,85,,autovla_misalignment_poc/outputs/horizon_controlled_window/summary.json :: analyses/in10/t*=0/A-/N/1/windows/2/rediverge_given_stab
10 horizon_controlled_window,"in-distribution 10-token, t*=0",A-,Full (same poses as win2),1,re-divergence: FDE>2 m after N given error<=1 m at release,0.0,0.0,0.0,%,,,,,85,,autovla_misalignment_poc/outputs/horizon_controlled_window/summary.json :: analyses/in10/t*=0/A-/N/1/windows/2/rediverge_given_stab_full
10 horizon_controlled_window,"in-distribution 10-token, t*=0",A-,win3,1,fde@release+N,1.4859,0.7024,2.5379,m,98.2698,96.5182,99.6519,(Normal_same_poses - win)/(Normal_same_poses - Full_same_poses),116,17,autovla_misalignment_poc/outputs/horizon_controlled_window/summary.json :: analyses/in10/t*=0/A-/N/1/windows/3/level/fde
10 horizon_controlled_window,"in-distribution 10-token, t*=0",A-,win3,1,ade@release+N,1.4859,0.7024,2.5379,m,98.2698,96.5182,99.6519,(Normal_same_poses - win)/(Normal_same_poses - Full_same_poses),116,17,autovla_misalignment_poc/outputs/horizon_controlled_window/summary.json :: analyses/in10/t*=0/A-/N/1/windows/3/level/ade
10 horizon_controlled_window,"in-distribution 10-token, t*=0",A-,win3,1,amplification (FDE@release+N > 3 m),16.3793,2.0134,38.3979,%,91.6667,77.7778,100.0,(Normal_same_poses - win)/(Normal_same_poses - Full_same_poses),116,17,autovla_misalignment_poc/outputs/horizon_controlled_window/summary.json :: analyses/in10/t*=0/A-/N/1/windows/3/level/amp
10 horizon_controlled_window,"in-distribution 10-token, t*=0",A-,win3,1,FDE@release+N > 2 m,24.1379,5.2083,48.5724,%,100.0,100.0,100.0,(Normal_same_poses - win)/(Normal_same_poses - Full_same_poses),116,17,autovla_misalignment_poc/outputs/horizon_controlled_window/summary.json :: analyses/in10/t*=0/A-/N/1/windows/3/level/amp2
10 horizon_controlled_window,"in-distribution 10-token, t*=0",A-,win3,1,re-divergence: FDE>2 m after N given error<=1 m at release,0.0,0.0,0.0,%,,,,,80,,autovla_misalignment_poc/outputs/horizon_controlled_window/summary.json :: analyses/in10/t*=0/A-/N/1/windows/3/rediverge_given_stab
10 horizon_controlled_window,"in-distribution 10-token, t*=0",A-,Full (same poses as win3),1,re-divergence: FDE>2 m after N given error<=1 m at release,0.0,0.0,0.0,%,,,,,80,,autovla_misalignment_poc/outputs/horizon_controlled_window/summary.json :: analyses/in10/t*=0/A-/N/1/windows/3/rediverge_given_stab_full
10 horizon_controlled_window,"in-distribution 10-token, t*=0",A-,win4,1,fde@release+N,1.8082,0.8841,3.0346,m,100.652,100.0569,101.0935,(Normal_same_poses - win)/(Normal_same_poses - Full_same_poses),116,17,autovla_misalignment_poc/outputs/horizon_controlled_window/summary.json :: analyses/in10/t*=0/A-/N/1/windows/4/level/fde
10 horizon_controlled_window,"in-distribution 10-token, t*=0",A-,win4,1,ade@release+N,1.8082,0.8841,3.0346,m,100.652,100.0569,101.0935,(Normal_same_poses - win)/(Normal_same_poses - Full_same_poses),116,17,autovla_misalignment_poc/outputs/horizon_controlled_window/summary.json :: analyses/in10/t*=0/A-/N/1/windows/4/level/ade
10 horizon_controlled_window,"in-distribution 10-token, t*=0",A-,win4,1,amplification (FDE@release+N > 3 m),19.8276,4.5848,39.0522,%,100.0,100.0,100.0,(Normal_same_poses - win)/(Normal_same_poses - Full_same_poses),116,17,autovla_misalignment_poc/outputs/horizon_controlled_window/summary.json :: analyses/in10/t*=0/A-/N/1/windows/4/level/amp
10 horizon_controlled_window,"in-distribution 10-token, t*=0",A-,win4,1,FDE@release+N > 2 m,31.0345,9.4319,57.1461,%,100.0,100.0,100.0,(Normal_same_poses - win)/(Normal_same_poses - Full_same_poses),116,17,autovla_misalignment_poc/outputs/horizon_controlled_window/summary.json :: analyses/in10/t*=0/A-/N/1/windows/4/level/amp2
10 horizon_controlled_window,"in-distribution 10-token, t*=0",A-,win4,1,re-divergence: FDE>2 m after N given error<=1 m at release,0.0,0.0,0.0,%,,,,,66,,autovla_misalignment_poc/outputs/horizon_controlled_window/summary.json :: analyses/in10/t*=0/A-/N/1/windows/4/rediverge_given_stab
10 horizon_controlled_window,"in-distribution 10-token, t*=0",A-,Full (same poses as win4),1,re-divergence: FDE>2 m after N given error<=1 m at release,0.0,0.0,0.0,%,,,,,66,,autovla_misalignment_poc/outputs/horizon_controlled_window/summary.json :: analyses/in10/t*=0/A-/N/1/windows/4/rediverge_given_stab_full
10 horizon_controlled_window,"in-distribution 10-token, t*=0",A-,win5,1,fde@release+N,2.2442,1.1598,3.6323,m,98.2584,96.2227,99.9815,(Normal_same_poses - win)/(Normal_same_poses - Full_same_poses),116,17,autovla_misalignment_poc/outputs/horizon_controlled_window/summary.json :: analyses/in10/t*=0/A-/N/1/windows/5/level/fde
10 horizon_controlled_window,"in-distribution 10-token, t*=0",A-,win5,1,ade@release+N,2.2442,1.1598,3.6323,m,98.2584,96.2227,99.9815,(Normal_same_poses - win)/(Normal_same_poses - Full_same_poses),116,17,autovla_misalignment_poc/outputs/horizon_controlled_window/summary.json :: analyses/in10/t*=0/A-/N/1/windows/5/level/ade
10 horizon_controlled_window,"in-distribution 10-token, t*=0",A-,win5,1,amplification (FDE@release+N > 3 m),26.7241,6.622,51.7874,%,100.0,100.0,100.0,(Normal_same_poses - win)/(Normal_same_poses - Full_same_poses),116,17,autovla_misalignment_poc/outputs/horizon_controlled_window/summary.json :: analyses/in10/t*=0/A-/N/1/windows/5/level/amp
10 horizon_controlled_window,"in-distribution 10-token, t*=0",A-,win5,1,FDE@release+N > 2 m,37.069,12.9479,66.3462,%,100.0,100.0,100.0,(Normal_same_poses - win)/(Normal_same_poses - Full_same_poses),116,17,autovla_misalignment_poc/outputs/horizon_controlled_window/summary.json :: analyses/in10/t*=0/A-/N/1/windows/5/level/amp2
10 horizon_controlled_window,"in-distribution 10-token, t*=0",A-,win5,1,re-divergence: FDE>2 m after N given error<=1 m at release,0.0,0.0,0.0,%,,,,,57,,autovla_misalignment_poc/outputs/horizon_controlled_window/summary.json :: analyses/in10/t*=0/A-/N/1/windows/5/rediverge_given_stab
10 horizon_controlled_window,"in-distribution 10-token, t*=0",A-,Full (same poses as win5),1,re-divergence: FDE>2 m after N given error<=1 m at release,0.0,0.0,0.0,%,,,,,57,,autovla_misalignment_poc/outputs/horizon_controlled_window/summary.json :: analyses/in10/t*=0/A-/N/1/windows/5/rediverge_given_stab_full
10 horizon_controlled_window,"in-distribution 10-token, t*=0",A-,win6,1,fde@release+N,2.6117,1.2638,4.2794,m,99.768,99.4627,100.0,(Normal_same_poses - win)/(Normal_same_poses - Full_same_poses),116,17,autovla_misalignment_poc/outputs/horizon_controlled_window/summary.json :: analyses/in10/t*=0/A-/N/1/windows/6/level/fde
10 horizon_controlled_window,"in-distribution 10-token, t*=0",A-,win6,1,ade@release+N,2.6117,1.2638,4.2794,m,99.768,99.4627,100.0,(Normal_same_poses - win)/(Normal_same_poses - Full_same_poses),116,17,autovla_misalignment_poc/outputs/horizon_controlled_window/summary.json :: analyses/in10/t*=0/A-/N/1/windows/6/level/ade
10 horizon_controlled_window,"in-distribution 10-token, t*=0",A-,win6,1,amplification (FDE@release+N > 3 m),30.1724,7.6923,57.6961,%,97.7778,90.9091,100.0,(Normal_same_poses - win)/(Normal_same_poses - Full_same_poses),116,17,autovla_misalignment_poc/outputs/horizon_controlled_window/summary.json :: analyses/in10/t*=0/A-/N/1/windows/6/level/amp
10 horizon_controlled_window,"in-distribution 10-token, t*=0",A-,win6,1,FDE@release+N > 2 m,41.3793,17.6454,66.9441,%,100.0,100.0,100.0,(Normal_same_poses - win)/(Normal_same_poses - Full_same_poses),116,17,autovla_misalignment_poc/outputs/horizon_controlled_window/summary.json :: analyses/in10/t*=0/A-/N/1/windows/6/level/amp2
10 horizon_controlled_window,"in-distribution 10-token, t*=0",A-,win6,1,re-divergence: FDE>2 m after N given error<=1 m at release,0.0,0.0,0.0,%,,,,,51,,autovla_misalignment_poc/outputs/horizon_controlled_window/summary.json :: analyses/in10/t*=0/A-/N/1/windows/6/rediverge_given_stab
10 horizon_controlled_window,"in-distribution 10-token, t*=0",A-,Full (same poses as win6),1,re-divergence: FDE>2 m after N given error<=1 m at release,0.0,0.0,0.0,%,,,,,51,,autovla_misalignment_poc/outputs/horizon_controlled_window/summary.json :: analyses/in10/t*=0/A-/N/1/windows/6/rediverge_given_stab_full
10 horizon_controlled_window,"in-distribution 10-token, t*=0",A-,normal,2,fde@release+N,1.4785,0.8345,2.4213,m,,,,,116,17,autovla_misalignment_poc/outputs/horizon_controlled_window/summary.json :: analyses/in10/t*=0/A-/N/2/windows/0/level/fde
10 horizon_controlled_window,"in-distribution 10-token, t*=0",A-,normal,2,ade@release+N,1.1998,0.6629,1.999,m,,,,,116,17,autovla_misalignment_poc/outputs/horizon_controlled_window/summary.json :: analyses/in10/t*=0/A-/N/2/windows/0/level/ade
10 horizon_controlled_window,"in-distribution 10-token, t*=0",A-,normal,2,amplification (FDE@release+N > 3 m),17.2414,3.6765,36.3744,%,,,,,116,17,autovla_misalignment_poc/outputs/horizon_controlled_window/summary.json :: analyses/in10/t*=0/A-/N/2/windows/0/level/amp
10 horizon_controlled_window,"in-distribution 10-token, t*=0",A-,normal,2,FDE@release+N > 2 m,28.4483,10.9072,52.833,%,,,,,116,17,autovla_misalignment_poc/outputs/horizon_controlled_window/summary.json :: analyses/in10/t*=0/A-/N/2/windows/0/level/amp2
10 horizon_controlled_window,"in-distribution 10-token, t*=0",A-,win1,2,fde@release+N,1.4376,0.8444,2.25,m,73.6017,56.6678,86.2032,(Normal_same_poses - win)/(Normal_same_poses - Full_same_poses),116,17,autovla_misalignment_poc/outputs/horizon_controlled_window/summary.json :: analyses/in10/t*=0/A-/N/2/windows/1/level/fde
10 horizon_controlled_window,"in-distribution 10-token, t*=0",A-,win1,2,ade@release+N,1.2158,0.692,1.9467,m,76.9459,60.0065,88.4138,(Normal_same_poses - win)/(Normal_same_poses - Full_same_poses),116,17,autovla_misalignment_poc/outputs/horizon_controlled_window/summary.json :: analyses/in10/t*=0/A-/N/2/windows/1/level/ade
10 horizon_controlled_window,"in-distribution 10-token, t*=0",A-,win1,2,amplification (FDE@release+N > 3 m),13.7931,2.0134,30.9569,%,89.4737,64.7059,100.0,(Normal_same_poses - win)/(Normal_same_poses - Full_same_poses),116,17,autovla_misalignment_poc/outputs/horizon_controlled_window/summary.json :: analyses/in10/t*=0/A-/N/2/windows/1/level/amp
10 horizon_controlled_window,"in-distribution 10-token, t*=0",A-,win1,2,FDE@release+N > 2 m,24.1379,5.5043,48.6529,%,70.0,40.0,100.0,(Normal_same_poses - win)/(Normal_same_poses - Full_same_poses),116,17,autovla_misalignment_poc/outputs/horizon_controlled_window/summary.json :: analyses/in10/t*=0/A-/N/2/windows/1/level/amp2
10 horizon_controlled_window,"in-distribution 10-token, t*=0",A-,win1,2,re-divergence: FDE>2 m after N given error<=1 m at release,6.8966,0.0,13.4336,%,,,,,87,,autovla_misalignment_poc/outputs/horizon_controlled_window/summary.json :: analyses/in10/t*=0/A-/N/2/windows/1/rediverge_given_stab
10 horizon_controlled_window,"in-distribution 10-token, t*=0",A-,Full (same poses as win1),2,re-divergence: FDE>2 m after N given error<=1 m at release,1.1494,0.0,4.0823,%,,,,,87,,autovla_misalignment_poc/outputs/horizon_controlled_window/summary.json :: analyses/in10/t*=0/A-/N/2/windows/1/rediverge_given_stab_full
10 horizon_controlled_window,"in-distribution 10-token, t*=0",A-,win2,2,fde@release+N,1.5432,0.7456,2.5944,m,94.8198,92.0078,96.963,(Normal_same_poses - win)/(Normal_same_poses - Full_same_poses),116,17,autovla_misalignment_poc/outputs/horizon_controlled_window/summary.json :: analyses/in10/t*=0/A-/N/2/windows/2/level/fde
10 horizon_controlled_window,"in-distribution 10-token, t*=0",A-,win2,2,ade@release+N,1.3632,0.6594,2.3071,m,96.0482,93.3334,97.7264,(Normal_same_poses - win)/(Normal_same_poses - Full_same_poses),116,17,autovla_misalignment_poc/outputs/horizon_controlled_window/summary.json :: analyses/in10/t*=0/A-/N/2/windows/2/level/ade
10 horizon_controlled_window,"in-distribution 10-token, t*=0",A-,win2,2,amplification (FDE@release+N > 3 m),18.1034,3.1008,39.0909,%,83.3333,71.4286,100.0,(Normal_same_poses - win)/(Normal_same_poses - Full_same_poses),116,17,autovla_misalignment_poc/outputs/horizon_controlled_window/summary.json :: analyses/in10/t*=0/A-/N/2/windows/2/level/amp
10 horizon_controlled_window,"in-distribution 10-token, t*=0",A-,win2,2,FDE@release+N > 2 m,24.1379,4.7019,50.0,%,100.0,88.8889,108.6957,(Normal_same_poses - win)/(Normal_same_poses - Full_same_poses),116,17,autovla_misalignment_poc/outputs/horizon_controlled_window/summary.json :: analyses/in10/t*=0/A-/N/2/windows/2/level/amp2
10 horizon_controlled_window,"in-distribution 10-token, t*=0",A-,win2,2,re-divergence: FDE>2 m after N given error<=1 m at release,4.7059,0.0,13.7992,%,,,,,85,,autovla_misalignment_poc/outputs/horizon_controlled_window/summary.json :: analyses/in10/t*=0/A-/N/2/windows/2/rediverge_given_stab
10 horizon_controlled_window,"in-distribution 10-token, t*=0",A-,Full (same poses as win2),2,re-divergence: FDE>2 m after N given error<=1 m at release,4.7059,0.0,15.6889,%,,,,,85,,autovla_misalignment_poc/outputs/horizon_controlled_window/summary.json :: analyses/in10/t*=0/A-/N/2/windows/2/rediverge_given_stab_full
10 horizon_controlled_window,"in-distribution 10-token, t*=0",A-,win3,2,fde@release+N,1.8837,0.8948,3.2101,m,97.5257,93.9209,100.179,(Normal_same_poses - win)/(Normal_same_poses - Full_same_poses),116,17,autovla_misalignment_poc/outputs/horizon_controlled_window/summary.json :: analyses/in10/t*=0/A-/N/2/windows/3/level/fde
10 horizon_controlled_window,"in-distribution 10-token, t*=0",A-,win3,2,ade@release+N,1.6848,0.7953,2.8669,m,97.829,95.0163,99.9557,(Normal_same_poses - win)/(Normal_same_poses - Full_same_poses),116,17,autovla_misalignment_poc/outputs/horizon_controlled_window/summary.json :: analyses/in10/t*=0/A-/N/2/windows/3/level/ade
10 horizon_controlled_window,"in-distribution 10-token, t*=0",A-,win3,2,amplification (FDE@release+N > 3 m),21.5517,4.5848,44.0353,%,95.122,82.4536,100.0,(Normal_same_poses - win)/(Normal_same_poses - Full_same_poses),116,17,autovla_misalignment_poc/outputs/horizon_controlled_window/summary.json :: analyses/in10/t*=0/A-/N/2/windows/3/level/amp
10 horizon_controlled_window,"in-distribution 10-token, t*=0",A-,win3,2,FDE@release+N > 2 m,32.7586,9.4319,60.9091,%,95.122,80.0,100.0,(Normal_same_poses - win)/(Normal_same_poses - Full_same_poses),116,17,autovla_misalignment_poc/outputs/horizon_controlled_window/summary.json :: analyses/in10/t*=0/A-/N/2/windows/3/level/amp2
10 horizon_controlled_window,"in-distribution 10-token, t*=0",A-,win3,2,re-divergence: FDE>2 m after N given error<=1 m at release,11.25,0.0,34.375,%,,,,,80,,autovla_misalignment_poc/outputs/horizon_controlled_window/summary.json :: analyses/in10/t*=0/A-/N/2/windows/3/rediverge_given_stab
10 horizon_controlled_window,"in-distribution 10-token, t*=0",A-,Full (same poses as win3),2,re-divergence: FDE>2 m after N given error<=1 m at release,8.75,0.0,28.125,%,,,,,80,,autovla_misalignment_poc/outputs/horizon_controlled_window/summary.json :: analyses/in10/t*=0/A-/N/2/windows/3/rediverge_given_stab_full
10 horizon_controlled_window,"in-distribution 10-token, t*=0",A-,win4,2,fde@release+N,2.2347,1.1559,3.6236,m,98.5356,96.4823,100.3887,(Normal_same_poses - win)/(Normal_same_poses - Full_same_poses),116,17,autovla_misalignment_poc/outputs/horizon_controlled_window/summary.json :: analyses/in10/t*=0/A-/N/2/windows/4/level/fde
10 horizon_controlled_window,"in-distribution 10-token, t*=0",A-,win4,2,ade@release+N,2.0215,1.0165,3.3237,m,99.4129,98.0513,100.6096,(Normal_same_poses - win)/(Normal_same_poses - Full_same_poses),116,17,autovla_misalignment_poc/outputs/horizon_controlled_window/summary.json :: analyses/in10/t*=0/A-/N/2/windows/4/level/ade
10 horizon_controlled_window,"in-distribution 10-token, t*=0",A-,win4,2,amplification (FDE@release+N > 3 m),26.7241,6.622,51.7874,%,100.0,100.0,100.0,(Normal_same_poses - win)/(Normal_same_poses - Full_same_poses),116,17,autovla_misalignment_poc/outputs/horizon_controlled_window/summary.json :: analyses/in10/t*=0/A-/N/2/windows/4/level/amp
10 horizon_controlled_window,"in-distribution 10-token, t*=0",A-,win4,2,FDE@release+N > 2 m,37.069,12.9479,66.3462,%,100.0,100.0,100.0,(Normal_same_poses - win)/(Normal_same_poses - Full_same_poses),116,17,autovla_misalignment_poc/outputs/horizon_controlled_window/summary.json :: analyses/in10/t*=0/A-/N/2/windows/4/level/amp2
10 horizon_controlled_window,"in-distribution 10-token, t*=0",A-,win4,2,re-divergence: FDE>2 m after N given error<=1 m at release,1.5152,0.0,7.1429,%,,,,,66,,autovla_misalignment_poc/outputs/horizon_controlled_window/summary.json :: analyses/in10/t*=0/A-/N/2/windows/4/rediverge_given_stab
10 horizon_controlled_window,"in-distribution 10-token, t*=0",A-,Full (same poses as win4),2,re-divergence: FDE>2 m after N given error<=1 m at release,1.5152,0.0,7.1429,%,,,,,66,,autovla_misalignment_poc/outputs/horizon_controlled_window/summary.json :: analyses/in10/t*=0/A-/N/2/windows/4/rediverge_given_stab_full
10 horizon_controlled_window,"in-distribution 10-token, t*=0",A-,win5,2,fde@release+N,2.7648,1.4715,4.3065,m,96.3857,92.9034,99.7151,(Normal_same_poses - win)/(Normal_same_poses - Full_same_poses),116,17,autovla_misalignment_poc/outputs/horizon_controlled_window/summary.json :: analyses/in10/t*=0/A-/N/2/windows/5/level/fde
10 horizon_controlled_window,"in-distribution 10-token, t*=0",A-,win5,2,ade@release+N,2.5045,1.3174,3.9819,m,97.1904,94.3271,99.8389,(Normal_same_poses - win)/(Normal_same_poses - Full_same_poses),116,17,autovla_misalignment_poc/outputs/horizon_controlled_window/summary.json :: analyses/in10/t*=0/A-/N/2/windows/5/level/ade
10 horizon_controlled_window,"in-distribution 10-token, t*=0",A-,win5,2,amplification (FDE@release+N > 3 m),30.1724,7.6923,57.6961,%,97.7778,90.9091,100.0,(Normal_same_poses - win)/(Normal_same_poses - Full_same_poses),116,17,autovla_misalignment_poc/outputs/horizon_controlled_window/summary.json :: analyses/in10/t*=0/A-/N/2/windows/5/level/amp
10 horizon_controlled_window,"in-distribution 10-token, t*=0",A-,win5,2,FDE@release+N > 2 m,44.8276,19.6569,68.0875,%,90.0,80.0,100.0,(Normal_same_poses - win)/(Normal_same_poses - Full_same_poses),116,17,autovla_misalignment_poc/outputs/horizon_controlled_window/summary.json :: analyses/in10/t*=0/A-/N/2/windows/5/level/amp2
10 horizon_controlled_window,"in-distribution 10-token, t*=0",A-,win5,2,re-divergence: FDE>2 m after N given error<=1 m at release,1.7544,0.0,4.2873,%,,,,,57,,autovla_misalignment_poc/outputs/horizon_controlled_window/summary.json :: analyses/in10/t*=0/A-/N/2/windows/5/rediverge_given_stab
10 horizon_controlled_window,"in-distribution 10-token, t*=0",A-,Full (same poses as win5),2,re-divergence: FDE>2 m after N given error<=1 m at release,0.0,0.0,0.0,%,,,,,57,,autovla_misalignment_poc/outputs/horizon_controlled_window/summary.json :: analyses/in10/t*=0/A-/N/2/windows/5/rediverge_given_stab_full
10 horizon_controlled_window,"in-distribution 10-token, t*=0",A-,win6,2,fde@release+N,3.0703,1.4602,4.9871,m,99.4108,99.028,99.8752,(Normal_same_poses - win)/(Normal_same_poses - Full_same_poses),116,17,autovla_misalignment_poc/outputs/horizon_controlled_window/summary.json :: analyses/in10/t*=0/A-/N/2/windows/6/level/fde
10 horizon_controlled_window,"in-distribution 10-token, t*=0",A-,win6,2,ade@release+N,2.841,1.3677,4.6332,m,99.5683,99.2237,99.921,(Normal_same_poses - win)/(Normal_same_poses - Full_same_poses),116,17,autovla_misalignment_poc/outputs/horizon_controlled_window/summary.json :: analyses/in10/t*=0/A-/N/2/windows/6/level/ade
10 horizon_controlled_window,"in-distribution 10-token, t*=0",A-,win6,2,amplification (FDE@release+N > 3 m),36.2069,15.3846,59.5755,%,100.0,100.0,100.0,(Normal_same_poses - win)/(Normal_same_poses - Full_same_poses),116,17,autovla_misalignment_poc/outputs/horizon_controlled_window/summary.json :: analyses/in10/t*=0/A-/N/2/windows/6/level/amp
10 horizon_controlled_window,"in-distribution 10-token, t*=0",A-,win6,2,FDE@release+N > 2 m,43.9655,19.4422,67.2374,%,100.0,100.0,100.0,(Normal_same_poses - win)/(Normal_same_poses - Full_same_poses),116,17,autovla_misalignment_poc/outputs/horizon_controlled_window/summary.json :: analyses/in10/t*=0/A-/N/2/windows/6/level/amp2
10 horizon_controlled_window,"in-distribution 10-token, t*=0",A-,win6,2,re-divergence: FDE>2 m after N given error<=1 m at release,0.0,0.0,0.0,%,,,,,51,,autovla_misalignment_poc/outputs/horizon_controlled_window/summary.json :: analyses/in10/t*=0/A-/N/2/windows/6/rediverge_given_stab
10 horizon_controlled_window,"in-distribution 10-token, t*=0",A-,Full (same poses as win6),2,re-divergence: FDE>2 m after N given error<=1 m at release,0.0,0.0,0.0,%,,,,,51,,autovla_misalignment_poc/outputs/horizon_controlled_window/summary.json :: analyses/in10/t*=0/A-/N/2/windows/6/rediverge_given_stab_full
10 horizon_controlled_window,"in-distribution 10-token, t*=0",A-,normal,3,fde@release+N,2.2049,1.3186,3.4567,m,,,,,116,17,autovla_misalignment_poc/outputs/horizon_controlled_window/summary.json :: analyses/in10/t*=0/A-/N/3/windows/0/level/fde
10 horizon_controlled_window,"in-distribution 10-token, t*=0",A-,normal,3,ade@release+N,1.5348,0.8772,2.4781,m,,,,,116,17,autovla_misalignment_poc/outputs/horizon_controlled_window/summary.json :: analyses/in10/t*=0/A-/N/3/windows/0/level/ade
10 horizon_controlled_window,"in-distribution 10-token, t*=0",A-,normal,3,amplification (FDE@release+N > 3 m),28.4483,12.5903,50.0,%,,,,,116,17,autovla_misalignment_poc/outputs/horizon_controlled_window/summary.json :: analyses/in10/t*=0/A-/N/3/windows/0/level/amp
10 horizon_controlled_window,"in-distribution 10-token, t*=0",A-,normal,3,FDE@release+N > 2 m,36.2069,16.2954,62.6171,%,,,,,116,17,autovla_misalignment_poc/outputs/horizon_controlled_window/summary.json :: analyses/in10/t*=0/A-/N/3/windows/0/level/amp2
10 horizon_controlled_window,"in-distribution 10-token, t*=0",A-,win1,3,fde@release+N,2.0035,1.2159,2.9899,m,67.1223,52.7117,79.3335,(Normal_same_poses - win)/(Normal_same_poses - Full_same_poses),116,17,autovla_misalignment_poc/outputs/horizon_controlled_window/summary.json :: analyses/in10/t*=0/A-/N/3/windows/1/level/fde
10 horizon_controlled_window,"in-distribution 10-token, t*=0",A-,win1,3,ade@release+N,1.4784,0.8709,2.3106,m,71.9819,56.0227,83.7558,(Normal_same_poses - win)/(Normal_same_poses - Full_same_poses),116,17,autovla_misalignment_poc/outputs/horizon_controlled_window/summary.json :: analyses/in10/t*=0/A-/N/3/windows/1/level/ade
10 horizon_controlled_window,"in-distribution 10-token, t*=0",A-,win1,3,amplification (FDE@release+N > 3 m),25.0,10.1113,44.4472,%,50.0,35.0,61.9048,(Normal_same_poses - win)/(Normal_same_poses - Full_same_poses),116,17,autovla_misalignment_poc/outputs/horizon_controlled_window/summary.json :: analyses/in10/t*=0/A-/N/3/windows/1/level/amp
10 horizon_controlled_window,"in-distribution 10-token, t*=0",A-,win1,3,FDE@release+N > 2 m,43.1034,24.0958,60.9165,%,40.5405,30.7692,66.6667,(Normal_same_poses - win)/(Normal_same_poses - Full_same_poses),116,17,autovla_misalignment_poc/outputs/horizon_controlled_window/summary.json :: analyses/in10/t*=0/A-/N/3/windows/1/level/amp2
10 horizon_controlled_window,"in-distribution 10-token, t*=0",A-,win1,3,re-divergence: FDE>2 m after N given error<=1 m at release,28.7356,7.6923,43.48,%,,,,,87,,autovla_misalignment_poc/outputs/horizon_controlled_window/summary.json :: analyses/in10/t*=0/A-/N/3/windows/1/rediverge_given_stab
10 horizon_controlled_window,"in-distribution 10-token, t*=0",A-,Full (same poses as win1),3,re-divergence: FDE>2 m after N given error<=1 m at release,6.8966,0.0,20.0,%,,,,,87,,autovla_misalignment_poc/outputs/horizon_controlled_window/summary.json :: analyses/in10/t*=0/A-/N/3/windows/1/rediverge_given_stab_full
10 horizon_controlled_window,"in-distribution 10-token, t*=0",A-,win2,3,fde@release+N,2.0124,0.9731,3.3956,m,92.1955,87.2657,96.2505,(Normal_same_poses - win)/(Normal_same_poses - Full_same_poses),116,17,autovla_misalignment_poc/outputs/horizon_controlled_window/summary.json :: analyses/in10/t*=0/A-/N/3/windows/2/level/fde
10 horizon_controlled_window,"in-distribution 10-token, t*=0",A-,win2,3,ade@release+N,1.5796,0.7684,2.6573,m,94.2307,90.8273,96.8984,(Normal_same_poses - win)/(Normal_same_poses - Full_same_poses),116,17,autovla_misalignment_poc/outputs/horizon_controlled_window/summary.json :: analyses/in10/t*=0/A-/N/3/windows/2/level/ade
10 horizon_controlled_window,"in-distribution 10-token, t*=0",A-,win2,3,amplification (FDE@release+N > 3 m),24.1379,5.1095,48.9378,%,87.8049,68.7455,100.0,(Normal_same_poses - win)/(Normal_same_poses - Full_same_poses),116,17,autovla_misalignment_poc/outputs/horizon_controlled_window/summary.json :: analyses/in10/t*=0/A-/N/3/windows/2/level/amp
10 horizon_controlled_window,"in-distribution 10-token, t*=0",A-,win2,3,FDE@release+N > 2 m,34.4828,11.2676,62.5,%,90.2439,68.1818,100.0,(Normal_same_poses - win)/(Normal_same_poses - Full_same_poses),116,17,autovla_misalignment_poc/outputs/horizon_controlled_window/summary.json :: analyses/in10/t*=0/A-/N/3/windows/2/level/amp2
10 horizon_controlled_window,"in-distribution 10-token, t*=0",A-,win2,3,re-divergence: FDE>2 m after N given error<=1 m at release,18.8235,3.4483,48.0678,%,,,,,85,,autovla_misalignment_poc/outputs/horizon_controlled_window/summary.json :: analyses/in10/t*=0/A-/N/3/windows/2/rediverge_given_stab
10 horizon_controlled_window,"in-distribution 10-token, t*=0",A-,Full (same poses as win2),3,re-divergence: FDE>2 m after N given error<=1 m at release,14.1176,0.0,40.2597,%,,,,,85,,autovla_misalignment_poc/outputs/horizon_controlled_window/summary.json :: analyses/in10/t*=0/A-/N/3/windows/2/rediverge_given_stab_full
10 horizon_controlled_window,"in-distribution 10-token, t*=0",A-,win3,3,fde@release+N,2.4046,1.1668,4.0628,m,93.5567,87.9041,98.2915,(Normal_same_poses - win)/(Normal_same_poses - Full_same_poses),116,17,autovla_misalignment_poc/outputs/horizon_controlled_window/summary.json :: analyses/in10/t*=0/A-/N/3/windows/3/level/fde
10 horizon_controlled_window,"in-distribution 10-token, t*=0",A-,win3,3,ade@release+N,1.9247,0.9296,3.2521,m,95.8828,91.8938,99.0369,(Normal_same_poses - win)/(Normal_same_poses - Full_same_poses),116,17,autovla_misalignment_poc/outputs/horizon_controlled_window/summary.json :: analyses/in10/t*=0/A-/N/3/windows/3/level/ade
10 horizon_controlled_window,"in-distribution 10-token, t*=0",A-,win3,3,amplification (FDE@release+N > 3 m),31.0345,6.622,60.5851,%,89.3617,63.1579,100.0,(Normal_same_poses - win)/(Normal_same_poses - Full_same_poses),116,17,autovla_misalignment_poc/outputs/horizon_controlled_window/summary.json :: analyses/in10/t*=0/A-/N/3/windows/3/level/amp
10 horizon_controlled_window,"in-distribution 10-token, t*=0",A-,win3,3,FDE@release+N > 2 m,36.2069,12.1726,65.812,%,102.439,100.0,110.0,(Normal_same_poses - win)/(Normal_same_poses - Full_same_poses),116,17,autovla_misalignment_poc/outputs/horizon_controlled_window/summary.json :: analyses/in10/t*=0/A-/N/3/windows/3/level/amp2
10 horizon_controlled_window,"in-distribution 10-token, t*=0",A-,win3,3,re-divergence: FDE>2 m after N given error<=1 m at release,15.0,2.0398,40.625,%,,,,,80,,autovla_misalignment_poc/outputs/horizon_controlled_window/summary.json :: analyses/in10/t*=0/A-/N/3/windows/3/rediverge_given_stab
10 horizon_controlled_window,"in-distribution 10-token, t*=0",A-,Full (same poses as win3),3,re-divergence: FDE>2 m after N given error<=1 m at release,15.0,2.0398,40.625,%,,,,,80,,autovla_misalignment_poc/outputs/horizon_controlled_window/summary.json :: analyses/in10/t*=0/A-/N/3/windows/3/rediverge_given_stab_full
10 horizon_controlled_window,"in-distribution 10-token, t*=0",A-,win4,3,fde@release+N,2.7554,1.4748,4.3064,m,96.5937,93.2372,100.1991,(Normal_same_poses - win)/(Normal_same_poses - Full_same_poses),116,17,autovla_misalignment_poc/outputs/horizon_controlled_window/summary.json :: analyses/in10/t*=0/A-/N/3/windows/4/level/fde
10 horizon_controlled_window,"in-distribution 10-token, t*=0",A-,win4,3,ade@release+N,2.2661,1.1807,3.6411,m,98.1802,95.9472,100.3784,(Normal_same_poses - win)/(Normal_same_poses - Full_same_poses),116,17,autovla_misalignment_poc/outputs/horizon_controlled_window/summary.json :: analyses/in10/t*=0/A-/N/3/windows/4/level/ade
10 horizon_controlled_window,"in-distribution 10-token, t*=0",A-,win4,3,amplification (FDE@release+N > 3 m),30.1724,6.622,58.6825,%,97.7778,83.3333,107.4074,(Normal_same_poses - win)/(Normal_same_poses - Full_same_poses),116,17,autovla_misalignment_poc/outputs/horizon_controlled_window/summary.json :: analyses/in10/t*=0/A-/N/3/windows/4/level/amp
10 horizon_controlled_window,"in-distribution 10-token, t*=0",A-,win4,3,FDE@release+N > 2 m,44.8276,19.6569,68.0875,%,90.0,80.0,100.0,(Normal_same_poses - win)/(Normal_same_poses - Full_same_poses),116,17,autovla_misalignment_poc/outputs/horizon_controlled_window/summary.json :: analyses/in10/t*=0/A-/N/3/windows/4/level/amp2
10 horizon_controlled_window,"in-distribution 10-token, t*=0",A-,win4,3,re-divergence: FDE>2 m after N given error<=1 m at release,12.1212,0.0,24.2475,%,,,,,66,,autovla_misalignment_poc/outputs/horizon_controlled_window/summary.json :: analyses/in10/t*=0/A-/N/3/windows/4/rediverge_given_stab
10 horizon_controlled_window,"in-distribution 10-token, t*=0",A-,Full (same poses as win4),3,re-divergence: FDE>2 m after N given error<=1 m at release,7.5758,0.0,15.2778,%,,,,,66,,autovla_misalignment_poc/outputs/horizon_controlled_window/summary.json :: analyses/in10/t*=0/A-/N/3/windows/4/rediverge_given_stab_full
10 horizon_controlled_window,"in-distribution 10-token, t*=0",A-,win5,3,fde@release+N,3.3405,1.7805,5.0814,m,94.7024,90.1965,99.5246,(Normal_same_poses - win)/(Normal_same_poses - Full_same_poses),116,17,autovla_misalignment_poc/outputs/horizon_controlled_window/summary.json :: analyses/in10/t*=0/A-/N/3/windows/5/level/fde
10 horizon_controlled_window,"in-distribution 10-token, t*=0",A-,win5,3,ade@release+N,2.7832,1.4812,4.3283,m,96.1465,92.6374,99.7137,(Normal_same_poses - win)/(Normal_same_poses - Full_same_poses),116,17,autovla_misalignment_poc/outputs/horizon_controlled_window/summary.json :: analyses/in10/t*=0/A-/N/3/windows/5/level/ade
10 horizon_controlled_window,"in-distribution 10-token, t*=0",A-,win5,3,amplification (FDE@release+N > 3 m),41.3793,17.7543,60.6863,%,86.3636,72.7168,100.0,(Normal_same_poses - win)/(Normal_same_poses - Full_same_poses),116,17,autovla_misalignment_poc/outputs/horizon_controlled_window/summary.json :: analyses/in10/t*=0/A-/N/3/windows/5/level/amp
10 horizon_controlled_window,"in-distribution 10-token, t*=0",A-,win5,3,FDE@release+N > 2 m,53.4483,29.4721,72.344,%,74.4186,60.7143,100.0,(Normal_same_poses - win)/(Normal_same_poses - Full_same_poses),116,17,autovla_misalignment_poc/outputs/horizon_controlled_window/summary.json :: analyses/in10/t*=0/A-/N/3/windows/5/level/amp2
10 horizon_controlled_window,"in-distribution 10-token, t*=0",A-,win5,3,re-divergence: FDE>2 m after N given error<=1 m at release,19.2982,0.0,30.3381,%,,,,,57,,autovla_misalignment_poc/outputs/horizon_controlled_window/summary.json :: analyses/in10/t*=0/A-/N/3/windows/5/rediverge_given_stab
10 horizon_controlled_window,"in-distribution 10-token, t*=0",A-,Full (same poses as win5),3,re-divergence: FDE>2 m after N given error<=1 m at release,5.2632,0.0,12.8618,%,,,,,57,,autovla_misalignment_poc/outputs/horizon_controlled_window/summary.json :: analyses/in10/t*=0/A-/N/3/windows/5/rediverge_given_stab_full
10 horizon_controlled_window,"in-distribution 10-token, t*=0",A-,normal,4,fde@release+N,3.1189,1.9719,4.6272,m,,,,,116,17,autovla_misalignment_poc/outputs/horizon_controlled_window/summary.json :: analyses/in10/t*=0/A-/N/4/windows/0/level/fde
10 horizon_controlled_window,"in-distribution 10-token, t*=0",A-,normal,4,ade@release+N,1.9309,1.1539,3.0231,m,,,,,116,17,autovla_misalignment_poc/outputs/horizon_controlled_window/summary.json :: analyses/in10/t*=0/A-/N/4/windows/0/level/ade
10 horizon_controlled_window,"in-distribution 10-token, t*=0",A-,normal,4,amplification (FDE@release+N > 3 m),35.3448,16.5108,59.6855,%,,,,,116,17,autovla_misalignment_poc/outputs/horizon_controlled_window/summary.json :: analyses/in10/t*=0/A-/N/4/windows/0/level/amp
10 horizon_controlled_window,"in-distribution 10-token, t*=0",A-,normal,4,FDE@release+N > 2 m,56.0345,33.7496,74.5459,%,,,,,116,17,autovla_misalignment_poc/outputs/horizon_controlled_window/summary.json :: analyses/in10/t*=0/A-/N/4/windows/0/level/amp2
10 horizon_controlled_window,"in-distribution 10-token, t*=0",A-,win1,4,fde@release+N,2.7451,1.6683,3.9858,m,61.8556,49.9636,73.8228,(Normal_same_poses - win)/(Normal_same_poses - Full_same_poses),116,17,autovla_misalignment_poc/outputs/horizon_controlled_window/summary.json :: analyses/in10/t*=0/A-/N/4/windows/1/level/fde
10 horizon_controlled_window,"in-distribution 10-token, t*=0",A-,win1,4,ade@release+N,1.795,1.0869,2.7083,m,67.6944,53.395,79.7086,(Normal_same_poses - win)/(Normal_same_poses - Full_same_poses),116,17,autovla_misalignment_poc/outputs/horizon_controlled_window/summary.json :: analyses/in10/t*=0/A-/N/4/windows/1/level/ade
10 horizon_controlled_window,"in-distribution 10-token, t*=0",A-,win1,4,amplification (FDE@release+N > 3 m),43.1034,21.6803,63.7196,%,34.1463,25.5802,51.8599,(Normal_same_poses - win)/(Normal_same_poses - Full_same_poses),116,17,autovla_misalignment_poc/outputs/horizon_controlled_window/summary.json :: analyses/in10/t*=0/A-/N/4/windows/1/level/amp
10 horizon_controlled_window,"in-distribution 10-token, t*=0",A-,win1,4,FDE@release+N > 2 m,52.5862,31.3099,71.7975,%,39.0244,19.2262,61.1111,(Normal_same_poses - win)/(Normal_same_poses - Full_same_poses),116,17,autovla_misalignment_poc/outputs/horizon_controlled_window/summary.json :: analyses/in10/t*=0/A-/N/4/windows/1/level/amp2
10 horizon_controlled_window,"in-distribution 10-token, t*=0",A-,win1,4,re-divergence: FDE>2 m after N given error<=1 m at release,40.2299,14.2857,61.039,%,,,,,87,,autovla_misalignment_poc/outputs/horizon_controlled_window/summary.json :: analyses/in10/t*=0/A-/N/4/windows/1/rediverge_given_stab
10 horizon_controlled_window,"in-distribution 10-token, t*=0",A-,Full (same poses as win1),4,re-divergence: FDE>2 m after N given error<=1 m at release,16.092,1.999,42.6961,%,,,,,87,,autovla_misalignment_poc/outputs/horizon_controlled_window/summary.json :: analyses/in10/t*=0/A-/N/4/windows/1/rediverge_given_stab_full
10 horizon_controlled_window,"in-distribution 10-token, t*=0",A-,win2,4,fde@release+N,2.6242,1.2888,4.3438,m,87.1156,80.311,93.0257,(Normal_same_poses - win)/(Normal_same_poses - Full_same_poses),116,17,autovla_misalignment_poc/outputs/horizon_controlled_window/summary.json :: analyses/in10/t*=0/A-/N/4/windows/2/level/fde
10 horizon_controlled_window,"in-distribution 10-token, t*=0",A-,win2,4,ade@release+N,1.8408,0.9025,3.076,m,91.3856,86.8426,95.1767,(Normal_same_poses - win)/(Normal_same_poses - Full_same_poses),116,17,autovla_misalignment_poc/outputs/horizon_controlled_window/summary.json :: analyses/in10/t*=0/A-/N/4/windows/2/level/ade
10 horizon_controlled_window,"in-distribution 10-token, t*=0",A-,win2,4,amplification (FDE@release+N > 3 m),31.8966,8.3283,60.4862,%,87.234,62.963,98.9247,(Normal_same_poses - win)/(Normal_same_poses - Full_same_poses),116,17,autovla_misalignment_poc/outputs/horizon_controlled_window/summary.json :: analyses/in10/t*=0/A-/N/4/windows/2/level/amp
10 horizon_controlled_window,"in-distribution 10-token, t*=0",A-,win2,4,FDE@release+N > 2 m,40.5172,15.4456,71.2839,%,90.2439,70.5882,98.0402,(Normal_same_poses - win)/(Normal_same_poses - Full_same_poses),116,17,autovla_misalignment_poc/outputs/horizon_controlled_window/summary.json :: analyses/in10/t*=0/A-/N/4/windows/2/level/amp2
10 horizon_controlled_window,"in-distribution 10-token, t*=0",A-,win2,4,re-divergence: FDE>2 m after N given error<=1 m at release,24.7059,7.4074,56.141,%,,,,,85,,autovla_misalignment_poc/outputs/horizon_controlled_window/summary.json :: analyses/in10/t*=0/A-/N/4/windows/2/rediverge_given_stab
10 horizon_controlled_window,"in-distribution 10-token, t*=0",A-,Full (same poses as win2),4,re-divergence: FDE>2 m after N given error<=1 m at release,18.8235,2.0408,50.0,%,,,,,85,,autovla_misalignment_poc/outputs/horizon_controlled_window/summary.json :: analyses/in10/t*=0/A-/N/4/windows/2/rediverge_given_stab_full
10 horizon_controlled_window,"in-distribution 10-token, t*=0",A-,win3,4,fde@release+N,3.0493,1.4924,5.0512,m,90.1009,82.5215,96.9962,(Normal_same_poses - win)/(Normal_same_poses - Full_same_poses),116,17,autovla_misalignment_poc/outputs/horizon_controlled_window/summary.json :: analyses/in10/t*=0/A-/N/4/windows/3/level/fde
10 horizon_controlled_window,"in-distribution 10-token, t*=0",A-,win3,4,ade@release+N,2.2059,1.0846,3.6928,m,93.7043,88.4969,98.2888,(Normal_same_poses - win)/(Normal_same_poses - Full_same_poses),116,17,autovla_misalignment_poc/outputs/horizon_controlled_window/summary.json :: analyses/in10/t*=0/A-/N/4/windows/3/level/ade
10 horizon_controlled_window,"in-distribution 10-token, t*=0",A-,win3,4,amplification (FDE@release+N > 3 m),32.7586,7.6923,63.6382,%,91.1111,63.6364,100.0,(Normal_same_poses - win)/(Normal_same_poses - Full_same_poses),116,17,autovla_misalignment_poc/outputs/horizon_controlled_window/summary.json :: analyses/in10/t*=0/A-/N/4/windows/3/level/amp
10 horizon_controlled_window,"in-distribution 10-token, t*=0",A-,win3,4,FDE@release+N > 2 m,44.8276,19.6569,68.0875,%,90.0,80.0,100.0,(Normal_same_poses - win)/(Normal_same_poses - Full_same_poses),116,17,autovla_misalignment_poc/outputs/horizon_controlled_window/summary.json :: analyses/in10/t*=0/A-/N/4/windows/3/level/amp2
10 horizon_controlled_window,"in-distribution 10-token, t*=0",A-,win3,4,re-divergence: FDE>2 m after N given error<=1 m at release,25.0,2.1266,45.4545,%,,,,,80,,autovla_misalignment_poc/outputs/horizon_controlled_window/summary.json :: analyses/in10/t*=0/A-/N/4/windows/3/rediverge_given_stab
10 horizon_controlled_window,"in-distribution 10-token, t*=0",A-,Full (same poses as win3),4,re-divergence: FDE>2 m after N given error<=1 m at release,21.25,2.1266,42.8571,%,,,,,80,,autovla_misalignment_poc/outputs/horizon_controlled_window/summary.json :: analyses/in10/t*=0/A-/N/4/windows/3/rediverge_given_stab_full
10 horizon_controlled_window,"in-distribution 10-token, t*=0",A-,win4,4,fde@release+N,3.3401,1.8095,5.0853,m,94.7092,90.3257,99.9502,(Normal_same_poses - win)/(Normal_same_poses - Full_same_poses),116,17,autovla_misalignment_poc/outputs/horizon_controlled_window/summary.json :: analyses/in10/t*=0/A-/N/4/windows/4/level/fde
10 horizon_controlled_window,"in-distribution 10-token, t*=0",A-,win4,4,ade@release+N,2.5346,1.3563,4.0108,m,96.9424,93.9174,100.1898,(Normal_same_poses - win)/(Normal_same_poses - Full_same_poses),116,17,autovla_misalignment_poc/outputs/horizon_controlled_window/summary.json :: analyses/in10/t*=0/A-/N/4/windows/4/level/ade
10 horizon_controlled_window,"in-distribution 10-token, t*=0",A-,win4,4,amplification (FDE@release+N > 3 m),42.2414,17.757,62.7134,%,84.0909,70.9668,100.0,(Normal_same_poses - win)/(Normal_same_poses - Full_same_poses),116,17,autovla_misalignment_poc/outputs/horizon_controlled_window/summary.json :: analyses/in10/t*=0/A-/N/4/windows/4/level/amp
10 horizon_controlled_window,"in-distribution 10-token, t*=0",A-,win4,4,FDE@release+N > 2 m,54.3103,31.7754,72.7289,%,72.093,58.1395,100.0,(Normal_same_poses - win)/(Normal_same_poses - Full_same_poses),116,17,autovla_misalignment_poc/outputs/horizon_controlled_window/summary.json :: analyses/in10/t*=0/A-/N/4/windows/4/level/amp2
10 horizon_controlled_window,"in-distribution 10-token, t*=0",A-,win4,4,re-divergence: FDE>2 m after N given error<=1 m at release,28.7879,4.7619,44.1876,%,,,,,66,,autovla_misalignment_poc/outputs/horizon_controlled_window/summary.json :: analyses/in10/t*=0/A-/N/4/windows/4/rediverge_given_stab
10 horizon_controlled_window,"in-distribution 10-token, t*=0",A-,Full (same poses as win4),4,re-divergence: FDE>2 m after N given error<=1 m at release,12.1212,0.0,24.2475,%,,,,,66,,autovla_misalignment_poc/outputs/horizon_controlled_window/summary.json :: analyses/in10/t*=0/A-/N/4/windows/4/rediverge_given_stab_full
10 horizon_controlled_window,"in-distribution 10-token, t*=0",A+,normal,1,fde@release+N,0.4736,0.3138,0.643,m,,,,,336,50,autovla_misalignment_poc/outputs/horizon_controlled_window/summary.json :: analyses/in10/t*=0/A+/N/1/windows/0/level/fde
10 horizon_controlled_window,"in-distribution 10-token, t*=0",A+,normal,1,ade@release+N,0.4736,0.3138,0.643,m,,,,,336,50,autovla_misalignment_poc/outputs/horizon_controlled_window/summary.json :: analyses/in10/t*=0/A+/N/1/windows/0/level/ade
10 horizon_controlled_window,"in-distribution 10-token, t*=0",A+,normal,1,amplification (FDE@release+N > 3 m),0.8929,0.0,2.8851,%,,,,,336,50,autovla_misalignment_poc/outputs/horizon_controlled_window/summary.json :: analyses/in10/t*=0/A+/N/1/windows/0/level/amp
10 horizon_controlled_window,"in-distribution 10-token, t*=0",A+,normal,1,FDE@release+N > 2 m,3.869,0.4348,10.2681,%,,,,,336,50,autovla_misalignment_poc/outputs/horizon_controlled_window/summary.json :: analyses/in10/t*=0/A+/N/1/windows/0/level/amp2
10 horizon_controlled_window,"in-distribution 10-token, t*=0",A+,win1,1,fde@release+N,0.4878,0.3328,0.6962,m,91.5221,84.2404,94.9367,(Normal_same_poses - win)/(Normal_same_poses - Full_same_poses),336,50,autovla_misalignment_poc/outputs/horizon_controlled_window/summary.json :: analyses/in10/t*=0/A+/N/1/windows/1/level/fde
10 horizon_controlled_window,"in-distribution 10-token, t*=0",A+,win1,1,ade@release+N,0.4878,0.3328,0.6962,m,91.5221,84.2404,94.9367,(Normal_same_poses - win)/(Normal_same_poses - Full_same_poses),336,50,autovla_misalignment_poc/outputs/horizon_controlled_window/summary.json :: analyses/in10/t*=0/A+/N/1/windows/1/level/ade
10 horizon_controlled_window,"in-distribution 10-token, t*=0",A+,win1,1,amplification (FDE@release+N > 3 m),1.4881,0.0,5.7803,%,91.6667,71.4286,100.0,(Normal_same_poses - win)/(Normal_same_poses - Full_same_poses),336,50,autovla_misalignment_poc/outputs/horizon_controlled_window/summary.json :: analyses/in10/t*=0/A+/N/1/windows/1/level/amp
10 horizon_controlled_window,"in-distribution 10-token, t*=0",A+,win1,1,FDE@release+N > 2 m,3.869,0.0,10.8391,%,92.3077,60.0,100.0,(Normal_same_poses - win)/(Normal_same_poses - Full_same_poses),336,50,autovla_misalignment_poc/outputs/horizon_controlled_window/summary.json :: analyses/in10/t*=0/A+/N/1/windows/1/level/amp2
10 horizon_controlled_window,"in-distribution 10-token, t*=0",A+,win1,1,re-divergence: FDE>2 m after N given error<=1 m at release,0.0,0.0,0.0,%,,,,,318,,autovla_misalignment_poc/outputs/horizon_controlled_window/summary.json :: analyses/in10/t*=0/A+/N/1/windows/1/rediverge_given_stab
10 horizon_controlled_window,"in-distribution 10-token, t*=0",A+,Full (same poses as win1),1,re-divergence: FDE>2 m after N given error<=1 m at release,0.0,0.0,0.0,%,,,,,318,,autovla_misalignment_poc/outputs/horizon_controlled_window/summary.json :: analyses/in10/t*=0/A+/N/1/windows/1/rediverge_given_stab_full
10 horizon_controlled_window,"in-distribution 10-token, t*=0",A+,win2,1,fde@release+N,0.5805,0.3832,0.8241,m,98.1493,94.3026,100.7381,(Normal_same_poses - win)/(Normal_same_poses - Full_same_poses),336,50,autovla_misalignment_poc/outputs/horizon_controlled_window/summary.json :: analyses/in10/t*=0/A+/N/1/windows/2/level/fde
10 horizon_controlled_window,"in-distribution 10-token, t*=0",A+,win2,1,ade@release+N,0.5805,0.3832,0.8241,m,98.1493,94.3026,100.7381,(Normal_same_poses - win)/(Normal_same_poses - Full_same_poses),336,50,autovla_misalignment_poc/outputs/horizon_controlled_window/summary.json :: analyses/in10/t*=0/A+/N/1/windows/2/level/ade
10 horizon_controlled_window,"in-distribution 10-token, t*=0",A+,win2,1,amplification (FDE@release+N > 3 m),2.9762,0.0,8.4,%,100.0,100.0,100.0,(Normal_same_poses - win)/(Normal_same_poses - Full_same_poses),336,50,autovla_misalignment_poc/outputs/horizon_controlled_window/summary.json :: analyses/in10/t*=0/A+/N/1/windows/2/level/amp
10 horizon_controlled_window,"in-distribution 10-token, t*=0",A+,win2,1,FDE@release+N > 2 m,3.869,0.0,10.8391,%,100.0,100.0,100.0,(Normal_same_poses - win)/(Normal_same_poses - Full_same_poses),336,50,autovla_misalignment_poc/outputs/horizon_controlled_window/summary.json :: analyses/in10/t*=0/A+/N/1/windows/2/level/amp2
10 horizon_controlled_window,"in-distribution 10-token, t*=0",A+,win2,1,re-divergence: FDE>2 m after N given error<=1 m at release,0.0,0.0,0.0,%,,,,,308,,autovla_misalignment_poc/outputs/horizon_controlled_window/summary.json :: analyses/in10/t*=0/A+/N/1/windows/2/rediverge_given_stab
10 horizon_controlled_window,"in-distribution 10-token, t*=0",A+,Full (same poses as win2),1,re-divergence: FDE>2 m after N given error<=1 m at release,0.0,0.0,0.0,%,,,,,308,,autovla_misalignment_poc/outputs/horizon_controlled_window/summary.json :: analyses/in10/t*=0/A+/N/1/windows/2/rediverge_given_stab_full
10 horizon_controlled_window,"in-distribution 10-token, t*=0",A+,win3,1,fde@release+N,0.6981,0.4708,0.988,m,99.136,96.8781,100.2527,(Normal_same_poses - win)/(Normal_same_poses - Full_same_poses),336,50,autovla_misalignment_poc/outputs/horizon_controlled_window/summary.json :: analyses/in10/t*=0/A+/N/1/windows/3/level/fde
10 horizon_controlled_window,"in-distribution 10-token, t*=0",A+,win3,1,ade@release+N,0.6981,0.4708,0.988,m,99.136,96.8781,100.2527,(Normal_same_poses - win)/(Normal_same_poses - Full_same_poses),336,50,autovla_misalignment_poc/outputs/horizon_controlled_window/summary.json :: analyses/in10/t*=0/A+/N/1/windows/3/level/ade
10 horizon_controlled_window,"in-distribution 10-token, t*=0",A+,win3,1,amplification (FDE@release+N > 3 m),2.9762,0.0,8.4,%,100.0,100.0,100.0,(Normal_same_poses - win)/(Normal_same_poses - Full_same_poses),336,50,autovla_misalignment_poc/outputs/horizon_controlled_window/summary.json :: analyses/in10/t*=0/A+/N/1/windows/3/level/amp
10 horizon_controlled_window,"in-distribution 10-token, t*=0",A+,win3,1,FDE@release+N > 2 m,5.0595,0.7936,11.6797,%,100.0,100.0,100.0,(Normal_same_poses - win)/(Normal_same_poses - Full_same_poses),336,50,autovla_misalignment_poc/outputs/horizon_controlled_window/summary.json :: analyses/in10/t*=0/A+/N/1/windows/3/level/amp2
10 horizon_controlled_window,"in-distribution 10-token, t*=0",A+,win3,1,re-divergence: FDE>2 m after N given error<=1 m at release,0.0,0.0,0.0,%,,,,,296,,autovla_misalignment_poc/outputs/horizon_controlled_window/summary.json :: analyses/in10/t*=0/A+/N/1/windows/3/rediverge_given_stab
10 horizon_controlled_window,"in-distribution 10-token, t*=0",A+,Full (same poses as win3),1,re-divergence: FDE>2 m after N given error<=1 m at release,0.0,0.0,0.0,%,,,,,296,,autovla_misalignment_poc/outputs/horizon_controlled_window/summary.json :: analyses/in10/t*=0/A+/N/1/windows/3/rediverge_given_stab_full
10 horizon_controlled_window,"in-distribution 10-token, t*=0",A+,win4,1,fde@release+N,0.8257,0.5554,1.1538,m,99.3464,98.4976,100.2372,(Normal_same_poses - win)/(Normal_same_poses - Full_same_poses),336,50,autovla_misalignment_poc/outputs/horizon_controlled_window/summary.json :: analyses/in10/t*=0/A+/N/1/windows/4/level/fde
10 horizon_controlled_window,"in-distribution 10-token, t*=0",A+,win4,1,ade@release+N,0.8257,0.5554,1.1538,m,99.3464,98.4976,100.2372,(Normal_same_poses - win)/(Normal_same_poses - Full_same_poses),336,50,autovla_misalignment_poc/outputs/horizon_controlled_window/summary.json :: analyses/in10/t*=0/A+/N/1/windows/4/level/ade
10 horizon_controlled_window,"in-distribution 10-token, t*=0",A+,win4,1,amplification (FDE@release+N > 3 m),3.5714,0.0,9.7251,%,100.0,100.0,100.0,(Normal_same_poses - win)/(Normal_same_poses - Full_same_poses),336,50,autovla_misalignment_poc/outputs/horizon_controlled_window/summary.json :: analyses/in10/t*=0/A+/N/1/windows/4/level/amp
10 horizon_controlled_window,"in-distribution 10-token, t*=0",A+,win4,1,FDE@release+N > 2 m,6.25,1.036,12.5425,%,100.0,100.0,100.0,(Normal_same_poses - win)/(Normal_same_poses - Full_same_poses),336,50,autovla_misalignment_poc/outputs/horizon_controlled_window/summary.json :: analyses/in10/t*=0/A+/N/1/windows/4/level/amp2
10 horizon_controlled_window,"in-distribution 10-token, t*=0",A+,win4,1,re-divergence: FDE>2 m after N given error<=1 m at release,0.0,0.0,0.0,%,,,,,279,,autovla_misalignment_poc/outputs/horizon_controlled_window/summary.json :: analyses/in10/t*=0/A+/N/1/windows/4/rediverge_given_stab
10 horizon_controlled_window,"in-distribution 10-token, t*=0",A+,Full (same poses as win4),1,re-divergence: FDE>2 m after N given error<=1 m at release,0.0,0.0,0.0,%,,,,,279,,autovla_misalignment_poc/outputs/horizon_controlled_window/summary.json :: analyses/in10/t*=0/A+/N/1/windows/4/rediverge_given_stab_full
10 horizon_controlled_window,"in-distribution 10-token, t*=0",A+,win5,1,fde@release+N,0.9522,0.6386,1.3286,m,99.7511,99.3027,99.9475,(Normal_same_poses - win)/(Normal_same_poses - Full_same_poses),336,50,autovla_misalignment_poc/outputs/horizon_controlled_window/summary.json :: analyses/in10/t*=0/A+/N/1/windows/5/level/fde
10 horizon_controlled_window,"in-distribution 10-token, t*=0",A+,win5,1,ade@release+N,0.9522,0.6386,1.3286,m,99.7511,99.3027,99.9475,(Normal_same_poses - win)/(Normal_same_poses - Full_same_poses),336,50,autovla_misalignment_poc/outputs/horizon_controlled_window/summary.json :: analyses/in10/t*=0/A+/N/1/windows/5/level/ade
10 horizon_controlled_window,"in-distribution 10-token, t*=0",A+,win5,1,amplification (FDE@release+N > 3 m),4.1667,0.518,10.2567,%,100.0,100.0,100.0,(Normal_same_poses - win)/(Normal_same_poses - Full_same_poses),336,50,autovla_misalignment_poc/outputs/horizon_controlled_window/summary.json :: analyses/in10/t*=0/A+/N/1/windows/5/level/amp
10 horizon_controlled_window,"in-distribution 10-token, t*=0",A+,win5,1,FDE@release+N > 2 m,9.8214,4.6632,17.7292,%,100.0,100.0,100.0,(Normal_same_poses - win)/(Normal_same_poses - Full_same_poses),336,50,autovla_misalignment_poc/outputs/horizon_controlled_window/summary.json :: analyses/in10/t*=0/A+/N/1/windows/5/level/amp2
10 horizon_controlled_window,"in-distribution 10-token, t*=0",A+,win5,1,re-divergence: FDE>2 m after N given error<=1 m at release,0.0,0.0,0.0,%,,,,,259,,autovla_misalignment_poc/outputs/horizon_controlled_window/summary.json :: analyses/in10/t*=0/A+/N/1/windows/5/rediverge_given_stab
10 horizon_controlled_window,"in-distribution 10-token, t*=0",A+,Full (same poses as win5),1,re-divergence: FDE>2 m after N given error<=1 m at release,0.0,0.0,0.0,%,,,,,259,,autovla_misalignment_poc/outputs/horizon_controlled_window/summary.json :: analyses/in10/t*=0/A+/N/1/windows/5/rediverge_given_stab_full
10 horizon_controlled_window,"in-distribution 10-token, t*=0",A+,win6,1,fde@release+N,1.1516,0.7972,1.5885,m,99.9251,99.4312,100.2503,(Normal_same_poses - win)/(Normal_same_poses - Full_same_poses),336,50,autovla_misalignment_poc/outputs/horizon_controlled_window/summary.json :: analyses/in10/t*=0/A+/N/1/windows/6/level/fde
10 horizon_controlled_window,"in-distribution 10-token, t*=0",A+,win6,1,ade@release+N,1.1516,0.7972,1.5885,m,99.9251,99.4312,100.2503,(Normal_same_poses - win)/(Normal_same_poses - Full_same_poses),336,50,autovla_misalignment_poc/outputs/horizon_controlled_window/summary.json :: analyses/in10/t*=0/A+/N/1/windows/6/level/ade
10 horizon_controlled_window,"in-distribution 10-token, t*=0",A+,win6,1,amplification (FDE@release+N > 3 m),6.5476,1.6522,13.0689,%,100.0,100.0,100.0,(Normal_same_poses - win)/(Normal_same_poses - Full_same_poses),336,50,autovla_misalignment_poc/outputs/horizon_controlled_window/summary.json :: analyses/in10/t*=0/A+/N/1/windows/6/level/amp
10 horizon_controlled_window,"in-distribution 10-token, t*=0",A+,win6,1,FDE@release+N > 2 m,13.6905,7.7264,21.4326,%,98.7805,97.4359,100.0,(Normal_same_poses - win)/(Normal_same_poses - Full_same_poses),336,50,autovla_misalignment_poc/outputs/horizon_controlled_window/summary.json :: analyses/in10/t*=0/A+/N/1/windows/6/level/amp2
10 horizon_controlled_window,"in-distribution 10-token, t*=0",A+,win6,1,re-divergence: FDE>2 m after N given error<=1 m at release,1.6194,0.0,6.1538,%,,,,,247,,autovla_misalignment_poc/outputs/horizon_controlled_window/summary.json :: analyses/in10/t*=0/A+/N/1/windows/6/rediverge_given_stab
10 horizon_controlled_window,"in-distribution 10-token, t*=0",A+,Full (same poses as win6),1,re-divergence: FDE>2 m after N given error<=1 m at release,1.6194,0.0,6.1538,%,,,,,247,,autovla_misalignment_poc/outputs/horizon_controlled_window/summary.json :: analyses/in10/t*=0/A+/N/1/windows/6/rediverge_given_stab_full
10 horizon_controlled_window,"in-distribution 10-token, t*=0",A+,normal,2,fde@release+N,0.7336,0.5035,0.9778,m,,,,,336,50,autovla_misalignment_poc/outputs/horizon_controlled_window/summary.json :: analyses/in10/t*=0/A+/N/2/windows/0/level/fde
10 horizon_controlled_window,"in-distribution 10-token, t*=0",A+,normal,2,ade@release+N,0.6036,0.4112,0.8094,m,,,,,336,50,autovla_misalignment_poc/outputs/horizon_controlled_window/summary.json :: analyses/in10/t*=0/A+/N/2/windows/0/level/ade
10 horizon_controlled_window,"in-distribution 10-token, t*=0",A+,normal,2,amplification (FDE@release+N > 3 m),4.7619,0.8981,9.9668,%,,,,,336,50,autovla_misalignment_poc/outputs/horizon_controlled_window/summary.json :: analyses/in10/t*=0/A+/N/2/windows/0/level/amp
10 horizon_controlled_window,"in-distribution 10-token, t*=0",A+,normal,2,FDE@release+N > 2 m,7.4405,1.2446,14.5616,%,,,,,336,50,autovla_misalignment_poc/outputs/horizon_controlled_window/summary.json :: analyses/in10/t*=0/A+/N/2/windows/0/level/amp2
10 horizon_controlled_window,"in-distribution 10-token, t*=0",A+,win1,2,fde@release+N,0.6448,0.4414,0.9082,m,83.7465,70.4249,89.8388,(Normal_same_poses - win)/(Normal_same_poses - Full_same_poses),336,50,autovla_misalignment_poc/outputs/horizon_controlled_window/summary.json :: analyses/in10/t*=0/A+/N/2/windows/1/level/fde
10 horizon_controlled_window,"in-distribution 10-token, t*=0",A+,win1,2,ade@release+N,0.5663,0.3893,0.8051,m,86.6672,75.6819,91.645,(Normal_same_poses - win)/(Normal_same_poses - Full_same_poses),336,50,autovla_misalignment_poc/outputs/horizon_controlled_window/summary.json :: analyses/in10/t*=0/A+/N/2/windows/1/level/ade
10 horizon_controlled_window,"in-distribution 10-token, t*=0",A+,win1,2,amplification (FDE@release+N > 3 m),3.2738,0.0,8.6112,%,94.4444,70.0,100.0,(Normal_same_poses - win)/(Normal_same_poses - Full_same_poses),336,50,autovla_misalignment_poc/outputs/horizon_controlled_window/summary.json :: analyses/in10/t*=0/A+/N/2/windows/1/level/amp
10 horizon_controlled_window,"in-distribution 10-token, t*=0",A+,win1,2,FDE@release+N > 2 m,4.1667,0.0,11.2512,%,96.1538,73.3333,100.0,(Normal_same_poses - win)/(Normal_same_poses - Full_same_poses),336,50,autovla_misalignment_poc/outputs/horizon_controlled_window/summary.json :: analyses/in10/t*=0/A+/N/2/windows/1/level/amp2
10 horizon_controlled_window,"in-distribution 10-token, t*=0",A+,win1,2,re-divergence: FDE>2 m after N given error<=1 m at release,0.3145,0.0,1.0526,%,,,,,318,,autovla_misalignment_poc/outputs/horizon_controlled_window/summary.json :: analyses/in10/t*=0/A+/N/2/windows/1/rediverge_given_stab
10 horizon_controlled_window,"in-distribution 10-token, t*=0",A+,Full (same poses as win1),2,re-divergence: FDE>2 m after N given error<=1 m at release,0.0,0.0,0.0,%,,,,,318,,autovla_misalignment_poc/outputs/horizon_controlled_window/summary.json :: analyses/in10/t*=0/A+/N/2/windows/1/rediverge_given_stab_full
10 horizon_controlled_window,"in-distribution 10-token, t*=0",A+,win2,2,fde@release+N,0.7297,0.4804,1.0158,m,94.1872,86.5715,100.644,(Normal_same_poses - win)/(Normal_same_poses - Full_same_poses),336,50,autovla_misalignment_poc/outputs/horizon_controlled_window/summary.json :: analyses/in10/t*=0/A+/N/2/windows/2/level/fde
10 horizon_controlled_window,"in-distribution 10-token, t*=0",A+,win2,2,ade@release+N,0.6551,0.4289,0.9186,m,95.8164,89.642,100.562,(Normal_same_poses - win)/(Normal_same_poses - Full_same_poses),336,50,autovla_misalignment_poc/outputs/horizon_controlled_window/summary.json :: analyses/in10/t*=0/A+/N/2/windows/2/level/ade
10 horizon_controlled_window,"in-distribution 10-token, t*=0",A+,win2,2,amplification (FDE@release+N > 3 m),2.9762,0.0,8.4,%,100.0,100.0,100.0,(Normal_same_poses - win)/(Normal_same_poses - Full_same_poses),336,50,autovla_misalignment_poc/outputs/horizon_controlled_window/summary.json :: analyses/in10/t*=0/A+/N/2/windows/2/level/amp
10 horizon_controlled_window,"in-distribution 10-token, t*=0",A+,win2,2,FDE@release+N > 2 m,5.6548,0.7936,12.0276,%,94.8718,91.3043,100.0,(Normal_same_poses - win)/(Normal_same_poses - Full_same_poses),336,50,autovla_misalignment_poc/outputs/horizon_controlled_window/summary.json :: analyses/in10/t*=0/A+/N/2/windows/2/level/amp2
10 horizon_controlled_window,"in-distribution 10-token, t*=0",A+,win2,2,re-divergence: FDE>2 m after N given error<=1 m at release,0.3247,0.0,0.6834,%,,,,,308,,autovla_misalignment_poc/outputs/horizon_controlled_window/summary.json :: analyses/in10/t*=0/A+/N/2/windows/2/rediverge_given_stab
10 horizon_controlled_window,"in-distribution 10-token, t*=0",A+,Full (same poses as win2),2,re-divergence: FDE>2 m after N given error<=1 m at release,0.0,0.0,0.0,%,,,,,308,,autovla_misalignment_poc/outputs/horizon_controlled_window/summary.json :: analyses/in10/t*=0/A+/N/2/windows/2/rediverge_given_stab_full
10 horizon_controlled_window,"in-distribution 10-token, t*=0",A+,win3,2,fde@release+N,0.8363,0.5665,1.1771,m,98.0861,94.5366,99.8235,(Normal_same_poses - win)/(Normal_same_poses - Full_same_poses),336,50,autovla_misalignment_poc/outputs/horizon_controlled_window/summary.json :: analyses/in10/t*=0/A+/N/2/windows/3/level/fde
10 horizon_controlled_window,"in-distribution 10-token, t*=0",A+,win3,2,ade@release+N,0.7672,0.5171,1.0825,m,98.5401,95.5611,100.0026,(Normal_same_poses - win)/(Normal_same_poses - Full_same_poses),336,50,autovla_misalignment_poc/outputs/horizon_controlled_window/summary.json :: analyses/in10/t*=0/A+/N/2/windows/3/level/ade
10 horizon_controlled_window,"in-distribution 10-token, t*=0",A+,win3,2,amplification (FDE@release+N > 3 m),3.5714,0.0,9.7251,%,100.0,100.0,100.0,(Normal_same_poses - win)/(Normal_same_poses - Full_same_poses),336,50,autovla_misalignment_poc/outputs/horizon_controlled_window/summary.json :: analyses/in10/t*=0/A+/N/2/windows/3/level/amp
10 horizon_controlled_window,"in-distribution 10-token, t*=0",A+,win3,2,FDE@release+N > 2 m,6.5476,1.2818,12.9139,%,98.3333,95.0,100.0,(Normal_same_poses - win)/(Normal_same_poses - Full_same_poses),336,50,autovla_misalignment_poc/outputs/horizon_controlled_window/summary.json :: analyses/in10/t*=0/A+/N/2/windows/3/level/amp2
10 horizon_controlled_window,"in-distribution 10-token, t*=0",A+,win3,2,re-divergence: FDE>2 m after N given error<=1 m at release,0.3378,0.0,1.1584,%,,,,,296,,autovla_misalignment_poc/outputs/horizon_controlled_window/summary.json :: analyses/in10/t*=0/A+/N/2/windows/3/rediverge_given_stab
10 horizon_controlled_window,"in-distribution 10-token, t*=0",A+,Full (same poses as win3),2,re-divergence: FDE>2 m after N given error<=1 m at release,0.0,0.0,0.0,%,,,,,296,,autovla_misalignment_poc/outputs/horizon_controlled_window/summary.json :: analyses/in10/t*=0/A+/N/2/windows/3/rediverge_given_stab_full
10 horizon_controlled_window,"in-distribution 10-token, t*=0",A+,win4,2,fde@release+N,0.9719,0.6615,1.3429,m,97.8923,95.9848,99.8145,(Normal_same_poses - win)/(Normal_same_poses - Full_same_poses),336,50,autovla_misalignment_poc/outputs/horizon_controlled_window/summary.json :: analyses/in10/t*=0/A+/N/2/windows/4/level/fde
10 horizon_controlled_window,"in-distribution 10-token, t*=0",A+,win4,2,ade@release+N,0.8988,0.6058,1.2476,m,98.5349,97.0909,99.9899,(Normal_same_poses - win)/(Normal_same_poses - Full_same_poses),336,50,autovla_misalignment_poc/outputs/horizon_controlled_window/summary.json :: analyses/in10/t*=0/A+/N/2/windows/4/level/ade
10 horizon_controlled_window,"in-distribution 10-token, t*=0",A+,win4,2,amplification (FDE@release+N > 3 m),4.1667,0.518,10.2567,%,100.0,100.0,100.0,(Normal_same_poses - win)/(Normal_same_poses - Full_same_poses),336,50,autovla_misalignment_poc/outputs/horizon_controlled_window/summary.json :: analyses/in10/t*=0/A+/N/2/windows/4/level/amp
10 horizon_controlled_window,"in-distribution 10-token, t*=0",A+,win4,2,FDE@release+N > 2 m,11.3095,6.204,18.8892,%,93.1507,86.6667,97.9177,(Normal_same_poses - win)/(Normal_same_poses - Full_same_poses),336,50,autovla_misalignment_poc/outputs/horizon_controlled_window/summary.json :: analyses/in10/t*=0/A+/N/2/windows/4/level/amp2
10 horizon_controlled_window,"in-distribution 10-token, t*=0",A+,win4,2,re-divergence: FDE>2 m after N given error<=1 m at release,0.3584,0.0,1.1561,%,,,,,279,,autovla_misalignment_poc/outputs/horizon_controlled_window/summary.json :: analyses/in10/t*=0/A+/N/2/windows/4/rediverge_given_stab
10 horizon_controlled_window,"in-distribution 10-token, t*=0",A+,Full (same poses as win4),2,re-divergence: FDE>2 m after N given error<=1 m at release,0.0,0.0,0.0,%,,,,,279,,autovla_misalignment_poc/outputs/horizon_controlled_window/summary.json :: analyses/in10/t*=0/A+/N/2/windows/4/rediverge_given_stab_full
10 horizon_controlled_window,"in-distribution 10-token, t*=0",A+,win5,2,fde@release+N,1.158,0.8111,1.5968,m,99.4093,98.3438,99.992,(Normal_same_poses - win)/(Normal_same_poses - Full_same_poses),336,50,autovla_misalignment_poc/outputs/horizon_controlled_window/summary.json :: analyses/in10/t*=0/A+/N/2/windows/5/level/fde
10 horizon_controlled_window,"in-distribution 10-token, t*=0",A+,win5,2,ade@release+N,1.0551,0.7261,1.4628,m,99.5665,98.8215,99.9677,(Normal_same_poses - win)/(Normal_same_poses - Full_same_poses),336,50,autovla_misalignment_poc/outputs/horizon_controlled_window/summary.json :: analyses/in10/t*=0/A+/N/2/windows/5/level/ade
10 horizon_controlled_window,"in-distribution 10-token, t*=0",A+,win5,2,amplification (FDE@release+N > 3 m),6.5476,1.6522,13.0689,%,100.0,100.0,100.0,(Normal_same_poses - win)/(Normal_same_poses - Full_same_poses),336,50,autovla_misalignment_poc/outputs/horizon_controlled_window/summary.json :: analyses/in10/t*=0/A+/N/2/windows/5/level/amp
10 horizon_controlled_window,"in-distribution 10-token, t*=0",A+,win5,2,FDE@release+N > 2 m,13.6905,7.7264,21.4326,%,98.7805,97.4359,100.0,(Normal_same_poses - win)/(Normal_same_poses - Full_same_poses),336,50,autovla_misalignment_poc/outputs/horizon_controlled_window/summary.json :: analyses/in10/t*=0/A+/N/2/windows/5/level/amp2
10 horizon_controlled_window,"in-distribution 10-token, t*=0",A+,win5,2,re-divergence: FDE>2 m after N given error<=1 m at release,1.5444,0.0,5.8187,%,,,,,259,,autovla_misalignment_poc/outputs/horizon_controlled_window/summary.json :: analyses/in10/t*=0/A+/N/2/windows/5/rediverge_given_stab
10 horizon_controlled_window,"in-distribution 10-token, t*=0",A+,Full (same poses as win5),2,re-divergence: FDE>2 m after N given error<=1 m at release,1.5444,0.0,5.8187,%,,,,,259,,autovla_misalignment_poc/outputs/horizon_controlled_window/summary.json :: analyses/in10/t*=0/A+/N/2/windows/5/rediverge_given_stab_full
10 horizon_controlled_window,"in-distribution 10-token, t*=0",A+,win6,2,fde@release+N,1.3786,0.9435,1.9559,m,94.7337,77.0131,99.9659,(Normal_same_poses - win)/(Normal_same_poses - Full_same_poses),336,50,autovla_misalignment_poc/outputs/horizon_controlled_window/summary.json :: analyses/in10/t*=0/A+/N/2/windows/6/level/fde
10 horizon_controlled_window,"in-distribution 10-token, t*=0",A+,win6,2,ade@release+N,1.2651,0.8745,1.7564,m,97.0595,86.7178,100.0273,(Normal_same_poses - win)/(Normal_same_poses - Full_same_poses),336,50,autovla_misalignment_poc/outputs/horizon_controlled_window/summary.json :: analyses/in10/t*=0/A+/N/2/windows/6/level/ade
10 horizon_controlled_window,"in-distribution 10-token, t*=0",A+,win6,2,amplification (FDE@release+N > 3 m),7.7381,3.0508,14.1371,%,98.5507,92.3077,100.0,(Normal_same_poses - win)/(Normal_same_poses - Full_same_poses),336,50,autovla_misalignment_poc/outputs/horizon_controlled_window/summary.json :: analyses/in10/t*=0/A+/N/2/windows/6/level/amp
10 horizon_controlled_window,"in-distribution 10-token, t*=0",A+,win6,2,FDE@release+N > 2 m,16.369,10.0796,25.7289,%,99.0099,91.778,102.4703,(Normal_same_poses - win)/(Normal_same_poses - Full_same_poses),336,50,autovla_misalignment_poc/outputs/horizon_controlled_window/summary.json :: analyses/in10/t*=0/A+/N/2/windows/6/level/amp2
10 horizon_controlled_window,"in-distribution 10-token, t*=0",A+,win6,2,re-divergence: FDE>2 m after N given error<=1 m at release,1.6194,0.0,6.1538,%,,,,,247,,autovla_misalignment_poc/outputs/horizon_controlled_window/summary.json :: analyses/in10/t*=0/A+/N/2/windows/6/rediverge_given_stab
10 horizon_controlled_window,"in-distribution 10-token, t*=0",A+,Full (same poses as win6),2,re-divergence: FDE>2 m after N given error<=1 m at release,1.6194,0.0,6.1538,%,,,,,247,,autovla_misalignment_poc/outputs/horizon_controlled_window/summary.json :: analyses/in10/t*=0/A+/N/2/windows/6/rediverge_given_stab_full
10 horizon_controlled_window,"in-distribution 10-token, t*=0",A+,normal,3,fde@release+N,1.0186,0.7155,1.337,m,,,,,336,50,autovla_misalignment_poc/outputs/horizon_controlled_window/summary.json :: analyses/in10/t*=0/A+/N/3/windows/0/level/fde
10 horizon_controlled_window,"in-distribution 10-token, t*=0",A+,normal,3,ade@release+N,0.7419,0.5123,0.9849,m,,,,,336,50,autovla_misalignment_poc/outputs/horizon_controlled_window/summary.json :: analyses/in10/t*=0/A+/N/3/windows/0/level/ade
10 horizon_controlled_window,"in-distribution 10-token, t*=0",A+,normal,3,amplification (FDE@release+N > 3 m),8.3333,2.6201,14.4473,%,,,,,336,50,autovla_misalignment_poc/outputs/horizon_controlled_window/summary.json :: analyses/in10/t*=0/A+/N/3/windows/0/level/amp
10 horizon_controlled_window,"in-distribution 10-token, t*=0",A+,normal,3,FDE@release+N > 2 m,11.6071,3.691,18.3476,%,,,,,336,50,autovla_misalignment_poc/outputs/horizon_controlled_window/summary.json :: analyses/in10/t*=0/A+/N/3/windows/0/level/amp2
10 horizon_controlled_window,"in-distribution 10-token, t*=0",A+,win1,3,fde@release+N,0.8398,0.5756,1.1472,m,76.9637,61.4349,85.561,(Normal_same_poses - win)/(Normal_same_poses - Full_same_poses),336,50,autovla_misalignment_poc/outputs/horizon_controlled_window/summary.json :: analyses/in10/t*=0/A+/N/3/windows/1/level/fde
10 horizon_controlled_window,"in-distribution 10-token, t*=0",A+,win1,3,ade@release+N,0.6575,0.4507,0.9195,m,82.0868,68.5799,88.6346,(Normal_same_poses - win)/(Normal_same_poses - Full_same_poses),336,50,autovla_misalignment_poc/outputs/horizon_controlled_window/summary.json :: analyses/in10/t*=0/A+/N/3/windows/1/level/ade
10 horizon_controlled_window,"in-distribution 10-token, t*=0",A+,win1,3,amplification (FDE@release+N > 3 m),3.869,0.0,10.077,%,88.0,50.0,100.0,(Normal_same_poses - win)/(Normal_same_poses - Full_same_poses),336,50,autovla_misalignment_poc/outputs/horizon_controlled_window/summary.json :: analyses/in10/t*=0/A+/N/3/windows/1/level/amp
10 horizon_controlled_window,"in-distribution 10-token, t*=0",A+,win1,3,FDE@release+N > 2 m,7.1429,0.9389,13.7199,%,82.0513,58.3333,105.7185,(Normal_same_poses - win)/(Normal_same_poses - Full_same_poses),336,50,autovla_misalignment_poc/outputs/horizon_controlled_window/summary.json :: analyses/in10/t*=0/A+/N/3/windows/1/level/amp2
10 horizon_controlled_window,"in-distribution 10-token, t*=0",A+,win1,3,re-divergence: FDE>2 m after N given error<=1 m at release,3.1447,0.0,5.4179,%,,,,,318,,autovla_misalignment_poc/outputs/horizon_controlled_window/summary.json :: analyses/in10/t*=0/A+/N/3/windows/1/rediverge_given_stab
10 horizon_controlled_window,"in-distribution 10-token, t*=0",A+,Full (same poses as win1),3,re-divergence: FDE>2 m after N given error<=1 m at release,0.9434,0.0,1.7391,%,,,,,318,,autovla_misalignment_poc/outputs/horizon_controlled_window/summary.json :: analyses/in10/t*=0/A+/N/3/windows/1/rediverge_given_stab_full
10 horizon_controlled_window,"in-distribution 10-token, t*=0",A+,win2,3,fde@release+N,0.8995,0.5823,1.2237,m,90.5583,81.0994,100.2285,(Normal_same_poses - win)/(Normal_same_poses - Full_same_poses),336,50,autovla_misalignment_poc/outputs/horizon_controlled_window/summary.json :: analyses/in10/t*=0/A+/N/3/windows/2/level/fde
10 horizon_controlled_window,"in-distribution 10-token, t*=0",A+,win2,3,ade@release+N,0.7366,0.4835,1.0227,m,93.524,85.9536,100.4308,(Normal_same_poses - win)/(Normal_same_poses - Full_same_poses),336,50,autovla_misalignment_poc/outputs/horizon_controlled_window/summary.json :: analyses/in10/t*=0/A+/N/3/windows/2/level/ade
10 horizon_controlled_window,"in-distribution 10-token, t*=0",A+,win2,3,amplification (FDE@release+N > 3 m),4.1667,0.0,10.001,%,93.5484,89.4737,100.0,(Normal_same_poses - win)/(Normal_same_poses - Full_same_poses),336,50,autovla_misalignment_poc/outputs/horizon_controlled_window/summary.json :: analyses/in10/t*=0/A+/N/3/windows/2/level/amp
10 horizon_controlled_window,"in-distribution 10-token, t*=0",A+,win2,3,FDE@release+N > 2 m,8.3333,1.4702,14.9016,%,88.3333,71.4286,103.2258,(Normal_same_poses - win)/(Normal_same_poses - Full_same_poses),336,50,autovla_misalignment_poc/outputs/horizon_controlled_window/summary.json :: analyses/in10/t*=0/A+/N/3/windows/2/level/amp2
10 horizon_controlled_window,"in-distribution 10-token, t*=0",A+,win2,3,re-divergence: FDE>2 m after N given error<=1 m at release,2.9221,0.0,6.2745,%,,,,,308,,autovla_misalignment_poc/outputs/horizon_controlled_window/summary.json :: analyses/in10/t*=0/A+/N/3/windows/2/rediverge_given_stab
10 horizon_controlled_window,"in-distribution 10-token, t*=0",A+,Full (same poses as win2),3,re-divergence: FDE>2 m after N given error<=1 m at release,0.6494,0.0,1.3668,%,,,,,308,,autovla_misalignment_poc/outputs/horizon_controlled_window/summary.json :: analyses/in10/t*=0/A+/N/3/windows/2/rediverge_given_stab_full
10 horizon_controlled_window,"in-distribution 10-token, t*=0",A+,win3,3,fde@release+N,0.995,0.6756,1.3687,m,95.7129,91.7594,98.5525,(Normal_same_poses - win)/(Normal_same_poses - Full_same_poses),336,50,autovla_misalignment_poc/outputs/horizon_controlled_window/summary.json :: analyses/in10/t*=0/A+/N/3/windows/3/level/fde
10 horizon_controlled_window,"in-distribution 10-token, t*=0",A+,win3,3,ade@release+N,0.8431,0.5718,1.1799,m,97.3596,93.9243,99.2148,(Normal_same_poses - win)/(Normal_same_poses - Full_same_poses),336,50,autovla_misalignment_poc/outputs/horizon_controlled_window/summary.json :: analyses/in10/t*=0/A+/N/3/windows/3/level/ade
10 horizon_controlled_window,"in-distribution 10-token, t*=0",A+,win3,3,amplification (FDE@release+N > 3 m),4.1667,0.518,10.2567,%,100.0,100.0,100.0,(Normal_same_poses - win)/(Normal_same_poses - Full_same_poses),336,50,autovla_misalignment_poc/outputs/horizon_controlled_window/summary.json :: analyses/in10/t*=0/A+/N/3/windows/3/level/amp
10 horizon_controlled_window,"in-distribution 10-token, t*=0",A+,win3,3,FDE@release+N > 2 m,11.3095,5.4047,18.8987,%,93.1507,86.5664,100.0,(Normal_same_poses - win)/(Normal_same_poses - Full_same_poses),336,50,autovla_misalignment_poc/outputs/horizon_controlled_window/summary.json :: analyses/in10/t*=0/A+/N/3/windows/3/level/amp2
10 horizon_controlled_window,"in-distribution 10-token, t*=0",A+,win3,3,re-divergence: FDE>2 m after N given error<=1 m at release,2.027,0.4975,3.8095,%,,,,,296,,autovla_misalignment_poc/outputs/horizon_controlled_window/summary.json :: analyses/in10/t*=0/A+/N/3/windows/3/rediverge_given_stab
10 horizon_controlled_window,"in-distribution 10-token, t*=0",A+,Full (same poses as win3),3,re-divergence: FDE>2 m after N given error<=1 m at release,1.0135,0.0,2.4876,%,,,,,296,,autovla_misalignment_poc/outputs/horizon_controlled_window/summary.json :: analyses/in10/t*=0/A+/N/3/windows/3/rediverge_given_stab_full
10 horizon_controlled_window,"in-distribution 10-token, t*=0",A+,win4,3,fde@release+N,1.1983,0.8477,1.6181,m,96.1742,92.9202,99.3189,(Normal_same_poses - win)/(Normal_same_poses - Full_same_poses),336,50,autovla_misalignment_poc/outputs/horizon_controlled_window/summary.json :: analyses/in10/t*=0/A+/N/3/windows/4/level/fde
10 horizon_controlled_window,"in-distribution 10-token, t*=0",A+,win4,3,ade@release+N,0.9986,0.6887,1.3719,m,97.6002,95.4487,99.6964,(Normal_same_poses - win)/(Normal_same_poses - Full_same_poses),336,50,autovla_misalignment_poc/outputs/horizon_controlled_window/summary.json :: analyses/in10/t*=0/A+/N/3/windows/4/level/ade
10 horizon_controlled_window,"in-distribution 10-token, t*=0",A+,win4,3,amplification (FDE@release+N > 3 m),6.5476,2.0821,13.1739,%,100.0,94.5946,103.4483,(Normal_same_poses - win)/(Normal_same_poses - Full_same_poses),336,50,autovla_misalignment_poc/outputs/horizon_controlled_window/summary.json :: analyses/in10/t*=0/A+/N/3/windows/4/level/amp
10 horizon_controlled_window,"in-distribution 10-token, t*=0",A+,win4,3,FDE@release+N > 2 m,14.2857,8.62,21.8147,%,96.3415,90.4739,102.3817,(Normal_same_poses - win)/(Normal_same_poses - Full_same_poses),336,50,autovla_misalignment_poc/outputs/horizon_controlled_window/summary.json :: analyses/in10/t*=0/A+/N/3/windows/4/level/amp2
10 horizon_controlled_window,"in-distribution 10-token, t*=0",A+,win4,3,re-divergence: FDE>2 m after N given error<=1 m at release,1.7921,0.0,5.8252,%,,,,,279,,autovla_misalignment_poc/outputs/horizon_controlled_window/summary.json :: analyses/in10/t*=0/A+/N/3/windows/4/rediverge_given_stab
10 horizon_controlled_window,"in-distribution 10-token, t*=0",A+,Full (same poses as win4),3,re-divergence: FDE>2 m after N given error<=1 m at release,1.4337,0.0,5.5172,%,,,,,279,,autovla_misalignment_poc/outputs/horizon_controlled_window/summary.json :: analyses/in10/t*=0/A+/N/3/windows/4/rediverge_given_stab_full
10 horizon_controlled_window,"in-distribution 10-token, t*=0",A+,win5,3,fde@release+N,1.3877,0.9585,1.9554,m,94.145,76.4207,99.4681,(Normal_same_poses - win)/(Normal_same_poses - Full_same_poses),336,50,autovla_misalignment_poc/outputs/horizon_controlled_window/summary.json :: analyses/in10/t*=0/A+/N/3/windows/5/level/fde
10 horizon_controlled_window,"in-distribution 10-token, t*=0",A+,win5,3,ade@release+N,1.166,0.8183,1.6068,m,97.4001,90.1569,99.7265,(Normal_same_poses - win)/(Normal_same_poses - Full_same_poses),336,50,autovla_misalignment_poc/outputs/horizon_controlled_window/summary.json :: analyses/in10/t*=0/A+/N/3/windows/5/level/ade
10 horizon_controlled_window,"in-distribution 10-token, t*=0",A+,win5,3,amplification (FDE@release+N > 3 m),8.0357,3.408,14.3443,%,97.1014,89.2857,100.0,(Normal_same_poses - win)/(Normal_same_poses - Full_same_poses),336,50,autovla_misalignment_poc/outputs/horizon_controlled_window/summary.json :: analyses/in10/t*=0/A+/N/3/windows/5/level/amp
10 horizon_controlled_window,"in-distribution 10-token, t*=0",A+,win5,3,FDE@release+N > 2 m,16.369,10.0796,25.7289,%,99.0099,91.778,102.4703,(Normal_same_poses - win)/(Normal_same_poses - Full_same_poses),336,50,autovla_misalignment_poc/outputs/horizon_controlled_window/summary.json :: analyses/in10/t*=0/A+/N/3/windows/5/level/amp2
10 horizon_controlled_window,"in-distribution 10-token, t*=0",A+,win5,3,re-divergence: FDE>2 m after N given error<=1 m at release,1.9305,0.0,6.515,%,,,,,259,,autovla_misalignment_poc/outputs/horizon_controlled_window/summary.json :: analyses/in10/t*=0/A+/N/3/windows/5/rediverge_given_stab
10 horizon_controlled_window,"in-distribution 10-token, t*=0",A+,Full (same poses as win5),3,re-divergence: FDE>2 m after N given error<=1 m at release,1.5444,0.0,5.8187,%,,,,,259,,autovla_misalignment_poc/outputs/horizon_controlled_window/summary.json :: analyses/in10/t*=0/A+/N/3/windows/5/rediverge_given_stab_full
10 horizon_controlled_window,"in-distribution 10-token, t*=0",A+,normal,4,fde@release+N,1.3318,0.9615,1.7154,m,,,,,336,50,autovla_misalignment_poc/outputs/horizon_controlled_window/summary.json :: analyses/in10/t*=0/A+/N/4/windows/0/level/fde
10 horizon_controlled_window,"in-distribution 10-token, t*=0",A+,normal,4,ade@release+N,0.8894,0.628,1.1667,m,,,,,336,50,autovla_misalignment_poc/outputs/horizon_controlled_window/summary.json :: analyses/in10/t*=0/A+/N/4/windows/0/level/ade
10 horizon_controlled_window,"in-distribution 10-token, t*=0",A+,normal,4,amplification (FDE@release+N > 3 m),10.4167,3.691,16.6015,%,,,,,336,50,autovla_misalignment_poc/outputs/horizon_controlled_window/summary.json :: analyses/in10/t*=0/A+/N/4/windows/0/level/amp
10 horizon_controlled_window,"in-distribution 10-token, t*=0",A+,normal,4,FDE@release+N > 2 m,16.6667,7.7252,23.3924,%,,,,,336,50,autovla_misalignment_poc/outputs/horizon_controlled_window/summary.json :: analyses/in10/t*=0/A+/N/4/windows/0/level/amp2
10 horizon_controlled_window,"in-distribution 10-token, t*=0",A+,win1,4,fde@release+N,1.0634,0.726,1.4245,m,71.0236,55.8206,82.6707,(Normal_same_poses - win)/(Normal_same_poses - Full_same_poses),336,50,autovla_misalignment_poc/outputs/horizon_controlled_window/summary.json :: analyses/in10/t*=0/A+/N/4/windows/1/level/fde
10 horizon_controlled_window,"in-distribution 10-token, t*=0",A+,win1,4,ade@release+N,0.759,0.5208,1.0389,m,77.854,63.4163,85.8078,(Normal_same_poses - win)/(Normal_same_poses - Full_same_poses),336,50,autovla_misalignment_poc/outputs/horizon_controlled_window/summary.json :: analyses/in10/t*=0/A+/N/4/windows/1/level/ade
10 horizon_controlled_window,"in-distribution 10-token, t*=0",A+,win1,4,amplification (FDE@release+N > 3 m),5.6548,0.9342,12.5329,%,77.4194,42.8571,92.8571,(Normal_same_poses - win)/(Normal_same_poses - Full_same_poses),336,50,autovla_misalignment_poc/outputs/horizon_controlled_window/summary.json :: analyses/in10/t*=0/A+/N/4/windows/1/level/amp
10 horizon_controlled_window,"in-distribution 10-token, t*=0",A+,win1,4,FDE@release+N > 2 m,12.2024,4.694,19.6995,%,66.6667,38.7078,91.1778,(Normal_same_poses - win)/(Normal_same_poses - Full_same_poses),336,50,autovla_misalignment_poc/outputs/horizon_controlled_window/summary.json :: analyses/in10/t*=0/A+/N/4/windows/1/level/amp2
10 horizon_controlled_window,"in-distribution 10-token, t*=0",A+,win1,4,re-divergence: FDE>2 m after N given error<=1 m at release,8.4906,2.7014,14.7652,%,,,,,318,,autovla_misalignment_poc/outputs/horizon_controlled_window/summary.json :: analyses/in10/t*=0/A+/N/4/windows/1/rediverge_given_stab
10 horizon_controlled_window,"in-distribution 10-token, t*=0",A+,Full (same poses as win1),4,re-divergence: FDE>2 m after N given error<=1 m at release,2.2013,0.0,3.4425,%,,,,,318,,autovla_misalignment_poc/outputs/horizon_controlled_window/summary.json :: analyses/in10/t*=0/A+/N/4/windows/1/rediverge_given_stab_full
10 horizon_controlled_window,"in-distribution 10-token, t*=0",A+,win2,4,fde@release+N,1.0852,0.7002,1.4287,m,87.2042,76.9634,99.3395,(Normal_same_poses - win)/(Normal_same_poses - Full_same_poses),336,50,autovla_misalignment_poc/outputs/horizon_controlled_window/summary.json :: analyses/in10/t*=0/A+/N/4/windows/2/level/fde
10 horizon_controlled_window,"in-distribution 10-token, t*=0",A+,win2,4,ade@release+N,0.8237,0.539,1.1233,m,91.2799,82.5871,100.0254,(Normal_same_poses - win)/(Normal_same_poses - Full_same_poses),336,50,autovla_misalignment_poc/outputs/horizon_controlled_window/summary.json :: analyses/in10/t*=0/A+/N/4/windows/2/level/ade
10 horizon_controlled_window,"in-distribution 10-token, t*=0",A+,win2,4,amplification (FDE@release+N > 3 m),5.6548,0.8657,11.2961,%,89.1304,83.0189,100.0,(Normal_same_poses - win)/(Normal_same_poses - Full_same_poses),336,50,autovla_misalignment_poc/outputs/horizon_controlled_window/summary.json :: analyses/in10/t*=0/A+/N/4/windows/2/level/amp
10 horizon_controlled_window,"in-distribution 10-token, t*=0",A+,win2,4,FDE@release+N > 2 m,13.6905,5.9071,22.441,%,82.1918,60.3436,105.7185,(Normal_same_poses - win)/(Normal_same_poses - Full_same_poses),336,50,autovla_misalignment_poc/outputs/horizon_controlled_window/summary.json :: analyses/in10/t*=0/A+/N/4/windows/2/level/amp2
10 horizon_controlled_window,"in-distribution 10-token, t*=0",A+,win2,4,re-divergence: FDE>2 m after N given error<=1 m at release,8.1169,2.7321,15.2098,%,,,,,308,,autovla_misalignment_poc/outputs/horizon_controlled_window/summary.json :: analyses/in10/t*=0/A+/N/4/windows/2/rediverge_given_stab
10 horizon_controlled_window,"in-distribution 10-token, t*=0",A+,Full (same poses as win2),4,re-divergence: FDE>2 m after N given error<=1 m at release,3.5714,1.9124,6.1986,%,,,,,308,,autovla_misalignment_poc/outputs/horizon_controlled_window/summary.json :: analyses/in10/t*=0/A+/N/4/windows/2/rediverge_given_stab_full
10 horizon_controlled_window,"in-distribution 10-token, t*=0",A+,win3,4,fde@release+N,1.2337,0.8706,1.6596,m,93.3273,88.6773,97.4108,(Normal_same_poses - win)/(Normal_same_poses - Full_same_poses),336,50,autovla_misalignment_poc/outputs/horizon_controlled_window/summary.json :: analyses/in10/t*=0/A+/N/4/windows/3/level/fde
10 horizon_controlled_window,"in-distribution 10-token, t*=0",A+,win3,4,ade@release+N,0.9408,0.6482,1.2997,m,96.0328,92.377,98.5489,(Normal_same_poses - win)/(Normal_same_poses - Full_same_poses),336,50,autovla_misalignment_poc/outputs/horizon_controlled_window/summary.json :: analyses/in10/t*=0/A+/N/4/windows/3/level/ade
10 horizon_controlled_window,"in-distribution 10-token, t*=0",A+,win3,4,amplification (FDE@release+N > 3 m),7.7381,2.8367,14.0,%,93.2203,83.3333,100.0,(Normal_same_poses - win)/(Normal_same_poses - Full_same_poses),336,50,autovla_misalignment_poc/outputs/horizon_controlled_window/summary.json :: analyses/in10/t*=0/A+/N/4/windows/3/level/amp
10 horizon_controlled_window,"in-distribution 10-token, t*=0",A+,win3,4,FDE@release+N > 2 m,16.9643,9.4083,25.3396,%,85.3659,74.226,97.779,(Normal_same_poses - win)/(Normal_same_poses - Full_same_poses),336,50,autovla_misalignment_poc/outputs/horizon_controlled_window/summary.json :: analyses/in10/t*=0/A+/N/4/windows/3/level/amp2
10 horizon_controlled_window,"in-distribution 10-token, t*=0",A+,win3,4,re-divergence: FDE>2 m after N given error<=1 m at release,7.7703,3.636,12.3533,%,,,,,296,,autovla_misalignment_poc/outputs/horizon_controlled_window/summary.json :: analyses/in10/t*=0/A+/N/4/windows/3/rediverge_given_stab
10 horizon_controlled_window,"in-distribution 10-token, t*=0",A+,Full (same poses as win3),4,re-divergence: FDE>2 m after N given error<=1 m at release,4.0541,1.0149,8.1081,%,,,,,296,,autovla_misalignment_poc/outputs/horizon_controlled_window/summary.json :: analyses/in10/t*=0/A+/N/4/windows/3/rediverge_given_stab_full
10 horizon_controlled_window,"in-distribution 10-token, t*=0",A+,win4,4,fde@release+N,1.4649,1.031,1.9981,m,89.1129,70.0859,97.4018,(Normal_same_poses - win)/(Normal_same_poses - Full_same_poses),336,50,autovla_misalignment_poc/outputs/horizon_controlled_window/summary.json :: analyses/in10/t*=0/A+/N/4/windows/4/level/fde
10 horizon_controlled_window,"in-distribution 10-token, t*=0",A+,win4,4,ade@release+N,1.1152,0.7855,1.5109,m,94.8172,88.1503,98.5528,(Normal_same_poses - win)/(Normal_same_poses - Full_same_poses),336,50,autovla_misalignment_poc/outputs/horizon_controlled_window/summary.json :: analyses/in10/t*=0/A+/N/4/windows/4/level/ade
10 horizon_controlled_window,"in-distribution 10-token, t*=0",A+,win4,4,amplification (FDE@release+N > 3 m),9.8214,5.5408,15.8389,%,88.4058,74.3553,93.75,(Normal_same_poses - win)/(Normal_same_poses - Full_same_poses),336,50,autovla_misalignment_poc/outputs/horizon_controlled_window/summary.json :: analyses/in10/t*=0/A+/N/4/windows/4/level/amp
10 horizon_controlled_window,"in-distribution 10-token, t*=0",A+,win4,4,FDE@release+N > 2 m,19.9405,12.4295,28.9172,%,87.1287,73.9105,97.6774,(Normal_same_poses - win)/(Normal_same_poses - Full_same_poses),336,50,autovla_misalignment_poc/outputs/horizon_controlled_window/summary.json :: analyses/in10/t*=0/A+/N/4/windows/4/level/amp2
10 horizon_controlled_window,"in-distribution 10-token, t*=0",A+,win4,4,re-divergence: FDE>2 m after N given error<=1 m at release,6.81,2.8702,12.5,%,,,,,279,,autovla_misalignment_poc/outputs/horizon_controlled_window/summary.json :: analyses/in10/t*=0/A+/N/4/windows/4/rediverge_given_stab
10 horizon_controlled_window,"in-distribution 10-token, t*=0",A+,Full (same poses as win4),4,re-divergence: FDE>2 m after N given error<=1 m at release,2.8674,0.6451,7.3306,%,,,,,279,,autovla_misalignment_poc/outputs/horizon_controlled_window/summary.json :: analyses/in10/t*=0/A+/N/4/windows/4/rediverge_given_stab_full
10 horizon_controlled_window,"in-distribution 10-token, t*<=1",A-,normal,1,fde@release+N,0.8796,0.6637,1.1198,m,,,,,277,39,autovla_misalignment_poc/outputs/horizon_controlled_window/summary.json :: analyses/in10/t*<=1/A-/N/1/windows/0/level/fde
10 horizon_controlled_window,"in-distribution 10-token, t*<=1",A-,normal,1,ade@release+N,0.8796,0.6637,1.1198,m,,,,,277,39,autovla_misalignment_poc/outputs/horizon_controlled_window/summary.json :: analyses/in10/t*<=1/A-/N/1/windows/0/level/ade
10 horizon_controlled_window,"in-distribution 10-token, t*<=1",A-,normal,1,amplification (FDE@release+N > 3 m),3.9711,0.54,8.9563,%,,,,,277,39,autovla_misalignment_poc/outputs/horizon_controlled_window/summary.json :: analyses/in10/t*<=1/A-/N/1/windows/0/level/amp
10 horizon_controlled_window,"in-distribution 10-token, t*<=1",A-,normal,1,FDE@release+N > 2 m,10.1083,3.378,19.0056,%,,,,,277,39,autovla_misalignment_poc/outputs/horizon_controlled_window/summary.json :: analyses/in10/t*<=1/A-/N/1/windows/0/level/amp2
10 horizon_controlled_window,"in-distribution 10-token, t*<=1",A-,win1,1,fde@release+N,0.847,0.6422,1.0837,m,87.1784,78.9909,94.2292,(Normal_same_poses - win)/(Normal_same_poses - Full_same_poses),277,39,autovla_misalignment_poc/outputs/horizon_controlled_window/summary.json :: analyses/in10/t*<=1/A-/N/1/windows/1/level/fde
10 horizon_controlled_window,"in-distribution 10-token, t*<=1",A-,win1,1,ade@release+N,0.847,0.6422,1.0837,m,87.1784,78.9909,94.2292,(Normal_same_poses - win)/(Normal_same_poses - Full_same_poses),277,39,autovla_misalignment_poc/outputs/horizon_controlled_window/summary.json :: analyses/in10/t*<=1/A-/N/1/windows/1/level/ade
10 horizon_controlled_window,"in-distribution 10-token, t*<=1",A-,win1,1,amplification (FDE@release+N > 3 m),3.6101,0.8297,7.6051,%,90.9091,70.5882,100.0,(Normal_same_poses - win)/(Normal_same_poses - Full_same_poses),277,39,autovla_misalignment_poc/outputs/horizon_controlled_window/summary.json :: analyses/in10/t*<=1/A-/N/1/windows/1/level/amp
10 horizon_controlled_window,"in-distribution 10-token, t*<=1",A-,win1,1,FDE@release+N > 2 m,9.7473,2.8275,18.6283,%,90.4762,66.6667,105.8824,(Normal_same_poses - win)/(Normal_same_poses - Full_same_poses),277,39,autovla_misalignment_poc/outputs/horizon_controlled_window/summary.json :: analyses/in10/t*<=1/A-/N/1/windows/1/level/amp2
10 horizon_controlled_window,"in-distribution 10-token, t*<=1",A-,win1,1,re-divergence: FDE>2 m after N given error<=1 m at release,0.4329,0.0,1.9425,%,,,,,231,,autovla_misalignment_poc/outputs/horizon_controlled_window/summary.json :: analyses/in10/t*<=1/A-/N/1/windows/1/rediverge_given_stab
10 horizon_controlled_window,"in-distribution 10-token, t*<=1",A-,Full (same poses as win1),1,re-divergence: FDE>2 m after N given error<=1 m at release,0.0,0.0,0.0,%,,,,,231,,autovla_misalignment_poc/outputs/horizon_controlled_window/summary.json :: analyses/in10/t*<=1/A-/N/1/windows/1/rediverge_given_stab_full
10 horizon_controlled_window,"in-distribution 10-token, t*<=1",A-,win2,1,fde@release+N,0.9756,0.7089,1.3139,m,96.7331,92.5572,99.1342,(Normal_same_poses - win)/(Normal_same_poses - Full_same_poses),277,39,autovla_misalignment_poc/outputs/horizon_controlled_window/summary.json :: analyses/in10/t*<=1/A-/N/1/windows/2/level/fde
10 horizon_controlled_window,"in-distribution 10-token, t*<=1",A-,win2,1,ade@release+N,0.9756,0.7089,1.3139,m,96.7331,92.5572,99.1342,(Normal_same_poses - win)/(Normal_same_poses - Full_same_poses),277,39,autovla_misalignment_poc/outputs/horizon_controlled_window/summary.json :: analyses/in10/t*<=1/A-/N/1/windows/2/level/ade
10 horizon_controlled_window,"in-distribution 10-token, t*<=1",A-,win2,1,amplification (FDE@release+N > 3 m),5.7762,1.242,12.0651,%,102.0833,100.0,109.098,(Normal_same_poses - win)/(Normal_same_poses - Full_same_poses),277,39,autovla_misalignment_poc/outputs/horizon_controlled_window/summary.json :: analyses/in10/t*<=1/A-/N/1/windows/2/level/amp
10 horizon_controlled_window,"in-distribution 10-token, t*<=1",A-,win2,1,FDE@release+N > 2 m,12.2744,4.7816,22.2222,%,94.4444,79.9872,104.0,(Normal_same_poses - win)/(Normal_same_poses - Full_same_poses),277,39,autovla_misalignment_poc/outputs/horizon_controlled_window/summary.json :: analyses/in10/t*<=1/A-/N/1/windows/2/level/amp2
10 horizon_controlled_window,"in-distribution 10-token, t*<=1",A-,win2,1,re-divergence: FDE>2 m after N given error<=1 m at release,0.0,0.0,0.0,%,,,,,220,,autovla_misalignment_poc/outputs/horizon_controlled_window/summary.json :: analyses/in10/t*<=1/A-/N/1/windows/2/rediverge_given_stab
10 horizon_controlled_window,"in-distribution 10-token, t*<=1",A-,Full (same poses as win2),1,re-divergence: FDE>2 m after N given error<=1 m at release,0.0,0.0,0.0,%,,,,,220,,autovla_misalignment_poc/outputs/horizon_controlled_window/summary.json :: analyses/in10/t*<=1/A-/N/1/windows/2/rediverge_given_stab_full
10 horizon_controlled_window,"in-distribution 10-token, t*<=1",A-,win3,1,fde@release+N,1.1498,0.8132,1.5873,m,98.9291,97.678,99.6871,(Normal_same_poses - win)/(Normal_same_poses - Full_same_poses),277,39,autovla_misalignment_poc/outputs/horizon_controlled_window/summary.json :: analyses/in10/t*<=1/A-/N/1/windows/3/level/fde
10 horizon_controlled_window,"in-distribution 10-token, t*<=1",A-,win3,1,ade@release+N,1.1498,0.8132,1.5873,m,98.9291,97.678,99.6871,(Normal_same_poses - win)/(Normal_same_poses - Full_same_poses),277,39,autovla_misalignment_poc/outputs/horizon_controlled_window/summary.json :: analyses/in10/t*<=1/A-/N/1/windows/3/level/ade
10 horizon_controlled_window,"in-distribution 10-token, t*<=1",A-,win3,1,amplification (FDE@release+N > 3 m),8.3032,1.6446,17.1062,%,97.1831,90.9056,100.0,(Normal_same_poses - win)/(Normal_same_poses - Full_same_poses),277,39,autovla_misalignment_poc/outputs/horizon_controlled_window/summary.json :: analyses/in10/t*<=1/A-/N/1/windows/3/level/amp
10 horizon_controlled_window,"in-distribution 10-token, t*<=1",A-,win3,1,FDE@release+N > 2 m,13.3574,4.3658,25.3828,%,99.1803,95.7746,100.0,(Normal_same_poses - win)/(Normal_same_poses - Full_same_poses),277,39,autovla_misalignment_poc/outputs/horizon_controlled_window/summary.json :: analyses/in10/t*<=1/A-/N/1/windows/3/level/amp2
10 horizon_controlled_window,"in-distribution 10-token, t*<=1",A-,win3,1,re-divergence: FDE>2 m after N given error<=1 m at release,0.0,0.0,0.0,%,,,,,201,,autovla_misalignment_poc/outputs/horizon_controlled_window/summary.json :: analyses/in10/t*<=1/A-/N/1/windows/3/rediverge_given_stab
10 horizon_controlled_window,"in-distribution 10-token, t*<=1",A-,Full (same poses as win3),1,re-divergence: FDE>2 m after N given error<=1 m at release,0.0,0.0,0.0,%,,,,,201,,autovla_misalignment_poc/outputs/horizon_controlled_window/summary.json :: analyses/in10/t*<=1/A-/N/1/windows/3/rediverge_given_stab_full
10 horizon_controlled_window,"in-distribution 10-token, t*<=1",A-,win4,1,fde@release+N,1.3526,0.9533,1.8601,m,100.0854,99.67,100.5297,(Normal_same_poses - win)/(Normal_same_poses - Full_same_poses),277,39,autovla_misalignment_poc/outputs/horizon_controlled_window/summary.json :: analyses/in10/t*<=1/A-/N/1/windows/4/level/fde
10 horizon_controlled_window,"in-distribution 10-token, t*<=1",A-,win4,1,ade@release+N,1.3526,0.9533,1.8601,m,100.0854,99.67,100.5297,(Normal_same_poses - win)/(Normal_same_poses - Full_same_poses),277,39,autovla_misalignment_poc/outputs/horizon_controlled_window/summary.json :: analyses/in10/t*<=1/A-/N/1/windows/4/level/ade
10 horizon_controlled_window,"in-distribution 10-token, t*<=1",A-,win4,1,amplification (FDE@release+N > 3 m),9.7473,2.7577,18.824,%,100.0,100.0,100.0,(Normal_same_poses - win)/(Normal_same_poses - Full_same_poses),277,39,autovla_misalignment_poc/outputs/horizon_controlled_window/summary.json :: analyses/in10/t*<=1/A-/N/1/windows/4/level/amp
10 horizon_controlled_window,"in-distribution 10-token, t*<=1",A-,win4,1,FDE@release+N > 2 m,19.4946,10.7621,32.0938,%,100.0,100.0,100.0,(Normal_same_poses - win)/(Normal_same_poses - Full_same_poses),277,39,autovla_misalignment_poc/outputs/horizon_controlled_window/summary.json :: analyses/in10/t*<=1/A-/N/1/windows/4/level/amp2
10 horizon_controlled_window,"in-distribution 10-token, t*<=1",A-,win4,1,re-divergence: FDE>2 m after N given error<=1 m at release,0.0,0.0,0.0,%,,,,,172,,autovla_misalignment_poc/outputs/horizon_controlled_window/summary.json :: analyses/in10/t*<=1/A-/N/1/windows/4/rediverge_given_stab
10 horizon_controlled_window,"in-distribution 10-token, t*<=1",A-,Full (same poses as win4),1,re-divergence: FDE>2 m after N given error<=1 m at release,0.0,0.0,0.0,%,,,,,172,,autovla_misalignment_poc/outputs/horizon_controlled_window/summary.json :: analyses/in10/t*<=1/A-/N/1/windows/4/rediverge_given_stab_full
10 horizon_controlled_window,"in-distribution 10-token, t*<=1",A-,win5,1,fde@release+N,1.6013,1.1251,2.2342,m,99.1654,98.3405,99.8793,(Normal_same_poses - win)/(Normal_same_poses - Full_same_poses),277,39,autovla_misalignment_poc/outputs/horizon_controlled_window/summary.json :: analyses/in10/t*<=1/A-/N/1/windows/5/level/fde
10 horizon_controlled_window,"in-distribution 10-token, t*<=1",A-,win5,1,ade@release+N,1.6013,1.1251,2.2342,m,99.1654,98.3405,99.8793,(Normal_same_poses - win)/(Normal_same_poses - Full_same_poses),277,39,autovla_misalignment_poc/outputs/horizon_controlled_window/summary.json :: analyses/in10/t*<=1/A-/N/1/windows/5/level/ade
10 horizon_controlled_window,"in-distribution 10-token, t*<=1",A-,win5,1,amplification (FDE@release+N > 3 m),12.6354,3.6131,26.8684,%,100.0,100.0,100.0,(Normal_same_poses - win)/(Normal_same_poses - Full_same_poses),277,39,autovla_misalignment_poc/outputs/horizon_controlled_window/summary.json :: analyses/in10/t*<=1/A-/N/1/windows/5/level/amp
10 horizon_controlled_window,"in-distribution 10-token, t*<=1",A-,win5,1,FDE@release+N > 2 m,24.9097,15.1492,40.0,%,100.0,100.0,100.0,(Normal_same_poses - win)/(Normal_same_poses - Full_same_poses),277,39,autovla_misalignment_poc/outputs/horizon_controlled_window/summary.json :: analyses/in10/t*<=1/A-/N/1/windows/5/level/amp2
10 horizon_controlled_window,"in-distribution 10-token, t*<=1",A-,win5,1,re-divergence: FDE>2 m after N given error<=1 m at release,0.0,0.0,0.0,%,,,,,155,,autovla_misalignment_poc/outputs/horizon_controlled_window/summary.json :: analyses/in10/t*<=1/A-/N/1/windows/5/rediverge_given_stab
10 horizon_controlled_window,"in-distribution 10-token, t*<=1",A-,Full (same poses as win5),1,re-divergence: FDE>2 m after N given error<=1 m at release,0.0,0.0,0.0,%,,,,,155,,autovla_misalignment_poc/outputs/horizon_controlled_window/summary.json :: analyses/in10/t*<=1/A-/N/1/windows/5/rediverge_given_stab_full
10 horizon_controlled_window,"in-distribution 10-token, t*<=1",A-,win6,1,fde@release+N,1.8155,1.2351,2.6052,m,100.022,99.7703,100.1815,(Normal_same_poses - win)/(Normal_same_poses - Full_same_poses),277,39,autovla_misalignment_poc/outputs/horizon_controlled_window/summary.json :: analyses/in10/t*<=1/A-/N/1/windows/6/level/fde
10 horizon_controlled_window,"in-distribution 10-token, t*<=1",A-,win6,1,ade@release+N,1.8155,1.2351,2.6052,m,100.022,99.7703,100.1815,(Normal_same_poses - win)/(Normal_same_poses - Full_same_poses),277,39,autovla_misalignment_poc/outputs/horizon_controlled_window/summary.json :: analyses/in10/t*<=1/A-/N/1/windows/6/level/ade
10 horizon_controlled_window,"in-distribution 10-token, t*<=1",A-,win6,1,amplification (FDE@release+N > 3 m),16.6065,7.0684,31.5407,%,100.7407,97.0874,102.3906,(Normal_same_poses - win)/(Normal_same_poses - Full_same_poses),277,39,autovla_misalignment_poc/outputs/horizon_controlled_window/summary.json :: analyses/in10/t*<=1/A-/N/1/windows/6/level/amp
10 horizon_controlled_window,"in-distribution 10-token, t*<=1",A-,win6,1,FDE@release+N > 2 m,28.1588,17.8213,40.7044,%,100.7299,100.0,103.4884,(Normal_same_poses - win)/(Normal_same_poses - Full_same_poses),277,39,autovla_misalignment_poc/outputs/horizon_controlled_window/summary.json :: analyses/in10/t*<=1/A-/N/1/windows/6/level/amp2
10 horizon_controlled_window,"in-distribution 10-token, t*<=1",A-,win6,1,re-divergence: FDE>2 m after N given error<=1 m at release,0.0,0.0,0.0,%,,,,,141,,autovla_misalignment_poc/outputs/horizon_controlled_window/summary.json :: analyses/in10/t*<=1/A-/N/1/windows/6/rediverge_given_stab
10 horizon_controlled_window,"in-distribution 10-token, t*<=1",A-,Full (same poses as win6),1,re-divergence: FDE>2 m after N given error<=1 m at release,0.0,0.0,0.0,%,,,,,141,,autovla_misalignment_poc/outputs/horizon_controlled_window/summary.json :: analyses/in10/t*<=1/A-/N/1/windows/6/rediverge_given_stab_full
10 horizon_controlled_window,"in-distribution 10-token, t*<=1",A-,normal,2,fde@release+N,1.4179,1.1011,1.7534,m,,,,,277,39,autovla_misalignment_poc/outputs/horizon_controlled_window/summary.json :: analyses/in10/t*<=1/A-/N/2/windows/0/level/fde
10 horizon_controlled_window,"in-distribution 10-token, t*<=1",A-,normal,2,ade@release+N,1.1487,0.8801,1.4367,m,,,,,277,39,autovla_misalignment_poc/outputs/horizon_controlled_window/summary.json :: analyses/in10/t*<=1/A-/N/2/windows/0/level/ade
10 horizon_controlled_window,"in-distribution 10-token, t*<=1",A-,normal,2,amplification (FDE@release+N > 3 m),10.8303,4.3478,19.454,%,,,,,277,39,autovla_misalignment_poc/outputs/horizon_controlled_window/summary.json :: analyses/in10/t*<=1/A-/N/2/windows/0/level/amp
10 horizon_controlled_window,"in-distribution 10-token, t*<=1",A-,normal,2,FDE@release+N > 2 m,23.4657,15.3432,33.5235,%,,,,,277,39,autovla_misalignment_poc/outputs/horizon_controlled_window/summary.json :: analyses/in10/t*<=1/A-/N/2/windows/0/level/amp2
10 horizon_controlled_window,"in-distribution 10-token, t*<=1",A-,win1,2,fde@release+N,1.1879,0.9442,1.473,m,78.4043,69.2146,86.9109,(Normal_same_poses - win)/(Normal_same_poses - Full_same_poses),277,39,autovla_misalignment_poc/outputs/horizon_controlled_window/summary.json :: analyses/in10/t*<=1/A-/N/2/windows/1/level/fde
10 horizon_controlled_window,"in-distribution 10-token, t*<=1",A-,win1,2,ade@release+N,1.0174,0.7917,1.2768,m,81.5734,72.8032,89.3795,(Normal_same_poses - win)/(Normal_same_poses - Full_same_poses),277,39,autovla_misalignment_poc/outputs/horizon_controlled_window/summary.json :: analyses/in10/t*<=1/A-/N/2/windows/1/level/ade
10 horizon_controlled_window,"in-distribution 10-token, t*<=1",A-,win1,2,amplification (FDE@release+N > 3 m),8.3032,2.4309,16.0004,%,87.5,65.8502,100.0,(Normal_same_poses - win)/(Normal_same_poses - Full_same_poses),277,39,autovla_misalignment_poc/outputs/horizon_controlled_window/summary.json :: analyses/in10/t*<=1/A-/N/2/windows/1/level/amp
10 horizon_controlled_window,"in-distribution 10-token, t*<=1",A-,win1,2,FDE@release+N > 2 m,16.9675,8.706,27.9732,%,76.3889,52.0534,94.4482,(Normal_same_poses - win)/(Normal_same_poses - Full_same_poses),277,39,autovla_misalignment_poc/outputs/horizon_controlled_window/summary.json :: analyses/in10/t*<=1/A-/N/2/windows/1/level/amp2
10 horizon_controlled_window,"in-distribution 10-token, t*<=1",A-,win1,2,re-divergence: FDE>2 m after N given error<=1 m at release,7.3593,1.851,13.9136,%,,,,,231,,autovla_misalignment_poc/outputs/horizon_controlled_window/summary.json :: analyses/in10/t*<=1/A-/N/2/windows/1/rediverge_given_stab
10 horizon_controlled_window,"in-distribution 10-token, t*<=1",A-,Full (same poses as win1),2,re-divergence: FDE>2 m after N given error<=1 m at release,0.4329,0.0,1.8753,%,,,,,231,,autovla_misalignment_poc/outputs/horizon_controlled_window/summary.json :: analyses/in10/t*<=1/A-/N/2/windows/1/rediverge_given_stab_full
10 horizon_controlled_window,"in-distribution 10-token, t*<=1",A-,win2,2,fde@release+N,1.2513,0.9156,1.6831,m,93.2552,86.9174,95.7955,(Normal_same_poses - win)/(Normal_same_poses - Full_same_poses),277,39,autovla_misalignment_poc/outputs/horizon_controlled_window/summary.json :: analyses/in10/t*<=1/A-/N/2/windows/2/level/fde
10 horizon_controlled_window,"in-distribution 10-token, t*<=1",A-,win2,2,ade@release+N,1.1135,0.8145,1.4923,m,94.6215,89.149,97.0575,(Normal_same_poses - win)/(Normal_same_poses - Full_same_poses),277,39,autovla_misalignment_poc/outputs/horizon_controlled_window/summary.json :: analyses/in10/t*<=1/A-/N/2/windows/2/level/ade
10 horizon_controlled_window,"in-distribution 10-token, t*<=1",A-,win2,2,amplification (FDE@release+N > 3 m),10.4693,3.7232,19.4094,%,88.7324,73.0769,97.3333,(Normal_same_poses - win)/(Normal_same_poses - Full_same_poses),277,39,autovla_misalignment_poc/outputs/horizon_controlled_window/summary.json :: analyses/in10/t*<=1/A-/N/2/windows/2/level/amp
10 horizon_controlled_window,"in-distribution 10-token, t*<=1",A-,win2,2,FDE@release+N > 2 m,16.6065,8.1081,27.7423,%,91.8033,82.4986,101.9271,(Normal_same_poses - win)/(Normal_same_poses - Full_same_poses),277,39,autovla_misalignment_poc/outputs/horizon_controlled_window/summary.json :: analyses/in10/t*<=1/A-/N/2/windows/2/level/amp2
10 horizon_controlled_window,"in-distribution 10-token, t*<=1",A-,win2,2,re-divergence: FDE>2 m after N given error<=1 m at release,3.1818,0.8197,7.3543,%,,,,,220,,autovla_misalignment_poc/outputs/horizon_controlled_window/summary.json :: analyses/in10/t*<=1/A-/N/2/windows/2/rediverge_given_stab
10 horizon_controlled_window,"in-distribution 10-token, t*<=1",A-,Full (same poses as win2),2,re-divergence: FDE>2 m after N given error<=1 m at release,1.8182,0.0,7.6923,%,,,,,220,,autovla_misalignment_poc/outputs/horizon_controlled_window/summary.json :: analyses/in10/t*<=1/A-/N/2/windows/2/rediverge_given_stab_full
10 horizon_controlled_window,"in-distribution 10-token, t*<=1",A-,win3,2,fde@release+N,1.4088,0.9876,1.9591,m,97.8837,95.7856,99.1102,(Normal_same_poses - win)/(Normal_same_poses - Full_same_poses),277,39,autovla_misalignment_poc/outputs/horizon_controlled_window/summary.json :: analyses/in10/t*<=1/A-/N/2/windows/3/level/fde
10 horizon_controlled_window,"in-distribution 10-token, t*<=1",A-,win3,2,ade@release+N,1.2793,0.9035,1.7701,m,98.3141,96.5914,99.3297,(Normal_same_poses - win)/(Normal_same_poses - Full_same_poses),277,39,autovla_misalignment_poc/outputs/horizon_controlled_window/summary.json :: analyses/in10/t*<=1/A-/N/2/windows/3/level/ade
10 horizon_controlled_window,"in-distribution 10-token, t*<=1",A-,win3,2,amplification (FDE@release+N > 3 m),11.1913,3.0888,21.9181,%,96.5517,89.1304,100.0,(Normal_same_poses - win)/(Normal_same_poses - Full_same_poses),277,39,autovla_misalignment_poc/outputs/horizon_controlled_window/summary.json :: analyses/in10/t*<=1/A-/N/2/windows/3/level/amp
10 horizon_controlled_window,"in-distribution 10-token, t*<=1",A-,win3,2,FDE@release+N > 2 m,21.2996,12.03,34.817,%,96.1538,90.566,98.4003,(Normal_same_poses - win)/(Normal_same_poses - Full_same_poses),277,39,autovla_misalignment_poc/outputs/horizon_controlled_window/summary.json :: analyses/in10/t*<=1/A-/N/2/windows/3/level/amp2
10 horizon_controlled_window,"in-distribution 10-token, t*<=1",A-,win3,2,re-divergence: FDE>2 m after N given error<=1 m at release,5.4726,0.9172,16.4286,%,,,,,201,,autovla_misalignment_poc/outputs/horizon_controlled_window/summary.json :: analyses/in10/t*<=1/A-/N/2/windows/3/rediverge_given_stab
10 horizon_controlled_window,"in-distribution 10-token, t*<=1",A-,Full (same poses as win3),2,re-divergence: FDE>2 m after N given error<=1 m at release,3.4826,0.0,12.952,%,,,,,201,,autovla_misalignment_poc/outputs/horizon_controlled_window/summary.json :: analyses/in10/t*<=1/A-/N/2/windows/3/rediverge_given_stab_full
10 horizon_controlled_window,"in-distribution 10-token, t*<=1",A-,win4,2,fde@release+N,1.6187,1.1637,2.2276,m,98.6657,96.9426,100.0701,(Normal_same_poses - win)/(Normal_same_poses - Full_same_poses),277,39,autovla_misalignment_poc/outputs/horizon_controlled_window/summary.json :: analyses/in10/t*<=1/A-/N/2/windows/4/level/fde
10 horizon_controlled_window,"in-distribution 10-token, t*<=1",A-,win4,2,ade@release+N,1.4856,1.0592,2.0487,m,99.266,98.1205,100.228,(Normal_same_poses - win)/(Normal_same_poses - Full_same_poses),277,39,autovla_misalignment_poc/outputs/horizon_controlled_window/summary.json :: analyses/in10/t*<=1/A-/N/2/windows/4/level/ade
10 horizon_controlled_window,"in-distribution 10-token, t*<=1",A-,win4,2,amplification (FDE@release+N > 3 m),12.6354,3.6131,26.8684,%,100.0,100.0,100.0,(Normal_same_poses - win)/(Normal_same_poses - Full_same_poses),277,39,autovla_misalignment_poc/outputs/horizon_controlled_window/summary.json :: analyses/in10/t*<=1/A-/N/2/windows/4/level/amp
10 horizon_controlled_window,"in-distribution 10-token, t*<=1",A-,win4,2,FDE@release+N > 2 m,24.9097,15.1492,40.0,%,100.0,100.0,100.0,(Normal_same_poses - win)/(Normal_same_poses - Full_same_poses),277,39,autovla_misalignment_poc/outputs/horizon_controlled_window/summary.json :: analyses/in10/t*<=1/A-/N/2/windows/4/level/amp2
10 horizon_controlled_window,"in-distribution 10-token, t*<=1",A-,win4,2,re-divergence: FDE>2 m after N given error<=1 m at release,0.5814,0.0,2.8172,%,,,,,172,,autovla_misalignment_poc/outputs/horizon_controlled_window/summary.json :: analyses/in10/t*<=1/A-/N/2/windows/4/rediverge_given_stab
10 horizon_controlled_window,"in-distribution 10-token, t*<=1",A-,Full (same poses as win4),2,re-divergence: FDE>2 m after N given error<=1 m at release,0.5814,0.0,2.8172,%,,,,,172,,autovla_misalignment_poc/outputs/horizon_controlled_window/summary.json :: analyses/in10/t*<=1/A-/N/2/windows/4/rediverge_given_stab_full
10 horizon_controlled_window,"in-distribution 10-token, t*<=1",A-,win5,2,fde@release+N,1.8926,1.3318,2.6494,m,98.3275,96.8078,99.6788,(Normal_same_poses - win)/(Normal_same_poses - Full_same_poses),277,39,autovla_misalignment_poc/outputs/horizon_controlled_window/summary.json :: analyses/in10/t*<=1/A-/N/2/windows/5/level/fde
10 horizon_controlled_window,"in-distribution 10-token, t*<=1",A-,win5,2,ade@release+N,1.7469,1.2299,2.4329,m,98.6911,97.4893,99.7695,(Normal_same_poses - win)/(Normal_same_poses - Full_same_poses),277,39,autovla_misalignment_poc/outputs/horizon_controlled_window/summary.json :: analyses/in10/t*<=1/A-/N/2/windows/5/level/ade
10 horizon_controlled_window,"in-distribution 10-token, t*<=1",A-,win5,2,amplification (FDE@release+N > 3 m),16.6065,7.0684,31.5407,%,100.7407,97.0874,102.3906,(Normal_same_poses - win)/(Normal_same_poses - Full_same_poses),277,39,autovla_misalignment_poc/outputs/horizon_controlled_window/summary.json :: analyses/in10/t*<=1/A-/N/2/windows/5/level/amp
10 horizon_controlled_window,"in-distribution 10-token, t*<=1",A-,win5,2,FDE@release+N > 2 m,29.6029,18.8749,41.0764,%,97.8102,95.0206,103.4483,(Normal_same_poses - win)/(Normal_same_poses - Full_same_poses),277,39,autovla_misalignment_poc/outputs/horizon_controlled_window/summary.json :: analyses/in10/t*<=1/A-/N/2/windows/5/level/amp2
10 horizon_controlled_window,"in-distribution 10-token, t*<=1",A-,win5,2,re-divergence: FDE>2 m after N given error<=1 m at release,0.6452,0.0,1.3333,%,,,,,155,,autovla_misalignment_poc/outputs/horizon_controlled_window/summary.json :: analyses/in10/t*<=1/A-/N/2/windows/5/rediverge_given_stab
10 horizon_controlled_window,"in-distribution 10-token, t*<=1",A-,Full (same poses as win5),2,re-divergence: FDE>2 m after N given error<=1 m at release,0.0,0.0,0.0,%,,,,,155,,autovla_misalignment_poc/outputs/horizon_controlled_window/summary.json :: analyses/in10/t*<=1/A-/N/2/windows/5/rediverge_given_stab_full
10 horizon_controlled_window,"in-distribution 10-token, t*<=1",A-,win6,2,fde@release+N,3.0703,1.4602,4.9871,m,99.4108,99.028,99.8752,(Normal_same_poses - win)/(Normal_same_poses - Full_same_poses),116,17,autovla_misalignment_poc/outputs/horizon_controlled_window/summary.json :: analyses/in10/t*<=1/A-/N/2/windows/6/level/fde
10 horizon_controlled_window,"in-distribution 10-token, t*<=1",A-,win6,2,ade@release+N,2.841,1.3677,4.6332,m,99.5683,99.2237,99.921,(Normal_same_poses - win)/(Normal_same_poses - Full_same_poses),116,17,autovla_misalignment_poc/outputs/horizon_controlled_window/summary.json :: analyses/in10/t*<=1/A-/N/2/windows/6/level/ade
10 horizon_controlled_window,"in-distribution 10-token, t*<=1",A-,win6,2,amplification (FDE@release+N > 3 m),36.2069,15.3846,59.5755,%,100.0,100.0,100.0,(Normal_same_poses - win)/(Normal_same_poses - Full_same_poses),116,17,autovla_misalignment_poc/outputs/horizon_controlled_window/summary.json :: analyses/in10/t*<=1/A-/N/2/windows/6/level/amp
10 horizon_controlled_window,"in-distribution 10-token, t*<=1",A-,win6,2,FDE@release+N > 2 m,43.9655,19.4422,67.2374,%,100.0,100.0,100.0,(Normal_same_poses - win)/(Normal_same_poses - Full_same_poses),116,17,autovla_misalignment_poc/outputs/horizon_controlled_window/summary.json :: analyses/in10/t*<=1/A-/N/2/windows/6/level/amp2
10 horizon_controlled_window,"in-distribution 10-token, t*<=1",A-,win6,2,re-divergence: FDE>2 m after N given error<=1 m at release,0.0,0.0,0.0,%,,,,,51,,autovla_misalignment_poc/outputs/horizon_controlled_window/summary.json :: analyses/in10/t*<=1/A-/N/2/windows/6/rediverge_given_stab
10 horizon_controlled_window,"in-distribution 10-token, t*<=1",A-,Full (same poses as win6),2,re-divergence: FDE>2 m after N given error<=1 m at release,0.0,0.0,0.0,%,,,,,51,,autovla_misalignment_poc/outputs/horizon_controlled_window/summary.json :: analyses/in10/t*<=1/A-/N/2/windows/6/rediverge_given_stab_full
10 horizon_controlled_window,"in-distribution 10-token, t*<=1",A-,normal,3,fde@release+N,2.0959,1.6696,2.5029,m,,,,,277,39,autovla_misalignment_poc/outputs/horizon_controlled_window/summary.json :: analyses/in10/t*<=1/A-/N/3/windows/0/level/fde
10 horizon_controlled_window,"in-distribution 10-token, t*<=1",A-,normal,3,ade@release+N,1.4645,1.1475,1.7938,m,,,,,277,39,autovla_misalignment_poc/outputs/horizon_controlled_window/summary.json :: analyses/in10/t*<=1/A-/N/3/windows/0/level/ade
10 horizon_controlled_window,"in-distribution 10-token, t*<=1",A-,normal,3,amplification (FDE@release+N > 3 m),23.4657,16.2861,32.6101,%,,,,,277,39,autovla_misalignment_poc/outputs/horizon_controlled_window/summary.json :: analyses/in10/t*<=1/A-/N/3/windows/0/level/amp
10 horizon_controlled_window,"in-distribution 10-token, t*<=1",A-,normal,3,FDE@release+N > 2 m,36.8231,25.3756,47.4406,%,,,,,277,39,autovla_misalignment_poc/outputs/horizon_controlled_window/summary.json :: analyses/in10/t*<=1/A-/N/3/windows/0/level/amp2
10 horizon_controlled_window,"in-distribution 10-token, t*<=1",A-,win1,3,fde@release+N,1.6297,1.3174,1.9918,m,72.1175,62.4513,80.0646,(Normal_same_poses - win)/(Normal_same_poses - Full_same_poses),277,39,autovla_misalignment_poc/outputs/horizon_controlled_window/summary.json :: analyses/in10/t*<=1/A-/N/3/windows/1/level/fde
10 horizon_controlled_window,"in-distribution 10-token, t*<=1",A-,win1,3,ade@release+N,1.2215,0.9758,1.5118,m,76.8758,68.023,84.8674,(Normal_same_poses - win)/(Normal_same_poses - Full_same_poses),277,39,autovla_misalignment_poc/outputs/horizon_controlled_window/summary.json :: analyses/in10/t*<=1/A-/N/3/windows/1/level/ade
10 horizon_controlled_window,"in-distribution 10-token, t*<=1",A-,win1,3,amplification (FDE@release+N > 3 m),16.2455,8.759,27.241,%,66.1972,32.2552,79.8361,(Normal_same_poses - win)/(Normal_same_poses - Full_same_poses),277,39,autovla_misalignment_poc/outputs/horizon_controlled_window/summary.json :: analyses/in10/t*<=1/A-/N/3/windows/1/level/amp
10 horizon_controlled_window,"in-distribution 10-token, t*<=1",A-,win1,3,FDE@release+N > 2 m,31.769,23.0762,41.6679,%,57.377,40.4762,76.0,(Normal_same_poses - win)/(Normal_same_poses - Full_same_poses),277,39,autovla_misalignment_poc/outputs/horizon_controlled_window/summary.json :: analyses/in10/t*<=1/A-/N/3/windows/1/level/amp2
10 horizon_controlled_window,"in-distribution 10-token, t*<=1",A-,win1,3,re-divergence: FDE>2 m after N given error<=1 m at release,22.5108,7.9753,33.3333,%,,,,,231,,autovla_misalignment_poc/outputs/horizon_controlled_window/summary.json :: analyses/in10/t*<=1/A-/N/3/windows/1/rediverge_given_stab
10 horizon_controlled_window,"in-distribution 10-token, t*<=1",A-,Full (same poses as win1),3,re-divergence: FDE>2 m after N given error<=1 m at release,2.5974,0.0,9.771,%,,,,,231,,autovla_misalignment_poc/outputs/horizon_controlled_window/summary.json :: analyses/in10/t*<=1/A-/N/3/windows/1/rediverge_given_stab_full
10 horizon_controlled_window,"in-distribution 10-token, t*<=1",A-,win2,3,fde@release+N,1.6144,1.1855,2.1991,m,89.846,81.8886,93.028,(Normal_same_poses - win)/(Normal_same_poses - Full_same_poses),277,39,autovla_misalignment_poc/outputs/horizon_controlled_window/summary.json :: analyses/in10/t*<=1/A-/N/3/windows/2/level/fde
10 horizon_controlled_window,"in-distribution 10-token, t*<=1",A-,win2,3,ade@release+N,1.2804,0.9392,1.7189,m,92.4034,85.7154,95.0941,(Normal_same_poses - win)/(Normal_same_poses - Full_same_poses),277,39,autovla_misalignment_poc/outputs/horizon_controlled_window/summary.json :: analyses/in10/t*<=1/A-/N/3/windows/2/level/ade
10 horizon_controlled_window,"in-distribution 10-token, t*<=1",A-,win2,3,amplification (FDE@release+N > 3 m),15.5235,6.9969,27.7795,%,86.2069,70.5858,93.6367,(Normal_same_poses - win)/(Normal_same_poses - Full_same_poses),277,39,autovla_misalignment_poc/outputs/horizon_controlled_window/summary.json :: analyses/in10/t*<=1/A-/N/3/windows/2/level/amp
10 horizon_controlled_window,"in-distribution 10-token, t*<=1",A-,win2,3,FDE@release+N > 2 m,24.9097,15.3815,39.149,%,88.4615,72.7216,96.0,(Normal_same_poses - win)/(Normal_same_poses - Full_same_poses),277,39,autovla_misalignment_poc/outputs/horizon_controlled_window/summary.json :: analyses/in10/t*<=1/A-/N/3/windows/2/level/amp2
10 horizon_controlled_window,"in-distribution 10-token, t*<=1",A-,win2,3,re-divergence: FDE>2 m after N given error<=1 m at release,13.1818,4.3478,27.1847,%,,,,,220,,autovla_misalignment_poc/outputs/horizon_controlled_window/summary.json :: analyses/in10/t*<=1/A-/N/3/windows/2/rediverge_given_stab
10 horizon_controlled_window,"in-distribution 10-token, t*<=1",A-,Full (same poses as win2),3,re-divergence: FDE>2 m after N given error<=1 m at release,8.6364,0.6664,21.2137,%,,,,,220,,autovla_misalignment_poc/outputs/horizon_controlled_window/summary.json :: analyses/in10/t*<=1/A-/N/3/windows/2/rediverge_given_stab_full
10 horizon_controlled_window,"in-distribution 10-token, t*<=1",A-,win3,3,fde@release+N,1.7434,1.2234,2.4264,m,95.0925,91.7911,97.6793,(Normal_same_poses - win)/(Normal_same_poses - Full_same_poses),277,39,autovla_misalignment_poc/outputs/horizon_controlled_window/summary.json :: analyses/in10/t*<=1/A-/N/3/windows/3/level/fde
10 horizon_controlled_window,"in-distribution 10-token, t*<=1",A-,win3,3,ade@release+N,1.434,1.0113,1.9806,m,96.8794,94.5379,98.4892,(Normal_same_poses - win)/(Normal_same_poses - Full_same_poses),277,39,autovla_misalignment_poc/outputs/horizon_controlled_window/summary.json :: analyses/in10/t*<=1/A-/N/3/windows/3/level/ade
10 horizon_controlled_window,"in-distribution 10-token, t*<=1",A-,win3,3,amplification (FDE@release+N > 3 m),16.9675,6.4023,32.9431,%,91.3043,80.951,96.5909,(Normal_same_poses - win)/(Normal_same_poses - Full_same_poses),277,39,autovla_misalignment_poc/outputs/horizon_controlled_window/summary.json :: analyses/in10/t*<=1/A-/N/3/windows/3/level/amp
10 horizon_controlled_window,"in-distribution 10-token, t*<=1",A-,win3,3,FDE@release+N > 2 m,27.4368,18.3902,40.0845,%,94.8905,91.7425,101.7249,(Normal_same_poses - win)/(Normal_same_poses - Full_same_poses),277,39,autovla_misalignment_poc/outputs/horizon_controlled_window/summary.json :: analyses/in10/t*<=1/A-/N/3/windows/3/level/amp2
10 horizon_controlled_window,"in-distribution 10-token, t*<=1",A-,win3,3,re-divergence: FDE>2 m after N given error<=1 m at release,10.4478,2.5478,21.1774,%,,,,,201,,autovla_misalignment_poc/outputs/horizon_controlled_window/summary.json :: analyses/in10/t*<=1/A-/N/3/windows/3/rediverge_given_stab
10 horizon_controlled_window,"in-distribution 10-token, t*<=1",A-,Full (same poses as win3),3,re-divergence: FDE>2 m after N given error<=1 m at release,6.4677,0.9257,18.6819,%,,,,,201,,autovla_misalignment_poc/outputs/horizon_controlled_window/summary.json :: analyses/in10/t*<=1/A-/N/3/windows/3/rediverge_given_stab_full
10 horizon_controlled_window,"in-distribution 10-token, t*<=1",A-,win4,3,fde@release+N,1.94,1.4038,2.6717,m,97.2874,94.4179,99.9372,(Normal_same_poses - win)/(Normal_same_poses - Full_same_poses),277,39,autovla_misalignment_poc/outputs/horizon_controlled_window/summary.json :: analyses/in10/t*<=1/A-/N/3/windows/4/level/fde
10 horizon_controlled_window,"in-distribution 10-token, t*<=1",A-,win4,3,ade@release+N,1.6371,1.1828,2.2444,m,98.4163,96.5273,100.0388,(Normal_same_poses - win)/(Normal_same_poses - Full_same_poses),277,39,autovla_misalignment_poc/outputs/horizon_controlled_window/summary.json :: analyses/in10/t*<=1/A-/N/3/windows/4/level/ade
10 horizon_controlled_window,"in-distribution 10-token, t*<=1",A-,win4,3,amplification (FDE@release+N > 3 m),17.3285,7.8608,32.447,%,99.2593,91.4878,103.3522,(Normal_same_poses - win)/(Normal_same_poses - Full_same_poses),277,39,autovla_misalignment_poc/outputs/horizon_controlled_window/summary.json :: analyses/in10/t*<=1/A-/N/3/windows/4/level/amp
10 horizon_controlled_window,"in-distribution 10-token, t*<=1",A-,win4,3,FDE@release+N > 2 m,31.769,21.8925,42.0553,%,93.4307,88.8889,102.5974,(Normal_same_poses - win)/(Normal_same_poses - Full_same_poses),277,39,autovla_misalignment_poc/outputs/horizon_controlled_window/summary.json :: analyses/in10/t*<=1/A-/N/3/windows/4/level/amp2
10 horizon_controlled_window,"in-distribution 10-token, t*<=1",A-,win4,3,re-divergence: FDE>2 m after N given error<=1 m at release,7.5581,0.0,11.6444,%,,,,,172,,autovla_misalignment_poc/outputs/horizon_controlled_window/summary.json :: analyses/in10/t*<=1/A-/N/3/windows/4/rediverge_given_stab
10 horizon_controlled_window,"in-distribution 10-token, t*<=1",A-,Full (same poses as win4),3,re-divergence: FDE>2 m after N given error<=1 m at release,4.0698,0.0,7.2995,%,,,,,172,,autovla_misalignment_poc/outputs/horizon_controlled_window/summary.json :: analyses/in10/t*<=1/A-/N/3/windows/4/rediverge_given_stab_full
10 horizon_controlled_window,"in-distribution 10-token, t*<=1",A-,win5,3,fde@release+N,3.3405,1.7805,5.0814,m,94.7024,90.1965,99.5246,(Normal_same_poses - win)/(Normal_same_poses - Full_same_poses),116,17,autovla_misalignment_poc/outputs/horizon_controlled_window/summary.json :: analyses/in10/t*<=1/A-/N/3/windows/5/level/fde
10 horizon_controlled_window,"in-distribution 10-token, t*<=1",A-,win5,3,ade@release+N,2.7832,1.4812,4.3283,m,96.1465,92.6374,99.7137,(Normal_same_poses - win)/(Normal_same_poses - Full_same_poses),116,17,autovla_misalignment_poc/outputs/horizon_controlled_window/summary.json :: analyses/in10/t*<=1/A-/N/3/windows/5/level/ade
10 horizon_controlled_window,"in-distribution 10-token, t*<=1",A-,win5,3,amplification (FDE@release+N > 3 m),41.3793,17.7543,60.6863,%,86.3636,72.7168,100.0,(Normal_same_poses - win)/(Normal_same_poses - Full_same_poses),116,17,autovla_misalignment_poc/outputs/horizon_controlled_window/summary.json :: analyses/in10/t*<=1/A-/N/3/windows/5/level/amp
10 horizon_controlled_window,"in-distribution 10-token, t*<=1",A-,win5,3,FDE@release+N > 2 m,53.4483,29.4721,72.344,%,74.4186,60.7143,100.0,(Normal_same_poses - win)/(Normal_same_poses - Full_same_poses),116,17,autovla_misalignment_poc/outputs/horizon_controlled_window/summary.json :: analyses/in10/t*<=1/A-/N/3/windows/5/level/amp2
10 horizon_controlled_window,"in-distribution 10-token, t*<=1",A-,win5,3,re-divergence: FDE>2 m after N given error<=1 m at release,19.2982,0.0,30.3381,%,,,,,57,,autovla_misalignment_poc/outputs/horizon_controlled_window/summary.json :: analyses/in10/t*<=1/A-/N/3/windows/5/rediverge_given_stab
10 horizon_controlled_window,"in-distribution 10-token, t*<=1",A-,Full (same poses as win5),3,re-divergence: FDE>2 m after N given error<=1 m at release,5.2632,0.0,12.8618,%,,,,,57,,autovla_misalignment_poc/outputs/horizon_controlled_window/summary.json :: analyses/in10/t*<=1/A-/N/3/windows/5/rediverge_given_stab_full
10 horizon_controlled_window,"in-distribution 10-token, t*<=1",A-,normal,4,fde@release+N,2.9205,2.3808,3.4011,m,,,,,277,39,autovla_misalignment_poc/outputs/horizon_controlled_window/summary.json :: analyses/in10/t*<=1/A-/N/4/windows/0/level/fde
10 horizon_controlled_window,"in-distribution 10-token, t*<=1",A-,normal,4,ade@release+N,1.8285,1.4561,2.1823,m,,,,,277,39,autovla_misalignment_poc/outputs/horizon_controlled_window/summary.json :: analyses/in10/t*<=1/A-/N/4/windows/0/level/ade
10 horizon_controlled_window,"in-distribution 10-token, t*<=1",A-,normal,4,amplification (FDE@release+N > 3 m),33.213,23.2631,42.3929,%,,,,,277,39,autovla_misalignment_poc/outputs/horizon_controlled_window/summary.json :: analyses/in10/t*<=1/A-/N/4/windows/0/level/amp
10 horizon_controlled_window,"in-distribution 10-token, t*<=1",A-,normal,4,FDE@release+N > 2 m,57.0397,42.423,65.5021,%,,,,,277,39,autovla_misalignment_poc/outputs/horizon_controlled_window/summary.json :: analyses/in10/t*<=1/A-/N/4/windows/0/level/amp2
10 horizon_controlled_window,"in-distribution 10-token, t*<=1",A-,win1,4,fde@release+N,2.2137,1.7952,2.7054,m,66.4058,56.0996,74.9547,(Normal_same_poses - win)/(Normal_same_poses - Full_same_poses),277,39,autovla_misalignment_poc/outputs/horizon_controlled_window/summary.json :: analyses/in10/t*<=1/A-/N/4/windows/1/level/fde
10 horizon_controlled_window,"in-distribution 10-token, t*<=1",A-,win1,4,ade@release+N,1.4696,1.1895,1.7858,m,72.5296,63.1849,80.7466,(Normal_same_poses - win)/(Normal_same_poses - Full_same_poses),277,39,autovla_misalignment_poc/outputs/horizon_controlled_window/summary.json :: analyses/in10/t*<=1/A-/N/4/windows/1/level/ade
10 horizon_controlled_window,"in-distribution 10-token, t*<=1",A-,win1,4,amplification (FDE@release+N > 3 m),29.6029,20.622,39.7851,%,52.5862,37.0968,66.6667,(Normal_same_poses - win)/(Normal_same_poses - Full_same_poses),277,39,autovla_misalignment_poc/outputs/horizon_controlled_window/summary.json :: analyses/in10/t*<=1/A-/N/4/windows/1/level/amp
10 horizon_controlled_window,"in-distribution 10-token, t*<=1",A-,win1,4,FDE@release+N > 2 m,41.1552,29.6078,52.0174,%,53.8462,37.3128,73.5333,(Normal_same_poses - win)/(Normal_same_poses - Full_same_poses),277,39,autovla_misalignment_poc/outputs/horizon_controlled_window/summary.json :: analyses/in10/t*<=1/A-/N/4/windows/1/level/amp2
10 horizon_controlled_window,"in-distribution 10-token, t*<=1",A-,win1,4,re-divergence: FDE>2 m after N given error<=1 m at release,32.4675,12.2965,46.0469,%,,,,,231,,autovla_misalignment_poc/outputs/horizon_controlled_window/summary.json :: analyses/in10/t*<=1/A-/N/4/windows/1/rediverge_given_stab
10 horizon_controlled_window,"in-distribution 10-token, t*<=1",A-,Full (same poses as win1),4,re-divergence: FDE>2 m after N given error<=1 m at release,9.9567,1.3387,22.8922,%,,,,,231,,autovla_misalignment_poc/outputs/horizon_controlled_window/summary.json :: analyses/in10/t*<=1/A-/N/4/windows/1/rediverge_given_stab_full
10 horizon_controlled_window,"in-distribution 10-token, t*<=1",A-,win2,4,fde@release+N,2.0926,1.5471,2.8269,m,85.0888,76.9189,88.9353,(Normal_same_poses - win)/(Normal_same_poses - Full_same_poses),277,39,autovla_misalignment_poc/outputs/horizon_controlled_window/summary.json :: analyses/in10/t*<=1/A-/N/4/windows/2/level/fde
10 horizon_controlled_window,"in-distribution 10-token, t*<=1",A-,win2,4,ade@release+N,1.4835,1.096,1.995,m,89.5652,82.5266,92.6656,(Normal_same_poses - win)/(Normal_same_poses - Full_same_poses),277,39,autovla_misalignment_poc/outputs/horizon_controlled_window/summary.json :: analyses/in10/t*<=1/A-/N/4/windows/2/level/ade
10 horizon_controlled_window,"in-distribution 10-token, t*<=1",A-,win2,4,amplification (FDE@release+N > 3 m),22.0217,12.5395,36.4759,%,81.1594,66.6667,88.9776,(Normal_same_poses - win)/(Normal_same_poses - Full_same_poses),277,39,autovla_misalignment_poc/outputs/horizon_controlled_window/summary.json :: analyses/in10/t*<=1/A-/N/4/windows/2/level/amp
10 horizon_controlled_window,"in-distribution 10-token, t*<=1",A-,win2,4,FDE@release+N > 2 m,34.657,24.7732,48.2309,%,80.292,65.0774,93.2436,(Normal_same_poses - win)/(Normal_same_poses - Full_same_poses),277,39,autovla_misalignment_poc/outputs/horizon_controlled_window/summary.json :: analyses/in10/t*<=1/A-/N/4/windows/2/level/amp2
10 horizon_controlled_window,"in-distribution 10-token, t*<=1",A-,win2,4,re-divergence: FDE>2 m after N given error<=1 m at release,23.6364,10.0558,37.1351,%,,,,,220,,autovla_misalignment_poc/outputs/horizon_controlled_window/summary.json :: analyses/in10/t*<=1/A-/N/4/windows/2/rediverge_given_stab
10 horizon_controlled_window,"in-distribution 10-token, t*<=1",A-,Full (same poses as win2),4,re-divergence: FDE>2 m after N given error<=1 m at release,12.2727,2.3256,26.957,%,,,,,220,,autovla_misalignment_poc/outputs/horizon_controlled_window/summary.json :: analyses/in10/t*<=1/A-/N/4/windows/2/rediverge_given_stab_full
10 horizon_controlled_window,"in-distribution 10-token, t*<=1",A-,win3,4,fde@release+N,2.1505,1.4948,3.0014,m,92.6615,87.8003,96.7722,(Normal_same_poses - win)/(Normal_same_poses - Full_same_poses),277,39,autovla_misalignment_poc/outputs/horizon_controlled_window/summary.json :: analyses/in10/t*<=1/A-/N/4/windows/3/level/fde
10 horizon_controlled_window,"in-distribution 10-token, t*<=1",A-,win3,4,ade@release+N,1.6131,1.1393,2.2293,m,95.3297,92.1824,97.8069,(Normal_same_poses - win)/(Normal_same_poses - Full_same_poses),277,39,autovla_misalignment_poc/outputs/horizon_controlled_window/summary.json :: analyses/in10/t*<=1/A-/N/4/windows/3/level/ade
10 horizon_controlled_window,"in-distribution 10-token, t*<=1",A-,win3,4,amplification (FDE@release+N > 3 m),20.2166,10.2308,35.1042,%,93.3333,83.7203,98.2612,(Normal_same_poses - win)/(Normal_same_poses - Full_same_poses),277,39,autovla_misalignment_poc/outputs/horizon_controlled_window/summary.json :: analyses/in10/t*<=1/A-/N/4/windows/3/level/amp
10 horizon_controlled_window,"in-distribution 10-token, t*<=1",A-,win3,4,FDE@release+N > 2 m,32.491,22.2799,43.2654,%,91.9708,88.7324,100.0,(Normal_same_poses - win)/(Normal_same_poses - Full_same_poses),277,39,autovla_misalignment_poc/outputs/horizon_controlled_window/summary.json :: analyses/in10/t*<=1/A-/N/4/windows/3/level/amp2
10 horizon_controlled_window,"in-distribution 10-token, t*<=1",A-,win3,4,re-divergence: FDE>2 m after N given error<=1 m at release,15.9204,4.8074,25.4066,%,,,,,201,,autovla_misalignment_poc/outputs/horizon_controlled_window/summary.json :: analyses/in10/t*<=1/A-/N/4/windows/3/rediverge_given_stab
10 horizon_controlled_window,"in-distribution 10-token, t*<=1",A-,Full (same poses as win3),4,re-divergence: FDE>2 m after N given error<=1 m at release,10.4478,0.9257,20.8381,%,,,,,201,,autovla_misalignment_poc/outputs/horizon_controlled_window/summary.json :: analyses/in10/t*<=1/A-/N/4/windows/3/rediverge_given_stab_full
10 horizon_controlled_window,"in-distribution 10-token, t*<=1",A-,win4,4,fde@release+N,3.3401,1.8095,5.0853,m,94.7092,90.3257,99.9502,(Normal_same_poses - win)/(Normal_same_poses - Full_same_poses),116,17,autovla_misalignment_poc/outputs/horizon_controlled_window/summary.json :: analyses/in10/t*<=1/A-/N/4/windows/4/level/fde
10 horizon_controlled_window,"in-distribution 10-token, t*<=1",A-,win4,4,ade@release+N,2.5346,1.3563,4.0108,m,96.9424,93.9174,100.1898,(Normal_same_poses - win)/(Normal_same_poses - Full_same_poses),116,17,autovla_misalignment_poc/outputs/horizon_controlled_window/summary.json :: analyses/in10/t*<=1/A-/N/4/windows/4/level/ade
10 horizon_controlled_window,"in-distribution 10-token, t*<=1",A-,win4,4,amplification (FDE@release+N > 3 m),42.2414,17.757,62.7134,%,84.0909,70.9668,100.0,(Normal_same_poses - win)/(Normal_same_poses - Full_same_poses),116,17,autovla_misalignment_poc/outputs/horizon_controlled_window/summary.json :: analyses/in10/t*<=1/A-/N/4/windows/4/level/amp
10 horizon_controlled_window,"in-distribution 10-token, t*<=1",A-,win4,4,FDE@release+N > 2 m,54.3103,31.7754,72.7289,%,72.093,58.1395,100.0,(Normal_same_poses - win)/(Normal_same_poses - Full_same_poses),116,17,autovla_misalignment_poc/outputs/horizon_controlled_window/summary.json :: analyses/in10/t*<=1/A-/N/4/windows/4/level/amp2
10 horizon_controlled_window,"in-distribution 10-token, t*<=1",A-,win4,4,re-divergence: FDE>2 m after N given error<=1 m at release,28.7879,4.7619,44.1876,%,,,,,66,,autovla_misalignment_poc/outputs/horizon_controlled_window/summary.json :: analyses/in10/t*<=1/A-/N/4/windows/4/rediverge_given_stab
10 horizon_controlled_window,"in-distribution 10-token, t*<=1",A-,Full (same poses as win4),4,re-divergence: FDE>2 m after N given error<=1 m at release,12.1212,0.0,24.2475,%,,,,,66,,autovla_misalignment_poc/outputs/horizon_controlled_window/summary.json :: analyses/in10/t*<=1/A-/N/4/windows/4/rediverge_given_stab_full
10 horizon_controlled_window,"in-distribution 10-token, t*<=1",A+,normal,1,fde@release+N,0.4415,0.3434,0.5415,m,,,,,772,116,autovla_misalignment_poc/outputs/horizon_controlled_window/summary.json :: analyses/in10/t*<=1/A+/N/1/windows/0/level/fde
10 horizon_controlled_window,"in-distribution 10-token, t*<=1",A+,normal,1,ade@release+N,0.4415,0.3434,0.5415,m,,,,,772,116,autovla_misalignment_poc/outputs/horizon_controlled_window/summary.json :: analyses/in10/t*<=1/A+/N/1/windows/0/level/ade
10 horizon_controlled_window,"in-distribution 10-token, t*<=1",A+,normal,1,amplification (FDE@release+N > 3 m),0.5181,0.0,1.5599,%,,,,,772,116,autovla_misalignment_poc/outputs/horizon_controlled_window/summary.json :: analyses/in10/t*<=1/A+/N/1/windows/0/level/amp
10 horizon_controlled_window,"in-distribution 10-token, t*<=1",A+,normal,1,FDE@release+N > 2 m,2.2021,0.3752,4.7106,%,,,,,772,116,autovla_misalignment_poc/outputs/horizon_controlled_window/summary.json :: analyses/in10/t*<=1/A+/N/1/windows/0/level/amp2
10 horizon_controlled_window,"in-distribution 10-token, t*<=1",A+,win1,1,fde@release+N,0.4791,0.3645,0.5946,m,82.051,64.5857,90.7854,(Normal_same_poses - win)/(Normal_same_poses - Full_same_poses),772,116,autovla_misalignment_poc/outputs/horizon_controlled_window/summary.json :: analyses/in10/t*<=1/A+/N/1/windows/1/level/fde
10 horizon_controlled_window,"in-distribution 10-token, t*<=1",A+,win1,1,ade@release+N,0.4791,0.3645,0.5946,m,82.051,64.5857,90.7854,(Normal_same_poses - win)/(Normal_same_poses - Full_same_poses),772,116,autovla_misalignment_poc/outputs/horizon_controlled_window/summary.json :: analyses/in10/t*<=1/A+/N/1/windows/1/level/ade
10 horizon_controlled_window,"in-distribution 10-token, t*<=1",A+,win1,1,amplification (FDE@release+N > 3 m),1.1658,0.1546,2.8241,%,84.6154,28.5714,100.0,(Normal_same_poses - win)/(Normal_same_poses - Full_same_poses),772,116,autovla_misalignment_poc/outputs/horizon_controlled_window/summary.json :: analyses/in10/t*<=1/A+/N/1/windows/1/level/amp
10 horizon_controlled_window,"in-distribution 10-token, t*<=1",A+,win1,1,FDE@release+N > 2 m,2.3316,0.4524,5.2219,%,95.0,83.3333,100.0,(Normal_same_poses - win)/(Normal_same_poses - Full_same_poses),772,116,autovla_misalignment_poc/outputs/horizon_controlled_window/summary.json :: analyses/in10/t*<=1/A+/N/1/windows/1/level/amp2
10 horizon_controlled_window,"in-distribution 10-token, t*<=1",A+,win1,1,re-divergence: FDE>2 m after N given error<=1 m at release,0.0,0.0,0.0,%,,,,,737,,autovla_misalignment_poc/outputs/horizon_controlled_window/summary.json :: analyses/in10/t*<=1/A+/N/1/windows/1/rediverge_given_stab
10 horizon_controlled_window,"in-distribution 10-token, t*<=1",A+,Full (same poses as win1),1,re-divergence: FDE>2 m after N given error<=1 m at release,0.0,0.0,0.0,%,,,,,737,,autovla_misalignment_poc/outputs/horizon_controlled_window/summary.json :: analyses/in10/t*<=1/A+/N/1/windows/1/rediverge_given_stab_full
10 horizon_controlled_window,"in-distribution 10-token, t*<=1",A+,win2,1,fde@release+N,0.5398,0.4023,0.6877,m,96.9122,94.0888,99.1521,(Normal_same_poses - win)/(Normal_same_poses - Full_same_poses),772,116,autovla_misalignment_poc/outputs/horizon_controlled_window/summary.json :: analyses/in10/t*<=1/A+/N/1/windows/2/level/fde
10 horizon_controlled_window,"in-distribution 10-token, t*<=1",A+,win2,1,ade@release+N,0.5398,0.4023,0.6877,m,96.9122,94.0888,99.1521,(Normal_same_poses - win)/(Normal_same_poses - Full_same_poses),772,116,autovla_misalignment_poc/outputs/horizon_controlled_window/summary.json :: analyses/in10/t*<=1/A+/N/1/windows/2/level/ade
10 horizon_controlled_window,"in-distribution 10-token, t*<=1",A+,win2,1,amplification (FDE@release+N > 3 m),1.6839,0.0,3.7148,%,100.0,100.0,100.0,(Normal_same_poses - win)/(Normal_same_poses - Full_same_poses),772,116,autovla_misalignment_poc/outputs/horizon_controlled_window/summary.json :: analyses/in10/t*<=1/A+/N/1/windows/2/level/amp
10 horizon_controlled_window,"in-distribution 10-token, t*<=1",A+,win2,1,FDE@release+N > 2 m,2.9793,0.4524,7.0501,%,95.1613,85.0,108.1137,(Normal_same_poses - win)/(Normal_same_poses - Full_same_poses),772,116,autovla_misalignment_poc/outputs/horizon_controlled_window/summary.json :: analyses/in10/t*<=1/A+/N/1/windows/2/level/amp2
10 horizon_controlled_window,"in-distribution 10-token, t*<=1",A+,win2,1,re-divergence: FDE>2 m after N given error<=1 m at release,0.0,0.0,0.0,%,,,,,707,,autovla_misalignment_poc/outputs/horizon_controlled_window/summary.json :: analyses/in10/t*<=1/A+/N/1/windows/2/rediverge_given_stab
10 horizon_controlled_window,"in-distribution 10-token, t*<=1",A+,Full (same poses as win2),1,re-divergence: FDE>2 m after N given error<=1 m at release,0.0,0.0,0.0,%,,,,,707,,autovla_misalignment_poc/outputs/horizon_controlled_window/summary.json :: analyses/in10/t*<=1/A+/N/1/windows/2/rediverge_given_stab_full
10 horizon_controlled_window,"in-distribution 10-token, t*<=1",A+,win3,1,fde@release+N,0.6354,0.4768,0.7983,m,98.6622,97.5607,99.5793,(Normal_same_poses - win)/(Normal_same_poses - Full_same_poses),772,116,autovla_misalignment_poc/outputs/horizon_controlled_window/summary.json :: analyses/in10/t*<=1/A+/N/1/windows/3/level/fde
10 horizon_controlled_window,"in-distribution 10-token, t*<=1",A+,win3,1,ade@release+N,0.6354,0.4768,0.7983,m,98.6622,97.5607,99.5793,(Normal_same_poses - win)/(Normal_same_poses - Full_same_poses),772,116,autovla_misalignment_poc/outputs/horizon_controlled_window/summary.json :: analyses/in10/t*<=1/A+/N/1/windows/3/level/ade
10 horizon_controlled_window,"in-distribution 10-token, t*<=1",A+,win3,1,amplification (FDE@release+N > 3 m),1.8135,0.0,4.1324,%,100.0,100.0,100.0,(Normal_same_poses - win)/(Normal_same_poses - Full_same_poses),772,116,autovla_misalignment_poc/outputs/horizon_controlled_window/summary.json :: analyses/in10/t*<=1/A+/N/1/windows/3/level/amp
10 horizon_controlled_window,"in-distribution 10-token, t*<=1",A+,win3,1,FDE@release+N > 2 m,4.7927,1.9229,7.7057,%,97.619,95.4545,100.0,(Normal_same_poses - win)/(Normal_same_poses - Full_same_poses),772,116,autovla_misalignment_poc/outputs/horizon_controlled_window/summary.json :: analyses/in10/t*<=1/A+/N/1/windows/3/level/amp2
10 horizon_controlled_window,"in-distribution 10-token, t*<=1",A+,win3,1,re-divergence: FDE>2 m after N given error<=1 m at release,0.0,0.0,0.0,%,,,,,677,,autovla_misalignment_poc/outputs/horizon_controlled_window/summary.json :: analyses/in10/t*<=1/A+/N/1/windows/3/rediverge_given_stab
10 horizon_controlled_window,"in-distribution 10-token, t*<=1",A+,Full (same poses as win3),1,re-divergence: FDE>2 m after N given error<=1 m at release,0.0,0.0,0.0,%,,,,,677,,autovla_misalignment_poc/outputs/horizon_controlled_window/summary.json :: analyses/in10/t*<=1/A+/N/1/windows/3/rediverge_given_stab_full
10 horizon_controlled_window,"in-distribution 10-token, t*<=1",A+,win4,1,fde@release+N,0.7336,0.547,0.9132,m,99.825,99.3091,100.2621,(Normal_same_poses - win)/(Normal_same_poses - Full_same_poses),772,116,autovla_misalignment_poc/outputs/horizon_controlled_window/summary.json :: analyses/in10/t*<=1/A+/N/1/windows/4/level/fde
10 horizon_controlled_window,"in-distribution 10-token, t*<=1",A+,win4,1,ade@release+N,0.7336,0.547,0.9132,m,99.825,99.3091,100.2621,(Normal_same_poses - win)/(Normal_same_poses - Full_same_poses),772,116,autovla_misalignment_poc/outputs/horizon_controlled_window/summary.json :: analyses/in10/t*<=1/A+/N/1/windows/4/level/ade
10 horizon_controlled_window,"in-distribution 10-token, t*<=1",A+,win4,1,amplification (FDE@release+N > 3 m),2.2021,0.4524,4.7728,%,100.0,100.0,100.0,(Normal_same_poses - win)/(Normal_same_poses - Full_same_poses),772,116,autovla_misalignment_poc/outputs/horizon_controlled_window/summary.json :: analyses/in10/t*<=1/A+/N/1/windows/4/level/amp
10 horizon_controlled_window,"in-distribution 10-token, t*<=1",A+,win4,1,FDE@release+N > 2 m,5.9585,2.4013,9.5743,%,102.2556,100.0,105.2083,(Normal_same_poses - win)/(Normal_same_poses - Full_same_poses),772,116,autovla_misalignment_poc/outputs/horizon_controlled_window/summary.json :: analyses/in10/t*<=1/A+/N/1/windows/4/level/amp2
10 horizon_controlled_window,"in-distribution 10-token, t*<=1",A+,win4,1,re-divergence: FDE>2 m after N given error<=1 m at release,0.0,0.0,0.0,%,,,,,640,,autovla_misalignment_poc/outputs/horizon_controlled_window/summary.json :: analyses/in10/t*<=1/A+/N/1/windows/4/rediverge_given_stab
10 horizon_controlled_window,"in-distribution 10-token, t*<=1",A+,Full (same poses as win4),1,re-divergence: FDE>2 m after N given error<=1 m at release,0.0,0.0,0.0,%,,,,,640,,autovla_misalignment_poc/outputs/horizon_controlled_window/summary.json :: analyses/in10/t*<=1/A+/N/1/windows/4/rediverge_given_stab_full
10 horizon_controlled_window,"in-distribution 10-token, t*<=1",A+,win5,1,fde@release+N,0.8398,0.6221,1.0476,m,99.6308,99.185,99.8878,(Normal_same_poses - win)/(Normal_same_poses - Full_same_poses),772,116,autovla_misalignment_poc/outputs/horizon_controlled_window/summary.json :: analyses/in10/t*<=1/A+/N/1/windows/5/level/fde
10 horizon_controlled_window,"in-distribution 10-token, t*<=1",A+,win5,1,ade@release+N,0.8398,0.6221,1.0476,m,99.6308,99.185,99.8878,(Normal_same_poses - win)/(Normal_same_poses - Full_same_poses),772,116,autovla_misalignment_poc/outputs/horizon_controlled_window/summary.json :: analyses/in10/t*<=1/A+/N/1/windows/5/level/ade
10 horizon_controlled_window,"in-distribution 10-token, t*<=1",A+,win5,1,amplification (FDE@release+N > 3 m),3.886,1.3256,6.3392,%,100.0,100.0,100.0,(Normal_same_poses - win)/(Normal_same_poses - Full_same_poses),772,116,autovla_misalignment_poc/outputs/horizon_controlled_window/summary.json :: analyses/in10/t*<=1/A+/N/1/windows/5/level/amp
10 horizon_controlled_window,"in-distribution 10-token, t*<=1",A+,win5,1,FDE@release+N > 2 m,8.9378,4.9848,13.3236,%,100.5882,100.0,102.1745,(Normal_same_poses - win)/(Normal_same_poses - Full_same_poses),772,116,autovla_misalignment_poc/outputs/horizon_controlled_window/summary.json :: analyses/in10/t*<=1/A+/N/1/windows/5/level/amp2
10 horizon_controlled_window,"in-distribution 10-token, t*<=1",A+,win5,1,re-divergence: FDE>2 m after N given error<=1 m at release,0.0,0.0,0.0,%,,,,,605,,autovla_misalignment_poc/outputs/horizon_controlled_window/summary.json :: analyses/in10/t*<=1/A+/N/1/windows/5/rediverge_given_stab
10 horizon_controlled_window,"in-distribution 10-token, t*<=1",A+,Full (same poses as win5),1,re-divergence: FDE>2 m after N given error<=1 m at release,0.0,0.0,0.0,%,,,,,605,,autovla_misalignment_poc/outputs/horizon_controlled_window/summary.json :: analyses/in10/t*<=1/A+/N/1/windows/5/rediverge_given_stab_full
10 horizon_controlled_window,"in-distribution 10-token, t*<=1",A+,win6,1,fde@release+N,0.9782,0.7324,1.2204,m,99.9272,99.7227,100.1517,(Normal_same_poses - win)/(Normal_same_poses - Full_same_poses),772,116,autovla_misalignment_poc/outputs/horizon_controlled_window/summary.json :: analyses/in10/t*<=1/A+/N/1/windows/6/level/fde
10 horizon_controlled_window,"in-distribution 10-token, t*<=1",A+,win6,1,ade@release+N,0.9782,0.7324,1.2204,m,99.9272,99.7227,100.1517,(Normal_same_poses - win)/(Normal_same_poses - Full_same_poses),772,116,autovla_misalignment_poc/outputs/horizon_controlled_window/summary.json :: analyses/in10/t*<=1/A+/N/1/windows/6/level/ade
10 horizon_controlled_window,"in-distribution 10-token, t*<=1",A+,win6,1,amplification (FDE@release+N > 3 m),5.5699,2.5104,8.4342,%,100.0,100.0,100.0,(Normal_same_poses - win)/(Normal_same_poses - Full_same_poses),772,116,autovla_misalignment_poc/outputs/horizon_controlled_window/summary.json :: analyses/in10/t*<=1/A+/N/1/windows/6/level/amp
10 horizon_controlled_window,"in-distribution 10-token, t*<=1",A+,win6,1,FDE@release+N > 2 m,12.1762,7.9201,17.1296,%,99.4792,98.9247,100.0,(Normal_same_poses - win)/(Normal_same_poses - Full_same_poses),772,116,autovla_misalignment_poc/outputs/horizon_controlled_window/summary.json :: analyses/in10/t*<=1/A+/N/1/windows/6/level/amp2
10 horizon_controlled_window,"in-distribution 10-token, t*<=1",A+,win6,1,re-divergence: FDE>2 m after N given error<=1 m at release,0.6932,0.0,2.4641,%,,,,,577,,autovla_misalignment_poc/outputs/horizon_controlled_window/summary.json :: analyses/in10/t*<=1/A+/N/1/windows/6/rediverge_given_stab
10 horizon_controlled_window,"in-distribution 10-token, t*<=1",A+,Full (same poses as win6),1,re-divergence: FDE>2 m after N given error<=1 m at release,0.6932,0.0,2.4641,%,,,,,577,,autovla_misalignment_poc/outputs/horizon_controlled_window/summary.json :: analyses/in10/t*<=1/A+/N/1/windows/6/rediverge_given_stab_full
10 horizon_controlled_window,"in-distribution 10-token, t*<=1",A+,normal,2,fde@release+N,0.6716,0.5198,0.8159,m,,,,,772,116,autovla_misalignment_poc/outputs/horizon_controlled_window/summary.json :: analyses/in10/t*<=1/A+/N/2/windows/0/level/fde
10 horizon_controlled_window,"in-distribution 10-token, t*<=1",A+,normal,2,ade@release+N,0.5566,0.4329,0.6799,m,,,,,772,116,autovla_misalignment_poc/outputs/horizon_controlled_window/summary.json :: analyses/in10/t*<=1/A+/N/2/windows/0/level/ade
10 horizon_controlled_window,"in-distribution 10-token, t*<=1",A+,normal,2,amplification (FDE@release+N > 3 m),2.5907,0.6514,4.6513,%,,,,,772,116,autovla_misalignment_poc/outputs/horizon_controlled_window/summary.json :: analyses/in10/t*<=1/A+/N/2/windows/0/level/amp
10 horizon_controlled_window,"in-distribution 10-token, t*<=1",A+,normal,2,FDE@release+N > 2 m,4.7927,1.7075,8.1936,%,,,,,772,116,autovla_misalignment_poc/outputs/horizon_controlled_window/summary.json :: analyses/in10/t*<=1/A+/N/2/windows/0/level/amp2
10 horizon_controlled_window,"in-distribution 10-token, t*<=1",A+,win1,2,fde@release+N,0.6366,0.4815,0.7874,m,72.8365,53.2946,83.4219,(Normal_same_poses - win)/(Normal_same_poses - Full_same_poses),772,116,autovla_misalignment_poc/outputs/horizon_controlled_window/summary.json :: analyses/in10/t*<=1/A+/N/2/windows/1/level/fde
10 horizon_controlled_window,"in-distribution 10-token, t*<=1",A+,win1,2,ade@release+N,0.5579,0.4236,0.6907,m,76.2329,57.004,86.1995,(Normal_same_poses - win)/(Normal_same_poses - Full_same_poses),772,116,autovla_misalignment_poc/outputs/horizon_controlled_window/summary.json :: analyses/in10/t*<=1/A+/N/2/windows/1/level/ade
10 horizon_controlled_window,"in-distribution 10-token, t*<=1",A+,win1,2,amplification (FDE@release+N > 3 m),1.943,0.4524,3.9714,%,92.3077,60.0,100.0,(Normal_same_poses - win)/(Normal_same_poses - Full_same_poses),772,116,autovla_misalignment_poc/outputs/horizon_controlled_window/summary.json :: analyses/in10/t*<=1/A+/N/2/windows/1/level/amp
10 horizon_controlled_window,"in-distribution 10-token, t*<=1",A+,win1,2,FDE@release+N > 2 m,3.7565,1.1971,7.9948,%,85.4839,71.4206,95.6545,(Normal_same_poses - win)/(Normal_same_poses - Full_same_poses),772,116,autovla_misalignment_poc/outputs/horizon_controlled_window/summary.json :: analyses/in10/t*<=1/A+/N/2/windows/1/level/amp2
10 horizon_controlled_window,"in-distribution 10-token, t*<=1",A+,win1,2,re-divergence: FDE>2 m after N given error<=1 m at release,0.5427,0.1178,1.1766,%,,,,,737,,autovla_misalignment_poc/outputs/horizon_controlled_window/summary.json :: analyses/in10/t*<=1/A+/N/2/windows/1/rediverge_given_stab
10 horizon_controlled_window,"in-distribution 10-token, t*<=1",A+,Full (same poses as win1),2,re-divergence: FDE>2 m after N given error<=1 m at release,0.1357,0.0,0.4938,%,,,,,737,,autovla_misalignment_poc/outputs/horizon_controlled_window/summary.json :: analyses/in10/t*<=1/A+/N/2/windows/1/rediverge_given_stab_full
10 horizon_controlled_window,"in-distribution 10-token, t*<=1",A+,win2,2,fde@release+N,0.6729,0.4932,0.8589,m,92.1895,86.7154,96.7819,(Normal_same_poses - win)/(Normal_same_poses - Full_same_poses),772,116,autovla_misalignment_poc/outputs/horizon_controlled_window/summary.json :: analyses/in10/t*<=1/A+/N/2/windows/2/level/fde
10 horizon_controlled_window,"in-distribution 10-token, t*<=1",A+,win2,2,ade@release+N,0.6064,0.4482,0.7724,m,94.1244,89.7373,97.7894,(Normal_same_poses - win)/(Normal_same_poses - Full_same_poses),772,116,autovla_misalignment_poc/outputs/horizon_controlled_window/summary.json :: analyses/in10/t*<=1/A+/N/2/windows/2/level/ade
10 horizon_controlled_window,"in-distribution 10-token, t*<=1",A+,win2,2,amplification (FDE@release+N > 3 m),2.2021,0.0,5.4108,%,94.4444,83.3333,100.0,(Normal_same_poses - win)/(Normal_same_poses - Full_same_poses),772,116,autovla_misalignment_poc/outputs/horizon_controlled_window/summary.json :: analyses/in10/t*<=1/A+/N/2/windows/2/level/amp
10 horizon_controlled_window,"in-distribution 10-token, t*<=1",A+,win2,2,FDE@release+N > 2 m,6.0881,2.372,10.6066,%,85.7143,71.4286,100.0,(Normal_same_poses - win)/(Normal_same_poses - Full_same_poses),772,116,autovla_misalignment_poc/outputs/horizon_controlled_window/summary.json :: analyses/in10/t*<=1/A+/N/2/windows/2/level/amp2
10 horizon_controlled_window,"in-distribution 10-token, t*<=1",A+,win2,2,re-divergence: FDE>2 m after N given error<=1 m at release,0.9901,0.0,1.643,%,,,,,707,,autovla_misalignment_poc/outputs/horizon_controlled_window/summary.json :: analyses/in10/t*<=1/A+/N/2/windows/2/rediverge_given_stab
10 horizon_controlled_window,"in-distribution 10-token, t*<=1",A+,Full (same poses as win2),2,re-divergence: FDE>2 m after N given error<=1 m at release,0.2829,0.0,0.5849,%,,,,,707,,autovla_misalignment_poc/outputs/horizon_controlled_window/summary.json :: analyses/in10/t*<=1/A+/N/2/windows/2/rediverge_given_stab_full
10 horizon_controlled_window,"in-distribution 10-token, t*<=1",A+,win3,2,fde@release+N,0.7553,0.5615,0.9465,m,97.0083,95.4963,98.481,(Normal_same_poses - win)/(Normal_same_poses - Full_same_poses),772,116,autovla_misalignment_poc/outputs/horizon_controlled_window/summary.json :: analyses/in10/t*<=1/A+/N/2/windows/3/level/fde
10 horizon_controlled_window,"in-distribution 10-token, t*<=1",A+,win3,2,ade@release+N,0.6953,0.519,0.8719,m,97.7191,96.3919,98.908,(Normal_same_poses - win)/(Normal_same_poses - Full_same_poses),772,116,autovla_misalignment_poc/outputs/horizon_controlled_window/summary.json :: analyses/in10/t*<=1/A+/N/2/windows/3/level/ade
10 horizon_controlled_window,"in-distribution 10-token, t*<=1",A+,win3,2,amplification (FDE@release+N > 3 m),2.5907,0.4524,5.0065,%,95.6522,91.3462,100.0,(Normal_same_poses - win)/(Normal_same_poses - Full_same_poses),772,116,autovla_misalignment_poc/outputs/horizon_controlled_window/summary.json :: analyses/in10/t*<=1/A+/N/2/windows/3/level/amp
10 horizon_controlled_window,"in-distribution 10-token, t*<=1",A+,win3,2,FDE@release+N > 2 m,6.4767,2.4435,10.6501,%,99.2481,96.7532,102.2734,(Normal_same_poses - win)/(Normal_same_poses - Full_same_poses),772,116,autovla_misalignment_poc/outputs/horizon_controlled_window/summary.json :: analyses/in10/t*<=1/A+/N/2/windows/3/level/amp2
10 horizon_controlled_window,"in-distribution 10-token, t*<=1",A+,win3,2,re-divergence: FDE>2 m after N given error<=1 m at release,0.1477,0.0,0.5329,%,,,,,677,,autovla_misalignment_poc/outputs/horizon_controlled_window/summary.json :: analyses/in10/t*<=1/A+/N/2/windows/3/rediverge_given_stab
10 horizon_controlled_window,"in-distribution 10-token, t*<=1",A+,Full (same poses as win3),2,re-divergence: FDE>2 m after N given error<=1 m at release,0.0,0.0,0.0,%,,,,,677,,autovla_misalignment_poc/outputs/horizon_controlled_window/summary.json :: analyses/in10/t*<=1/A+/N/2/windows/3/rediverge_given_stab_full
10 horizon_controlled_window,"in-distribution 10-token, t*<=1",A+,win4,2,fde@release+N,0.8501,0.6283,1.0554,m,98.5709,97.4893,99.5164,(Normal_same_poses - win)/(Normal_same_poses - Full_same_poses),772,116,autovla_misalignment_poc/outputs/horizon_controlled_window/summary.json :: analyses/in10/t*<=1/A+/N/2/windows/4/level/fde
10 horizon_controlled_window,"in-distribution 10-token, t*<=1",A+,win4,2,ade@release+N,0.7919,0.588,0.9844,m,99.1251,98.3197,99.8317,(Normal_same_poses - win)/(Normal_same_poses - Full_same_poses),772,116,autovla_misalignment_poc/outputs/horizon_controlled_window/summary.json :: analyses/in10/t*<=1/A+/N/2/windows/4/level/ade
10 horizon_controlled_window,"in-distribution 10-token, t*<=1",A+,win4,2,amplification (FDE@release+N > 3 m),3.886,1.3256,6.3392,%,100.0,100.0,100.0,(Normal_same_poses - win)/(Normal_same_poses - Full_same_poses),772,116,autovla_misalignment_poc/outputs/horizon_controlled_window/summary.json :: analyses/in10/t*<=1/A+/N/2/windows/4/level/amp
10 horizon_controlled_window,"in-distribution 10-token, t*<=1",A+,win4,2,FDE@release+N > 2 m,9.8446,5.5553,14.9013,%,96.4706,92.4242,98.9191,(Normal_same_poses - win)/(Normal_same_poses - Full_same_poses),772,116,autovla_misalignment_poc/outputs/horizon_controlled_window/summary.json :: analyses/in10/t*<=1/A+/N/2/windows/4/level/amp2
10 horizon_controlled_window,"in-distribution 10-token, t*<=1",A+,win4,2,re-divergence: FDE>2 m after N given error<=1 m at release,0.3125,0.0,0.9158,%,,,,,640,,autovla_misalignment_poc/outputs/horizon_controlled_window/summary.json :: analyses/in10/t*<=1/A+/N/2/windows/4/rediverge_given_stab
10 horizon_controlled_window,"in-distribution 10-token, t*<=1",A+,Full (same poses as win4),2,re-divergence: FDE>2 m after N given error<=1 m at release,0.0,0.0,0.0,%,,,,,640,,autovla_misalignment_poc/outputs/horizon_controlled_window/summary.json :: analyses/in10/t*<=1/A+/N/2/windows/4/rediverge_given_stab_full
10 horizon_controlled_window,"in-distribution 10-token, t*<=1",A+,win5,2,fde@release+N,0.9878,0.7422,1.2276,m,99.1112,97.9201,99.7281,(Normal_same_poses - win)/(Normal_same_poses - Full_same_poses),772,116,autovla_misalignment_poc/outputs/horizon_controlled_window/summary.json :: analyses/in10/t*<=1/A+/N/2/windows/5/level/fde
10 horizon_controlled_window,"in-distribution 10-token, t*<=1",A+,win5,2,ade@release+N,0.9138,0.6869,1.1342,m,99.347,98.5316,99.7915,(Normal_same_poses - win)/(Normal_same_poses - Full_same_poses),772,116,autovla_misalignment_poc/outputs/horizon_controlled_window/summary.json :: analyses/in10/t*<=1/A+/N/2/windows/5/level/ade
10 horizon_controlled_window,"in-distribution 10-token, t*<=1",A+,win5,2,amplification (FDE@release+N > 3 m),5.5699,2.5104,8.4342,%,100.0,100.0,100.0,(Normal_same_poses - win)/(Normal_same_poses - Full_same_poses),772,116,autovla_misalignment_poc/outputs/horizon_controlled_window/summary.json :: analyses/in10/t*<=1/A+/N/2/windows/5/level/amp
10 horizon_controlled_window,"in-distribution 10-token, t*<=1",A+,win5,2,FDE@release+N > 2 m,12.1762,7.9201,17.1296,%,99.4792,98.9247,100.0,(Normal_same_poses - win)/(Normal_same_poses - Full_same_poses),772,116,autovla_misalignment_poc/outputs/horizon_controlled_window/summary.json :: analyses/in10/t*<=1/A+/N/2/windows/5/level/amp2
10 horizon_controlled_window,"in-distribution 10-token, t*<=1",A+,win5,2,re-divergence: FDE>2 m after N given error<=1 m at release,0.6612,0.0,2.3301,%,,,,,605,,autovla_misalignment_poc/outputs/horizon_controlled_window/summary.json :: analyses/in10/t*<=1/A+/N/2/windows/5/rediverge_given_stab
10 horizon_controlled_window,"in-distribution 10-token, t*<=1",A+,Full (same poses as win5),2,re-divergence: FDE>2 m after N given error<=1 m at release,0.6612,0.0,2.3301,%,,,,,605,,autovla_misalignment_poc/outputs/horizon_controlled_window/summary.json :: analyses/in10/t*<=1/A+/N/2/windows/5/rediverge_given_stab_full
10 horizon_controlled_window,"in-distribution 10-token, t*<=1",A+,win6,2,fde@release+N,1.3786,0.9435,1.9559,m,94.7337,77.0131,99.9659,(Normal_same_poses - win)/(Normal_same_poses - Full_same_poses),336,50,autovla_misalignment_poc/outputs/horizon_controlled_window/summary.json :: analyses/in10/t*<=1/A+/N/2/windows/6/level/fde
10 horizon_controlled_window,"in-distribution 10-token, t*<=1",A+,win6,2,ade@release+N,1.2651,0.8745,1.7564,m,97.0595,86.7178,100.0273,(Normal_same_poses - win)/(Normal_same_poses - Full_same_poses),336,50,autovla_misalignment_poc/outputs/horizon_controlled_window/summary.json :: analyses/in10/t*<=1/A+/N/2/windows/6/level/ade
10 horizon_controlled_window,"in-distribution 10-token, t*<=1",A+,win6,2,amplification (FDE@release+N > 3 m),7.7381,3.0508,14.1371,%,98.5507,92.3077,100.0,(Normal_same_poses - win)/(Normal_same_poses - Full_same_poses),336,50,autovla_misalignment_poc/outputs/horizon_controlled_window/summary.json :: analyses/in10/t*<=1/A+/N/2/windows/6/level/amp
10 horizon_controlled_window,"in-distribution 10-token, t*<=1",A+,win6,2,FDE@release+N > 2 m,16.369,10.0796,25.7289,%,99.0099,91.778,102.4703,(Normal_same_poses - win)/(Normal_same_poses - Full_same_poses),336,50,autovla_misalignment_poc/outputs/horizon_controlled_window/summary.json :: analyses/in10/t*<=1/A+/N/2/windows/6/level/amp2
10 horizon_controlled_window,"in-distribution 10-token, t*<=1",A+,win6,2,re-divergence: FDE>2 m after N given error<=1 m at release,1.6194,0.0,6.1538,%,,,,,247,,autovla_misalignment_poc/outputs/horizon_controlled_window/summary.json :: analyses/in10/t*<=1/A+/N/2/windows/6/rediverge_given_stab
10 horizon_controlled_window,"in-distribution 10-token, t*<=1",A+,Full (same poses as win6),2,re-divergence: FDE>2 m after N given error<=1 m at release,1.6194,0.0,6.1538,%,,,,,247,,autovla_misalignment_poc/outputs/horizon_controlled_window/summary.json :: analyses/in10/t*<=1/A+/N/2/windows/6/rediverge_given_stab_full
10 horizon_controlled_window,"in-distribution 10-token, t*<=1",A+,normal,3,fde@release+N,0.9295,0.7163,1.1283,m,,,,,772,116,autovla_misalignment_poc/outputs/horizon_controlled_window/summary.json :: analyses/in10/t*<=1/A+/N/3/windows/0/level/fde
10 horizon_controlled_window,"in-distribution 10-token, t*<=1",A+,normal,3,ade@release+N,0.6809,0.527,0.8275,m,,,,,772,116,autovla_misalignment_poc/outputs/horizon_controlled_window/summary.json :: analyses/in10/t*<=1/A+/N/3/windows/0/level/ade
10 horizon_controlled_window,"in-distribution 10-token, t*<=1",A+,normal,3,amplification (FDE@release+N > 3 m),5.0518,1.8547,8.1856,%,,,,,772,116,autovla_misalignment_poc/outputs/horizon_controlled_window/summary.json :: analyses/in10/t*<=1/A+/N/3/windows/0/level/amp
10 horizon_controlled_window,"in-distribution 10-token, t*<=1",A+,normal,3,FDE@release+N > 2 m,10.6218,4.5926,15.6458,%,,,,,772,116,autovla_misalignment_poc/outputs/horizon_controlled_window/summary.json :: analyses/in10/t*<=1/A+/N/3/windows/0/level/amp2
10 horizon_controlled_window,"in-distribution 10-token, t*<=1",A+,win1,3,fde@release+N,0.8236,0.6199,1.0176,m,66.1779,47.3089,77.554,(Normal_same_poses - win)/(Normal_same_poses - Full_same_poses),772,116,autovla_misalignment_poc/outputs/horizon_controlled_window/summary.json :: analyses/in10/t*<=1/A+/N/3/windows/1/level/fde
10 horizon_controlled_window,"in-distribution 10-token, t*<=1",A+,win1,3,ade@release+N,0.6464,0.4902,0.7997,m,71.443,52.6242,82.11,(Normal_same_poses - win)/(Normal_same_poses - Full_same_poses),772,116,autovla_misalignment_poc/outputs/horizon_controlled_window/summary.json :: analyses/in10/t*<=1/A+/N/3/windows/1/level/ade
10 horizon_controlled_window,"in-distribution 10-token, t*<=1",A+,win1,3,amplification (FDE@release+N > 3 m),2.9793,0.7561,6.8762,%,83.3333,61.9976,97.6764,(Normal_same_poses - win)/(Normal_same_poses - Full_same_poses),772,116,autovla_misalignment_poc/outputs/horizon_controlled_window/summary.json :: analyses/in10/t*<=1/A+/N/3/windows/1/level/amp
10 horizon_controlled_window,"in-distribution 10-token, t*<=1",A+,win1,3,FDE@release+N > 2 m,6.9948,2.9407,11.1438,%,77.381,68.5704,89.7449,(Normal_same_poses - win)/(Normal_same_poses - Full_same_poses),772,116,autovla_misalignment_poc/outputs/horizon_controlled_window/summary.json :: analyses/in10/t*<=1/A+/N/3/windows/1/level/amp2
10 horizon_controlled_window,"in-distribution 10-token, t*<=1",A+,win1,3,re-divergence: FDE>2 m after N given error<=1 m at release,3.5278,1.5684,4.9383,%,,,,,737,,autovla_misalignment_poc/outputs/horizon_controlled_window/summary.json :: analyses/in10/t*<=1/A+/N/3/windows/1/rediverge_given_stab
10 horizon_controlled_window,"in-distribution 10-token, t*<=1",A+,Full (same poses as win1),3,re-divergence: FDE>2 m after N given error<=1 m at release,1.7639,0.9363,2.4213,%,,,,,737,,autovla_misalignment_poc/outputs/horizon_controlled_window/summary.json :: analyses/in10/t*<=1/A+/N/3/windows/1/rediverge_given_stab_full
10 horizon_controlled_window,"in-distribution 10-token, t*<=1",A+,win2,3,fde@release+N,0.8228,0.5957,1.052,m,88.2249,81.6748,94.1174,(Normal_same_poses - win)/(Normal_same_poses - Full_same_poses),772,116,autovla_misalignment_poc/outputs/horizon_controlled_window/summary.json :: analyses/in10/t*<=1/A+/N/3/windows/2/level/fde
10 horizon_controlled_window,"in-distribution 10-token, t*<=1",A+,win2,3,ade@release+N,0.6785,0.4969,0.8652,m,91.5334,86.1319,96.1285,(Normal_same_poses - win)/(Normal_same_poses - Full_same_poses),772,116,autovla_misalignment_poc/outputs/horizon_controlled_window/summary.json :: analyses/in10/t*<=1/A+/N/3/windows/2/level/ade
10 horizon_controlled_window,"in-distribution 10-token, t*<=1",A+,win2,3,amplification (FDE@release+N > 3 m),3.7565,0.8209,7.1169,%,82.6087,76.2692,100.0,(Normal_same_poses - win)/(Normal_same_poses - Full_same_poses),772,116,autovla_misalignment_poc/outputs/horizon_controlled_window/summary.json :: analyses/in10/t*<=1/A+/N/3/windows/2/level/amp
10 horizon_controlled_window,"in-distribution 10-token, t*<=1",A+,win2,3,FDE@release+N > 2 m,9.0674,3.8311,15.2589,%,84.2105,69.1464,95.6212,(Normal_same_poses - win)/(Normal_same_poses - Full_same_poses),772,116,autovla_misalignment_poc/outputs/horizon_controlled_window/summary.json :: analyses/in10/t*<=1/A+/N/3/windows/2/level/amp2
10 horizon_controlled_window,"in-distribution 10-token, t*<=1",A+,win2,3,re-divergence: FDE>2 m after N given error<=1 m at release,3.1117,1.225,5.2559,%,,,,,707,,autovla_misalignment_poc/outputs/horizon_controlled_window/summary.json :: analyses/in10/t*<=1/A+/N/3/windows/2/rediverge_given_stab
10 horizon_controlled_window,"in-distribution 10-token, t*<=1",A+,Full (same poses as win2),3,re-divergence: FDE>2 m after N given error<=1 m at release,0.9901,0.0,1.8368,%,,,,,707,,autovla_misalignment_poc/outputs/horizon_controlled_window/summary.json :: analyses/in10/t*<=1/A+/N/3/windows/2/rediverge_given_stab_full
10 horizon_controlled_window,"in-distribution 10-token, t*<=1",A+,win3,3,fde@release+N,0.8922,0.6503,1.1135,m,94.2298,92.5789,96.7335,(Normal_same_poses - win)/(Normal_same_poses - Full_same_poses),772,116,autovla_misalignment_poc/outputs/horizon_controlled_window/summary.json :: analyses/in10/t*<=1/A+/N/3/windows/3/level/fde
10 horizon_controlled_window,"in-distribution 10-token, t*<=1",A+,win3,3,ade@release+N,0.761,0.5643,0.9507,m,96.2584,94.8397,97.9246,(Normal_same_poses - win)/(Normal_same_poses - Full_same_poses),772,116,autovla_misalignment_poc/outputs/horizon_controlled_window/summary.json :: analyses/in10/t*<=1/A+/N/3/windows/3/level/ade
10 horizon_controlled_window,"in-distribution 10-token, t*<=1",A+,win3,3,amplification (FDE@release+N > 3 m),3.7565,1.3256,5.937,%,101.0638,100.0,104.111,(Normal_same_poses - win)/(Normal_same_poses - Full_same_poses),772,116,autovla_misalignment_poc/outputs/horizon_controlled_window/summary.json :: analyses/in10/t*<=1/A+/N/3/windows/3/level/amp
10 horizon_controlled_window,"in-distribution 10-token, t*<=1",A+,win3,3,FDE@release+N > 2 m,10.8808,5.9642,16.2329,%,91.7647,87.8448,96.1908,(Normal_same_poses - win)/(Normal_same_poses - Full_same_poses),772,116,autovla_misalignment_poc/outputs/horizon_controlled_window/summary.json :: analyses/in10/t*<=1/A+/N/3/windows/3/level/amp2
10 horizon_controlled_window,"in-distribution 10-token, t*<=1",A+,win3,3,re-divergence: FDE>2 m after N given error<=1 m at release,2.0679,0.7859,3.0986,%,,,,,677,,autovla_misalignment_poc/outputs/horizon_controlled_window/summary.json :: analyses/in10/t*<=1/A+/N/3/windows/3/rediverge_given_stab
10 horizon_controlled_window,"in-distribution 10-token, t*<=1",A+,Full (same poses as win3),3,re-divergence: FDE>2 m after N given error<=1 m at release,0.4431,0.0,0.9615,%,,,,,677,,autovla_misalignment_poc/outputs/horizon_controlled_window/summary.json :: analyses/in10/t*<=1/A+/N/3/windows/3/rediverge_given_stab_full
10 horizon_controlled_window,"in-distribution 10-token, t*<=1",A+,win4,3,fde@release+N,1.0064,0.7618,1.2383,m,97.517,95.6144,99.1639,(Normal_same_poses - win)/(Normal_same_poses - Full_same_poses),772,116,autovla_misalignment_poc/outputs/horizon_controlled_window/summary.json :: analyses/in10/t*<=1/A+/N/3/windows/4/level/fde
10 horizon_controlled_window,"in-distribution 10-token, t*<=1",A+,win4,3,ade@release+N,0.8634,0.6486,1.0666,m,98.4789,97.2447,99.5245,(Normal_same_poses - win)/(Normal_same_poses - Full_same_poses),772,116,autovla_misalignment_poc/outputs/horizon_controlled_window/summary.json :: analyses/in10/t*<=1/A+/N/3/windows/4/level/ade
10 horizon_controlled_window,"in-distribution 10-token, t*<=1",A+,win4,3,amplification (FDE@release+N > 3 m),5.5699,2.719,8.5637,%,100.0,97.4026,101.4286,(Normal_same_poses - win)/(Normal_same_poses - Full_same_poses),772,116,autovla_misalignment_poc/outputs/horizon_controlled_window/summary.json :: analyses/in10/t*<=1/A+/N/3/windows/4/level/amp
10 horizon_controlled_window,"in-distribution 10-token, t*<=1",A+,win4,3,FDE@release+N > 2 m,12.6943,8.459,17.5525,%,97.3958,93.8927,100.0,(Normal_same_poses - win)/(Normal_same_poses - Full_same_poses),772,116,autovla_misalignment_poc/outputs/horizon_controlled_window/summary.json :: analyses/in10/t*<=1/A+/N/3/windows/4/level/amp2
10 horizon_controlled_window,"in-distribution 10-token, t*<=1",A+,win4,3,re-divergence: FDE>2 m after N given error<=1 m at release,1.0938,0.1492,2.8351,%,,,,,640,,autovla_misalignment_poc/outputs/horizon_controlled_window/summary.json :: analyses/in10/t*<=1/A+/N/3/windows/4/rediverge_given_stab
10 horizon_controlled_window,"in-distribution 10-token, t*<=1",A+,Full (same poses as win4),3,re-divergence: FDE>2 m after N given error<=1 m at release,0.625,0.0,2.2141,%,,,,,640,,autovla_misalignment_poc/outputs/horizon_controlled_window/summary.json :: analyses/in10/t*<=1/A+/N/3/windows/4/rediverge_given_stab_full
10 horizon_controlled_window,"in-distribution 10-token, t*<=1",A+,win5,3,fde@release+N,1.3877,0.9585,1.9554,m,94.145,76.4207,99.4681,(Normal_same_poses - win)/(Normal_same_poses - Full_same_poses),336,50,autovla_misalignment_poc/outputs/horizon_controlled_window/summary.json :: analyses/in10/t*<=1/A+/N/3/windows/5/level/fde
10 horizon_controlled_window,"in-distribution 10-token, t*<=1",A+,win5,3,ade@release+N,1.166,0.8183,1.6068,m,97.4001,90.1569,99.7265,(Normal_same_poses - win)/(Normal_same_poses - Full_same_poses),336,50,autovla_misalignment_poc/outputs/horizon_controlled_window/summary.json :: analyses/in10/t*<=1/A+/N/3/windows/5/level/ade
10 horizon_controlled_window,"in-distribution 10-token, t*<=1",A+,win5,3,amplification (FDE@release+N > 3 m),8.0357,3.408,14.3443,%,97.1014,89.2857,100.0,(Normal_same_poses - win)/(Normal_same_poses - Full_same_poses),336,50,autovla_misalignment_poc/outputs/horizon_controlled_window/summary.json :: analyses/in10/t*<=1/A+/N/3/windows/5/level/amp
10 horizon_controlled_window,"in-distribution 10-token, t*<=1",A+,win5,3,FDE@release+N > 2 m,16.369,10.0796,25.7289,%,99.0099,91.778,102.4703,(Normal_same_poses - win)/(Normal_same_poses - Full_same_poses),336,50,autovla_misalignment_poc/outputs/horizon_controlled_window/summary.json :: analyses/in10/t*<=1/A+/N/3/windows/5/level/amp2
10 horizon_controlled_window,"in-distribution 10-token, t*<=1",A+,win5,3,re-divergence: FDE>2 m after N given error<=1 m at release,1.9305,0.0,6.515,%,,,,,259,,autovla_misalignment_poc/outputs/horizon_controlled_window/summary.json :: analyses/in10/t*<=1/A+/N/3/windows/5/rediverge_given_stab
10 horizon_controlled_window,"in-distribution 10-token, t*<=1",A+,Full (same poses as win5),3,re-divergence: FDE>2 m after N given error<=1 m at release,1.5444,0.0,5.8187,%,,,,,259,,autovla_misalignment_poc/outputs/horizon_controlled_window/summary.json :: analyses/in10/t*<=1/A+/N/3/windows/5/rediverge_given_stab_full
10 horizon_controlled_window,"in-distribution 10-token, t*<=1",A+,normal,4,fde@release+N,1.2069,0.9371,1.4541,m,,,,,772,116,autovla_misalignment_poc/outputs/horizon_controlled_window/summary.json :: analyses/in10/t*<=1/A+/N/4/windows/0/level/fde
10 horizon_controlled_window,"in-distribution 10-token, t*<=1",A+,normal,4,ade@release+N,0.8124,0.6298,0.9843,m,,,,,772,116,autovla_misalignment_poc/outputs/horizon_controlled_window/summary.json :: analyses/in10/t*<=1/A+/N/4/windows/0/level/ade
10 horizon_controlled_window,"in-distribution 10-token, t*<=1",A+,normal,4,amplification (FDE@release+N > 3 m),8.8083,3.6411,13.6451,%,,,,,772,116,autovla_misalignment_poc/outputs/horizon_controlled_window/summary.json :: analyses/in10/t*<=1/A+/N/4/windows/0/level/amp
10 horizon_controlled_window,"in-distribution 10-token, t*<=1",A+,normal,4,FDE@release+N > 2 m,15.4145,8.2161,20.4189,%,,,,,772,116,autovla_misalignment_poc/outputs/horizon_controlled_window/summary.json :: analyses/in10/t*<=1/A+/N/4/windows/0/level/amp2
10 horizon_controlled_window,"in-distribution 10-token, t*<=1",A+,win1,4,fde@release+N,1.0273,0.7657,1.2666,m,61.6157,43.3605,73.3864,(Normal_same_poses - win)/(Normal_same_poses - Full_same_poses),772,116,autovla_misalignment_poc/outputs/horizon_controlled_window/summary.json :: analyses/in10/t*<=1/A+/N/4/windows/1/level/fde
10 horizon_controlled_window,"in-distribution 10-token, t*<=1",A+,win1,4,ade@release+N,0.7416,0.5618,0.9164,m,67.6373,49.1959,78.793,(Normal_same_poses - win)/(Normal_same_poses - Full_same_poses),772,116,autovla_misalignment_poc/outputs/horizon_controlled_window/summary.json :: analyses/in10/t*<=1/A+/N/4/windows/1/level/ade
10 horizon_controlled_window,"in-distribution 10-token, t*<=1",A+,win1,4,amplification (FDE@release+N > 3 m),5.0518,1.8425,9.0562,%,68.1159,57.1429,79.1667,(Normal_same_poses - win)/(Normal_same_poses - Full_same_poses),772,116,autovla_misalignment_poc/outputs/horizon_controlled_window/summary.json :: analyses/in10/t*<=1/A+/N/4/windows/1/level/amp
10 horizon_controlled_window,"in-distribution 10-token, t*<=1",A+,win1,4,FDE@release+N > 2 m,11.9171,6.1643,17.8036,%,67.6692,46.6653,80.0,(Normal_same_poses - win)/(Normal_same_poses - Full_same_poses),772,116,autovla_misalignment_poc/outputs/horizon_controlled_window/summary.json :: analyses/in10/t*<=1/A+/N/4/windows/1/level/amp2
10 horizon_controlled_window,"in-distribution 10-token, t*<=1",A+,win1,4,re-divergence: FDE>2 m after N given error<=1 m at release,8.6839,4.7609,12.8937,%,,,,,737,,autovla_misalignment_poc/outputs/horizon_controlled_window/summary.json :: analyses/in10/t*<=1/A+/N/4/windows/1/rediverge_given_stab
10 horizon_controlled_window,"in-distribution 10-token, t*<=1",A+,Full (same poses as win1),4,re-divergence: FDE>2 m after N given error<=1 m at release,3.5278,1.7006,4.897,%,,,,,737,,autovla_misalignment_poc/outputs/horizon_controlled_window/summary.json :: analyses/in10/t*<=1/A+/N/4/windows/1/rediverge_given_stab_full
10 horizon_controlled_window,"in-distribution 10-token, t*<=1",A+,win2,4,fde@release+N,0.9825,0.7016,1.2523,m,84.9248,78.2578,91.7028,(Normal_same_poses - win)/(Normal_same_poses - Full_same_poses),772,116,autovla_misalignment_poc/outputs/horizon_controlled_window/summary.json :: analyses/in10/t*<=1/A+/N/4/windows/2/level/fde
10 horizon_controlled_window,"in-distribution 10-token, t*<=1",A+,win2,4,ade@release+N,0.7545,0.5487,0.9609,m,89.1756,83.1681,94.5222,(Normal_same_poses - win)/(Normal_same_poses - Full_same_poses),772,116,autovla_misalignment_poc/outputs/horizon_controlled_window/summary.json :: analyses/in10/t*<=1/A+/N/4/windows/2/level/ade
10 horizon_controlled_window,"in-distribution 10-token, t*<=1",A+,win2,4,amplification (FDE@release+N > 3 m),5.4404,1.7979,9.9351,%,87.234,68.9565,102.4422,(Normal_same_poses - win)/(Normal_same_poses - Full_same_poses),772,116,autovla_misalignment_poc/outputs/horizon_controlled_window/summary.json :: analyses/in10/t*<=1/A+/N/4/windows/2/level/amp
10 horizon_controlled_window,"in-distribution 10-token, t*<=1",A+,win2,4,FDE@release+N > 2 m,13.601,7.3315,21.1114,%,79.4118,64.4062,90.1743,(Normal_same_poses - win)/(Normal_same_poses - Full_same_poses),772,116,autovla_misalignment_poc/outputs/horizon_controlled_window/summary.json :: analyses/in10/t*<=1/A+/N/4/windows/2/level/amp2
10 horizon_controlled_window,"in-distribution 10-token, t*<=1",A+,win2,4,re-divergence: FDE>2 m after N given error<=1 m at release,7.6379,4.2881,11.5918,%,,,,,707,,autovla_misalignment_poc/outputs/horizon_controlled_window/summary.json :: analyses/in10/t*<=1/A+/N/4/windows/2/rediverge_given_stab
10 horizon_controlled_window,"in-distribution 10-token, t*<=1",A+,Full (same poses as win2),4,re-divergence: FDE>2 m after N given error<=1 m at release,3.2532,1.7031,4.3621,%,,,,,707,,autovla_misalignment_poc/outputs/horizon_controlled_window/summary.json :: analyses/in10/t*<=1/A+/N/4/windows/2/rediverge_given_stab_full
10 horizon_controlled_window,"in-distribution 10-token, t*<=1",A+,win3,4,fde@release+N,1.0806,0.7896,1.3388,m,91.1679,88.8349,95.0487,(Normal_same_poses - win)/(Normal_same_poses - Full_same_poses),772,116,autovla_misalignment_poc/outputs/horizon_controlled_window/summary.json :: analyses/in10/t*<=1/A+/N/4/windows/3/level/fde
10 horizon_controlled_window,"in-distribution 10-token, t*<=1",A+,win3,4,ade@release+N,0.8409,0.6222,1.0444,m,94.5528,93.0455,96.9645,(Normal_same_poses - win)/(Normal_same_poses - Full_same_poses),772,116,autovla_misalignment_poc/outputs/horizon_controlled_window/summary.json :: analyses/in10/t*<=1/A+/N/4/windows/3/level/ade
10 horizon_controlled_window,"in-distribution 10-token, t*<=1",A+,win3,4,amplification (FDE@release+N > 3 m),7.1244,3.0302,10.7191,%,91.1111,87.6033,100.0,(Normal_same_poses - win)/(Normal_same_poses - Full_same_poses),772,116,autovla_misalignment_poc/outputs/horizon_controlled_window/summary.json :: analyses/in10/t*<=1/A+/N/4/windows/3/level/amp
10 horizon_controlled_window,"in-distribution 10-token, t*<=1",A+,win3,4,FDE@release+N > 2 m,15.9326,9.7146,22.6686,%,84.375,77.0688,92.6202,(Normal_same_poses - win)/(Normal_same_poses - Full_same_poses),772,116,autovla_misalignment_poc/outputs/horizon_controlled_window/summary.json :: analyses/in10/t*<=1/A+/N/4/windows/3/level/amp2
10 horizon_controlled_window,"in-distribution 10-token, t*<=1",A+,win3,4,re-divergence: FDE>2 m after N given error<=1 m at release,6.4993,3.5916,9.3107,%,,,,,677,,autovla_misalignment_poc/outputs/horizon_controlled_window/summary.json :: analyses/in10/t*<=1/A+/N/4/windows/3/rediverge_given_stab
10 horizon_controlled_window,"in-distribution 10-token, t*<=1",A+,Full (same poses as win3),4,re-divergence: FDE>2 m after N given error<=1 m at release,2.8065,1.2734,4.8825,%,,,,,677,,autovla_misalignment_poc/outputs/horizon_controlled_window/summary.json :: analyses/in10/t*<=1/A+/N/4/windows/3/rediverge_given_stab_full
10 horizon_controlled_window,"in-distribution 10-token, t*<=1",A+,win4,4,fde@release+N,1.4649,1.031,1.9981,m,89.1129,70.0859,97.4018,(Normal_same_poses - win)/(Normal_same_poses - Full_same_poses),336,50,autovla_misalignment_poc/outputs/horizon_controlled_window/summary.json :: analyses/in10/t*<=1/A+/N/4/windows/4/level/fde
10 horizon_controlled_window,"in-distribution 10-token, t*<=1",A+,win4,4,ade@release+N,1.1152,0.7855,1.5109,m,94.8172,88.1503,98.5528,(Normal_same_poses - win)/(Normal_same_poses - Full_same_poses),336,50,autovla_misalignment_poc/outputs/horizon_controlled_window/summary.json :: analyses/in10/t*<=1/A+/N/4/windows/4/level/ade
10 horizon_controlled_window,"in-distribution 10-token, t*<=1",A+,win4,4,amplification (FDE@release+N > 3 m),9.8214,5.5408,15.8389,%,88.4058,74.3553,93.75,(Normal_same_poses - win)/(Normal_same_poses - Full_same_poses),336,50,autovla_misalignment_poc/outputs/horizon_controlled_window/summary.json :: analyses/in10/t*<=1/A+/N/4/windows/4/level/amp
10 horizon_controlled_window,"in-distribution 10-token, t*<=1",A+,win4,4,FDE@release+N > 2 m,19.9405,12.4295,28.9172,%,87.1287,73.9105,97.6774,(Normal_same_poses - win)/(Normal_same_poses - Full_same_poses),336,50,autovla_misalignment_poc/outputs/horizon_controlled_window/summary.json :: analyses/in10/t*<=1/A+/N/4/windows/4/level/amp2
10 horizon_controlled_window,"in-distribution 10-token, t*<=1",A+,win4,4,re-divergence: FDE>2 m after N given error<=1 m at release,6.81,2.8702,12.5,%,,,,,279,,autovla_misalignment_poc/outputs/horizon_controlled_window/summary.json :: analyses/in10/t*<=1/A+/N/4/windows/4/rediverge_given_stab
10 horizon_controlled_window,"in-distribution 10-token, t*<=1",A+,Full (same poses as win4),4,re-divergence: FDE>2 m after N given error<=1 m at release,2.8674,0.6451,7.3306,%,,,,,279,,autovla_misalignment_poc/outputs/horizon_controlled_window/summary.json :: analyses/in10/t*<=1/A+/N/4/windows/4/rediverge_given_stab_full
