kind,contrast,block,cond_a,cond_b,metric,estimand,variant,weighting,n_scenes,n_units,n_clusters,theta,p_signflip,p_cluster_t,clt_ci95_lo,clt_ci95_hi,boot_ci95_lo,boot_ci95_hi,boot_ci90_lo,boot_ci90_hi,sf_ci95_lo,sf_ci95_hi,sf_ci90_lo,sf_ci90_hi,n_informative_clusters,holm_p,family_alpha,mme,predicted_sign,decision,decision_with_bootstrap_ci90,delta,theta_F,theta_S,check_f3_ge_0.75,equiv_margin,equivalent_boot90,equivalent_sf90,ood_flag_gt_1nat,applied
primary,RN,H7,recent_gt,normal,amplification,F,main,scene,105.0,748.0,18.0,-0.3421390778533635,7.62939453125e-06,3.1588960677708596e-11,-0.3903233226954049,-0.29395483301132214,-0.3832933009419701,-0.29452921272675736,-0.37724309420737995,-0.30165690778122844,-0.38724489795792094,-0.2820961718028514,-0.379325396823028,-0.29295634920738967,18.0,2.288818359375e-05,0.05,-0.1,-1.0,replicated,replicated,,,,,,,,,
sensitivity_weighting,RN,H7,recent_gt,normal,amplification,F,main,unit,105.0,748.0,18.0,-0.34358288770053474,7.62939453125e-06,3.517334918621487e-11,-0.3922995308699352,-0.2948662445311343,-0.38369415737025214,-0.2948717948717949,-0.3786286087557958,-0.30219582575697684,,,,,18.0,,,,,,,,,,,,,,,
sensitivity_weighting,RN,H7,recent_gt,normal,amplification,F,main,drive_equal,105.0,748.0,18.0,-0.32522107093866354,7.62939453125e-06,3.280795710002853e-09,-0.38703214731224467,-0.2634099945650824,-0.3851691428886369,-0.27142604752806476,-0.37483855347694633,-0.2792107408807144,,,,,,,,,,,,,,,,,,,,
sensitivity_subset,RN,H7,recent_gt,normal,amplification,F,S1_non_navhard,scene,48.0,347.0,7.0,-0.34532076719576715,0.015625,7.94493736689313e-05,-0.4346473187366349,-0.2559942156548994,-0.39349359475590995,-0.23882623224728486,-0.3881848438300051,-0.25876856118791597,,,,,7.0,,,,,,,,,,,,,,,
sensitivity_subset,RN,H7,recent_gt,normal,amplification,F,S2_dayveh_disjoint,scene,42.0,299.0,4.0,-0.3822751322751322,0.125,0.0006463580840098176,-0.46351717531014824,-0.3010330892401162,-0.4209183673469387,-0.32590702947845807,-0.42011278195488716,-0.33809523809523806,,,,,4.0,,,,,,,,,,,,,,,
sensitivity_subset,RN,H7,recent_gt,normal,amplification,F,S3_dayveh_cluster,scene,105.0,748.0,10.0,-0.3421390778533635,0.001953125,9.402468648182564e-08,-0.39266712333447096,-0.29161103237225605,-0.3753703075829686,-0.29039945513034576,-0.3711197530653585,-0.2984123563218391,,,,,10.0,,,,,,,,,,,,,,,
sensitivity_subset,RN,H7,recent_gt,normal,amplification,F,S4_no_flagged_logs,scene,105.0,748.0,18.0,-0.3421390778533635,7.62939453125e-06,3.1588960677708596e-11,-0.3903233226954049,-0.29395483301132214,-0.3832933009419701,-0.29452921272675736,-0.37724309420737995,-0.30165690778122844,,,,,18.0,,,,,,,,,,,,,,,
primary,RN,H7,recent_gt,normal,amplification,P,main,scene,353.0,2436.0,24.0,-0.04125462751660835,5.7220458984375e-06,0.0004945767523603773,-0.06231716444514858,-0.020192090588068114,-0.06362468841289108,-0.024190644832630892,-0.05956200780076232,-0.02654128847879529,-0.06638262322401589,-0.021337909597676667,-0.061989010490905105,-0.024302533604967362,21.0,1.1444091796875e-05,0.025,-0.02,-1.0,replicated,replicated,,,,,,,,,
sensitivity_weighting,RN,H7,recent_gt,normal,amplification,P,main,unit,353.0,2436.0,24.0,-0.0431185468132308,1.430511474609375e-05,0.00030754289441657553,-0.06414252312057586,-0.022094570505885747,-0.06508246693069855,-0.025722633302322016,-0.060904599809718594,-0.02804789821666415,,,,,21.0,,,,,,,,,,,,,,,
sensitivity_weighting,RN,H7,recent_gt,normal,amplification,P,main,drive_equal,353.0,2436.0,24.0,-0.037325636812879474,3.814697265625e-06,8.178485802072144e-05,-0.053499674126175255,-0.021151599499583694,-0.053853516988986064,-0.023547869441347444,-0.050631467348684386,-0.025583779107844533,,,,,,,,,,,,,,,,,,,,
sensitivity_subset,RN,H7,recent_gt,normal,amplification,P,S1_non_navhard,scene,160.0,1129.0,13.0,-0.051964375493787254,0.001953125,9.940610658837337e-05,-0.07183377098332958,-0.03209498000424493,-0.06540143414940676,-0.028377381572749844,-0.06382277711743391,-0.032252292566456855,,,,,10.0,,,,,,,,,,,,,,,
sensitivity_subset,RN,H7,recent_gt,normal,amplification,P,S2_dayveh_disjoint,scene,132.0,921.0,7.0,-0.0492809119401476,0.0625,0.0008333662885376704,-0.06882826651152937,-0.029733557368765824,-0.060741067020405055,-0.02811379928315412,-0.059252264928781245,-0.030839002267573693,,,,,5.0,,,,,,,,,,,,,,,
sensitivity_subset,RN,H7,recent_gt,normal,amplification,P,S3_dayveh_cluster,scene,353.0,2436.0,16.0,-0.04125462751660835,0.000244140625,0.0014244865224709205,-0.06380782561908749,-0.0187014294141292,-0.06190516108909553,-0.02121499896171342,-0.0585343086585798,-0.02437570929116859,,,,,13.0,,,,,,,,,,,,,,,
sensitivity_subset,RN,H7,recent_gt,normal,amplification,P,S4_no_flagged_logs,scene,353.0,2436.0,24.0,-0.04125462751660835,5.7220458984375e-06,0.0004945767523603773,-0.06231716444514858,-0.020192090588068114,-0.06362468841289108,-0.024190644832630892,-0.05956200780076232,-0.02654128847879529,,,,,21.0,,,,,,,,,,,,,,,
secondary_theta_S,RN,H7,recent_gt,normal,amplification,S,main,scene,248.0,1688.0,24.0,-0.02610943706341597,0.0001678466796875,0.00545839110133345,-0.04372036248427924,-0.008498511642552702,-0.045762744739980855,-0.012306882752078975,-0.041813221119088834,-0.014183734983450467,,,,,17.0,,,,,,,,,,,,,,,
sensitivity_weighting,RN,H7,recent_gt,normal,amplification,S,main,unit,248.0,1688.0,24.0,-0.027335451816218683,0.00030517578125,0.004288275121380273,-0.04518172972597977,-0.009489173906457593,-0.046670536007552214,-0.01309222921400346,-0.04305472446854851,-0.015036846106210021,,,,,17.0,,,,,,,,,,,,,,,
sensitivity_weighting,RN,H7,recent_gt,normal,amplification,S,main,drive_equal,248.0,1688.0,24.0,-0.025744691421673554,0.0002288818359375,0.0016968400453939328,-0.04073677370707223,-0.010752609136274877,-0.04081010161570682,-0.013112215059430351,-0.038264768801831994,-0.014767392360599652,,,,,,,,,,,,,,,,,,,,
sensitivity_subset,RN,H7,recent_gt,normal,amplification,S,S1_non_navhard,scene,112.0,782.0,13.0,-0.02906826687314492,0.00390625,0.00014617741050614437,-0.040675865435785406,-0.017460668310504433,-0.03958804260742631,-0.016919333880987483,-0.03793847617709817,-0.019065675915756378,,,,,9.0,,,,,,,,,,,,,,,
sensitivity_subset,RN,H7,recent_gt,normal,amplification,S,S2_dayveh_disjoint,scene,90.0,622.0,7.0,-0.02541443198439785,0.0625,0.0001404229299331859,-0.032687593368188855,-0.018141270600606843,-0.029625460499386004,-0.017325001520403817,-0.029210958430559156,-0.01905510631925726,,,,,5.0,,,,,,,,,,,,,,,
sensitivity_subset,RN,H7,recent_gt,normal,amplification,S,S3_dayveh_cluster,scene,248.0,1688.0,16.0,-0.026109437063415966,0.002197265625,0.00782024154965025,-0.04425192404484217,-0.007966950081989763,-0.043613890427999305,-0.010956271584534985,-0.040778367808297834,-0.013112793038075691,,,,,13.0,,,,,,,,,,,,,,,
sensitivity_subset,RN,H7,recent_gt,normal,amplification,S,S4_no_flagged_logs,scene,248.0,1688.0,24.0,-0.02610943706341597,0.0001678466796875,0.00545839110133345,-0.04372036248427924,-0.008498511642552702,-0.045762744739980855,-0.012306882752078975,-0.041813221119088834,-0.014183734983450467,,,,,17.0,,,,,,,,,,,,,,,
sensitivity_common_inclusion,RN,H7,recent_gt,normal,amplification,F,common_inclusion,scene,105.0,748.0,18.0,-0.3421390778533635,7.62939453125e-06,3.1588960677708596e-11,-0.3903233226954049,-0.29395483301132214,-0.3832933009419701,-0.29452921272675736,-0.37724309420737995,-0.30165690778122844,,,,,18.0,,,,,,,,,,,,,,,
sensitivity_common_inclusion,RN,H7,recent_gt,normal,amplification,P,common_inclusion,scene,353.0,2436.0,24.0,-0.04125462751660835,5.7220458984375e-06,0.0004945767523603773,-0.06231716444514858,-0.020192090588068114,-0.06362468841289108,-0.024190644832630892,-0.05956200780076232,-0.02654128847879529,,,,,21.0,,,,,,,,,,,,,,,
secondary_fde5,RN,H7,recent_gt,normal,fde5,F,main,scene,105.0,748.0,18.0,-3.111289179170603,7.62939453125e-06,9.207970433351399e-09,-3.7449556879163644,-2.4776226704248416,-3.721399649377254,-2.5465488698551364,-3.618325757831885,-2.6381348685361297,,,,,18.0,,,,,,,,,,,,,,,
secondary_fde5,RN,H7,recent_gt,normal,fde5,P,main,scene,353.0,2436.0,24.0,-1.1597143239990182,1.1920928955078125e-07,0.0007603820442562696,-1.778270820374775,-0.5411578276232614,-1.7989189723253565,-0.6729721297390585,-1.6971706534725304,-0.7400573330625922,,,,,24.0,,,,,,,,,,,,,,,
secondary_fde5,RN,H7,recent_gt,normal,fde5,S,main,scene,248.0,1688.0,24.0,-1.0614806903494418,1.1920928955078125e-07,0.0014881892161599543,-1.6704295967029865,-0.4525317839958971,-1.7065572365204171,-0.5914432538867098,-1.5977743383767669,-0.6539166459211407,,,,,24.0,,,,,,,,,,,,,,,
secondary_recovery,RN,H7,recent_gt,normal,recovery,F,main,scene,105.0,748.0,18.0,0.4060846560846561,7.62939453125e-06,3.325240319738751e-12,0.3564000554945585,0.4557692566747537,0.3585877267573696,0.4496831503983172,0.3664377913812668,0.44334612612775615,,,,,18.0,,,,,,,,,,,,,,,
secondary_recovery,RN,H7,recent_gt,normal,recovery,P,main,scene,353.0,2436.0,24.0,0.049031526881253035,2.002716064453125e-05,2.1010903957857556e-05,0.02997645559186028,0.06808659817064579,0.032391470230950986,0.06907896334657655,0.035046582227680215,0.06525373028647058,,,,,21.0,,,,,,,,,,,,,,,
secondary_recovery,RN,H7,recent_gt,normal,recovery,S,main,scene,248.0,1688.0,24.0,0.031059053934773012,0.00048828125,0.0006635947838010141,0.014724535152033192,0.047393572717512836,0.016793843544627353,0.048518772916686125,0.018861410441554326,0.04527843282824245,,,,,17.0,,,,,,,,,,,,,,,
secondary_Q3_delta,RN,H7,recent_gt,normal,amplification,F-S,main,scene,,,24.0,,,1.027700101998092e-14,-0.3536801576713651,-0.27837912390853,-0.34764505403026835,-0.27532450202891245,-0.3427208376585602,-0.2822009964272314,,,,,,,,,,,,-0.31602964078994755,-0.3421390778533635,-0.02610943706341597,,,,,,
per_drive,RN,H7,recent_gt,normal,amplification,F,2021.05.25.15.59.03_veh-30,scene,7.0,46.0,,-0.2993197278911564,,,,,,,,,,,,,,,,,,,,,,,,,,,,
per_drive,RN,H7,recent_gt,normal,amplification,S,2021.05.25.15.59.03_veh-30,scene,20.0,142.0,,-0.019356955380577426,,,,,,,,,,,,,,,,,,,,,,,,,,,,
per_drive,RN,H7,recent_gt,normal,amplification,S,2021.05.25.16.37.23_veh-25,scene,6.0,43.0,,-0.047619047619047616,,,,,,,,,,,,,,,,,,,,,,,,,,,,
per_drive,RN,H7,recent_gt,normal,amplification,F,2021.05.25.17.54.41_veh-35,scene,4.0,29.0,,-0.1349206349206349,,,,,,,,,,,,,,,,,,,,,,,,,,,,
per_drive,RN,H7,recent_gt,normal,amplification,S,2021.05.25.17.54.41_veh-35,scene,18.0,118.0,,-0.000992063492063492,,,,,,,,,,,,,,,,,,,,,,,,,,,,
per_drive,RN,H7,recent_gt,normal,amplification,F,2021.06.03.12.02.06_veh-35,scene,1.0,7.0,,-0.2857142857142857,,,,,,,,,,,,,,,,,,,,,,,,,,,,
per_drive,RN,H7,recent_gt,normal,amplification,S,2021.06.03.12.02.06_veh-35,scene,12.0,81.0,,-0.055230288836846206,,,,,,,,,,,,,,,,,,,,,,,,,,,,
per_drive,RN,H7,recent_gt,normal,amplification,F,2021.06.03.18.47.39_veh-35,scene,2.0,15.0,,-0.3125,,,,,,,,,,,,,,,,,,,,,,,,,,,,
per_drive,RN,H7,recent_gt,normal,amplification,S,2021.06.03.18.47.39_veh-35,scene,12.0,82.0,,-0.02261904761904762,,,,,,,,,,,,,,,,,,,,,,,,,,,,
per_drive,RN,H7,recent_gt,normal,amplification,S,2021.06.28.13.53.26_veh-26,scene,4.0,25.0,,0.0,,,,,,,,,,,,,,,,,,,,,,,,,,,,
per_drive,RN,H7,recent_gt,normal,amplification,F,2021.06.28.15.02.02_veh-38,scene,2.0,15.0,,-0.3333333333333333,,,,,,,,,,,,,,,,,,,,,,,,,,,,
per_drive,RN,H7,recent_gt,normal,amplification,S,2021.06.28.15.02.02_veh-38,scene,4.0,29.0,,0.027777777777777776,,,,,,,,,,,,,,,,,,,,,,,,,,,,
per_drive,RN,H7,recent_gt,normal,amplification,S,2021.06.28.15.10.57_veh-16,scene,4.0,29.0,,0.0,,,,,,,,,,,,,,,,,,,,,,,,,,,,
per_drive,RN,H7,recent_gt,normal,amplification,F,2021.06.28.20.24.43_veh-38,scene,13.0,96.0,,-0.28968253968253965,,,,,,,,,,,,,,,,,,,,,,,,,,,,
per_drive,RN,H7,recent_gt,normal,amplification,S,2021.06.28.20.24.43_veh-38,scene,8.0,53.0,,0.0,,,,,,,,,,,,,,,,,,,,,,,,,,,,
per_drive,RN,H7,recent_gt,normal,amplification,S,2021.06.28.21.16.05_veh-14,scene,4.0,29.0,,-0.08333333333333331,,,,,,,,,,,,,,,,,,,,,,,,,,,,
per_drive,RN,H7,recent_gt,normal,amplification,S,2021.08.16.14.23.37_veh-45,scene,4.0,25.0,,-0.03571428571428571,,,,,,,,,,,,,,,,,,,,,,,,,,,,
per_drive,RN,H7,recent_gt,normal,amplification,F,2021.09.09.14.18.22_veh-48,scene,18.0,134.0,,-0.4196428571428571,,,,,,,,,,,,,,,,,,,,,,,,,,,,
per_drive,RN,H7,recent_gt,normal,amplification,S,2021.09.09.14.18.22_veh-48,scene,20.0,139.0,,-0.03133074935400517,,,,,,,,,,,,,,,,,,,,,,,,,,,,
per_drive,RN,H7,recent_gt,normal,amplification,F,2021.09.09.17.18.51_veh-48,scene,14.0,100.0,,-0.3657879818594104,,,,,,,,,,,,,,,,,,,,,,,,,,,,
per_drive,RN,H7,recent_gt,normal,amplification,S,2021.09.09.17.18.51_veh-48,scene,26.0,177.0,,-0.029554414358335928,,,,,,,,,,,,,,,,,,,,,,,,,,,,
per_drive,RN,H7,recent_gt,normal,amplification,F,2021.09.09.18.04.06_veh-40,scene,3.0,19.0,,-0.42857142857142855,,,,,,,,,,,,,,,,,,,,,,,,,,,,
per_drive,RN,H7,recent_gt,normal,amplification,S,2021.09.09.18.04.06_veh-40,scene,12.0,83.0,,-0.02252252252252252,,,,,,,,,,,,,,,,,,,,,,,,,,,,
per_drive,RN,H7,recent_gt,normal,amplification,F,2021.09.16.13.53.10_veh-42,scene,8.0,61.0,,-0.2822420634920635,,,,,,,,,,,,,,,,,,,,,,,,,,,,
per_drive,RN,H7,recent_gt,normal,amplification,S,2021.09.16.13.53.10_veh-42,scene,20.0,128.0,,-0.01984126984126984,,,,,,,,,,,,,,,,,,,,,,,,,,,,
per_drive,RN,H7,recent_gt,normal,amplification,F,2021.09.16.15.12.03_veh-42,scene,2.0,14.0,,-0.35416666666666663,,,,,,,,,,,,,,,,,,,,,,,,,,,,
per_drive,RN,H7,recent_gt,normal,amplification,S,2021.09.16.15.12.03_veh-42,scene,4.0,25.0,,0.0,,,,,,,,,,,,,,,,,,,,,,,,,,,,
per_drive,RN,H7,recent_gt,normal,amplification,F,2021.09.16.15.47.30_veh-45,scene,1.0,8.0,,-0.25,,,,,,,,,,,,,,,,,,,,,,,,,,,,
per_drive,RN,H7,recent_gt,normal,amplification,S,2021.09.16.15.47.30_veh-45,scene,4.0,26.0,,-0.03125,,,,,,,,,,,,,,,,,,,,,,,,,,,,
per_drive,RN,H7,recent_gt,normal,amplification,S,2021.09.16.16.20.27_veh-08,scene,4.0,27.0,,0.0,,,,,,,,,,,,,,,,,,,,,,,,,,,,
per_drive,RN,H7,recent_gt,normal,amplification,F,2021.09.16.17.40.09_veh-45,scene,1.0,6.0,,-0.6666666666666666,,,,,,,,,,,,,,,,,,,,,,,,,,,,
per_drive,RN,H7,recent_gt,normal,amplification,S,2021.09.16.17.40.09_veh-45,scene,4.0,28.0,,0.0,,,,,,,,,,,,,,,,,,,,,,,,,,,,
per_drive,RN,H7,recent_gt,normal,amplification,F,2021.09.16.19.49.00_veh-42,scene,10.0,66.0,,-0.44761904761904764,,,,,,,,,,,,,,,,,,,,,,,,,,,,
per_drive,RN,H7,recent_gt,normal,amplification,S,2021.09.16.19.49.00_veh-42,scene,4.0,29.0,,-0.14087301587301587,,,,,,,,,,,,,,,,,,,,,,,,,,,,
per_drive,RN,H7,recent_gt,normal,amplification,F,2021.09.16.21.13.37_veh-42,scene,1.0,9.0,,-0.1111111111111111,,,,,,,,,,,,,,,,,,,,,,,,,,,,
per_drive,RN,H7,recent_gt,normal,amplification,S,2021.09.16.21.13.37_veh-42,scene,4.0,25.0,,0.0,,,,,,,,,,,,,,,,,,,,,,,,,,,,
per_drive,RN,H7,recent_gt,normal,amplification,F,2021.09.29.15.23.04_veh-28,scene,2.0,13.0,,-0.22619047619047616,,,,,,,,,,,,,,,,,,,,,,,,,,,,
per_drive,RN,H7,recent_gt,normal,amplification,S,2021.09.29.15.23.04_veh-28,scene,8.0,55.0,,-0.020714285714285713,,,,,,,,,,,,,,,,,,,,,,,,,,,,
per_drive,RN,H7,recent_gt,normal,amplification,F,2021.09.29.18.19.40_veh-28,scene,7.0,46.0,,-0.37755102040816324,,,,,,,,,,,,,,,,,,,,,,,,,,,,
per_drive,RN,H7,recent_gt,normal,amplification,S,2021.09.29.18.19.40_veh-28,scene,18.0,134.0,,-0.07482101232101232,,,,,,,,,,,,,,,,,,,,,,,,,,,,
per_drive,RN,H7,recent_gt,normal,amplification,F,2021.10.06.07.26.10_veh-52,scene,9.0,64.0,,-0.26895943562610225,,,,,,,,,,,,,,,,,,,,,,,,,,,,
per_drive,RN,H7,recent_gt,normal,amplification,S,2021.10.06.07.26.10_veh-52,scene,24.0,156.0,,-0.009878079918294395,,,,,,,,,,,,,,,,,,,,,,,,,,,,
per_log,RN,H7,recent_gt,normal,amplification,S,2021.05.25.15.59.03_veh-30_00625_00855,scene,4.0,26.0,,0.0,,,,,,,,,,,,,,,,,,,,,,,,,,,,
per_log,RN,H7,recent_gt,normal,amplification,F,2021.05.25.15.59.03_veh-30_01478_01643,scene,1.0,6.0,,-0.16666666666666666,,,,,,,,,,,,,,,,,,,,,,,,,,,,
per_log,RN,H7,recent_gt,normal,amplification,S,2021.05.25.15.59.03_veh-30_01478_01643,scene,4.0,32.0,,0.0,,,,,,,,,,,,,,,,,,,,,,,,,,,,
per_log,RN,H7,recent_gt,normal,amplification,F,2021.05.25.15.59.03_veh-30_03499_03671,scene,5.0,33.0,,-0.32857142857142857,,,,,,,,,,,,,,,,,,,,,,,,,,,,
per_log,RN,H7,recent_gt,normal,amplification,S,2021.05.25.15.59.03_veh-30_03499_03671,scene,4.0,31.0,,-0.03125,,,,,,,,,,,,,,,,,,,,,,,,,,,,
per_log,RN,H7,recent_gt,normal,amplification,F,2021.05.25.15.59.03_veh-30_04027_04200,scene,1.0,7.0,,-0.2857142857142857,,,,,,,,,,,,,,,,,,,,,,,,,,,,
per_log,RN,H7,recent_gt,normal,amplification,S,2021.05.25.15.59.03_veh-30_04027_04200,scene,4.0,28.0,,-0.027777777777777776,,,,,,,,,,,,,,,,,,,,,,,,,,,,
per_log,RN,H7,recent_gt,normal,amplification,S,2021.05.25.15.59.03_veh-30_04463_04606,scene,4.0,25.0,,0.0,,,,,,,,,,,,,,,,,,,,,,,,,,,,
per_log,RN,H7,recent_gt,normal,amplification,S,2021.05.25.16.37.23_veh-25_00005_00217,scene,4.0,29.0,,-0.03571428571428571,,,,,,,,,,,,,,,,,,,,,,,,,,,,
per_log,RN,H7,recent_gt,normal,amplification,S,2021.05.25.16.37.23_veh-25_03311_03550,scene,2.0,14.0,,-0.14285714285714285,,,,,,,,,,,,,,,,,,,,,,,,,,,,
per_log,RN,H7,recent_gt,normal,amplification,S,2021.05.25.17.54.41_veh-35_01654_01850,scene,4.0,25.0,,0.0,,,,,,,,,,,,,,,,,,,,,,,,,,,,
per_log,RN,H7,recent_gt,normal,amplification,F,2021.05.25.17.54.41_veh-35_01905_02121,scene,1.0,9.0,,-0.1111111111111111,,,,,,,,,,,,,,,,,,,,,,,,,,,,
per_log,RN,H7,recent_gt,normal,amplification,S,2021.05.25.17.54.41_veh-35_01905_02121,scene,4.0,25.0,,0.0,,,,,,,,,,,,,,,,,,,,,,,,,,,,
per_log,RN,H7,recent_gt,normal,amplification,F,2021.05.25.17.54.41_veh-35_02723_02902,scene,2.0,13.0,,-0.07142857142857142,,,,,,,,,,,,,,,,,,,,,,,,,,,,
per_log,RN,H7,recent_gt,normal,amplification,S,2021.05.25.17.54.41_veh-35_02723_02902,scene,4.0,26.0,,0.0,,,,,,,,,,,,,,,,,,,,,,,,,,,,
per_log,RN,H7,recent_gt,normal,amplification,F,2021.05.25.17.54.41_veh-35_04111_04288,scene,1.0,7.0,,-0.2857142857142857,,,,,,,,,,,,,,,,,,,,,,,,,,,,
per_log,RN,H7,recent_gt,normal,amplification,S,2021.05.25.17.54.41_veh-35_04111_04288,scene,4.0,26.0,,0.0,,,,,,,,,,,,,,,,,,,,,,,,,,,,
per_log,RN,H7,recent_gt,normal,amplification,S,2021.05.25.17.54.41_veh-35_04967_05098,scene,2.0,16.0,,-0.05555555555555555,,,,,,,,,,,,,,,,,,,,,,,,,,,,
per_log,RN,H7,recent_gt,normal,amplification,F,2021.06.03.12.02.06_veh-35_00233_00609,scene,1.0,7.0,,-0.2857142857142857,,,,,,,,,,,,,,,,,,,,,,,,,,,,
per_log,RN,H7,recent_gt,normal,amplification,S,2021.06.03.12.02.06_veh-35_00233_00609,scene,4.0,26.0,,-0.07738095238095237,,,,,,,,,,,,,,,,,,,,,,,,,,,,
per_log,RN,H7,recent_gt,normal,amplification,S,2021.06.03.12.02.06_veh-35_01100_01227,scene,4.0,29.0,,-0.03571428571428571,,,,,,,,,,,,,,,,,,,,,,,,,,,,
per_log,RN,H7,recent_gt,normal,amplification,S,2021.06.03.12.02.06_veh-35_03526_03712,scene,4.0,26.0,,0.0,,,,,,,,,,,,,,,,,,,,,,,,,,,,
per_log,RN,H7,recent_gt,normal,amplification,S,2021.06.03.18.47.39_veh-35_00123_00246,scene,4.0,26.0,,0.0,,,,,,,,,,,,,,,,,,,,,,,,,,,,
per_log,RN,H7,recent_gt,normal,amplification,F,2021.06.03.18.47.39_veh-35_00257_00492,scene,1.0,8.0,,-0.625,,,,,,,,,,,,,,,,,,,,,,,,,,,,
per_log,RN,H7,recent_gt,normal,amplification,S,2021.06.03.18.47.39_veh-35_00257_00492,scene,4.0,27.0,,0.0,,,,,,,,,,,,,,,,,,,,,,,,,,,,
per_log,RN,H7,recent_gt,normal,amplification,F,2021.06.03.18.47.39_veh-35_00503_00777,scene,1.0,7.0,,0.0,,,,,,,,,,,,,,,,,,,,,,,,,,,,
per_log,RN,H7,recent_gt,normal,amplification,S,2021.06.03.18.47.39_veh-35_00503_00777,scene,4.0,29.0,,-0.041666666666666664,,,,,,,,,,,,,,,,,,,,,,,,,,,,
per_log,RN,H7,recent_gt,normal,amplification,S,2021.06.28.13.53.26_veh-26_00492_00696,scene,4.0,25.0,,0.0,,,,,,,,,,,,,,,,,,,,,,,,,,,,
per_log,RN,H7,recent_gt,normal,amplification,F,2021.06.28.15.02.02_veh-38_02398_02848,scene,2.0,15.0,,-0.3333333333333333,,,,,,,,,,,,,,,,,,,,,,,,,,,,
per_log,RN,H7,recent_gt,normal,amplification,S,2021.06.28.15.02.02_veh-38_02398_02848,scene,4.0,29.0,,0.027777777777777776,,,,,,,,,,,,,,,,,,,,,,,,,,,,
per_log,RN,H7,recent_gt,normal,amplification,S,2021.06.28.15.10.57_veh-16_02438_02580,scene,4.0,29.0,,0.0,,,,,,,,,,,,,,,,,,,,,,,,,,,,
per_log,RN,H7,recent_gt,normal,amplification,F,2021.06.28.20.24.43_veh-38_00369_00601,scene,2.0,18.0,,-0.16666666666666666,,,,,,,,,,,,,,,,,,,,,,,,,,,,
per_log,RN,H7,recent_gt,normal,amplification,S,2021.06.28.20.24.43_veh-38_00369_00601,scene,4.0,26.0,,0.0,,,,,,,,,,,,,,,,,,,,,,,,,,,,
per_log,RN,H7,recent_gt,normal,amplification,F,2021.06.28.20.24.43_veh-38_03385_04952,scene,11.0,78.0,,-0.312049062049062,,,,,,,,,,,,,,,,,,,,,,,,,,,,
per_log,RN,H7,recent_gt,normal,amplification,S,2021.06.28.20.24.43_veh-38_03385_04952,scene,4.0,27.0,,0.0,,,,,,,,,,,,,,,,,,,,,,,,,,,,
per_log,RN,H7,recent_gt,normal,amplification,S,2021.06.28.21.16.05_veh-14_00957_01198,scene,4.0,29.0,,-0.08333333333333331,,,,,,,,,,,,,,,,,,,,,,,,,,,,
per_log,RN,H7,recent_gt,normal,amplification,S,2021.08.16.14.23.37_veh-45_00015_00132,scene,4.0,25.0,,-0.03571428571428571,,,,,,,,,,,,,,,,,,,,,,,,,,,,
per_log,RN,H7,recent_gt,normal,amplification,F,2021.09.09.14.18.22_veh-48_00221_00299,scene,1.0,7.0,,-0.2857142857142857,,,,,,,,,,,,,,,,,,,,,,,,,,,,
per_log,RN,H7,recent_gt,normal,amplification,S,2021.09.09.14.18.22_veh-48_00221_00299,scene,4.0,29.0,,0.0,,,,,,,,,,,,,,,,,,,,,,,,,,,,
per_log,RN,H7,recent_gt,normal,amplification,F,2021.09.09.14.18.22_veh-48_00322_00895,scene,14.0,108.0,,-0.4647108843537414,,,,,,,,,,,,,,,,,,,,,,,,,,,,
per_log,RN,H7,recent_gt,normal,amplification,S,2021.09.09.14.18.22_veh-48_00322_00895,scene,4.0,29.0,,-0.027777777777777776,,,,,,,,,,,,,,,,,,,,,,,,,,,,
per_log,RN,H7,recent_gt,normal,amplification,F,2021.09.09.14.18.22_veh-48_00960_01115,scene,1.0,6.0,,-0.16666666666666666,,,,,,,,,,,,,,,,,,,,,,,,,,,,
per_log,RN,H7,recent_gt,normal,amplification,S,2021.09.09.14.18.22_veh-48_00960_01115,scene,4.0,26.0,,-0.125,,,,,,,,,,,,,,,,,,,,,,,,,,,,
per_log,RN,H7,recent_gt,normal,amplification,F,2021.09.09.14.18.22_veh-48_01298_01492,scene,1.0,7.0,,-0.42857142857142855,,,,,,,,,,,,,,,,,,,,,,,,,,,,
per_log,RN,H7,recent_gt,normal,amplification,S,2021.09.09.14.18.22_veh-48_01298_01492,scene,4.0,27.0,,0.0,,,,,,,,,,,,,,,,,,,,,,,,,,,,
per_log,RN,H7,recent_gt,normal,amplification,F,2021.09.09.14.18.22_veh-48_01503_01761,scene,1.0,6.0,,-0.16666666666666666,,,,,,,,,,,,,,,,,,,,,,,,,,,,
per_log,RN,H7,recent_gt,normal,amplification,S,2021.09.09.14.18.22_veh-48_01503_01761,scene,4.0,28.0,,0.0,,,,,,,,,,,,,,,,,,,,,,,,,,,,
per_log,RN,H7,recent_gt,normal,amplification,F,2021.09.09.17.18.51_veh-48_00098_00328,scene,4.0,25.0,,-0.30952380952380953,,,,,,,,,,,,,,,,,,,,,,,,,,,,
per_log,RN,H7,recent_gt,normal,amplification,S,2021.09.09.17.18.51_veh-48_00098_00328,scene,4.0,26.0,,-0.041666666666666664,,,,,,,,,,,,,,,,,,,,,,,,,,,,
per_log,RN,H7,recent_gt,normal,amplification,F,2021.09.09.17.18.51_veh-48_00574_00646,scene,1.0,9.0,,-0.5555555555555556,,,,,,,,,,,,,,,,,,,,,,,,,,,,
per_log,RN,H7,recent_gt,normal,amplification,S,2021.09.09.17.18.51_veh-48_00574_00646,scene,4.0,28.0,,-0.02777777777777778,,,,,,,,,,,,,,,,,,,,,,,,,,,,
per_log,RN,H7,recent_gt,normal,amplification,F,2021.09.09.17.18.51_veh-48_00657_00876,scene,2.0,15.0,,-0.3888888888888889,,,,,,,,,,,,,,,,,,,,,,,,,,,,
per_log,RN,H7,recent_gt,normal,amplification,S,2021.09.09.17.18.51_veh-48_00657_00876,scene,4.0,28.0,,-0.05555555555555555,,,,,,,,,,,,,,,,,,,,,,,,,,,,
per_log,RN,H7,recent_gt,normal,amplification,F,2021.09.09.17.18.51_veh-48_00889_01147,scene,4.0,28.0,,-0.27976190476190477,,,,,,,,,,,,,,,,,,,,,,,,,,,,
per_log,RN,H7,recent_gt,normal,amplification,S,2021.09.09.17.18.51_veh-48_00889_01147,scene,4.0,26.0,,-0.03571428571428571,,,,,,,,,,,,,,,,,,,,,,,,,,,,
per_log,RN,H7,recent_gt,normal,amplification,S,2021.09.09.17.18.51_veh-48_01173_01237,scene,2.0,14.0,,-0.14285714285714285,,,,,,,,,,,,,,,,,,,,,,,,,,,,
per_log,RN,H7,recent_gt,normal,amplification,F,2021.09.09.17.18.51_veh-48_01248_01450,scene,2.0,14.0,,-0.4375,,,,,,,,,,,,,,,,,,,,,,,,,,,,
per_log,RN,H7,recent_gt,normal,amplification,S,2021.09.09.17.18.51_veh-48_01248_01450,scene,4.0,27.0,,0.0,,,,,,,,,,,,,,,,,,,,,,,,,,,,
per_log,RN,H7,recent_gt,normal,amplification,F,2021.09.09.17.18.51_veh-48_01462_01552,scene,1.0,9.0,,-0.5555555555555556,,,,,,,,,,,,,,,,,,,,,,,,,,,,
per_log,RN,H7,recent_gt,normal,amplification,S,2021.09.09.17.18.51_veh-48_01462_01552,scene,4.0,28.0,,0.0,,,,,,,,,,,,,,,,,,,,,,,,,,,,
per_log,RN,H7,recent_gt,normal,amplification,F,2021.09.09.18.04.06_veh-40_00555_00731,scene,2.0,12.0,,-0.5,,,,,,,,,,,,,,,,,,,,,,,,,,,,
per_log,RN,H7,recent_gt,normal,amplification,S,2021.09.09.18.04.06_veh-40_00555_00731,scene,4.0,27.0,,-0.08333333333333333,,,,,,,,,,,,,,,,,,,,,,,,,,,,
per_log,RN,H7,recent_gt,normal,amplification,F,2021.09.09.18.04.06_veh-40_00743_01071,scene,1.0,7.0,,-0.2857142857142857,,,,,,,,,,,,,,,,,,,,,,,,,,,,
per_log,RN,H7,recent_gt,normal,amplification,S,2021.09.09.18.04.06_veh-40_00743_01071,scene,4.0,30.0,,0.0,,,,,,,,,,,,,,,,,,,,,,,,,,,,
per_log,RN,H7,recent_gt,normal,amplification,S,2021.09.09.18.04.06_veh-40_01340_01425,scene,4.0,26.0,,0.0,,,,,,,,,,,,,,,,,,,,,,,,,,,,
per_log,RN,H7,recent_gt,normal,amplification,S,2021.09.16.13.53.10_veh-42_00077_00153,scene,4.0,24.0,,0.0,,,,,,,,,,,,,,,,,,,,,,,,,,,,
per_log,RN,H7,recent_gt,normal,amplification,F,2021.09.16.13.53.10_veh-42_00180_00342,scene,1.0,8.0,,-0.25,,,,,,,,,,,,,,,,,,,,,,,,,,,,
per_log,RN,H7,recent_gt,normal,amplification,S,2021.09.16.13.53.10_veh-42_00180_00342,scene,4.0,27.0,,0.0,,,,,,,,,,,,,,,,,,,,,,,,,,,,
per_log,RN,H7,recent_gt,normal,amplification,F,2021.09.16.13.53.10_veh-42_00630_00818,scene,5.0,38.0,,-0.24087301587301585,,,,,,,,,,,,,,,,,,,,,,,,,,,,
per_log,RN,H7,recent_gt,normal,amplification,S,2021.09.16.13.53.10_veh-42_00630_00818,scene,4.0,27.0,,-0.06944444444444443,,,,,,,,,,,,,,,,,,,,,,,,,,,,
per_log,RN,H7,recent_gt,normal,amplification,F,2021.09.16.13.53.10_veh-42_00860_01069,scene,2.0,15.0,,-0.4017857142857143,,,,,,,,,,,,,,,,,,,,,,,,,,,,
per_log,RN,H7,recent_gt,normal,amplification,S,2021.09.16.13.53.10_veh-42_00860_01069,scene,4.0,26.0,,0.0,,,,,,,,,,,,,,,,,,,,,,,,,,,,
per_log,RN,H7,recent_gt,normal,amplification,S,2021.09.16.13.53.10_veh-42_01510_01591,scene,4.0,24.0,,0.0,,,,,,,,,,,,,,,,,,,,,,,,,,,,
per_log,RN,H7,recent_gt,normal,amplification,F,2021.09.16.15.12.03_veh-42_01037_01434,scene,2.0,14.0,,-0.35416666666666663,,,,,,,,,,,,,,,,,,,,,,,,,,,,
per_log,RN,H7,recent_gt,normal,amplification,S,2021.09.16.15.12.03_veh-42_01037_01434,scene,4.0,25.0,,0.0,,,,,,,,,,,,,,,,,,,,,,,,,,,,
per_log,RN,H7,recent_gt,normal,amplification,F,2021.09.16.15.47.30_veh-45_01199_01391,scene,1.0,8.0,,-0.25,,,,,,,,,,,,,,,,,,,,,,,,,,,,
per_log,RN,H7,recent_gt,normal,amplification,S,2021.09.16.15.47.30_veh-45_01199_01391,scene,4.0,26.0,,-0.03125,,,,,,,,,,,,,,,,,,,,,,,,,,,,
per_log,RN,H7,recent_gt,normal,amplification,S,2021.09.16.16.20.27_veh-08_02435_02525,scene,4.0,27.0,,0.0,,,,,,,,,,,,,,,,,,,,,,,,,,,,
per_log,RN,H7,recent_gt,normal,amplification,F,2021.09.16.17.40.09_veh-45_02539_02745,scene,1.0,6.0,,-0.6666666666666666,,,,,,,,,,,,,,,,,,,,,,,,,,,,
per_log,RN,H7,recent_gt,normal,amplification,S,2021.09.16.17.40.09_veh-45_02539_02745,scene,4.0,28.0,,0.0,,,,,,,,,,,,,,,,,,,,,,,,,,,,
per_log,RN,H7,recent_gt,normal,amplification,F,2021.09.16.19.49.00_veh-42_00990_01609,scene,10.0,66.0,,-0.44761904761904764,,,,,,,,,,,,,,,,,,,,,,,,,,,,
per_log,RN,H7,recent_gt,normal,amplification,S,2021.09.16.19.49.00_veh-42_00990_01609,scene,4.0,29.0,,-0.14087301587301587,,,,,,,,,,,,,,,,,,,,,,,,,,,,
per_log,RN,H7,recent_gt,normal,amplification,F,2021.09.16.21.13.37_veh-42_00172_00347,scene,1.0,9.0,,-0.1111111111111111,,,,,,,,,,,,,,,,,,,,,,,,,,,,
per_log,RN,H7,recent_gt,normal,amplification,S,2021.09.16.21.13.37_veh-42_00172_00347,scene,4.0,25.0,,0.0,,,,,,,,,,,,,,,,,,,,,,,,,,,,
per_log,RN,H7,recent_gt,normal,amplification,F,2021.09.29.15.23.04_veh-28_00601_00802,scene,1.0,7.0,,-0.2857142857142857,,,,,,,,,,,,,,,,,,,,,,,,,,,,
per_log,RN,H7,recent_gt,normal,amplification,S,2021.09.29.15.23.04_veh-28_00601_00802,scene,4.0,28.0,,-0.03571428571428571,,,,,,,,,,,,,,,,,,,,,,,,,,,,
per_log,RN,H7,recent_gt,normal,amplification,F,2021.09.29.15.23.04_veh-28_00814_01101,scene,1.0,6.0,,-0.16666666666666666,,,,,,,,,,,,,,,,,,,,,,,,,,,,
per_log,RN,H7,recent_gt,normal,amplification,S,2021.09.29.15.23.04_veh-28_00814_01101,scene,4.0,27.0,,0.0,,,,,,,,,,,,,,,,,,,,,,,,,,,,
per_log,RN,H7,recent_gt,normal,amplification,S,2021.09.29.18.19.40_veh-28_00331_00426,scene,2.0,14.0,,0.0,,,,,,,,,,,,,,,,,,,,,,,,,,,,
per_log,RN,H7,recent_gt,normal,amplification,F,2021.09.29.18.19.40_veh-28_00438_00833,scene,1.0,6.0,,-0.5,,,,,,,,,,,,,,,,,,,,,,,,,,,,
per_log,RN,H7,recent_gt,normal,amplification,S,2021.09.29.18.19.40_veh-28_00438_00833,scene,4.0,29.0,,-0.10863095238095237,,,,,,,,,,,,,,,,,,,,,,,,,,,,
per_log,RN,H7,recent_gt,normal,amplification,F,2021.09.29.18.19.40_veh-28_00844_01218,scene,2.0,14.0,,-0.4285714285714286,,,,,,,,,,,,,,,,,,,,,,,,,,,,
per_log,RN,H7,recent_gt,normal,amplification,S,2021.09.29.18.19.40_veh-28_00844_01218,scene,4.0,31.0,,0.0,,,,,,,,,,,,,,,,,,,,,,,,,,,,
per_log,RN,H7,recent_gt,normal,amplification,F,2021.09.29.18.19.40_veh-28_01268_01685,scene,4.0,26.0,,-0.3214285714285714,,,,,,,,,,,,,,,,,,,,,,,,,,,,
per_log,RN,H7,recent_gt,normal,amplification,S,2021.09.29.18.19.40_veh-28_01268_01685,scene,4.0,29.0,,-0.10416666666666666,,,,,,,,,,,,,,,,,,,,,,,,,,,,
per_log,RN,H7,recent_gt,normal,amplification,S,2021.09.29.18.19.40_veh-28_01727_01833,scene,4.0,31.0,,0.0,,,,,,,,,,,,,,,,,,,,,,,,,,,,
per_log,RN,H7,recent_gt,normal,amplification,F,2021.10.06.07.26.10_veh-52_00006_00398,scene,2.0,12.0,,-0.25,,,,,,,,,,,,,,,,,,,,,,,,,,,,
per_log,RN,H7,recent_gt,normal,amplification,S,2021.10.06.07.26.10_veh-52_00006_00398,scene,4.0,27.0,,-0.07142857142857142,,,,,,,,,,,,,,,,,,,,,,,,,,,,
per_log,RN,H7,recent_gt,normal,amplification,S,2021.10.06.07.26.10_veh-52_00422_00728,scene,4.0,25.0,,-0.041666666666666664,,,,,,,,,,,,,,,,,,,,,,,,,,,,
per_log,RN,H7,recent_gt,normal,amplification,F,2021.10.06.07.26.10_veh-52_00772_00917,scene,2.0,15.0,,-0.19444444444444442,,,,,,,,,,,,,,,,,,,,,,,,,,,,
per_log,RN,H7,recent_gt,normal,amplification,S,2021.10.06.07.26.10_veh-52_00772_00917,scene,4.0,26.0,,-0.08333333333333333,,,,,,,,,,,,,,,,,,,,,,,,,,,,
per_log,RN,H7,recent_gt,normal,amplification,S,2021.10.06.07.26.10_veh-52_00953_01126,scene,4.0,26.0,,0.0,,,,,,,,,,,,,,,,,,,,,,,,,,,,
per_log,RN,H7,recent_gt,normal,amplification,F,2021.10.06.07.26.10_veh-52_01245_02064,scene,5.0,37.0,,-0.30634920634920637,,,,,,,,,,,,,,,,,,,,,,,,,,,,
per_log,RN,H7,recent_gt,normal,amplification,S,2021.10.06.07.26.10_veh-52_01245_02064,scene,4.0,27.0,,0.041666666666666664,,,,,,,,,,,,,,,,,,,,,,,,,,,,
per_log,RN,H7,recent_gt,normal,amplification,S,2021.10.06.07.26.10_veh-52_02208_02394,scene,4.0,25.0,,0.0,,,,,,,,,,,,,,,,,,,,,,,,,,,,
per_city,RN,H7,recent_gt,normal,amplification,F,sg-one-north,scene,9.0,64.0,,-0.26895943562610225,,,,,,,,,,,,,,,,,,,,,,,,,,,,
per_city,RN,H7,recent_gt,normal,amplification,S,sg-one-north,scene,24.0,156.0,,-0.009878079918294395,,,,,,,,,,,,,,,,,,,,,,,,,,,,
per_city,RN,H7,recent_gt,normal,amplification,F,us-ma-boston,scene,44.0,312.0,,-0.38762626262626265,,,,,,,,,,,,,,,,,,,,,,,,,,,,
per_city,RN,H7,recent_gt,normal,amplification,S,us-ma-boston,scene,84.0,588.0,,-0.03937922297297297,,,,,,,,,,,,,,,,,,,,,,,,,,,,
per_city,RN,H7,recent_gt,normal,amplification,F,us-nv-las-vegas-strip,scene,29.0,208.0,,-0.2751094690749863,,,,,,,,,,,,,,,,,,,,,,,,,,,,
per_city,RN,H7,recent_gt,normal,amplification,S,us-nv-las-vegas-strip,scene,92.0,631.0,,-0.011949319578117462,,,,,,,,,,,,,,,,,,,,,,,,,,,,
per_city,RN,H7,recent_gt,normal,amplification,F,us-pa-pittsburgh-hazelwood,scene,23.0,164.0,,-0.3682712215320911,,,,,,,,,,,,,,,,,,,,,,,,,,,,
per_city,RN,H7,recent_gt,normal,amplification,S,us-pa-pittsburgh-hazelwood,scene,48.0,313.0,,-0.05060886534100819,,,,,,,,,,,,,,,,,,,,,,,,,,,,
per_city,RN,H7,recent_gt,normal,amplification,P,sg-one-north,scene,33.0,220.0,1.0,-0.015982090916645892,1.0,,,,,,,,,,,,1.0,,,,,,,,,,,,,,,
per_city,RN,H7,recent_gt,normal,amplification,P,us-ma-boston,scene,128.0,900.0,5.0,-0.06347178546471,0.0625,0.001711822786977394,-0.08704530283807675,-0.03989826809134324,,,,,,,,,5.0,,,,,,,,,,,,,,,
per_city,RN,H7,recent_gt,normal,amplification,P,us-nv-las-vegas-strip,scene,121.0,839.0,10.0,-0.021658790742760205,0.0234375,0.007623984431741118,-0.03598361565097666,-0.007333965834543751,,,,,,,,,8.0,,,,,,,,,,,,,,,
per_city,RN,H7,recent_gt,normal,amplification,P,us-pa-pittsburgh-hazelwood,scene,71.0,477.0,8.0,-0.06948802346089168,0.015625,0.0829651496024082,-0.1507768744190582,0.011800827497274846,,,,,,,,,7.0,,,,,,,,,,,,,,,
primary,RV,H8,reverse@emb,gt_history,amplification,F,main,scene,105.0,748.0,18.0,0.26832955404383974,3.0517578125e-05,9.088500014051626e-10,0.22146504099650502,0.3151940670911745,0.21889329805996474,0.307460960960961,0.22742698820395738,0.30204778222815604,0.20515046296394188,0.31053894425757217,0.21770662288128467,0.30311000369009317,16.0,6.103515625e-05,0.05,0.1,1.0,replicated,replicated,,,,,,,,,
sensitivity_weighting,RV,H8,reverse@emb,gt_history,amplification,F,main,unit,105.0,748.0,18.0,0.27406417112299464,3.0517578125e-05,5.886334013618471e-10,0.22753271887161586,0.3205956233743734,0.22410821175545648,0.312677024345385,0.23305750105056733,0.3071898935012602,,,,,16.0,,,,,,,,,,,,,,,
sensitivity_weighting,RV,H8,reverse@emb,gt_history,amplification,F,main,drive_equal,105.0,748.0,18.0,0.23780023345995568,3.0517578125e-05,8.742516560070907e-06,0.15756813496054098,0.3180323319593704,0.16708301183127572,0.31415212690014266,0.17838736401691094,0.3015053530513186,,,,,,,,,,,,,,,,,,,,
sensitivity_subset,RV,H8,reverse@emb,gt_history,amplification,F,S1_non_navhard,scene,48.0,347.0,7.0,0.2700892857142857,0.015625,0.00047541868366008294,0.17363835486081985,0.36654021656775154,0.13923395445134573,0.31844042838018743,0.1616300366300366,0.3130952380952381,,,,,7.0,,,,,,,,,,,,,,,
sensitivity_subset,RV,H8,reverse@emb,gt_history,amplification,F,S2_dayveh_disjoint,scene,42.0,299.0,4.0,0.2833049886621315,0.125,0.0060549200243867314,0.15399001718055177,0.4126199601437112,0.1386904761904762,0.32849702380952384,0.16145833333333334,0.32433862433862437,,,,,4.0,,,,,,,,,,,,,,,
sensitivity_subset,RV,H8,reverse@emb,gt_history,amplification,F,S3_dayveh_cluster,scene,105.0,748.0,10.0,0.26832955404383974,0.001953125,1.5500766665420493e-06,0.2133947042371755,0.323264403850504,0.21218030356688822,0.3047856333795654,0.2211120059134765,0.3001392692813321,,,,,10.0,,,,,,,,,,,,,,,
sensitivity_subset,RV,H8,reverse@emb,gt_history,amplification,F,S4_no_flagged_logs,scene,105.0,748.0,18.0,0.26832955404383974,3.0517578125e-05,9.088500014051626e-10,0.22146504099650502,0.3151940670911745,0.21889329805996474,0.307460960960961,0.22742698820395738,0.30204778222815604,,,,,16.0,,,,,,,,,,,,,,,
primary,RV,H8,reverse@emb,gt_history,amplification,P,main,scene,353.0,2436.0,24.0,0.03646388001419951,9.5367431640625e-07,0.00026164962053920366,0.018952179843316687,0.05397558018508233,0.022229002339589937,0.054875965531037095,0.02416140607385831,0.05174522873714103,0.019739196256924746,0.05728230757671668,0.022279500386904377,0.05364896106442871,21.0,2.86102294921875e-06,0.025,0.02,1.0,replicated,replicated,,,,,,,,,
sensitivity_weighting,RV,H8,reverse@emb,gt_history,amplification,P,main,unit,353.0,2436.0,24.0,0.03834798418708612,9.5367431640625e-07,0.00022566300305474176,0.020181655439186135,0.0565143129349861,0.02314320135871711,0.056882749220927196,0.025289547716299883,0.053916219477089376,,,,,21.0,,,,,,,,,,,,,,,
sensitivity_weighting,RV,H8,reverse@emb,gt_history,amplification,P,main,drive_equal,353.0,2436.0,24.0,0.032366185025812365,9.5367431640625e-07,1.9624403463995094e-05,0.019853054618687783,0.044879315432936946,0.021576071818752696,0.044914257619595443,0.02307883196975988,0.04272677595158504,,,,,,,,,,,,,,,,,,,,
sensitivity_subset,RV,H8,reverse@emb,gt_history,amplification,P,S1_non_navhard,scene,160.0,1129.0,13.0,0.04546433958198664,0.0009765625,0.00011641223247771591,0.027770689481014008,0.06315798968295927,0.023222401652040016,0.05810071643599967,0.027870329834034105,0.05619156433037631,,,,,11.0,,,,,,,,,,,,,,,
sensitivity_subset,RV,H8,reverse@emb,gt_history,amplification,P,S2_dayveh_disjoint,scene,132.0,921.0,7.0,0.042857774744717414,0.03125,0.0020737757494714826,0.022574851575841787,0.06314069791359304,0.02196858124693176,0.05339929473237069,0.02638726441271179,0.052813742604984955,,,,,6.0,,,,,,,,,,,,,,,
sensitivity_subset,RV,H8,reverse@emb,gt_history,amplification,P,S3_dayveh_cluster,scene,353.0,2436.0,16.0,0.03646388001419951,0.0001220703125,0.0007619063294953135,0.01799011037002635,0.05493764965837267,0.019949868654428066,0.053274555910665135,0.022448577283516246,0.05083561891982166,,,,,14.0,,,,,,,,,,,,,,,
sensitivity_subset,RV,H8,reverse@emb,gt_history,amplification,P,S4_no_flagged_logs,scene,353.0,2436.0,24.0,0.03646388001419951,9.5367431640625e-07,0.00026164962053920366,0.018952179843316687,0.05397558018508233,0.022229002339589937,0.054875965531037095,0.02416140607385831,0.05174522873714103,,,,,21.0,,,,,,,,,,,,,,,
secondary_theta_S,RV,H8,reverse@emb,gt_history,amplification,S,main,scene,248.0,1688.0,24.0,0.02479278903955318,1.52587890625e-05,0.002837541335397968,0.009440475049147686,0.040145103029958676,0.012775429691557228,0.0416801171766221,0.014265599658822067,0.03861613871038129,,,,,17.0,,,,,,,,,,,,,,,
sensitivity_weighting,RV,H8,reverse@emb,gt_history,amplification,S,main,unit,248.0,1688.0,24.0,0.025966045752207727,1.52587890625e-05,0.002926255728140836,0.009825579919458937,0.04210651158495651,0.013265769365700227,0.04355215632268262,0.014809459980813112,0.040103613595776105,,,,,17.0,,,,,,,,,,,,,,,
sensitivity_weighting,RV,H8,reverse@emb,gt_history,amplification,S,main,drive_equal,248.0,1688.0,24.0,0.024507017777085638,1.52587890625e-05,0.00023435413999361147,0.012857054502026746,0.03615698105214453,0.014544612149160358,0.03628466550002963,0.015858804992112997,0.03407621202951046,,,,,,,,,,,,,,,,,,,,
sensitivity_subset,RV,H8,reverse@emb,gt_history,amplification,S,S1_non_navhard,scene,112.0,782.0,13.0,0.027932636469221832,0.001953125,0.00047875774785402736,0.015097928465016208,0.040767344473427454,0.014953111302130714,0.039347286549554585,0.01713969189162392,0.03745085273910744,,,,,10.0,,,,,,,,,,,,,,,
sensitivity_subset,RV,H8,reverse@emb,gt_history,amplification,S,S2_dayveh_disjoint,scene,90.0,622.0,7.0,0.025624356682377156,0.03125,0.006253408770697161,0.010386116791645307,0.040862596573109006,0.013537322600459055,0.039324173134745816,0.015668265668265666,0.03674919580235195,,,,,6.0,,,,,,,,,,,,,,,
sensitivity_subset,RV,H8,reverse@emb,gt_history,amplification,S,S3_dayveh_cluster,scene,248.0,1688.0,16.0,0.024792789039553183,0.000244140625,0.003960238994740095,0.009248883715482999,0.04033669436362337,0.01182071648320072,0.04008947970136746,0.013730763575165006,0.03771573609371228,,,,,13.0,,,,,,,,,,,,,,,
sensitivity_subset,RV,H8,reverse@emb,gt_history,amplification,S,S4_no_flagged_logs,scene,248.0,1688.0,24.0,0.02479278903955318,1.52587890625e-05,0.002837541335397968,0.009440475049147686,0.040145103029958676,0.012775429691557228,0.0416801171766221,0.014265599658822067,0.03861613871038129,,,,,17.0,,,,,,,,,,,,,,,
sensitivity_common_inclusion,RV,H8,reverse@emb,gt_history,amplification,F,common_inclusion,scene,105.0,748.0,18.0,0.26832955404383974,3.0517578125e-05,9.088500014051626e-10,0.22146504099650502,0.3151940670911745,0.21889329805996474,0.307460960960961,0.22742698820395738,0.30204778222815604,,,,,16.0,,,,,,,,,,,,,,,
sensitivity_common_inclusion,RV,H8,reverse@emb,gt_history,amplification,P,common_inclusion,scene,353.0,2436.0,24.0,0.03646388001419951,9.5367431640625e-07,0.00026164962053920366,0.018952179843316687,0.05397558018508233,0.022229002339589937,0.054875965531037095,0.02416140607385831,0.05174522873714103,,,,,21.0,,,,,,,,,,,,,,,
secondary_fde5,RV,H8,reverse@emb,gt_history,fde5,F,main,scene,105.0,748.0,18.0,2.5843760255871135,7.62939453125e-06,2.9628867119784828e-09,2.096506461039653,3.072245590134574,2.1098118755522925,3.0375092959816694,2.195171632406419,2.9628446722658186,,,,,18.0,,,,,,,,,,,,,,,
secondary_fde5,RV,H8,reverse@emb,gt_history,fde5,P,main,scene,353.0,2436.0,24.0,1.0773716960295887,1.1920928955078125e-07,7.444373063963898e-05,0.6141898142045852,1.5405535778545922,0.7042453151116042,1.5601744948437846,0.7582647505085127,1.4728320416644636,,,,,24.0,,,,,,,,,,,,,,,
secondary_fde5,RV,H8,reverse@emb,gt_history,fde5,S,main,scene,248.0,1688.0,24.0,1.001515773400854,1.1920928955078125e-07,0.00014434152330343333,0.545771256714215,1.457260290087493,0.6420413357271938,1.48289639120386,0.6923756972714773,1.3986294974546358,,,,,24.0,,,,,,,,,,,,,,,
secondary_recovery,RV,H8,reverse@emb,gt_history,recovery,F,main,scene,105.0,748.0,18.0,-0.3127739984882842,3.0517578125e-05,1.455071838697008e-09,-0.36911054555539424,-0.25643745142117413,-0.3586694975230007,-0.2534080171923842,-0.3518039522206189,-0.2633913386783285,,,,,16.0,,,,,,,,,,,,,,,
secondary_recovery,RV,H8,reverse@emb,gt_history,recovery,P,main,scene,353.0,2436.0,24.0,-0.04245859685727326,9.5367431640625e-07,0.0002339661625345009,-0.06263916718822302,-0.022278026526323498,-0.062496511009030434,-0.02532601271995737,-0.058819684220434536,-0.027891800441531646,,,,,21.0,,,,,,,,,,,,,,,
secondary_recovery,RV,H8,reverse@emb,gt_history,recovery,S,main,scene,248.0,1688.0,24.0,-0.02885211690940358,4.57763671875e-05,0.0033171040547074503,-0.047071643433489865,-0.010632590385317296,-0.04795732903530202,-0.014306463956819938,-0.04451978249243836,-0.016180579670542088,,,,,17.0,,,,,,,,,,,,,,,
secondary_Q3_delta,RV,H8,reverse@emb,gt_history,amplification,F-S,main,scene,,,24.0,,,2.4387970339463114e-11,0.20134621899424296,0.2857273110143302,0.19419797261788554,0.27838124101220874,0.20349864402558948,0.2732895847846497,,,,,,,,,,,,0.24353676500428656,0.26832955404383974,0.02479278903955318,,,,,,
per_drive,RV,H8,reverse@emb,gt_history,amplification,F,2021.05.25.15.59.03_veh-30,scene,7.0,46.0,,0.17772108843537415,,,,,,,,,,,,,,,,,,,,,,,,,,,,
per_drive,RV,H8,reverse@emb,gt_history,amplification,S,2021.05.25.15.59.03_veh-30,scene,20.0,142.0,,0.006889763779527559,,,,,,,,,,,,,,,,,,,,,,,,,,,,
per_drive,RV,H8,reverse@emb,gt_history,amplification,S,2021.05.25.16.37.23_veh-25,scene,6.0,43.0,,0.015873015873015872,,,,,,,,,,,,,,,,,,,,,,,,,,,,
per_drive,RV,H8,reverse@emb,gt_history,amplification,F,2021.05.25.17.54.41_veh-35,scene,4.0,29.0,,0.1349206349206349,,,,,,,,,,,,,,,,,,,,,,,,,,,,
per_drive,RV,H8,reverse@emb,gt_history,amplification,S,2021.05.25.17.54.41_veh-35,scene,18.0,118.0,,0.001984126984126984,,,,,,,,,,,,,,,,,,,,,,,,,,,,
per_drive,RV,H8,reverse@emb,gt_history,amplification,F,2021.06.03.12.02.06_veh-35,scene,1.0,7.0,,0.0,,,,,,,,,,,,,,,,,,,,,,,,,,,,
per_drive,RV,H8,reverse@emb,gt_history,amplification,S,2021.06.03.12.02.06_veh-35,scene,12.0,81.0,,0.055230288836846206,,,,,,,,,,,,,,,,,,,,,,,,,,,,
per_drive,RV,H8,reverse@emb,gt_history,amplification,F,2021.06.03.18.47.39_veh-35,scene,2.0,15.0,,0.3125,,,,,,,,,,,,,,,,,,,,,,,,,,,,
per_drive,RV,H8,reverse@emb,gt_history,amplification,S,2021.06.03.18.47.39_veh-35,scene,12.0,82.0,,0.02261904761904762,,,,,,,,,,,,,,,,,,,,,,,,,,,,
per_drive,RV,H8,reverse@emb,gt_history,amplification,S,2021.06.28.13.53.26_veh-26,scene,4.0,25.0,,0.041666666666666664,,,,,,,,,,,,,,,,,,,,,,,,,,,,
per_drive,RV,H8,reverse@emb,gt_history,amplification,F,2021.06.28.15.02.02_veh-38,scene,2.0,15.0,,0.3333333333333333,,,,,,,,,,,,,,,,,,,,,,,,,,,,
per_drive,RV,H8,reverse@emb,gt_history,amplification,S,2021.06.28.15.02.02_veh-38,scene,4.0,29.0,,0.0,,,,,,,,,,,,,,,,,,,,,,,,,,,,
per_drive,RV,H8,reverse@emb,gt_history,amplification,S,2021.06.28.15.10.57_veh-16,scene,4.0,29.0,,0.03125,,,,,,,,,,,,,,,,,,,,,,,,,,,,
per_drive,RV,H8,reverse@emb,gt_history,amplification,F,2021.06.28.20.24.43_veh-38,scene,13.0,96.0,,0.2432844932844933,,,,,,,,,,,,,,,,,,,,,,,,,,,,
per_drive,RV,H8,reverse@emb,gt_history,amplification,S,2021.06.28.20.24.43_veh-38,scene,8.0,53.0,,0.0,,,,,,,,,,,,,,,,,,,,,,,,,,,,
per_drive,RV,H8,reverse@emb,gt_history,amplification,S,2021.06.28.21.16.05_veh-14,scene,4.0,29.0,,0.0,,,,,,,,,,,,,,,,,,,,,,,,,,,,
per_drive,RV,H8,reverse@emb,gt_history,amplification,S,2021.08.16.14.23.37_veh-45,scene,4.0,25.0,,0.03571428571428571,,,,,,,,,,,,,,,,,,,,,,,,,,,,
per_drive,RV,H8,reverse@emb,gt_history,amplification,F,2021.09.09.14.18.22_veh-48,scene,18.0,134.0,,0.3354276895943562,,,,,,,,,,,,,,,,,,,,,,,,,,,,
per_drive,RV,H8,reverse@emb,gt_history,amplification,S,2021.09.09.14.18.22_veh-48,scene,20.0,139.0,,0.02482465854558877,,,,,,,,,,,,,,,,,,,,,,,,,,,,
per_drive,RV,H8,reverse@emb,gt_history,amplification,F,2021.09.09.17.18.51_veh-48,scene,14.0,100.0,,0.3195861678004535,,,,,,,,,,,,,,,,,,,,,,,,,,,,
per_drive,RV,H8,reverse@emb,gt_history,amplification,S,2021.09.09.17.18.51_veh-48,scene,26.0,177.0,,0.029554414358335928,,,,,,,,,,,,,,,,,,,,,,,,,,,,
per_drive,RV,H8,reverse@emb,gt_history,amplification,F,2021.09.09.18.04.06_veh-40,scene,3.0,19.0,,0.047619047619047616,,,,,,,,,,,,,,,,,,,,,,,,,,,,
per_drive,RV,H8,reverse@emb,gt_history,amplification,S,2021.09.09.18.04.06_veh-40,scene,12.0,83.0,,0.055635993135993135,,,,,,,,,,,,,,,,,,,,,,,,,,,,
per_drive,RV,H8,reverse@emb,gt_history,amplification,F,2021.09.16.13.53.10_veh-42,scene,8.0,61.0,,0.29836309523809523,,,,,,,,,,,,,,,,,,,,,,,,,,,,
per_drive,RV,H8,reverse@emb,gt_history,amplification,S,2021.09.16.13.53.10_veh-42,scene,20.0,128.0,,0.01984126984126984,,,,,,,,,,,,,,,,,,,,,,,,,,,,
per_drive,RV,H8,reverse@emb,gt_history,amplification,F,2021.09.16.15.12.03_veh-42,scene,2.0,14.0,,0.1875,,,,,,,,,,,,,,,,,,,,,,,,,,,,
per_drive,RV,H8,reverse@emb,gt_history,amplification,S,2021.09.16.15.12.03_veh-42,scene,4.0,25.0,,0.0,,,,,,,,,,,,,,,,,,,,,,,,,,,,
per_drive,RV,H8,reverse@emb,gt_history,amplification,F,2021.09.16.15.47.30_veh-45,scene,1.0,8.0,,0.25,,,,,,,,,,,,,,,,,,,,,,,,,,,,
per_drive,RV,H8,reverse@emb,gt_history,amplification,S,2021.09.16.15.47.30_veh-45,scene,4.0,26.0,,0.03125,,,,,,,,,,,,,,,,,,,,,,,,,,,,
per_drive,RV,H8,reverse@emb,gt_history,amplification,S,2021.09.16.16.20.27_veh-08,scene,4.0,27.0,,0.0,,,,,,,,,,,,,,,,,,,,,,,,,,,,
per_drive,RV,H8,reverse@emb,gt_history,amplification,F,2021.09.16.17.40.09_veh-45,scene,1.0,6.0,,0.6666666666666666,,,,,,,,,,,,,,,,,,,,,,,,,,,,
per_drive,RV,H8,reverse@emb,gt_history,amplification,S,2021.09.16.17.40.09_veh-45,scene,4.0,28.0,,0.0,,,,,,,,,,,,,,,,,,,,,,,,,,,,
per_drive,RV,H8,reverse@emb,gt_history,amplification,F,2021.09.16.19.49.00_veh-42,scene,10.0,66.0,,0.26190476190476186,,,,,,,,,,,,,,,,,,,,,,,,,,,,
per_drive,RV,H8,reverse@emb,gt_history,amplification,S,2021.09.16.19.49.00_veh-42,scene,4.0,29.0,,0.10714285714285714,,,,,,,,,,,,,,,,,,,,,,,,,,,,
per_drive,RV,H8,reverse@emb,gt_history,amplification,F,2021.09.16.21.13.37_veh-42,scene,1.0,9.0,,0.0,,,,,,,,,,,,,,,,,,,,,,,,,,,,
per_drive,RV,H8,reverse@emb,gt_history,amplification,S,2021.09.16.21.13.37_veh-42,scene,4.0,25.0,,0.0,,,,,,,,,,,,,,,,,,,,,,,,,,,,
per_drive,RV,H8,reverse@emb,gt_history,amplification,F,2021.09.29.15.23.04_veh-28,scene,2.0,13.0,,0.08333333333333333,,,,,,,,,,,,,,,,,,,,,,,,,,,,
per_drive,RV,H8,reverse@emb,gt_history,amplification,S,2021.09.29.15.23.04_veh-28,scene,8.0,55.0,,0.020714285714285713,,,,,,,,,,,,,,,,,,,,,,,,,,,,
per_drive,RV,H8,reverse@emb,gt_history,amplification,F,2021.09.29.18.19.40_veh-28,scene,7.0,46.0,,0.41836734693877553,,,,,,,,,,,,,,,,,,,,,,,,,,,,
per_drive,RV,H8,reverse@emb,gt_history,amplification,S,2021.09.29.18.19.40_veh-28,scene,18.0,134.0,,0.0781475468975469,,,,,,,,,,,,,,,,,,,,,,,,,,,,
per_drive,RV,H8,reverse@emb,gt_history,amplification,F,2021.10.06.07.26.10_veh-52,scene,9.0,64.0,,0.20987654320987656,,,,,,,,,,,,,,,,,,,,,,,,,,,,
per_drive,RV,H8,reverse@emb,gt_history,amplification,S,2021.10.06.07.26.10_veh-52,scene,24.0,156.0,,0.009830205540661304,,,,,,,,,,,,,,,,,,,,,,,,,,,,
per_log,RV,H8,reverse@emb,gt_history,amplification,S,2021.05.25.15.59.03_veh-30_00625_00855,scene,4.0,26.0,,0.0,,,,,,,,,,,,,,,,,,,,,,,,,,,,
per_log,RV,H8,reverse@emb,gt_history,amplification,F,2021.05.25.15.59.03_veh-30_01478_01643,scene,1.0,6.0,,0.16666666666666666,,,,,,,,,,,,,,,,,,,,,,,,,,,,
per_log,RV,H8,reverse@emb,gt_history,amplification,S,2021.05.25.15.59.03_veh-30_01478_01643,scene,4.0,32.0,,0.0,,,,,,,,,,,,,,,,,,,,,,,,,,,,
per_log,RV,H8,reverse@emb,gt_history,amplification,F,2021.05.25.15.59.03_veh-30_03499_03671,scene,5.0,33.0,,0.15833333333333333,,,,,,,,,,,,,,,,,,,,,,,,,,,,
per_log,RV,H8,reverse@emb,gt_history,amplification,S,2021.05.25.15.59.03_veh-30_03499_03671,scene,4.0,31.0,,0.03125,,,,,,,,,,,,,,,,,,,,,,,,,,,,
per_log,RV,H8,reverse@emb,gt_history,amplification,F,2021.05.25.15.59.03_veh-30_04027_04200,scene,1.0,7.0,,0.2857142857142857,,,,,,,,,,,,,,,,,,,,,,,,,,,,
per_log,RV,H8,reverse@emb,gt_history,amplification,S,2021.05.25.15.59.03_veh-30_04027_04200,scene,4.0,28.0,,0.0,,,,,,,,,,,,,,,,,,,,,,,,,,,,
per_log,RV,H8,reverse@emb,gt_history,amplification,S,2021.05.25.15.59.03_veh-30_04463_04606,scene,4.0,25.0,,0.0,,,,,,,,,,,,,,,,,,,,,,,,,,,,
per_log,RV,H8,reverse@emb,gt_history,amplification,S,2021.05.25.16.37.23_veh-25_00005_00217,scene,4.0,29.0,,0.0,,,,,,,,,,,,,,,,,,,,,,,,,,,,
per_log,RV,H8,reverse@emb,gt_history,amplification,S,2021.05.25.16.37.23_veh-25_03311_03550,scene,2.0,14.0,,0.14285714285714285,,,,,,,,,,,,,,,,,,,,,,,,,,,,
per_log,RV,H8,reverse@emb,gt_history,amplification,S,2021.05.25.17.54.41_veh-35_01654_01850,scene,4.0,25.0,,0.0,,,,,,,,,,,,,,,,,,,,,,,,,,,,
per_log,RV,H8,reverse@emb,gt_history,amplification,F,2021.05.25.17.54.41_veh-35_01905_02121,scene,1.0,9.0,,0.1111111111111111,,,,,,,,,,,,,,,,,,,,,,,,,,,,
per_log,RV,H8,reverse@emb,gt_history,amplification,S,2021.05.25.17.54.41_veh-35_01905_02121,scene,4.0,25.0,,0.0,,,,,,,,,,,,,,,,,,,,,,,,,,,,
per_log,RV,H8,reverse@emb,gt_history,amplification,F,2021.05.25.17.54.41_veh-35_02723_02902,scene,2.0,13.0,,0.07142857142857142,,,,,,,,,,,,,,,,,,,,,,,,,,,,
per_log,RV,H8,reverse@emb,gt_history,amplification,S,2021.05.25.17.54.41_veh-35_02723_02902,scene,4.0,26.0,,0.0,,,,,,,,,,,,,,,,,,,,,,,,,,,,
per_log,RV,H8,reverse@emb,gt_history,amplification,F,2021.05.25.17.54.41_veh-35_04111_04288,scene,1.0,7.0,,0.2857142857142857,,,,,,,,,,,,,,,,,,,,,,,,,,,,
per_log,RV,H8,reverse@emb,gt_history,amplification,S,2021.05.25.17.54.41_veh-35_04111_04288,scene,4.0,26.0,,0.0,,,,,,,,,,,,,,,,,,,,,,,,,,,,
per_log,RV,H8,reverse@emb,gt_history,amplification,S,2021.05.25.17.54.41_veh-35_04967_05098,scene,2.0,16.0,,0.1111111111111111,,,,,,,,,,,,,,,,,,,,,,,,,,,,
per_log,RV,H8,reverse@emb,gt_history,amplification,F,2021.06.03.12.02.06_veh-35_00233_00609,scene,1.0,7.0,,0.0,,,,,,,,,,,,,,,,,,,,,,,,,,,,
per_log,RV,H8,reverse@emb,gt_history,amplification,S,2021.06.03.12.02.06_veh-35_00233_00609,scene,4.0,26.0,,0.07738095238095237,,,,,,,,,,,,,,,,,,,,,,,,,,,,
per_log,RV,H8,reverse@emb,gt_history,amplification,S,2021.06.03.12.02.06_veh-35_01100_01227,scene,4.0,29.0,,0.03571428571428571,,,,,,,,,,,,,,,,,,,,,,,,,,,,
per_log,RV,H8,reverse@emb,gt_history,amplification,S,2021.06.03.12.02.06_veh-35_03526_03712,scene,4.0,26.0,,0.0,,,,,,,,,,,,,,,,,,,,,,,,,,,,
per_log,RV,H8,reverse@emb,gt_history,amplification,S,2021.06.03.18.47.39_veh-35_00123_00246,scene,4.0,26.0,,0.0,,,,,,,,,,,,,,,,,,,,,,,,,,,,
per_log,RV,H8,reverse@emb,gt_history,amplification,F,2021.06.03.18.47.39_veh-35_00257_00492,scene,1.0,8.0,,0.625,,,,,,,,,,,,,,,,,,,,,,,,,,,,
per_log,RV,H8,reverse@emb,gt_history,amplification,S,2021.06.03.18.47.39_veh-35_00257_00492,scene,4.0,27.0,,0.0,,,,,,,,,,,,,,,,,,,,,,,,,,,,
per_log,RV,H8,reverse@emb,gt_history,amplification,F,2021.06.03.18.47.39_veh-35_00503_00777,scene,1.0,7.0,,0.0,,,,,,,,,,,,,,,,,,,,,,,,,,,,
per_log,RV,H8,reverse@emb,gt_history,amplification,S,2021.06.03.18.47.39_veh-35_00503_00777,scene,4.0,29.0,,0.041666666666666664,,,,,,,,,,,,,,,,,,,,,,,,,,,,
per_log,RV,H8,reverse@emb,gt_history,amplification,S,2021.06.28.13.53.26_veh-26_00492_00696,scene,4.0,25.0,,0.041666666666666664,,,,,,,,,,,,,,,,,,,,,,,,,,,,
per_log,RV,H8,reverse@emb,gt_history,amplification,F,2021.06.28.15.02.02_veh-38_02398_02848,scene,2.0,15.0,,0.3333333333333333,,,,,,,,,,,,,,,,,,,,,,,,,,,,
per_log,RV,H8,reverse@emb,gt_history,amplification,S,2021.06.28.15.02.02_veh-38_02398_02848,scene,4.0,29.0,,0.0,,,,,,,,,,,,,,,,,,,,,,,,,,,,
per_log,RV,H8,reverse@emb,gt_history,amplification,S,2021.06.28.15.10.57_veh-16_02438_02580,scene,4.0,29.0,,0.03125,,,,,,,,,,,,,,,,,,,,,,,,,,,,
per_log,RV,H8,reverse@emb,gt_history,amplification,F,2021.06.28.20.24.43_veh-38_00369_00601,scene,2.0,18.0,,0.16666666666666666,,,,,,,,,,,,,,,,,,,,,,,,,,,,
per_log,RV,H8,reverse@emb,gt_history,amplification,S,2021.06.28.20.24.43_veh-38_00369_00601,scene,4.0,26.0,,0.0,,,,,,,,,,,,,,,,,,,,,,,,,,,,
per_log,RV,H8,reverse@emb,gt_history,amplification,F,2021.06.28.20.24.43_veh-38_03385_04952,scene,11.0,78.0,,0.2572150072150072,,,,,,,,,,,,,,,,,,,,,,,,,,,,
per_log,RV,H8,reverse@emb,gt_history,amplification,S,2021.06.28.20.24.43_veh-38_03385_04952,scene,4.0,27.0,,0.0,,,,,,,,,,,,,,,,,,,,,,,,,,,,
per_log,RV,H8,reverse@emb,gt_history,amplification,S,2021.06.28.21.16.05_veh-14_00957_01198,scene,4.0,29.0,,0.0,,,,,,,,,,,,,,,,,,,,,,,,,,,,
per_log,RV,H8,reverse@emb,gt_history,amplification,S,2021.08.16.14.23.37_veh-45_00015_00132,scene,4.0,25.0,,0.03571428571428571,,,,,,,,,,,,,,,,,,,,,,,,,,,,
per_log,RV,H8,reverse@emb,gt_history,amplification,F,2021.09.09.14.18.22_veh-48_00221_00299,scene,1.0,7.0,,0.2857142857142857,,,,,,,,,,,,,,,,,,,,,,,,,,,,
per_log,RV,H8,reverse@emb,gt_history,amplification,S,2021.09.09.14.18.22_veh-48_00221_00299,scene,4.0,29.0,,0.0,,,,,,,,,,,,,,,,,,,,,,,,,,,,
per_log,RV,H8,reverse@emb,gt_history,amplification,F,2021.09.09.14.18.22_veh-48_00322_00895,scene,14.0,108.0,,0.3785430839002268,,,,,,,,,,,,,,,,,,,,,,,,,,,,
per_log,RV,H8,reverse@emb,gt_history,amplification,S,2021.09.09.14.18.22_veh-48_00322_00895,scene,4.0,29.0,,0.027777777777777776,,,,,,,,,,,,,,,,,,,,,,,,,,,,
per_log,RV,H8,reverse@emb,gt_history,amplification,F,2021.09.09.14.18.22_veh-48_00960_01115,scene,1.0,6.0,,0.16666666666666666,,,,,,,,,,,,,,,,,,,,,,,,,,,,
per_log,RV,H8,reverse@emb,gt_history,amplification,S,2021.09.09.14.18.22_veh-48_00960_01115,scene,4.0,26.0,,0.041666666666666664,,,,,,,,,,,,,,,,,,,,,,,,,,,,
per_log,RV,H8,reverse@emb,gt_history,amplification,F,2021.09.09.14.18.22_veh-48_01298_01492,scene,1.0,7.0,,0.2857142857142857,,,,,,,,,,,,,,,,,,,,,,,,,,,,
per_log,RV,H8,reverse@emb,gt_history,amplification,S,2021.09.09.14.18.22_veh-48_01298_01492,scene,4.0,27.0,,0.0,,,,,,,,,,,,,,,,,,,,,,,,,,,,
per_log,RV,H8,reverse@emb,gt_history,amplification,F,2021.09.09.14.18.22_veh-48_01503_01761,scene,1.0,6.0,,0.0,,,,,,,,,,,,,,,,,,,,,,,,,,,,
per_log,RV,H8,reverse@emb,gt_history,amplification,S,2021.09.09.14.18.22_veh-48_01503_01761,scene,4.0,28.0,,0.03571428571428571,,,,,,,,,,,,,,,,,,,,,,,,,,,,
per_log,RV,H8,reverse@emb,gt_history,amplification,F,2021.09.09.17.18.51_veh-48_00098_00328,scene,4.0,25.0,,0.27976190476190477,,,,,,,,,,,,,,,,,,,,,,,,,,,,
per_log,RV,H8,reverse@emb,gt_history,amplification,S,2021.09.09.17.18.51_veh-48_00098_00328,scene,4.0,26.0,,0.041666666666666664,,,,,,,,,,,,,,,,,,,,,,,,,,,,
per_log,RV,H8,reverse@emb,gt_history,amplification,F,2021.09.09.17.18.51_veh-48_00574_00646,scene,1.0,9.0,,0.5555555555555556,,,,,,,,,,,,,,,,,,,,,,,,,,,,
per_log,RV,H8,reverse@emb,gt_history,amplification,S,2021.09.09.17.18.51_veh-48_00574_00646,scene,4.0,28.0,,0.02777777777777778,,,,,,,,,,,,,,,,,,,,,,,,,,,,
per_log,RV,H8,reverse@emb,gt_history,amplification,F,2021.09.09.17.18.51_veh-48_00657_00876,scene,2.0,15.0,,0.3888888888888889,,,,,,,,,,,,,,,,,,,,,,,,,,,,
per_log,RV,H8,reverse@emb,gt_history,amplification,S,2021.09.09.17.18.51_veh-48_00657_00876,scene,4.0,28.0,,0.05555555555555555,,,,,,,,,,,,,,,,,,,,,,,,,,,,
per_log,RV,H8,reverse@emb,gt_history,amplification,F,2021.09.09.17.18.51_veh-48_00889_01147,scene,4.0,28.0,,0.30753968253968256,,,,,,,,,,,,,,,,,,,,,,,,,,,,
per_log,RV,H8,reverse@emb,gt_history,amplification,S,2021.09.09.17.18.51_veh-48_00889_01147,scene,4.0,26.0,,0.03571428571428571,,,,,,,,,,,,,,,,,,,,,,,,,,,,
per_log,RV,H8,reverse@emb,gt_history,amplification,S,2021.09.09.17.18.51_veh-48_01173_01237,scene,2.0,14.0,,0.14285714285714285,,,,,,,,,,,,,,,,,,,,,,,,,,,,
per_log,RV,H8,reverse@emb,gt_history,amplification,F,2021.09.09.17.18.51_veh-48_01248_01450,scene,2.0,14.0,,0.22916666666666666,,,,,,,,,,,,,,,,,,,,,,,,,,,,
per_log,RV,H8,reverse@emb,gt_history,amplification,S,2021.09.09.17.18.51_veh-48_01248_01450,scene,4.0,27.0,,0.0,,,,,,,,,,,,,,,,,,,,,,,,,,,,
per_log,RV,H8,reverse@emb,gt_history,amplification,F,2021.09.09.17.18.51_veh-48_01462_01552,scene,1.0,9.0,,0.3333333333333333,,,,,,,,,,,,,,,,,,,,,,,,,,,,
per_log,RV,H8,reverse@emb,gt_history,amplification,S,2021.09.09.17.18.51_veh-48_01462_01552,scene,4.0,28.0,,0.0,,,,,,,,,,,,,,,,,,,,,,,,,,,,
per_log,RV,H8,reverse@emb,gt_history,amplification,F,2021.09.09.18.04.06_veh-40_00555_00731,scene,2.0,12.0,,0.0,,,,,,,,,,,,,,,,,,,,,,,,,,,,
per_log,RV,H8,reverse@emb,gt_history,amplification,S,2021.09.09.18.04.06_veh-40_00555_00731,scene,4.0,27.0,,0.09722222222222222,,,,,,,,,,,,,,,,,,,,,,,,,,,,
per_log,RV,H8,reverse@emb,gt_history,amplification,F,2021.09.09.18.04.06_veh-40_00743_01071,scene,1.0,7.0,,0.14285714285714285,,,,,,,,,,,,,,,,,,,,,,,,,,,,
per_log,RV,H8,reverse@emb,gt_history,amplification,S,2021.09.09.18.04.06_veh-40_00743_01071,scene,4.0,30.0,,0.041666666666666664,,,,,,,,,,,,,,,,,,,,,,,,,,,,
per_log,RV,H8,reverse@emb,gt_history,amplification,S,2021.09.09.18.04.06_veh-40_01340_01425,scene,4.0,26.0,,0.03571428571428571,,,,,,,,,,,,,,,,,,,,,,,,,,,,
per_log,RV,H8,reverse@emb,gt_history,amplification,S,2021.09.16.13.53.10_veh-42_00077_00153,scene,4.0,24.0,,0.0,,,,,,,,,,,,,,,,,,,,,,,,,,,,
per_log,RV,H8,reverse@emb,gt_history,amplification,F,2021.09.16.13.53.10_veh-42_00180_00342,scene,1.0,8.0,,0.25,,,,,,,,,,,,,,,,,,,,,,,,,,,,
per_log,RV,H8,reverse@emb,gt_history,amplification,S,2021.09.16.13.53.10_veh-42_00180_00342,scene,4.0,27.0,,0.0,,,,,,,,,,,,,,,,,,,,,,,,,,,,
per_log,RV,H8,reverse@emb,gt_history,amplification,F,2021.09.16.13.53.10_veh-42_00630_00818,scene,5.0,38.0,,0.26666666666666666,,,,,,,,,,,,,,,,,,,,,,,,,,,,
per_log,RV,H8,reverse@emb,gt_history,amplification,S,2021.09.16.13.53.10_veh-42_00630_00818,scene,4.0,27.0,,0.06944444444444443,,,,,,,,,,,,,,,,,,,,,,,,,,,,
per_log,RV,H8,reverse@emb,gt_history,amplification,F,2021.09.16.13.53.10_veh-42_00860_01069,scene,2.0,15.0,,0.4017857142857143,,,,,,,,,,,,,,,,,,,,,,,,,,,,
per_log,RV,H8,reverse@emb,gt_history,amplification,S,2021.09.16.13.53.10_veh-42_00860_01069,scene,4.0,26.0,,0.0,,,,,,,,,,,,,,,,,,,,,,,,,,,,
per_log,RV,H8,reverse@emb,gt_history,amplification,S,2021.09.16.13.53.10_veh-42_01510_01591,scene,4.0,24.0,,0.0,,,,,,,,,,,,,,,,,,,,,,,,,,,,
per_log,RV,H8,reverse@emb,gt_history,amplification,F,2021.09.16.15.12.03_veh-42_01037_01434,scene,2.0,14.0,,0.1875,,,,,,,,,,,,,,,,,,,,,,,,,,,,
per_log,RV,H8,reverse@emb,gt_history,amplification,S,2021.09.16.15.12.03_veh-42_01037_01434,scene,4.0,25.0,,0.0,,,,,,,,,,,,,,,,,,,,,,,,,,,,
per_log,RV,H8,reverse@emb,gt_history,amplification,F,2021.09.16.15.47.30_veh-45_01199_01391,scene,1.0,8.0,,0.25,,,,,,,,,,,,,,,,,,,,,,,,,,,,
per_log,RV,H8,reverse@emb,gt_history,amplification,S,2021.09.16.15.47.30_veh-45_01199_01391,scene,4.0,26.0,,0.03125,,,,,,,,,,,,,,,,,,,,,,,,,,,,
per_log,RV,H8,reverse@emb,gt_history,amplification,S,2021.09.16.16.20.27_veh-08_02435_02525,scene,4.0,27.0,,0.0,,,,,,,,,,,,,,,,,,,,,,,,,,,,
per_log,RV,H8,reverse@emb,gt_history,amplification,F,2021.09.16.17.40.09_veh-45_02539_02745,scene,1.0,6.0,,0.6666666666666666,,,,,,,,,,,,,,,,,,,,,,,,,,,,
per_log,RV,H8,reverse@emb,gt_history,amplification,S,2021.09.16.17.40.09_veh-45_02539_02745,scene,4.0,28.0,,0.0,,,,,,,,,,,,,,,,,,,,,,,,,,,,
per_log,RV,H8,reverse@emb,gt_history,amplification,F,2021.09.16.19.49.00_veh-42_00990_01609,scene,10.0,66.0,,0.26190476190476186,,,,,,,,,,,,,,,,,,,,,,,,,,,,
per_log,RV,H8,reverse@emb,gt_history,amplification,S,2021.09.16.19.49.00_veh-42_00990_01609,scene,4.0,29.0,,0.10714285714285714,,,,,,,,,,,,,,,,,,,,,,,,,,,,
per_log,RV,H8,reverse@emb,gt_history,amplification,F,2021.09.16.21.13.37_veh-42_00172_00347,scene,1.0,9.0,,0.0,,,,,,,,,,,,,,,,,,,,,,,,,,,,
per_log,RV,H8,reverse@emb,gt_history,amplification,S,2021.09.16.21.13.37_veh-42_00172_00347,scene,4.0,25.0,,0.0,,,,,,,,,,,,,,,,,,,,,,,,,,,,
per_log,RV,H8,reverse@emb,gt_history,amplification,F,2021.09.29.15.23.04_veh-28_00601_00802,scene,1.0,7.0,,0.0,,,,,,,,,,,,,,,,,,,,,,,,,,,,
per_log,RV,H8,reverse@emb,gt_history,amplification,S,2021.09.29.15.23.04_veh-28_00601_00802,scene,4.0,28.0,,0.03571428571428571,,,,,,,,,,,,,,,,,,,,,,,,,,,,
per_log,RV,H8,reverse@emb,gt_history,amplification,F,2021.09.29.15.23.04_veh-28_00814_01101,scene,1.0,6.0,,0.16666666666666666,,,,,,,,,,,,,,,,,,,,,,,,,,,,
per_log,RV,H8,reverse@emb,gt_history,amplification,S,2021.09.29.15.23.04_veh-28_00814_01101,scene,4.0,27.0,,0.0,,,,,,,,,,,,,,,,,,,,,,,,,,,,
per_log,RV,H8,reverse@emb,gt_history,amplification,S,2021.09.29.18.19.40_veh-28_00331_00426,scene,2.0,14.0,,0.0,,,,,,,,,,,,,,,,,,,,,,,,,,,,
per_log,RV,H8,reverse@emb,gt_history,amplification,F,2021.09.29.18.19.40_veh-28_00438_00833,scene,1.0,6.0,,0.5,,,,,,,,,,,,,,,,,,,,,,,,,,,,
per_log,RV,H8,reverse@emb,gt_history,amplification,S,2021.09.29.18.19.40_veh-28_00438_00833,scene,4.0,29.0,,0.10863095238095237,,,,,,,,,,,,,,,,,,,,,,,,,,,,
per_log,RV,H8,reverse@emb,gt_history,amplification,F,2021.09.29.18.19.40_veh-28_00844_01218,scene,2.0,14.0,,0.5714285714285714,,,,,,,,,,,,,,,,,,,,,,,,,,,,
per_log,RV,H8,reverse@emb,gt_history,amplification,S,2021.09.29.18.19.40_veh-28_00844_01218,scene,4.0,31.0,,0.027777777777777776,,,,,,,,,,,,,,,,,,,,,,,,,,,,
per_log,RV,H8,reverse@emb,gt_history,amplification,F,2021.09.29.18.19.40_veh-28_01268_01685,scene,4.0,26.0,,0.3214285714285714,,,,,,,,,,,,,,,,,,,,,,,,,,,,
per_log,RV,H8,reverse@emb,gt_history,amplification,S,2021.09.29.18.19.40_veh-28_01268_01685,scene,4.0,29.0,,0.09375,,,,,,,,,,,,,,,,,,,,,,,,,,,,
per_log,RV,H8,reverse@emb,gt_history,amplification,S,2021.09.29.18.19.40_veh-28_01727_01833,scene,4.0,31.0,,0.02777777777777778,,,,,,,,,,,,,,,,,,,,,,,,,,,,
per_log,RV,H8,reverse@emb,gt_history,amplification,F,2021.10.06.07.26.10_veh-52_00006_00398,scene,2.0,12.0,,0.08333333333333333,,,,,,,,,,,,,,,,,,,,,,,,,,,,
per_log,RV,H8,reverse@emb,gt_history,amplification,S,2021.10.06.07.26.10_veh-52_00006_00398,scene,4.0,27.0,,0.0,,,,,,,,,,,,,,,,,,,,,,,,,,,,
per_log,RV,H8,reverse@emb,gt_history,amplification,S,2021.10.06.07.26.10_veh-52_00422_00728,scene,4.0,25.0,,0.0,,,,,,,,,,,,,,,,,,,,,,,,,,,,
per_log,RV,H8,reverse@emb,gt_history,amplification,F,2021.10.06.07.26.10_veh-52_00772_00917,scene,2.0,15.0,,0.1111111111111111,,,,,,,,,,,,,,,,,,,,,,,,,,,,
per_log,RV,H8,reverse@emb,gt_history,amplification,S,2021.10.06.07.26.10_veh-52_00772_00917,scene,4.0,26.0,,0.08333333333333333,,,,,,,,,,,,,,,,,,,,,,,,,,,,
per_log,RV,H8,reverse@emb,gt_history,amplification,S,2021.10.06.07.26.10_veh-52_00953_01126,scene,4.0,26.0,,0.0,,,,,,,,,,,,,,,,,,,,,,,,,,,,
per_log,RV,H8,reverse@emb,gt_history,amplification,F,2021.10.06.07.26.10_veh-52_01245_02064,scene,5.0,37.0,,0.3,,,,,,,,,,,,,,,,,,,,,,,,,,,,
per_log,RV,H8,reverse@emb,gt_history,amplification,S,2021.10.06.07.26.10_veh-52_01245_02064,scene,4.0,27.0,,0.0,,,,,,,,,,,,,,,,,,,,,,,,,,,,
per_log,RV,H8,reverse@emb,gt_history,amplification,S,2021.10.06.07.26.10_veh-52_02208_02394,scene,4.0,25.0,,0.0,,,,,,,,,,,,,,,,,,,,,,,,,,,,
per_city,RV,H8,reverse@emb,gt_history,amplification,F,sg-one-north,scene,9.0,64.0,,0.20987654320987656,,,,,,,,,,,,,,,,,,,,,,,,,,,,
per_city,RV,H8,reverse@emb,gt_history,amplification,S,sg-one-north,scene,24.0,156.0,,0.009830205540661304,,,,,,,,,,,,,,,,,,,,,,,,,,,,
per_city,RV,H8,reverse@emb,gt_history,amplification,F,us-ma-boston,scene,44.0,312.0,,0.3125,,,,,,,,,,,,,,,,,,,,,,,,,,,,
per_city,RV,H8,reverse@emb,gt_history,amplification,S,us-ma-boston,scene,84.0,588.0,,0.042431661572286575,,,,,,,,,,,,,,,,,,,,,,,,,,,,
per_city,RV,H8,reverse@emb,gt_history,amplification,F,us-nv-las-vegas-strip,scene,29.0,208.0,,0.21510673234811162,,,,,,,,,,,,,,,,,,,,,,,,,,,,
per_city,RV,H8,reverse@emb,gt_history,amplification,S,us-nv-las-vegas-strip,scene,92.0,631.0,,0.010680736407288585,,,,,,,,,,,,,,,,,,,,,,,,,,,,
per_city,RV,H8,reverse@emb,gt_history,amplification,F,us-pa-pittsburgh-hazelwood,scene,23.0,164.0,,0.2738095238095238,,,,,,,,,,,,,,,,,,,,,,,,,,,,
per_city,RV,H8,reverse@emb,gt_history,amplification,S,us-pa-pittsburgh-hazelwood,scene,48.0,313.0,,0.04078634658991801,,,,,,,,,,,,,,,,,,,,,,,,,,,,
per_city,RV,H8,reverse@emb,gt_history,amplification,P,sg-one-north,scene,33.0,220.0,1.0,0.014543339150668994,1.0,,,,,,,,,,,,1.0,,,,,,,,,,,,,,,
per_city,RV,H8,reverse@emb,gt_history,amplification,P,us-ma-boston,scene,128.0,900.0,5.0,0.0611156346710592,0.0625,0.0034806942590654612,0.03366354890087118,0.08856772044124722,,,,,,,,,5.0,,,,,,,,,,,,,,,
per_city,RV,H8,reverse@emb,gt_history,amplification,P,us-nv-las-vegas-strip,scene,121.0,839.0,10.0,0.018223171372026333,0.00390625,0.002848869071008129,0.00806549992326751,0.02838084282078516,,,,,,,,,9.0,,,,,,,,,,,,,,,
per_city,RV,H8,reverse@emb,gt_history,amplification,P,us-pa-pittsburgh-hazelwood,scene,71.0,477.0,8.0,0.0546352692670522,0.03125,0.05007308244311035,-2.2951543007257436e-05,0.10929349007711166,,,,,,,,,6.0,,,,,,,,,,,,,,,
primary,DM,H32,dir_wrong_mag_ok,dir_ok_mag_wrong,amplification,F,main,scene,105.0,748.0,18.0,0.06160241874527588,0.0732421875,0.05312017430218211,-0.0009278096969537533,0.12413264718750552,0.006127838039977896,0.12068951037205002,0.013597700246215096,0.11053952220618886,-0.004084967320146269,0.12731481481436385,0.004013347763624741,0.11466756513898954,12.0,0.0732421875,0.05,0.05,1.0,inconclusive,inconclusive,,,,,,,,,
sensitivity_weighting,DM,H32,dir_wrong_mag_ok,dir_ok_mag_wrong,amplification,F,main,unit,105.0,748.0,18.0,0.05213903743315508,0.13330078125,0.07629227255230363,-0.006142295541891725,0.11042037040820188,0.0,0.10699980089168237,0.00737939423593131,0.09747975421905082,,,,,12.0,,,,,,,,,,,,,,,
sensitivity_weighting,DM,H32,dir_wrong_mag_ok,dir_ok_mag_wrong,amplification,F,main,drive_equal,105.0,748.0,18.0,0.047452764937883994,0.05810546875,0.06521217136698133,-0.003338611393615784,0.09824414126938377,0.006037427583806554,0.09688355319969075,0.011348974517790654,0.08879078331831307,,,,,,,,,,,,,,,,,,,,
sensitivity_subset,DM,H32,dir_wrong_mag_ok,dir_ok_mag_wrong,amplification,F,S1_non_navhard,scene,48.0,347.0,7.0,0.05485284391534392,0.40625,0.287532502878799,-0.060171794532043944,0.16987748236273179,-0.03189300411522634,0.13465250965250963,-0.025079365079365076,0.12309218559218559,,,,,6.0,,,,,,,,,,,,,,,
sensitivity_subset,DM,H32,dir_wrong_mag_ok,dir_ok_mag_wrong,amplification,F,S2_dayveh_disjoint,scene,42.0,299.0,4.0,0.058862433862433866,0.5,0.38878280306288926,-0.12746132492336262,0.24518619264823036,-0.0405328798185941,0.15825774754346184,-0.03170553935860058,0.14732142857142855,,,,,4.0,,,,,,,,,,,,,,,
sensitivity_subset,DM,H32,dir_wrong_mag_ok,dir_ok_mag_wrong,amplification,F,S3_dayveh_cluster,scene,105.0,748.0,10.0,0.06160241874527589,0.08984375,0.029871608934525597,0.007514018101370583,0.11569081938918119,0.011045864105971177,0.10708878664870636,0.020127836896129583,0.09991496598639456,,,,,9.0,,,,,,,,,,,,,,,
sensitivity_subset,DM,H32,dir_wrong_mag_ok,dir_ok_mag_wrong,amplification,F,S4_no_flagged_logs,scene,105.0,748.0,18.0,0.06160241874527588,0.0732421875,0.05312017430218211,-0.0009278096969537533,0.12413264718750552,0.006127838039977896,0.12068951037205002,0.013597700246215096,0.11053952220618886,,,,,12.0,,,,,,,,,,,,,,,
primary,DM,H32,dir_wrong_mag_ok,dir_ok_mag_wrong,amplification,P,main,scene,353.0,2436.0,24.0,0.02618803112299233,0.10456705093383789,0.09898472464058718,-0.005320668533608849,0.0576967307795935,-0.003969188394771044,0.05541484536424474,0.0009074108692129495,0.05065915039308672,-0.0064134444025604875,0.058973984970443635,-0.00038895322059957543,0.0538686578095529,22.0,0.10456705093383789,0.025,0.02,1.0,inconclusive,inconclusive,,,,,,,,,
sensitivity_weighting,DM,H32,dir_wrong_mag_ok,dir_ok_mag_wrong,amplification,P,main,unit,353.0,2436.0,24.0,0.028439892578939467,0.07418012619018555,0.07061610422730964,-0.0025926052569850595,0.05947239041486399,-0.0011265109250108692,0.05735697855876058,0.003695651411360133,0.05275611774657329,,,,,22.0,,,,,,,,,,,,,,,
sensitivity_weighting,DM,H32,dir_wrong_mag_ok,dir_ok_mag_wrong,amplification,P,main,drive_equal,353.0,2436.0,24.0,0.02412382828202698,0.11264181137084961,0.11252171053964496,-0.006119823000604933,0.0543674795646589,-0.004931036336468578,0.05216248946143853,0.00014944060333543105,0.04778522141905835,,,,,,,,,,,,,,,,,,,,
sensitivity_subset,DM,H32,dir_wrong_mag_ok,dir_ok_mag_wrong,amplification,P,S1_non_navhard,scene,160.0,1129.0,13.0,0.059515579736167966,0.0107421875,4.0878472410635415e-05,0.03885597331265592,0.08017518615968001,0.0323420692871075,0.07299703748253822,0.0377636383277617,0.07138468890297049,,,,,11.0,,,,,,,,,,,,,,,
sensitivity_subset,DM,H32,dir_wrong_mag_ok,dir_ok_mag_wrong,amplification,P,S2_dayveh_disjoint,scene,132.0,921.0,7.0,0.05023506217773733,0.03125,0.004354401851197406,0.022578709957101244,0.07789141439837341,0.024125675911390195,0.06722458047095144,0.028301149856267964,0.06512888105574155,,,,,6.0,,,,,,,,,,,,,,,
sensitivity_subset,DM,H32,dir_wrong_mag_ok,dir_ok_mag_wrong,amplification,P,S3_dayveh_cluster,scene,353.0,2436.0,16.0,0.026188031122992325,0.1290283203125,0.0757648926755849,-0.003071917746434477,0.05544797999241913,-0.0018685361221073215,0.050803244947488536,0.00244098362078889,0.04738657756944964,,,,,14.0,,,,,,,,,,,,,,,
sensitivity_subset,DM,H32,dir_wrong_mag_ok,dir_ok_mag_wrong,amplification,P,S4_no_flagged_logs,scene,353.0,2436.0,24.0,0.02618803112299233,0.10456705093383789,0.09898472464058718,-0.005320668533608849,0.0576967307795935,-0.003969188394771044,0.05541484536424474,0.0009074108692129495,0.05065915039308672,,,,,22.0,,,,,,,,,,,,,,,
secondary_theta_S,DM,H32,dir_wrong_mag_ok,dir_ok_mag_wrong,amplification,S,main,scene,248.0,1688.0,24.0,0.024405427719186107,0.12578868865966797,0.12127781824913099,-0.006973897494860257,0.05578475293323247,-0.006172137975616751,0.05306546923842497,-0.0009712652454070729,0.048712812616964064,,,,,22.0,,,,,,,,,,,,,,,
sensitivity_weighting,DM,H32,dir_wrong_mag_ok,dir_ok_mag_wrong,amplification,S,main,unit,248.0,1688.0,24.0,0.02719499991221756,0.08577728271484375,0.08311074959494923,-0.0038570332806911953,0.058247033105126314,-0.00275145023377583,0.0558601706090384,0.0023947475203802107,0.051384225696266085,,,,,22.0,,,,,,,,,,,,,,,
sensitivity_weighting,DM,H32,dir_wrong_mag_ok,dir_ok_mag_wrong,amplification,S,main,drive_equal,248.0,1688.0,24.0,0.02318415812309312,0.12885522842407227,0.12893634515359592,-0.007268661733666568,0.053636977979852805,-0.005805019659482877,0.051250969163734,-0.0009550824496468586,0.047083546022189615,,,,,,,,,,,,,,,,,,,,
sensitivity_subset,DM,H32,dir_wrong_mag_ok,dir_ok_mag_wrong,amplification,S,S1_non_navhard,scene,112.0,782.0,13.0,0.059879500580720085,0.01171875,0.00020626186332048605,0.03500256328845086,0.08475643787298931,0.030529997597264557,0.07862075286761379,0.03589676994221594,0.07579744361112899,,,,,10.0,,,,,,,,,,,,,,,
sensitivity_subset,DM,H32,dir_wrong_mag_ok,dir_ok_mag_wrong,amplification,S,S2_dayveh_disjoint,scene,90.0,622.0,7.0,0.049616718132076486,0.03125,0.0028906998702530723,0.024514964991748933,0.07471847127240404,0.025498866213151925,0.06460214833059659,0.027993352756010982,0.06287565861814307,,,,,6.0,,,,,,,,,,,,,,,
sensitivity_subset,DM,H32,dir_wrong_mag_ok,dir_ok_mag_wrong,amplification,S,S3_dayveh_cluster,scene,248.0,1688.0,16.0,0.024405427719186107,0.140380859375,0.0909403141372671,-0.004389969699543368,0.05320082513791558,-0.003341411218739049,0.048559154156777445,0.0009500855625871326,0.044951879258749924,,,,,14.0,,,,,,,,,,,,,,,
sensitivity_subset,DM,H32,dir_wrong_mag_ok,dir_ok_mag_wrong,amplification,S,S4_no_flagged_logs,scene,248.0,1688.0,24.0,0.024405427719186107,0.12578868865966797,0.12127781824913099,-0.006973897494860257,0.05578475293323247,-0.006172137975616751,0.05306546923842497,-0.0009712652454070729,0.048712812616964064,,,,,22.0,,,,,,,,,,,,,,,
sensitivity_common_inclusion,DM,H32,dir_wrong_mag_ok,dir_ok_mag_wrong,amplification,F,common_inclusion,scene,105.0,748.0,18.0,0.06160241874527588,0.0732421875,0.05312017430218211,-0.0009278096969537533,0.12413264718750552,0.006127838039977896,0.12068951037205002,0.013597700246215096,0.11053952220618886,,,,,12.0,,,,,,,,,,,,,,,
sensitivity_common_inclusion,DM,H32,dir_wrong_mag_ok,dir_ok_mag_wrong,amplification,P,common_inclusion,scene,353.0,2436.0,24.0,0.02618803112299233,0.10456705093383789,0.09898472464058718,-0.005320668533608849,0.0576967307795935,-0.003969188394771044,0.05541484536424474,0.0009074108692129495,0.05065915039308672,,,,,22.0,,,,,,,,,,,,,,,
secondary_fde5,DM,H32,dir_wrong_mag_ok,dir_ok_mag_wrong,fde5,F,main,scene,105.0,748.0,18.0,0.9247246543764308,0.0015411376953125,0.0006531837230836962,0.4559505041258944,1.3934988046269672,0.5028359812616039,1.3870233724777952,0.5693159465259366,1.3008223717694143,,,,,18.0,,,,,,,,,,,,,,,
secondary_fde5,DM,H32,dir_wrong_mag_ok,dir_ok_mag_wrong,fde5,P,main,scene,353.0,2436.0,24.0,0.354374272748025,0.018476009368896484,0.01924802109206421,0.06314851674177074,0.6456000287542794,0.09437151953595305,0.659990724994194,0.13541983538244462,0.6027399296763428,,,,,24.0,,,,,,,,,,,,,,,
secondary_fde5,DM,H32,dir_wrong_mag_ok,dir_ok_mag_wrong,fde5,S,main,scene,248.0,1688.0,24.0,0.3256653609210919,0.02828681468963623,0.029850806278266664,0.03472518028329741,0.6166055415588864,0.06321906485015015,0.6309707576292908,0.10636411141464022,0.5731345991557504,,,,,24.0,,,,,,,,,,,,,,,
secondary_recovery,DM,H32,dir_wrong_mag_ok,dir_ok_mag_wrong,recovery,F,main,scene,105.0,748.0,18.0,-0.04476568405139834,0.30517578125,0.23016055512194483,-0.12065067544657687,0.03111930734378019,-0.11533266308014628,0.02295017220724765,-0.10336384294717627,0.013703082584385079,,,,,14.0,,,,,,,,,,,,,,,
secondary_recovery,DM,H32,dir_wrong_mag_ok,dir_ok_mag_wrong,recovery,P,main,scene,353.0,2436.0,24.0,-0.022805234980041004,0.18042492866516113,0.19459322578484045,-0.058114677112237376,0.012504207152155371,-0.05763421734548717,0.009493326973785507,-0.05189383041573794,0.004140869788781929,,,,,23.0,,,,,,,,,,,,,,,
secondary_recovery,DM,H32,dir_wrong_mag_ok,dir_ok_mag_wrong,recovery,S,main,scene,248.0,1688.0,24.0,-0.021699843248261273,0.1930389404296875,0.20838875308967292,-0.05638089221414998,0.012981205717627436,-0.05565966874420276,0.01036113223870569,-0.05038152936145333,0.004930113086148349,,,,,23.0,,,,,,,,,,,,,,,
secondary_Q3_delta,DM,H32,dir_wrong_mag_ok,dir_ok_mag_wrong,amplification,F-S,main,scene,,,24.0,,,0.17022445596156824,-0.017151104953379973,0.09154508700555954,-0.015414732657084623,0.08656465659424707,-0.008198586414673852,0.07856606421197707,,,,,,,,,,,,0.03719699102608978,0.06160241874527589,0.024405427719186107,,,,,,
per_drive,DM,H32,dir_wrong_mag_ok,dir_ok_mag_wrong,amplification,F,2021.05.25.15.59.03_veh-30,scene,7.0,46.0,,-0.07142857142857142,,,,,,,,,,,,,,,,,,,,,,,,,,,,
per_drive,DM,H32,dir_wrong_mag_ok,dir_ok_mag_wrong,amplification,S,2021.05.25.15.59.03_veh-30,scene,20.0,142.0,,0.023231471066116734,,,,,,,,,,,,,,,,,,,,,,,,,,,,
per_drive,DM,H32,dir_wrong_mag_ok,dir_ok_mag_wrong,amplification,S,2021.05.25.16.37.23_veh-25,scene,6.0,43.0,,0.024691358024691357,,,,,,,,,,,,,,,,,,,,,,,,,,,,
per_drive,DM,H32,dir_wrong_mag_ok,dir_ok_mag_wrong,amplification,F,2021.05.25.17.54.41_veh-35,scene,4.0,29.0,,0.07142857142857142,,,,,,,,,,,,,,,,,,,,,,,,,,,,
per_drive,DM,H32,dir_wrong_mag_ok,dir_ok_mag_wrong,amplification,S,2021.05.25.17.54.41_veh-35,scene,18.0,118.0,,0.0741390306122449,,,,,,,,,,,,,,,,,,,,,,,,,,,,
per_drive,DM,H32,dir_wrong_mag_ok,dir_ok_mag_wrong,amplification,F,2021.06.03.12.02.06_veh-35,scene,1.0,7.0,,0.0,,,,,,,,,,,,,,,,,,,,,,,,,,,,
per_drive,DM,H32,dir_wrong_mag_ok,dir_ok_mag_wrong,amplification,S,2021.06.03.12.02.06_veh-35,scene,12.0,81.0,,0.037275565964090554,,,,,,,,,,,,,,,,,,,,,,,,,,,,
per_drive,DM,H32,dir_wrong_mag_ok,dir_ok_mag_wrong,amplification,F,2021.06.03.18.47.39_veh-35,scene,2.0,15.0,,-0.0625,,,,,,,,,,,,,,,,,,,,,,,,,,,,
per_drive,DM,H32,dir_wrong_mag_ok,dir_ok_mag_wrong,amplification,S,2021.06.03.18.47.39_veh-35,scene,12.0,82.0,,-0.04523809523809524,,,,,,,,,,,,,,,,,,,,,,,,,,,,
per_drive,DM,H32,dir_wrong_mag_ok,dir_ok_mag_wrong,amplification,S,2021.06.28.13.53.26_veh-26,scene,4.0,25.0,,-0.11904761904761905,,,,,,,,,,,,,,,,,,,,,,,,,,,,
per_drive,DM,H32,dir_wrong_mag_ok,dir_ok_mag_wrong,amplification,F,2021.06.28.15.02.02_veh-38,scene,2.0,15.0,,0.1111111111111111,,,,,,,,,,,,,,,,,,,,,,,,,,,,
per_drive,DM,H32,dir_wrong_mag_ok,dir_ok_mag_wrong,amplification,S,2021.06.28.15.02.02_veh-38,scene,4.0,29.0,,0.12698412698412698,,,,,,,,,,,,,,,,,,,,,,,,,,,,
per_drive,DM,H32,dir_wrong_mag_ok,dir_ok_mag_wrong,amplification,S,2021.06.28.15.10.57_veh-16,scene,4.0,29.0,,0.09027777777777778,,,,,,,,,,,,,,,,,,,,,,,,,,,,
per_drive,DM,H32,dir_wrong_mag_ok,dir_ok_mag_wrong,amplification,F,2021.06.28.20.24.43_veh-38,scene,13.0,96.0,,0.014346764346764348,,,,,,,,,,,,,,,,,,,,,,,,,,,,
per_drive,DM,H32,dir_wrong_mag_ok,dir_ok_mag_wrong,amplification,S,2021.06.28.20.24.43_veh-38,scene,8.0,53.0,,-0.06708429339477726,,,,,,,,,,,,,,,,,,,,,,,,,,,,
per_drive,DM,H32,dir_wrong_mag_ok,dir_ok_mag_wrong,amplification,S,2021.06.28.21.16.05_veh-14,scene,4.0,29.0,,0.0,,,,,,,,,,,,,,,,,,,,,,,,,,,,
per_drive,DM,H32,dir_wrong_mag_ok,dir_ok_mag_wrong,amplification,S,2021.08.16.14.23.37_veh-45,scene,4.0,25.0,,0.03571428571428571,,,,,,,,,,,,,,,,,,,,,,,,,,,,
per_drive,DM,H32,dir_wrong_mag_ok,dir_ok_mag_wrong,amplification,F,2021.09.09.14.18.22_veh-48,scene,18.0,134.0,,0.13172398589065257,,,,,,,,,,,,,,,,,,,,,,,,,,,,
per_drive,DM,H32,dir_wrong_mag_ok,dir_ok_mag_wrong,amplification,S,2021.09.09.14.18.22_veh-48,scene,20.0,139.0,,0.06845526485788113,,,,,,,,,,,,,,,,,,,,,,,,,,,,
per_drive,DM,H32,dir_wrong_mag_ok,dir_ok_mag_wrong,amplification,F,2021.09.09.17.18.51_veh-48,scene,14.0,100.0,,-0.02508503401360544,,,,,,,,,,,,,,,,,,,,,,,,,,,,
per_drive,DM,H32,dir_wrong_mag_ok,dir_ok_mag_wrong,amplification,S,2021.09.09.17.18.51_veh-48,scene,26.0,177.0,,0.06543728602552132,,,,,,,,,,,,,,,,,,,,,,,,,,,,
per_drive,DM,H32,dir_wrong_mag_ok,dir_ok_mag_wrong,amplification,F,2021.09.09.18.04.06_veh-40,scene,3.0,19.0,,0.31746031746031744,,,,,,,,,,,,,,,,,,,,,,,,,,,,
per_drive,DM,H32,dir_wrong_mag_ok,dir_ok_mag_wrong,amplification,S,2021.09.09.18.04.06_veh-40,scene,12.0,83.0,,0.032409641784641785,,,,,,,,,,,,,,,,,,,,,,,,,,,,
per_drive,DM,H32,dir_wrong_mag_ok,dir_ok_mag_wrong,amplification,F,2021.09.16.13.53.10_veh-42,scene,8.0,61.0,,0.07316468253968253,,,,,,,,,,,,,,,,,,,,,,,,,,,,
per_drive,DM,H32,dir_wrong_mag_ok,dir_ok_mag_wrong,amplification,S,2021.09.16.13.53.10_veh-42,scene,20.0,128.0,,0.0226149983803045,,,,,,,,,,,,,,,,,,,,,,,,,,,,
per_drive,DM,H32,dir_wrong_mag_ok,dir_ok_mag_wrong,amplification,F,2021.09.16.15.12.03_veh-42,scene,2.0,14.0,,0.0,,,,,,,,,,,,,,,,,,,,,,,,,,,,
per_drive,DM,H32,dir_wrong_mag_ok,dir_ok_mag_wrong,amplification,S,2021.09.16.15.12.03_veh-42,scene,4.0,25.0,,0.03571428571428571,,,,,,,,,,,,,,,,,,,,,,,,,,,,
per_drive,DM,H32,dir_wrong_mag_ok,dir_ok_mag_wrong,amplification,F,2021.09.16.15.47.30_veh-45,scene,1.0,8.0,,0.0,,,,,,,,,,,,,,,,,,,,,,,,,,,,
per_drive,DM,H32,dir_wrong_mag_ok,dir_ok_mag_wrong,amplification,S,2021.09.16.15.47.30_veh-45,scene,4.0,26.0,,0.15625,,,,,,,,,,,,,,,,,,,,,,,,,,,,
per_drive,DM,H32,dir_wrong_mag_ok,dir_ok_mag_wrong,amplification,S,2021.09.16.16.20.27_veh-08,scene,4.0,27.0,,0.0,,,,,,,,,,,,,,,,,,,,,,,,,,,,
per_drive,DM,H32,dir_wrong_mag_ok,dir_ok_mag_wrong,amplification,F,2021.09.16.17.40.09_veh-45,scene,1.0,6.0,,0.0,,,,,,,,,,,,,,,,,,,,,,,,,,,,
per_drive,DM,H32,dir_wrong_mag_ok,dir_ok_mag_wrong,amplification,S,2021.09.16.17.40.09_veh-45,scene,4.0,28.0,,-0.125,,,,,,,,,,,,,,,,,,,,,,,,,,,,
per_drive,DM,H32,dir_wrong_mag_ok,dir_ok_mag_wrong,amplification,F,2021.09.16.19.49.00_veh-42,scene,10.0,66.0,,0.2571428571428571,,,,,,,,,,,,,,,,,,,,,,,,,,,,
per_drive,DM,H32,dir_wrong_mag_ok,dir_ok_mag_wrong,amplification,S,2021.09.16.19.49.00_veh-42,scene,4.0,29.0,,0.14087301587301587,,,,,,,,,,,,,,,,,,,,,,,,,,,,
per_drive,DM,H32,dir_wrong_mag_ok,dir_ok_mag_wrong,amplification,F,2021.09.16.21.13.37_veh-42,scene,1.0,9.0,,0.0,,,,,,,,,,,,,,,,,,,,,,,,,,,,
per_drive,DM,H32,dir_wrong_mag_ok,dir_ok_mag_wrong,amplification,S,2021.09.16.21.13.37_veh-42,scene,4.0,25.0,,-0.03571428571428571,,,,,,,,,,,,,,,,,,,,,,,,,,,,
per_drive,DM,H32,dir_wrong_mag_ok,dir_ok_mag_wrong,amplification,F,2021.09.29.15.23.04_veh-28,scene,2.0,13.0,,0.0,,,,,,,,,,,,,,,,,,,,,,,,,,,,
per_drive,DM,H32,dir_wrong_mag_ok,dir_ok_mag_wrong,amplification,S,2021.09.29.15.23.04_veh-28,scene,8.0,55.0,,-0.053095238095238084,,,,,,,,,,,,,,,,,,,,,,,,,,,,
per_drive,DM,H32,dir_wrong_mag_ok,dir_ok_mag_wrong,amplification,F,2021.09.29.18.19.40_veh-28,scene,7.0,46.0,,0.03061224489795918,,,,,,,,,,,,,,,,,,,,,,,,,,,,
per_drive,DM,H32,dir_wrong_mag_ok,dir_ok_mag_wrong,amplification,S,2021.09.29.18.19.40_veh-28,scene,18.0,134.0,,0.04254079254079254,,,,,,,,,,,,,,,,,,,,,,,,,,,,
per_drive,DM,H32,dir_wrong_mag_ok,dir_ok_mag_wrong,amplification,F,2021.10.06.07.26.10_veh-52,scene,9.0,64.0,,0.006172839506172836,,,,,,,,,,,,,,,,,,,,,,,,,,,,
per_drive,DM,H32,dir_wrong_mag_ok,dir_ok_mag_wrong,amplification,S,2021.10.06.07.26.10_veh-52,scene,24.0,156.0,,0.02499042512447338,,,,,,,,,,,,,,,,,,,,,,,,,,,,
per_log,DM,H32,dir_wrong_mag_ok,dir_ok_mag_wrong,amplification,S,2021.05.25.15.59.03_veh-30_00625_00855,scene,4.0,26.0,,0.041666666666666664,,,,,,,,,,,,,,,,,,,,,,,,,,,,
per_log,DM,H32,dir_wrong_mag_ok,dir_ok_mag_wrong,amplification,F,2021.05.25.15.59.03_veh-30_01478_01643,scene,1.0,6.0,,0.0,,,,,,,,,,,,,,,,,,,,,,,,,,,,
per_log,DM,H32,dir_wrong_mag_ok,dir_ok_mag_wrong,amplification,S,2021.05.25.15.59.03_veh-30_01478_01643,scene,4.0,32.0,,0.20833333333333331,,,,,,,,,,,,,,,,,,,,,,,,,,,,
per_log,DM,H32,dir_wrong_mag_ok,dir_ok_mag_wrong,amplification,F,2021.05.25.15.59.03_veh-30_03499_03671,scene,5.0,33.0,,-0.07142857142857142,,,,,,,,,,,,,,,,,,,,,,,,,,,,
per_log,DM,H32,dir_wrong_mag_ok,dir_ok_mag_wrong,amplification,S,2021.05.25.15.59.03_veh-30_03499_03671,scene,4.0,31.0,,0.09027777777777778,,,,,,,,,,,,,,,,,,,,,,,,,,,,
per_log,DM,H32,dir_wrong_mag_ok,dir_ok_mag_wrong,amplification,F,2021.05.25.15.59.03_veh-30_04027_04200,scene,1.0,7.0,,-0.14285714285714285,,,,,,,,,,,,,,,,,,,,,,,,,,,,
per_log,DM,H32,dir_wrong_mag_ok,dir_ok_mag_wrong,amplification,S,2021.05.25.15.59.03_veh-30_04027_04200,scene,4.0,28.0,,-0.03571428571428571,,,,,,,,,,,,,,,,,,,,,,,,,,,,
per_log,DM,H32,dir_wrong_mag_ok,dir_ok_mag_wrong,amplification,S,2021.05.25.15.59.03_veh-30_04463_04606,scene,4.0,25.0,,0.0,,,,,,,,,,,,,,,,,,,,,,,,,,,,
per_log,DM,H32,dir_wrong_mag_ok,dir_ok_mag_wrong,amplification,S,2021.05.25.16.37.23_veh-25_00005_00217,scene,4.0,29.0,,0.027777777777777776,,,,,,,,,,,,,,,,,,,,,,,,,,,,
per_log,DM,H32,dir_wrong_mag_ok,dir_ok_mag_wrong,amplification,S,2021.05.25.16.37.23_veh-25_03311_03550,scene,2.0,14.0,,0.0,,,,,,,,,,,,,,,,,,,,,,,,,,,,
per_log,DM,H32,dir_wrong_mag_ok,dir_ok_mag_wrong,amplification,S,2021.05.25.17.54.41_veh-35_01654_01850,scene,4.0,25.0,,0.0,,,,,,,,,,,,,,,,,,,,,,,,,,,,
per_log,DM,H32,dir_wrong_mag_ok,dir_ok_mag_wrong,amplification,F,2021.05.25.17.54.41_veh-35_01905_02121,scene,1.0,9.0,,0.0,,,,,,,,,,,,,,,,,,,,,,,,,,,,
per_log,DM,H32,dir_wrong_mag_ok,dir_ok_mag_wrong,amplification,S,2021.05.25.17.54.41_veh-35_01905_02121,scene,4.0,25.0,,0.029761904761904753,,,,,,,,,,,,,,,,,,,,,,,,,,,,
per_log,DM,H32,dir_wrong_mag_ok,dir_ok_mag_wrong,amplification,F,2021.05.25.17.54.41_veh-35_02723_02902,scene,2.0,13.0,,0.0,,,,,,,,,,,,,,,,,,,,,,,,,,,,
per_log,DM,H32,dir_wrong_mag_ok,dir_ok_mag_wrong,amplification,S,2021.05.25.17.54.41_veh-35_02723_02902,scene,4.0,26.0,,0.125,,,,,,,,,,,,,,,,,,,,,,,,,,,,
per_log,DM,H32,dir_wrong_mag_ok,dir_ok_mag_wrong,amplification,F,2021.05.25.17.54.41_veh-35_04111_04288,scene,1.0,7.0,,0.2857142857142857,,,,,,,,,,,,,,,,,,,,,,,,,,,,
per_log,DM,H32,dir_wrong_mag_ok,dir_ok_mag_wrong,amplification,S,2021.05.25.17.54.41_veh-35_04111_04288,scene,4.0,26.0,,0.1130952380952381,,,,,,,,,,,,,,,,,,,,,,,,,,,,
per_log,DM,H32,dir_wrong_mag_ok,dir_ok_mag_wrong,amplification,S,2021.05.25.17.54.41_veh-35_04967_05098,scene,2.0,16.0,,0.23809523809523808,,,,,,,,,,,,,,,,,,,,,,,,,,,,
per_log,DM,H32,dir_wrong_mag_ok,dir_ok_mag_wrong,amplification,F,2021.06.03.12.02.06_veh-35_00233_00609,scene,1.0,7.0,,0.0,,,,,,,,,,,,,,,,,,,,,,,,,,,,
per_log,DM,H32,dir_wrong_mag_ok,dir_ok_mag_wrong,amplification,S,2021.06.03.12.02.06_veh-35_00233_00609,scene,4.0,26.0,,0.07738095238095237,,,,,,,,,,,,,,,,,,,,,,,,,,,,
per_log,DM,H32,dir_wrong_mag_ok,dir_ok_mag_wrong,amplification,S,2021.06.03.12.02.06_veh-35_01100_01227,scene,4.0,29.0,,-0.05555555555555555,,,,,,,,,,,,,,,,,,,,,,,,,,,,
per_log,DM,H32,dir_wrong_mag_ok,dir_ok_mag_wrong,amplification,S,2021.06.03.12.02.06_veh-35_03526_03712,scene,4.0,26.0,,0.0,,,,,,,,,,,,,,,,,,,,,,,,,,,,
per_log,DM,H32,dir_wrong_mag_ok,dir_ok_mag_wrong,amplification,S,2021.06.03.18.47.39_veh-35_00123_00246,scene,4.0,26.0,,0.0,,,,,,,,,,,,,,,,,,,,,,,,,,,,
per_log,DM,H32,dir_wrong_mag_ok,dir_ok_mag_wrong,amplification,F,2021.06.03.18.47.39_veh-35_00257_00492,scene,1.0,8.0,,-0.125,,,,,,,,,,,,,,,,,,,,,,,,,,,,
per_log,DM,H32,dir_wrong_mag_ok,dir_ok_mag_wrong,amplification,S,2021.06.03.18.47.39_veh-35_00257_00492,scene,4.0,27.0,,0.0,,,,,,,,,,,,,,,,,,,,,,,,,,,,
per_log,DM,H32,dir_wrong_mag_ok,dir_ok_mag_wrong,amplification,F,2021.06.03.18.47.39_veh-35_00503_00777,scene,1.0,7.0,,0.0,,,,,,,,,,,,,,,,,,,,,,,,,,,,
per_log,DM,H32,dir_wrong_mag_ok,dir_ok_mag_wrong,amplification,S,2021.06.03.18.47.39_veh-35_00503_00777,scene,4.0,29.0,,-0.08333333333333333,,,,,,,,,,,,,,,,,,,,,,,,,,,,
per_log,DM,H32,dir_wrong_mag_ok,dir_ok_mag_wrong,amplification,S,2021.06.28.13.53.26_veh-26_00492_00696,scene,4.0,25.0,,-0.11904761904761905,,,,,,,,,,,,,,,,,,,,,,,,,,,,
per_log,DM,H32,dir_wrong_mag_ok,dir_ok_mag_wrong,amplification,F,2021.06.28.15.02.02_veh-38_02398_02848,scene,2.0,15.0,,0.1111111111111111,,,,,,,,,,,,,,,,,,,,,,,,,,,,
per_log,DM,H32,dir_wrong_mag_ok,dir_ok_mag_wrong,amplification,S,2021.06.28.15.02.02_veh-38_02398_02848,scene,4.0,29.0,,0.12698412698412698,,,,,,,,,,,,,,,,,,,,,,,,,,,,
per_log,DM,H32,dir_wrong_mag_ok,dir_ok_mag_wrong,amplification,S,2021.06.28.15.10.57_veh-16_02438_02580,scene,4.0,29.0,,0.09027777777777778,,,,,,,,,,,,,,,,,,,,,,,,,,,,
per_log,DM,H32,dir_wrong_mag_ok,dir_ok_mag_wrong,amplification,F,2021.06.28.20.24.43_veh-38_00369_00601,scene,2.0,18.0,,0.05555555555555555,,,,,,,,,,,,,,,,,,,,,,,,,,,,
per_log,DM,H32,dir_wrong_mag_ok,dir_ok_mag_wrong,amplification,S,2021.06.28.20.24.43_veh-38_00369_00601,scene,4.0,26.0,,0.0,,,,,,,,,,,,,,,,,,,,,,,,,,,,
per_log,DM,H32,dir_wrong_mag_ok,dir_ok_mag_wrong,amplification,F,2021.06.28.20.24.43_veh-38_03385_04952,scene,11.0,78.0,,0.006854256854256855,,,,,,,,,,,,,,,,,,,,,,,,,,,,
per_log,DM,H32,dir_wrong_mag_ok,dir_ok_mag_wrong,amplification,S,2021.06.28.20.24.43_veh-38_03385_04952,scene,4.0,27.0,,-0.07738095238095237,,,,,,,,,,,,,,,,,,,,,,,,,,,,
per_log,DM,H32,dir_wrong_mag_ok,dir_ok_mag_wrong,amplification,S,2021.06.28.21.16.05_veh-14_00957_01198,scene,4.0,29.0,,0.0,,,,,,,,,,,,,,,,,,,,,,,,,,,,
per_log,DM,H32,dir_wrong_mag_ok,dir_ok_mag_wrong,amplification,S,2021.08.16.14.23.37_veh-45_00015_00132,scene,4.0,25.0,,0.03571428571428571,,,,,,,,,,,,,,,,,,,,,,,,,,,,
per_log,DM,H32,dir_wrong_mag_ok,dir_ok_mag_wrong,amplification,F,2021.09.09.14.18.22_veh-48_00221_00299,scene,1.0,7.0,,0.0,,,,,,,,,,,,,,,,,,,,,,,,,,,,
per_log,DM,H32,dir_wrong_mag_ok,dir_ok_mag_wrong,amplification,S,2021.09.09.14.18.22_veh-48_00221_00299,scene,4.0,29.0,,0.06696428571428571,,,,,,,,,,,,,,,,,,,,,,,,,,,,
per_log,DM,H32,dir_wrong_mag_ok,dir_ok_mag_wrong,amplification,F,2021.09.09.14.18.22_veh-48_00322_00895,scene,14.0,108.0,,0.16765873015873015,,,,,,,,,,,,,,,,,,,,,,,,,,,,
per_log,DM,H32,dir_wrong_mag_ok,dir_ok_mag_wrong,amplification,S,2021.09.09.14.18.22_veh-48_00322_00895,scene,4.0,29.0,,0.06944444444444443,,,,,,,,,,,,,,,,,,,,,,,,,,,,
per_log,DM,H32,dir_wrong_mag_ok,dir_ok_mag_wrong,amplification,F,2021.09.09.14.18.22_veh-48_00960_01115,scene,1.0,6.0,,0.0,,,,,,,,,,,,,,,,,,,,,,,,,,,,
per_log,DM,H32,dir_wrong_mag_ok,dir_ok_mag_wrong,amplification,S,2021.09.09.14.18.22_veh-48_00960_01115,scene,4.0,26.0,,0.05208333333333332,,,,,,,,,,,,,,,,,,,,,,,,,,,,
per_log,DM,H32,dir_wrong_mag_ok,dir_ok_mag_wrong,amplification,F,2021.09.09.14.18.22_veh-48_01298_01492,scene,1.0,7.0,,-0.14285714285714285,,,,,,,,,,,,,,,,,,,,,,,,,,,,
per_log,DM,H32,dir_wrong_mag_ok,dir_ok_mag_wrong,amplification,S,2021.09.09.14.18.22_veh-48_01298_01492,scene,4.0,27.0,,0.0,,,,,,,,,,,,,,,,,,,,,,,,,,,,
per_log,DM,H32,dir_wrong_mag_ok,dir_ok_mag_wrong,amplification,F,2021.09.09.14.18.22_veh-48_01503_01761,scene,1.0,6.0,,0.16666666666666666,,,,,,,,,,,,,,,,,,,,,,,,,,,,
per_log,DM,H32,dir_wrong_mag_ok,dir_ok_mag_wrong,amplification,S,2021.09.09.14.18.22_veh-48_01503_01761,scene,4.0,28.0,,0.14285714285714285,,,,,,,,,,,,,,,,,,,,,,,,,,,,
per_log,DM,H32,dir_wrong_mag_ok,dir_ok_mag_wrong,amplification,F,2021.09.09.17.18.51_veh-48_00098_00328,scene,4.0,25.0,,0.005952380952380952,,,,,,,,,,,,,,,,,,,,,,,,,,,,
per_log,DM,H32,dir_wrong_mag_ok,dir_ok_mag_wrong,amplification,S,2021.09.09.17.18.51_veh-48_00098_00328,scene,4.0,26.0,,0.07291666666666666,,,,,,,,,,,,,,,,,,,,,,,,,,,,
per_log,DM,H32,dir_wrong_mag_ok,dir_ok_mag_wrong,amplification,F,2021.09.09.17.18.51_veh-48_00574_00646,scene,1.0,9.0,,-0.2222222222222222,,,,,,,,,,,,,,,,,,,,,,,,,,,,
per_log,DM,H32,dir_wrong_mag_ok,dir_ok_mag_wrong,amplification,S,2021.09.09.17.18.51_veh-48_00574_00646,scene,4.0,28.0,,0.09126984126984126,,,,,,,,,,,,,,,,,,,,,,,,,,,,
per_log,DM,H32,dir_wrong_mag_ok,dir_ok_mag_wrong,amplification,F,2021.09.09.17.18.51_veh-48_00657_00876,scene,2.0,15.0,,-0.08333333333333333,,,,,,,,,,,,,,,,,,,,,,,,,,,,
per_log,DM,H32,dir_wrong_mag_ok,dir_ok_mag_wrong,amplification,S,2021.09.09.17.18.51_veh-48_00657_00876,scene,4.0,28.0,,0.15674603174603174,,,,,,,,,,,,,,,,,,,,,,,,,,,,
per_log,DM,H32,dir_wrong_mag_ok,dir_ok_mag_wrong,amplification,F,2021.09.09.17.18.51_veh-48_00889_01147,scene,4.0,28.0,,0.0,,,,,,,,,,,,,,,,,,,,,,,,,,,,
per_log,DM,H32,dir_wrong_mag_ok,dir_ok_mag_wrong,amplification,S,2021.09.09.17.18.51_veh-48_00889_01147,scene,4.0,26.0,,0.06547619047619048,,,,,,,,,,,,,,,,,,,,,,,,,,,,
per_log,DM,H32,dir_wrong_mag_ok,dir_ok_mag_wrong,amplification,S,2021.09.09.17.18.51_veh-48_01173_01237,scene,2.0,14.0,,0.14285714285714285,,,,,,,,,,,,,,,,,,,,,,,,,,,,
per_log,DM,H32,dir_wrong_mag_ok,dir_ok_mag_wrong,amplification,F,2021.09.09.17.18.51_veh-48_01248_01450,scene,2.0,14.0,,0.0625,,,,,,,,,,,,,,,,,,,,,,,,,,,,
per_log,DM,H32,dir_wrong_mag_ok,dir_ok_mag_wrong,amplification,S,2021.09.09.17.18.51_veh-48_01248_01450,scene,4.0,27.0,,-0.03125,,,,,,,,,,,,,,,,,,,,,,,,,,,,
per_log,DM,H32,dir_wrong_mag_ok,dir_ok_mag_wrong,amplification,F,2021.09.09.17.18.51_veh-48_01462_01552,scene,1.0,9.0,,-0.1111111111111111,,,,,,,,,,,,,,,,,,,,,,,,,,,,
per_log,DM,H32,dir_wrong_mag_ok,dir_ok_mag_wrong,amplification,S,2021.09.09.17.18.51_veh-48_01462_01552,scene,4.0,28.0,,0.12946428571428573,,,,,,,,,,,,,,,,,,,,,,,,,,,,
per_log,DM,H32,dir_wrong_mag_ok,dir_ok_mag_wrong,amplification,F,2021.09.09.18.04.06_veh-40_00555_00731,scene,2.0,12.0,,0.3333333333333333,,,,,,,,,,,,,,,,,,,,,,,,,,,,
per_log,DM,H32,dir_wrong_mag_ok,dir_ok_mag_wrong,amplification,S,2021.09.09.18.04.06_veh-40_00555_00731,scene,4.0,27.0,,0.18055555555555552,,,,,,,,,,,,,,,,,,,,,,,,,,,,
per_log,DM,H32,dir_wrong_mag_ok,dir_ok_mag_wrong,amplification,F,2021.09.09.18.04.06_veh-40_00743_01071,scene,1.0,7.0,,0.2857142857142857,,,,,,,,,,,,,,,,,,,,,,,,,,,,
per_log,DM,H32,dir_wrong_mag_ok,dir_ok_mag_wrong,amplification,S,2021.09.09.18.04.06_veh-40_00743_01071,scene,4.0,30.0,,-0.016369047619047616,,,,,,,,,,,,,,,,,,,,,,,,,,,,
per_log,DM,H32,dir_wrong_mag_ok,dir_ok_mag_wrong,amplification,S,2021.09.09.18.04.06_veh-40_01340_01425,scene,4.0,26.0,,-0.041666666666666664,,,,,,,,,,,,,,,,,,,,,,,,,,,,
per_log,DM,H32,dir_wrong_mag_ok,dir_ok_mag_wrong,amplification,S,2021.09.16.13.53.10_veh-42_00077_00153,scene,4.0,24.0,,0.0,,,,,,,,,,,,,,,,,,,,,,,,,,,,
per_log,DM,H32,dir_wrong_mag_ok,dir_ok_mag_wrong,amplification,F,2021.09.16.13.53.10_veh-42_00180_00342,scene,1.0,8.0,,0.0,,,,,,,,,,,,,,,,,,,,,,,,,,,,
per_log,DM,H32,dir_wrong_mag_ok,dir_ok_mag_wrong,amplification,S,2021.09.16.13.53.10_veh-42_00180_00342,scene,4.0,27.0,,-0.013888888888888888,,,,,,,,,,,,,,,,,,,,,,,,,,,,
per_log,DM,H32,dir_wrong_mag_ok,dir_ok_mag_wrong,amplification,F,2021.09.16.13.53.10_veh-42_00630_00818,scene,5.0,38.0,,0.006349206349206349,,,,,,,,,,,,,,,,,,,,,,,,,,,,
per_log,DM,H32,dir_wrong_mag_ok,dir_ok_mag_wrong,amplification,S,2021.09.16.13.53.10_veh-42_00630_00818,scene,4.0,27.0,,0.06944444444444443,,,,,,,,,,,,,,,,,,,,,,,,,,,,
per_log,DM,H32,dir_wrong_mag_ok,dir_ok_mag_wrong,amplification,F,2021.09.16.13.53.10_veh-42_00860_01069,scene,2.0,15.0,,0.2767857142857143,,,,,,,,,,,,,,,,,,,,,,,,,,,,
per_log,DM,H32,dir_wrong_mag_ok,dir_ok_mag_wrong,amplification,S,2021.09.16.13.53.10_veh-42_00860_01069,scene,4.0,26.0,,0.07142857142857142,,,,,,,,,,,,,,,,,,,,,,,,,,,,
per_log,DM,H32,dir_wrong_mag_ok,dir_ok_mag_wrong,amplification,S,2021.09.16.13.53.10_veh-42_01510_01591,scene,4.0,24.0,,0.0,,,,,,,,,,,,,,,,,,,,,,,,,,,,
per_log,DM,H32,dir_wrong_mag_ok,dir_ok_mag_wrong,amplification,F,2021.09.16.15.12.03_veh-42_01037_01434,scene,2.0,14.0,,0.0,,,,,,,,,,,,,,,,,,,,,,,,,,,,
per_log,DM,H32,dir_wrong_mag_ok,dir_ok_mag_wrong,amplification,S,2021.09.16.15.12.03_veh-42_01037_01434,scene,4.0,25.0,,0.03571428571428571,,,,,,,,,,,,,,,,,,,,,,,,,,,,
per_log,DM,H32,dir_wrong_mag_ok,dir_ok_mag_wrong,amplification,F,2021.09.16.15.47.30_veh-45_01199_01391,scene,1.0,8.0,,0.0,,,,,,,,,,,,,,,,,,,,,,,,,,,,
per_log,DM,H32,dir_wrong_mag_ok,dir_ok_mag_wrong,amplification,S,2021.09.16.15.47.30_veh-45_01199_01391,scene,4.0,26.0,,0.15625,,,,,,,,,,,,,,,,,,,,,,,,,,,,
per_log,DM,H32,dir_wrong_mag_ok,dir_ok_mag_wrong,amplification,S,2021.09.16.16.20.27_veh-08_02435_02525,scene,4.0,27.0,,0.0,,,,,,,,,,,,,,,,,,,,,,,,,,,,
per_log,DM,H32,dir_wrong_mag_ok,dir_ok_mag_wrong,amplification,F,2021.09.16.17.40.09_veh-45_02539_02745,scene,1.0,6.0,,0.0,,,,,,,,,,,,,,,,,,,,,,,,,,,,
per_log,DM,H32,dir_wrong_mag_ok,dir_ok_mag_wrong,amplification,S,2021.09.16.17.40.09_veh-45_02539_02745,scene,4.0,28.0,,-0.125,,,,,,,,,,,,,,,,,,,,,,,,,,,,
per_log,DM,H32,dir_wrong_mag_ok,dir_ok_mag_wrong,amplification,F,2021.09.16.19.49.00_veh-42_00990_01609,scene,10.0,66.0,,0.2571428571428571,,,,,,,,,,,,,,,,,,,,,,,,,,,,
per_log,DM,H32,dir_wrong_mag_ok,dir_ok_mag_wrong,amplification,S,2021.09.16.19.49.00_veh-42_00990_01609,scene,4.0,29.0,,0.14087301587301587,,,,,,,,,,,,,,,,,,,,,,,,,,,,
per_log,DM,H32,dir_wrong_mag_ok,dir_ok_mag_wrong,amplification,F,2021.09.16.21.13.37_veh-42_00172_00347,scene,1.0,9.0,,0.0,,,,,,,,,,,,,,,,,,,,,,,,,,,,
per_log,DM,H32,dir_wrong_mag_ok,dir_ok_mag_wrong,amplification,S,2021.09.16.21.13.37_veh-42_00172_00347,scene,4.0,25.0,,-0.03571428571428571,,,,,,,,,,,,,,,,,,,,,,,,,,,,
per_log,DM,H32,dir_wrong_mag_ok,dir_ok_mag_wrong,amplification,F,2021.09.29.15.23.04_veh-28_00601_00802,scene,1.0,7.0,,0.0,,,,,,,,,,,,,,,,,,,,,,,,,,,,
per_log,DM,H32,dir_wrong_mag_ok,dir_ok_mag_wrong,amplification,S,2021.09.29.15.23.04_veh-28_00601_00802,scene,4.0,28.0,,-0.07142857142857142,,,,,,,,,,,,,,,,,,,,,,,,,,,,
per_log,DM,H32,dir_wrong_mag_ok,dir_ok_mag_wrong,amplification,F,2021.09.29.15.23.04_veh-28_00814_01101,scene,1.0,6.0,,0.0,,,,,,,,,,,,,,,,,,,,,,,,,,,,
per_log,DM,H32,dir_wrong_mag_ok,dir_ok_mag_wrong,amplification,S,2021.09.29.15.23.04_veh-28_00814_01101,scene,4.0,27.0,,-0.027777777777777773,,,,,,,,,,,,,,,,,,,,,,,,,,,,
per_log,DM,H32,dir_wrong_mag_ok,dir_ok_mag_wrong,amplification,S,2021.09.29.18.19.40_veh-28_00331_00426,scene,2.0,14.0,,-0.0625,,,,,,,,,,,,,,,,,,,,,,,,,,,,
per_log,DM,H32,dir_wrong_mag_ok,dir_ok_mag_wrong,amplification,F,2021.09.29.18.19.40_veh-28_00438_00833,scene,1.0,6.0,,0.3333333333333333,,,,,,,,,,,,,,,,,,,,,,,,,,,,
per_log,DM,H32,dir_wrong_mag_ok,dir_ok_mag_wrong,amplification,S,2021.09.29.18.19.40_veh-28_00438_00833,scene,4.0,29.0,,0.041666666666666664,,,,,,,,,,,,,,,,,,,,,,,,,,,,
per_log,DM,H32,dir_wrong_mag_ok,dir_ok_mag_wrong,amplification,F,2021.09.29.18.19.40_veh-28_00844_01218,scene,2.0,14.0,,-0.21428571428571427,,,,,,,,,,,,,,,,,,,,,,,,,,,,
per_log,DM,H32,dir_wrong_mag_ok,dir_ok_mag_wrong,amplification,S,2021.09.29.18.19.40_veh-28_00844_01218,scene,4.0,31.0,,0.0,,,,,,,,,,,,,,,,,,,,,,,,,,,,
per_log,DM,H32,dir_wrong_mag_ok,dir_ok_mag_wrong,amplification,F,2021.09.29.18.19.40_veh-28_01268_01685,scene,4.0,26.0,,0.07738095238095238,,,,,,,,,,,,,,,,,,,,,,,,,,,,
per_log,DM,H32,dir_wrong_mag_ok,dir_ok_mag_wrong,amplification,S,2021.09.29.18.19.40_veh-28_01268_01685,scene,4.0,29.0,,0.07738095238095237,,,,,,,,,,,,,,,,,,,,,,,,,,,,
per_log,DM,H32,dir_wrong_mag_ok,dir_ok_mag_wrong,amplification,S,2021.09.29.18.19.40_veh-28_01727_01833,scene,4.0,31.0,,-0.03571428571428571,,,,,,,,,,,,,,,,,,,,,,,,,,,,
per_log,DM,H32,dir_wrong_mag_ok,dir_ok_mag_wrong,amplification,F,2021.10.06.07.26.10_veh-52_00006_00398,scene,2.0,12.0,,0.08333333333333333,,,,,,,,,,,,,,,,,,,,,,,,,,,,
per_log,DM,H32,dir_wrong_mag_ok,dir_ok_mag_wrong,amplification,S,2021.10.06.07.26.10_veh-52_00006_00398,scene,4.0,27.0,,0.03571428571428571,,,,,,,,,,,,,,,,,,,,,,,,,,,,
per_log,DM,H32,dir_wrong_mag_ok,dir_ok_mag_wrong,amplification,S,2021.10.06.07.26.10_veh-52_00422_00728,scene,4.0,25.0,,0.08333333333333333,,,,,,,,,,,,,,,,,,,,,,,,,,,,
per_log,DM,H32,dir_wrong_mag_ok,dir_ok_mag_wrong,amplification,F,2021.10.06.07.26.10_veh-52_00772_00917,scene,2.0,15.0,,-0.05555555555555555,,,,,,,,,,,,,,,,,,,,,,,,,,,,
per_log,DM,H32,dir_wrong_mag_ok,dir_ok_mag_wrong,amplification,S,2021.10.06.07.26.10_veh-52_00772_00917,scene,4.0,26.0,,0.08333333333333333,,,,,,,,,,,,,,,,,,,,,,,,,,,,
per_log,DM,H32,dir_wrong_mag_ok,dir_ok_mag_wrong,amplification,S,2021.10.06.07.26.10_veh-52_00953_01126,scene,4.0,26.0,,0.0,,,,,,,,,,,,,,,,,,,,,,,,,,,,
per_log,DM,H32,dir_wrong_mag_ok,dir_ok_mag_wrong,amplification,F,2021.10.06.07.26.10_veh-52_01245_02064,scene,5.0,37.0,,0.0,,,,,,,,,,,,,,,,,,,,,,,,,,,,
per_log,DM,H32,dir_wrong_mag_ok,dir_ok_mag_wrong,amplification,S,2021.10.06.07.26.10_veh-52_01245_02064,scene,4.0,27.0,,0.0,,,,,,,,,,,,,,,,,,,,,,,,,,,,
per_log,DM,H32,dir_wrong_mag_ok,dir_ok_mag_wrong,amplification,S,2021.10.06.07.26.10_veh-52_02208_02394,scene,4.0,25.0,,0.0,,,,,,,,,,,,,,,,,,,,,,,,,,,,
per_city,DM,H32,dir_wrong_mag_ok,dir_ok_mag_wrong,amplification,F,sg-one-north,scene,9.0,64.0,,0.006172839506172836,,,,,,,,,,,,,,,,,,,,,,,,,,,,
per_city,DM,H32,dir_wrong_mag_ok,dir_ok_mag_wrong,amplification,S,sg-one-north,scene,24.0,156.0,,0.02499042512447338,,,,,,,,,,,,,,,,,,,,,,,,,,,,
per_city,DM,H32,dir_wrong_mag_ok,dir_ok_mag_wrong,amplification,F,us-ma-boston,scene,44.0,312.0,,0.07242063492063493,,,,,,,,,,,,,,,,,,,,,,,,,,,,
per_city,DM,H32,dir_wrong_mag_ok,dir_ok_mag_wrong,amplification,S,us-ma-boston,scene,84.0,588.0,,0.04664374195624195,,,,,,,,,,,,,,,,,,,,,,,,,,,,
per_city,DM,H32,dir_wrong_mag_ok,dir_ok_mag_wrong,amplification,F,us-nv-las-vegas-strip,scene,29.0,208.0,,0.0023946360153256708,,,,,,,,,,,,,,,,,,,,,,,,,,,,
per_city,DM,H32,dir_wrong_mag_ok,dir_ok_mag_wrong,amplification,S,us-nv-las-vegas-strip,scene,92.0,631.0,,-0.002906732926547983,,,,,,,,,,,,,,,,,,,,,,,,,,,,
per_city,DM,H32,dir_wrong_mag_ok,dir_ok_mag_wrong,amplification,F,us-pa-pittsburgh-hazelwood,scene,23.0,164.0,,0.13724982746721875,,,,,,,,,,,,,,,,,,,,,,,,,,,,
per_city,DM,H32,dir_wrong_mag_ok,dir_ok_mag_wrong,amplification,S,us-pa-pittsburgh-hazelwood,scene,48.0,313.0,,0.044438448456305596,,,,,,,,,,,,,,,,,,,,,,,,,,,,
per_city,DM,H32,dir_wrong_mag_ok,dir_ok_mag_wrong,amplification,P,sg-one-north,scene,33.0,220.0,1.0,0.024547078866450592,1.0,,,,,,,,,,,,1.0,,,,,,,,,,,,,,,
per_city,DM,H32,dir_wrong_mag_ok,dir_ok_mag_wrong,amplification,P,us-ma-boston,scene,128.0,900.0,5.0,0.04842704901667166,0.125,0.02042469152458346,0.012310353192139821,0.0845437448412035,,,,,,,,,5.0,,,,,,,,,,,,,,,
per_city,DM,H32,dir_wrong_mag_ok,dir_ok_mag_wrong,amplification,P,us-nv-las-vegas-strip,scene,121.0,839.0,10.0,-0.0027111353447231293,0.93359375,0.9229987573970839,-0.06441086092242358,0.05898859023297732,,,,,,,,,9.0,,,,,,,,,,,,,,,
per_city,DM,H32,dir_wrong_mag_ok,dir_ok_mag_wrong,amplification,P,us-pa-pittsburgh-hazelwood,scene,71.0,477.0,8.0,0.04995437020630819,0.4375,0.2730307291856367,-0.049352990779485226,0.14926173119210162,,,,,,,,,7.0,,,,,,,,,,,,,,,
secondary_window_level,normal,H9,normal,,amplification,F,main,scene,105.0,748.0,18.0,0.3660430839002268,7.62939453125e-06,1.5559521851959847e-10,0.3090012065988327,0.42308496120162087,0.3112019783758914,0.41642205459770115,0.32024299113584825,0.40820597996429975,,,,,18.0,,,,,,,,,,,,,,,
secondary_window_level,win1,H9,win1,,amplification,F,main,scene,105.0,748.0,18.0,0.16135676492819348,0.000244140625,1.4371532315082745e-06,0.11419427453081546,0.2085192553255715,0.117755346647703,0.20826717676214798,0.12418799518027059,0.19922631371389132,,,,,13.0,,,,,,,,,,,,,,,
secondary_window_level,win3,H9,win3,,amplification,F,main,scene,105.0,748.0,18.0,0.046825396825396826,0.0078125,0.003707739677855571,0.017431506170010762,0.07621928748078288,0.022079691581273857,0.07778765969309834,0.025933541766875103,0.07206130664826316,,,,,8.0,,,,,,,,,,,,,,,
secondary_window_level,win4,H9,win4,,amplification,F,main,scene,105.0,748.0,18.0,0.033560090702947847,0.0078125,0.017063312670275912,0.006777091148903125,0.06034309025699257,0.013089629791310464,0.06447218547912993,0.01572016404937197,0.05832361173121328,,,,,8.0,,,,,,,,,,,,,,,
secondary_window_level,gt_history,H9,gt_history,,amplification,F,main,scene,105.0,748.0,18.0,0.024036281179138322,0.015625,0.02168587239578802,0.003972882943349722,0.04409967941492692,0.008546863189720331,0.04717884628598913,0.010582010582010583,0.04215625644197073,,,,,7.0,,,,,,,,,,,,,,,
secondary_window_gap_fraction,f(1),H9,normal-win1,normal-gt_history,amplification,F,main,scene,105.0,,18.0,0.5984861042046521,,,,,0.4872619659571333,0.7089435375777883,0.5070929942972082,0.6907630546246785,,,,,,,,,,,,,,,,,,,,
secondary_window_gap_fraction,f(3),H9,normal-win3,normal-gt_history,amplification,F,main,scene,105.0,,18.0,0.9333664843361509,,,,,0.8645923823490482,0.9821883760835518,0.8787458034994464,0.9769657627449154,,,,,,,,,,,,,,,True,,,,,
secondary_window_gap_fraction,f(4),H9,normal-win4,normal-gt_history,amplification,F,main,scene,105.0,,18.0,0.9721531576330183,,,,,0.897691973195359,1.0,0.9128901774258479,1.0,,,,,,,,,,,,,,,,,,,,
secondary_window_equivalence,win4-gt_history,H9,win4,gt_history,amplification,F,main,scene,105.0,748.0,18.0,0.009523809523809525,1.0,0.3362355334936854,-0.010780357266298238,0.029827976313917287,0.0,0.03296703296703297,0.0,0.02831536388140142,1.3858947058747754e-13,0.03333333333298685,1.3858947058747754e-13,0.028571428571151386,1.0,,,,,,,,,,,0.05,True,True,,
secondary_window_level,normal,H9,normal,,amplification,S,main,scene,248.0,1688.0,24.0,0.03799493790804913,7.62939453125e-06,0.00031697471835685553,0.019416083392712714,0.05657379242338555,0.022204945448069065,0.05760986785035926,0.024534094755455392,0.0542973673007317,,,,,18.0,,,,,,,,,,,,,,,
secondary_window_level,win1,H9,win1,,amplification,S,main,scene,248.0,1688.0,24.0,0.019655792965955956,0.0009765625,0.001931848190304694,0.008035660882883067,0.031275925049028847,0.009373423948230975,0.030948368253963045,0.010866411229287111,0.02916207105400348,,,,,11.0,,,,,,,,,,,,,,,
secondary_window_level,win3,H9,win3,,amplification,S,main,scene,248.0,1688.0,24.0,0.009814104612762331,0.0625,0.06825766124212022,-0.0007977157431545215,0.020425924968679184,0.0017068482494066724,0.02119735440754489,0.0025513964426283494,0.019140422862267397,,,,,5.0,,,,,,,,,,,,,,,
secondary_window_level,win4,H9,win4,,amplification,S,main,scene,248.0,1688.0,24.0,0.00547204340349115,0.0625,0.06062714008680421,-0.0002651963320417878,0.011209283139024088,0.0008530984675301434,0.011835479575583402,0.0015091647523314577,0.010631107069536542,,,,,5.0,,,,,,,,,,,,,,,
secondary_window_level,gt_history,H9,gt_history,,amplification,S,main,scene,248.0,1688.0,24.0,0.0050192895950326435,0.0625,0.06319656430943679,-0.000299517037831069,0.010338096227896356,0.0008377900181971437,0.010926801830587692,0.001381797062507435,0.009791809219696395,,,,,5.0,,,,,,,,,,,,,,,
secondary_window_gap_fraction,f(1),H9,normal-win1,normal-gt_history,amplification,S,main,scene,248.0,,24.0,0.5561420587705066,,,,,-0.03740571924127416,0.866251598762433,0.09238060735373492,0.8324724678053251,,,,,,,,,,,,,,,,,,,,
secondary_window_gap_fraction,f(3),H9,normal-win3,normal-gt_history,amplification,S,main,scene,248.0,,24.0,0.8545952767261583,,,,,0.5689508124627369,1.0,0.6359503987294717,0.9797684089132206,,,,,,,,,,,,,,,True,,,,,
secondary_window_gap_fraction,f(4),H9,normal-win4,normal-gt_history,amplification,S,main,scene,248.0,,24.0,0.9862700558860643,,,,,0.9528169020456275,1.0,0.9589448569040517,1.0,,,,,,,,,,,,,,,,,,,,
secondary_window_equivalence,win4-gt_history,H9,win4,gt_history,amplification,S,main,scene,248.0,1688.0,24.0,0.00045275380845850643,1.0,0.32158620598366444,-0.0004717945836386171,0.00137730220055563,0.0,0.0015299189578347238,0.0,0.0013148329153838104,8.367312608428193e-13,0.0014552302681477116,8.367312608428193e-13,0.0012728361779591028,1.0,,,,,,,,,,,0.05,True,True,,
secondary_vs_normal,recent_gt-normal,H7,recent_gt,normal,amplification,F,main,scene,105.0,748.0,18.0,-0.3421390778533635,7.62939453125e-06,3.1588960677708596e-11,-0.3903233226954049,-0.29395483301132214,-0.3832933009419701,-0.29452921272675736,-0.37724309420737995,-0.30165690778122844,,,,,18.0,,,,,,,,,,,,,,,
secondary_vs_normal,recent_gt-normal,H7,recent_gt,normal,amplification,S,main,scene,248.0,1688.0,24.0,-0.02610943706341597,0.0001678466796875,0.00545839110133345,-0.04372036248427924,-0.008498511642552702,-0.045762744739980855,-0.012306882752078975,-0.041813221119088834,-0.014183734983450467,,,,,17.0,,,,,,,,,,,,,,,
secondary_vs_normal,recent_gt-normal,H7,recent_gt,normal,amplification,P,main,scene,353.0,2436.0,24.0,-0.04125462751660835,5.7220458984375e-06,0.0004945767523603773,-0.06231716444514858,-0.020192090588068114,-0.06362468841289108,-0.024190644832630892,-0.05956200780076232,-0.02654128847879529,,,,,21.0,,,,,,,,,,,,,,,
ood_entropy_rule,recent_gt-normal,H7,recent_gt,normal,entropy1,P,main,scene,353.0,,,0.0,,,,,,,,,,,,,,,,,,,,,,,,,,,False,False
secondary_vs_normal,gt_history-normal,H7,gt_history,normal,amplification,F,main,scene,105.0,748.0,18.0,-0.3496220710506424,7.62939453125e-06,2.7224790342973012e-11,-0.3984011800440165,-0.30084296205726835,-0.39090563041455895,-0.30140400308503756,-0.38507249853129305,-0.3088050765505869,,,,,18.0,,,,,,,,,,,,,,,
secondary_vs_normal,gt_history-normal,H7,gt_history,normal,amplification,S,main,scene,248.0,1688.0,24.0,-0.03021751206075271,1.52587890625e-05,0.0008748616134863047,-0.04657372137740515,-0.01386130274410027,-0.04792181671717912,-0.01643802887145064,-0.04444207038963369,-0.01833352130981287,,,,,17.0,,,,,,,,,,,,,,,
secondary_vs_normal,gt_history-normal,H7,gt_history,normal,amplification,P,main,scene,353.0,2436.0,24.0,-0.045524439807872026,4.76837158203125e-07,5.532742819753674e-05,-0.06462222377540806,-0.026426655840335992,-0.0657835709880647,-0.029562196975913373,-0.062221452766268774,-0.031604592807659475,,,,,22.0,,,,,,,,,,,,,,,
ood_entropy_rule,gt_history-normal,H7,gt_history,normal,entropy1,P,main,scene,353.0,,,0.0,,,,,,,,,,,,,,,,,,,,,,,,,,,False,False
secondary_vs_normal,hist_attn_mask-normal,H7,hist_attn_mask,normal,amplification,F,main,scene,105.0,748.0,18.0,-0.029648526077097507,0.5720062255859375,0.4434444021073197,-0.1093672042448776,0.05007015209068259,-0.09870680979413855,0.042320773531216556,-0.0881583129705783,0.03248582766439906,,,,,17.0,,,,,,,,,,,,,,,
secondary_vs_normal,hist_attn_mask-normal,H7,hist_attn_mask,normal,amplification,S,main,scene,248.0,1688.0,24.0,0.027383758313168666,0.036960601806640625,0.03732372181294854,0.001752369324326996,0.05301514730201033,0.005653828910776354,0.05511108135898402,0.00846951558464013,0.05023804986069136,,,,,19.0,,,,,,,,,,,,,,,
secondary_vs_normal,hist_attn_mask-normal,H7,hist_attn_mask,normal,amplification,P,main,scene,353.0,2436.0,24.0,0.024650581744945048,0.062242984771728516,0.06261208996220846,-0.0014084939764110183,0.050709657466301114,0.0025435257467415766,0.05268565422688736,0.005384253281856244,0.04754887477596674,,,,,22.0,,,,,,,,,,,,,,,
ood_entropy_rule,hist_attn_mask-normal,H7,hist_attn_mask,normal,entropy1,P,main,scene,353.0,,,0.0,,,,,,,,,,,,,,,,,,,,,,,,,,,False,False
secondary_vs_normal,recent_attn_mask-normal,H7,recent_attn_mask,normal,amplification,F,main,scene,105.0,748.0,18.0,-0.014588057445200303,0.1270751953125,0.1472242103189799,-0.03485457771695806,0.005678462826557451,-0.036768494092712836,0.00202152638703456,-0.03262365764927241,-0.0004080759925567919,,,,,14.0,,,,,,,,,,,,,,,
secondary_vs_normal,recent_attn_mask-normal,H7,recent_attn_mask,normal,amplification,S,main,scene,248.0,1688.0,24.0,0.0009756559223241869,0.8602075576782227,0.8545103816368798,-0.009908238827592081,0.011859550672240454,-0.010311408238813706,0.01120294213077038,-0.008159323545947336,0.009493477703269382,,,,,21.0,,,,,,,,,,,,,,,
secondary_vs_normal,recent_attn_mask-normal,H7,recent_attn_mask,normal,amplification,P,main,scene,353.0,2436.0,24.0,0.00022979106445560166,0.9647562503814697,0.963717362526262,-0.010106962247883388,0.010566544376794593,-0.010413263551381368,0.009972525700628992,-0.00839389969694542,0.00836445122740479,,,,,23.0,,,,,,,,,,,,,,,
ood_entropy_rule,recent_attn_mask-normal,H7,recent_attn_mask,normal,entropy1,P,main,scene,353.0,,,0.0,,,,,,,,,,,,,,,,,,,,,,,,,,,False,False
secondary_vs_normal,hist_emb_neutral-normal,H7,hist_emb_neutral,normal,amplification,F,main,scene,105.0,748.0,18.0,0.3592403628117914,0.00031280517578125,1.8998892642904492e-05,0.22985409811583382,0.488626627507749,0.23544088084795325,0.47551753827708887,0.25652660795323834,0.4580923109311553,,,,,18.0,,,,,,,,,,,,,,,
secondary_vs_normal,hist_emb_neutral-normal,H7,hist_emb_neutral,normal,amplification,S,main,scene,248.0,1688.0,24.0,0.5262637633353118,2.384185791015625e-07,2.9835107183443046e-11,0.4341652481651004,0.6183622785055232,0.4410097208180576,0.6140374595806888,0.4549308869966769,0.6006699889184898,,,,,23.0,,,,,,,,,,,,,,,
secondary_vs_normal,hist_emb_neutral-normal,H7,hist_emb_neutral,normal,amplification,P,main,scene,353.0,2436.0,24.0,0.5182594470162931,2.384185791015625e-07,2.1716327137402067e-11,0.42899640593147276,0.6075224881011134,0.43485327107099103,0.6022106451103463,0.44825451140768763,0.589364119762956,,,,,24.0,,,,,,,,,,,,,,,
ood_entropy_rule,hist_emb_neutral-normal,H7,hist_emb_neutral,normal,entropy1,P,main,scene,353.0,,,1.926947099915359,,,,,,,,,,,,,,,,,,,,,,,,,,,True,False
secondary_vs_normal,recent_emb_neutral-normal,H7,recent_emb_neutral,normal,amplification,F,main,scene,105.0,748.0,18.0,0.11449357520786091,0.020965576171875,0.01409370857365047,0.026183312519201196,0.20280383789652062,0.03161868513431014,0.19751331706118938,0.04703278533635676,0.18518907563025203,,,,,17.0,,,,,,,,,,,,,,,
secondary_vs_normal,recent_emb_neutral-normal,H7,recent_emb_neutral,normal,amplification,S,main,scene,248.0,1688.0,24.0,0.3116819994216926,1.1920928955078125e-07,9.830968799693259e-10,0.2463382901964451,0.3770257086469401,0.2578021740146512,0.3820949713332006,0.2656422023053954,0.37003000817279147,,,,,24.0,,,,,,,,,,,,,,,
secondary_vs_normal,recent_emb_neutral-normal,H7,recent_emb_neutral,normal,amplification,P,main,scene,353.0,2436.0,24.0,0.3022320749386016,1.1920928955078125e-07,7.812377419068817e-10,0.23963862438484168,0.3648255254923615,0.25009814667007385,0.36885231030915044,0.2574720559613995,0.35781434340280055,,,,,24.0,,,,,,,,,,,,,,,
ood_entropy_rule,recent_emb_neutral-normal,H7,recent_emb_neutral,normal,entropy1,P,main,scene,353.0,,,1.926947099915359,,,,,,,,,,,,,,,,,,,,,,,,,,,True,False
secondary_vs_normal,gt_history-normal,H8,gt_history,normal,amplification,F,main,scene,105.0,748.0,18.0,-0.34846938775510206,7.62939453125e-06,1.7448172004345477e-11,-0.3957472971760716,-0.3011914783341325,-0.3875726131617351,-0.3009149095976628,-0.38234300972396207,-0.30844594768815037,,,,,18.0,,,,,,,,,,,,,,,
secondary_vs_normal,gt_history-normal,H8,gt_history,normal,amplification,S,main,scene,248.0,1688.0,24.0,-0.03276877025978176,7.62939453125e-06,0.0005736801185857664,-0.0497491310971802,-0.01578840942238332,-0.05110436293372811,-0.018530767796819957,-0.0477276727331159,-0.020577315810650663,,,,,18.0,,,,,,,,,,,,,,,
secondary_vs_normal,gt_history-normal,H8,gt_history,normal,amplification,P,main,scene,353.0,2436.0,24.0,-0.047898192823455255,4.76837158203125e-07,3.766920175270062e-05,-0.06737901747262087,-0.02841736817428964,-0.06849419977325606,-0.03174719285436947,-0.06489516204726019,-0.0338583577926607,,,,,22.0,,,,,,,,,,,,,,,
ood_entropy_rule,gt_history-normal,H8,gt_history,normal,entropy1,P,main,scene,353.0,,,0.0,,,,,,,,,,,,,,,,,,,,,,,,,,,False,False
secondary_vs_normal,recent_gt-normal,H8,recent_gt,normal,amplification,F,main,scene,105.0,748.0,18.0,-0.3398526077097505,7.62939453125e-06,7.116758101066529e-12,-0.3834475051563525,-0.2962577102631485,-0.3762246264595889,-0.29537432424660687,-0.37127673113892945,-0.3025195105820106,,,,,18.0,,,,,,,,,,,,,,,
secondary_vs_normal,recent_gt-normal,H8,recent_gt,normal,amplification,S,main,scene,248.0,1688.0,24.0,-0.031796681200444384,8.392333984375e-05,0.0008163888847104437,-0.048882586514811185,-0.014710775886077585,-0.050075605755792854,-0.01730660685712056,-0.04660185124431325,-0.019242677454461544,,,,,18.0,,,,,,,,,,,,,,,
secondary_vs_normal,recent_gt-normal,H8,recent_gt,normal,amplification,P,main,scene,353.0,2436.0,24.0,-0.0465597447711779,4.76837158203125e-06,5.375964819224185e-05,-0.06604608065413996,-0.02707340888821584,-0.06700204226899648,-0.030226388681511892,-0.06351946086424308,-0.03232449146139542,,,,,21.0,,,,,,,,,,,,,,,
ood_entropy_rule,recent_gt-normal,H8,recent_gt,normal,entropy1,P,main,scene,353.0,,,0.0,,,,,,,,,,,,,,,,,,,,,,,,,,,False,False
secondary_vs_normal,reverse@emb-normal,H8,reverse@emb,normal,amplification,F,main,scene,105.0,748.0,18.0,-0.08013983371126228,0.0003662109375,8.187021864557409e-05,-0.1130359555142251,-0.047243711908299464,-0.11382283834586465,-0.05085121907979102,-0.10745670438957476,-0.05580157603728163,,,,,14.0,,,,,,,,,,,,,,,
secondary_vs_normal,reverse@emb-normal,H8,reverse@emb,normal,amplification,S,main,scene,248.0,1688.0,24.0,-0.007975981220228582,0.03515625,0.018911770647185105,-0.014509991505410724,-0.0014419709350464412,-0.013956420419323514,-0.0015699103531797173,-0.012929335001596603,-0.002601160793954602,,,,,10.0,,,,,,,,,,,,,,,
secondary_vs_normal,reverse@emb-normal,H8,reverse@emb,normal,amplification,P,main,scene,353.0,2436.0,24.0,-0.011434312809255756,0.00281524658203125,0.0016341792518386473,-0.01806421288819931,-0.004804412730312204,-0.017747834192973818,-0.005023604780919389,-0.016633801661795566,-0.006007454741895069,,,,,18.0,,,,,,,,,,,,,,,
ood_entropy_rule,reverse@emb-normal,H8,reverse@emb,normal,entropy1,P,main,scene,353.0,,,0.0,,,,,,,,,,,,,,,,,,,,,,,,,,,False,False
secondary_vs_normal,patch_full@emb-normal,H8,patch_full@emb,normal,amplification,F,main,scene,105.0,748.0,18.0,-0.3398526077097505,7.62939453125e-06,7.116758101066529e-12,-0.3834475051563525,-0.2962577102631485,-0.3762246264595889,-0.29537432424660687,-0.37127673113892945,-0.3025195105820106,,,,,18.0,,,,,,,,,,,,,,,
secondary_vs_normal,patch_full@emb-normal,H8,patch_full@emb,normal,amplification,S,main,scene,248.0,1688.0,24.0,-0.031796681200444384,8.392333984375e-05,0.0008163888847104437,-0.048882586514811185,-0.014710775886077585,-0.050075605755792854,-0.01730660685712056,-0.04660185124431325,-0.019242677454461544,,,,,18.0,,,,,,,,,,,,,,,
secondary_vs_normal,patch_full@emb-normal,H8,patch_full@emb,normal,amplification,P,main,scene,353.0,2436.0,24.0,-0.0465597447711779,4.76837158203125e-06,5.375964819224185e-05,-0.06604608065413996,-0.02707340888821584,-0.06700204226899648,-0.030226388681511892,-0.06351946086424308,-0.03232449146139542,,,,,21.0,,,,,,,,,,,,,,,
ood_entropy_rule,patch_full@emb-normal,H8,patch_full@emb,normal,entropy1,P,main,scene,353.0,,,0.0,,,,,,,,,,,,,,,,,,,,,,,,,,,False,False
secondary_vs_normal,patch_full@L35-normal,H8,patch_full@L35,normal,amplification,F,main,scene,105.0,748.0,18.0,-0.34846938775510206,7.62939453125e-06,1.7448172004345477e-11,-0.3957472971760716,-0.3011914783341325,-0.3875726131617351,-0.3009149095976628,-0.38234300972396207,-0.30844594768815037,,,,,18.0,,,,,,,,,,,,,,,
secondary_vs_normal,patch_full@L35-normal,H8,patch_full@L35,normal,amplification,S,main,scene,248.0,1688.0,24.0,-0.03276877025978176,7.62939453125e-06,0.0005736801185857664,-0.0497491310971802,-0.01578840942238332,-0.05110436293372811,-0.018530767796819957,-0.0477276727331159,-0.020577315810650663,,,,,18.0,,,,,,,,,,,,,,,
secondary_vs_normal,patch_full@L35-normal,H8,patch_full@L35,normal,amplification,P,main,scene,353.0,2436.0,24.0,-0.047898192823455255,4.76837158203125e-07,3.766920175270062e-05,-0.06737901747262087,-0.02841736817428964,-0.06849419977325606,-0.03174719285436947,-0.06489516204726019,-0.0338583577926607,,,,,22.0,,,,,,,,,,,,,,,
ood_entropy_rule,patch_full@L35-normal,H8,patch_full@L35,normal,entropy1,P,main,scene,353.0,,,0.0,,,,,,,,,,,,,,,,,,,,,,,,,,,False,False
secondary_vs_normal,recent_gt-normal,H32,recent_gt,normal,amplification,F,main,scene,105.0,748.0,18.0,-0.34450113378684805,7.62939453125e-06,9.128882889373918e-12,-0.3893839492091281,-0.299618318364568,-0.3824172980935276,-0.29961791610887994,-0.3768471955460963,-0.3065122859488623,,,,,18.0,,,,,,,,,,,,,,,
secondary_vs_normal,recent_gt-normal,H32,recent_gt,normal,amplification,S,main,scene,248.0,1688.0,24.0,-0.030760626398210287,0.0001678466796875,0.0008667334502640132,-0.047394376384599604,-0.01412687641182097,-0.048428758789788764,-0.01641350327156769,-0.04537578582449571,-0.01856015485407982,,,,,17.0,,,,,,,,,,,,,,,
secondary_vs_normal,recent_gt-normal,H32,recent_gt,normal,amplification,P,main,scene,353.0,2436.0,24.0,-0.04579611397274565,5.7220458984375e-06,6.488736745791359e-05,-0.06526116462627574,-0.02633106331921556,-0.0662655485158642,-0.029411393464153474,-0.06250585667678436,-0.03162206427648322,,,,,21.0,,,,,,,,,,,,,,,
ood_entropy_rule,recent_gt-normal,H32,recent_gt,normal,entropy1,P,main,scene,353.0,,,0.0,,,,,,,,,,,,,,,,,,,,,,,,,,,False,False
secondary_vs_normal,dir_ok_mag_wrong-normal,H32,dir_ok_mag_wrong,normal,amplification,F,main,scene,105.0,748.0,18.0,-0.23552532123960693,2.288818359375e-05,1.2904747804594044e-07,-0.2931354705318727,-0.17791517194734113,-0.29184011602829535,-0.18456187413509417,-0.2816117938684498,-0.19135969658995974,,,,,18.0,,,,,,,,,,,,,,,
secondary_vs_normal,dir_ok_mag_wrong-normal,H32,dir_ok_mag_wrong,normal,amplification,S,main,scene,248.0,1688.0,24.0,-0.0003267246495913808,0.9798054695129395,0.9798507953758949,-0.026798576763014385,0.026145127463831623,-0.02455596860407799,0.025439080402370653,-0.02061668204590933,0.02143210057482411,,,,,22.0,,,,,,,,,,,,,,,
secondary_vs_normal,dir_ok_mag_wrong-normal,H32,dir_ok_mag_wrong,normal,amplification,P,main,scene,353.0,2436.0,24.0,-0.011598222888729508,0.4201735258102417,0.39293659326880315,-0.03915518323779875,0.01595873746033973,-0.03772405074572785,0.014793908510743537,-0.033441011655839153,0.010509003308021384,,,,,24.0,,,,,,,,,,,,,,,
ood_entropy_rule,dir_ok_mag_wrong-normal,H32,dir_ok_mag_wrong,normal,entropy1,P,main,scene,353.0,,,0.0,,,,,,,,,,,,,,,,,,,,,,,,,,,False,False
secondary_vs_normal,dir_wrong_mag_ok-normal,H32,dir_wrong_mag_ok,normal,amplification,F,main,scene,105.0,748.0,18.0,-0.17392290249433104,4.57763671875e-05,6.543194680791659e-09,-0.20853902142246658,-0.1393067835661955,-0.20741787918871255,-0.1403809881557801,-0.20172865541922289,-0.14609925727580236,,,,,17.0,,,,,,,,,,,,,,,
secondary_vs_normal,dir_wrong_mag_ok-normal,H32,dir_wrong_mag_ok,normal,amplification,S,main,scene,248.0,1688.0,24.0,0.024078703069594726,0.0005645751953125,0.003519679462254553,0.008758023901561588,0.039399382237627865,0.011624495976128897,0.04035194371120152,0.013121205252658015,0.037416793578625596,,,,,17.0,,,,,,,,,,,,,,,
secondary_vs_normal,dir_wrong_mag_ok-normal,H32,dir_wrong_mag_ok,normal,amplification,P,main,scene,353.0,2436.0,24.0,0.014589808234262822,0.02111339569091797,0.037977009223540796,0.0008822854238193373,0.028297331044706307,0.0033652048073191383,0.029630627149172233,0.0049104062251074075,0.026842304353647043,,,,,22.0,,,,,,,,,,,,,,,
ood_entropy_rule,dir_wrong_mag_ok-normal,H32,dir_wrong_mag_ok,normal,entropy1,P,main,scene,353.0,,,0.0,,,,,,,,,,,,,,,,,,,,,,,,,,,False,False
secondary_vs_normal,mirror_same_dist-normal,H32,mirror_same_dist,normal,amplification,F,main,scene,105.0,748.0,18.0,-0.29960317460317454,7.62939453125e-06,7.304764364473812e-10,-0.3511897200219224,-0.2480166291844267,-0.34213984809233555,-0.24901964180734018,-0.33576060546361963,-0.25670404360768084,,,,,18.0,,,,,,,,,,,,,,,
secondary_vs_normal,mirror_same_dist-normal,H32,mirror_same_dist,normal,amplification,S,main,scene,248.0,1688.0,24.0,-0.016680791444094414,0.07682609558105469,0.05319876963662509,-0.0336115814895162,0.0002499986013273711,-0.033899753285282254,-0.0008350149307967939,-0.0308436989484939,-0.0033041978941279137,,,,,21.0,,,,,,,,,,,,,,,
secondary_vs_normal,mirror_same_dist-normal,H32,mirror_same_dist,normal,amplification,P,main,scene,353.0,2436.0,24.0,-0.030239372106670142,0.009212255477905273,0.004116761153407161,-0.049875450445807365,-0.010603293767532919,-0.050336118264528065,-0.012221071085403457,-0.04647075077542,-0.014938605650997729,,,,,23.0,,,,,,,,,,,,,,,
ood_entropy_rule,mirror_same_dist-normal,H32,mirror_same_dist,normal,entropy1,P,main,scene,353.0,,,0.0,,,,,,,,,,,,,,,,,,,,,,,,,,,False,False
secondary_vs_normal,random_mag_matched-normal,H32,random_mag_matched,normal,amplification,F,main,scene,105.0,748.0,18.0,-0.21311413454270597,1.52587890625e-05,5.098453309127831e-09,-0.2548268165282791,-0.17140145255713288,-0.24686552448360297,-0.16866836229797083,-0.24232505248315642,-0.17640702947845807,,,,,17.0,,,,,,,,,,,,,,,
secondary_vs_normal,random_mag_matched-normal,H32,random_mag_matched,normal,amplification,S,main,scene,248.0,1688.0,24.0,0.0592510634007518,6.580352783203125e-05,0.00039957711539753205,0.029627307743097457,0.08887481905840613,0.03563207673135755,0.09227715385707189,0.03893672131617542,0.08649859558408285,,,,,21.0,,,,,,,,,,,,,,,
secondary_vs_normal,random_mag_matched-normal,H32,random_mag_matched,normal,amplification,P,main,scene,353.0,2436.0,24.0,0.046198418131896,0.0003719329833984375,0.0018758505179239042,0.018980633166563093,0.0734162030972289,0.024055220650382222,0.07689607635444388,0.02725435575423653,0.07134515520645365,,,,,21.0,,,,,,,,,,,,,,,
ood_entropy_rule,random_mag_matched-normal,H32,random_mag_matched,normal,entropy1,P,main,scene,353.0,,,0.0,,,,,,,,,,,,,,,,,,,,,,,,,,,False,False
