experiment,subset,group,condition,metric,value,CI_low,CI_high,unit,n_units,n_scenes,p,test,used_in_verdict,source
5 first_mismatch_causal,all first-mismatch scenes,A-,original,A+ recovery (5 s),17.3077,7.6902,33.3333,%,52,52,,,yes,autovla_misalignment_poc/outputs/first_mismatch_causal/summary.json :: A-/original/A5
5 first_mismatch_causal,all first-mismatch scenes,A-,original,A3,59.6154,50.0,71.875,%,52,52,,,yes,autovla_misalignment_poc/outputs/first_mismatch_causal/summary.json :: A-/original/A3
5 first_mismatch_causal,all first-mismatch scenes,A-,original,downstream_err,94.5513,88.3547,99.1071,%,52,52,,,yes,autovla_misalignment_poc/outputs/first_mismatch_causal/summary.json :: A-/original/downstream_err
5 first_mismatch_causal,all first-mismatch scenes,A-,original,realign,5.4487,0.8929,11.6453,%,52,52,,,yes,autovla_misalignment_poc/outputs/first_mismatch_causal/summary.json :: A-/original/realign
5 first_mismatch_causal,all first-mismatch scenes,A-,original,ade5,2.9097,2.3384,3.2783,m,52,52,,,yes,autovla_misalignment_poc/outputs/first_mismatch_causal/summary.json :: A-/original/ade5
5 first_mismatch_causal,all first-mismatch scenes,A-,original,fde5,8.182,6.3943,9.4848,m,52,52,,,yes,autovla_misalignment_poc/outputs/first_mismatch_causal/summary.json :: A-/original/fde5
5 first_mismatch_causal,all first-mismatch scenes,A-,original,err_slope,1.0355,0.8016,1.2147,m/step,52,52,,,yes,autovla_misalignment_poc/outputs/first_mismatch_causal/summary.json :: A-/original/err_slope
5 first_mismatch_causal,all first-mismatch scenes,A-,original,entropy_after,1.3232,1.1044,1.5439,nat,52,52,,,yes,autovla_misalignment_poc/outputs/first_mismatch_causal/summary.json :: A-/original/entropy_after
5 first_mismatch_causal,all first-mismatch scenes,A-,GT 1-token at t*,A+ recovery (5 s),73.0769,63.6364,84.4487,%,52,52,,,yes,autovla_misalignment_poc/outputs/first_mismatch_causal/summary.json :: A-/gt/A5
5 first_mismatch_causal,all first-mismatch scenes,A-,GT 1-token at t*,A3,96.1538,91.1765,100.0,%,52,52,,,yes,autovla_misalignment_poc/outputs/first_mismatch_causal/summary.json :: A-/gt/A3
5 first_mismatch_causal,all first-mismatch scenes,A-,GT 1-token at t*,downstream_err,43.5401,30.4648,54.8318,%,52,52,,,yes,autovla_misalignment_poc/outputs/first_mismatch_causal/summary.json :: A-/gt/downstream_err
5 first_mismatch_causal,all first-mismatch scenes,A-,GT 1-token at t*,realign,56.4599,45.1682,69.5352,%,52,52,,,yes,autovla_misalignment_poc/outputs/first_mismatch_causal/summary.json :: A-/gt/realign
5 first_mismatch_causal,all first-mismatch scenes,A-,GT 1-token at t*,ade5,0.6777,0.3927,0.9432,m,52,52,,,yes,autovla_misalignment_poc/outputs/first_mismatch_causal/summary.json :: A-/gt/ade5
5 first_mismatch_causal,all first-mismatch scenes,A-,GT 1-token at t*,fde5,2.0871,1.1463,3.0137,m,52,52,,,yes,autovla_misalignment_poc/outputs/first_mismatch_causal/summary.json :: A-/gt/fde5
5 first_mismatch_causal,all first-mismatch scenes,A-,GT 1-token at t*,err_slope,0.2464,0.1339,0.3737,m/step,52,52,,,yes,autovla_misalignment_poc/outputs/first_mismatch_causal/summary.json :: A-/gt/err_slope
5 first_mismatch_causal,all first-mismatch scenes,A-,GT 1-token at t*,entropy_after,0.8681,0.6913,1.0832,nat,52,52,,,yes,autovla_misalignment_poc/outputs/first_mismatch_causal/summary.json :: A-/gt/entropy_after
5 first_mismatch_causal,all first-mismatch scenes,A-,nearest-neighbour token at t*,A+ recovery (5 s),69.2308,57.1429,80.7034,%,52,52,,,yes,autovla_misalignment_poc/outputs/first_mismatch_causal/summary.json :: A-/nn/A5
5 first_mismatch_causal,all first-mismatch scenes,A-,nearest-neighbour token at t*,A3,84.6154,72.8539,94.5946,%,52,52,,,yes,autovla_misalignment_poc/outputs/first_mismatch_causal/summary.json :: A-/nn/A3
5 first_mismatch_causal,all first-mismatch scenes,A-,nearest-neighbour token at t*,downstream_err,85.8669,73.6569,92.9659,%,52,52,,,yes,autovla_misalignment_poc/outputs/first_mismatch_causal/summary.json :: A-/nn/downstream_err
5 first_mismatch_causal,all first-mismatch scenes,A-,nearest-neighbour token at t*,realign,14.1331,7.0341,26.3431,%,52,52,,,yes,autovla_misalignment_poc/outputs/first_mismatch_causal/summary.json :: A-/nn/realign
5 first_mismatch_causal,all first-mismatch scenes,A-,nearest-neighbour token at t*,ade5,1.7417,1.0671,2.4741,m,52,52,,,yes,autovla_misalignment_poc/outputs/first_mismatch_causal/summary.json :: A-/nn/ade5
5 first_mismatch_causal,all first-mismatch scenes,A-,nearest-neighbour token at t*,fde5,4.9259,3.0547,6.5797,m,52,52,,,yes,autovla_misalignment_poc/outputs/first_mismatch_causal/summary.json :: A-/nn/fde5
5 first_mismatch_causal,all first-mismatch scenes,A-,nearest-neighbour token at t*,err_slope,0.6089,0.3859,0.8203,m/step,52,52,,,yes,autovla_misalignment_poc/outputs/first_mismatch_causal/summary.json :: A-/nn/err_slope
5 first_mismatch_causal,all first-mismatch scenes,A-,nearest-neighbour token at t*,entropy_after,1.276,1.0252,1.4375,nat,52,52,,,yes,autovla_misalignment_poc/outputs/first_mismatch_causal/summary.json :: A-/nn/entropy_after
5 first_mismatch_causal,all first-mismatch scenes,A+ (step-matched),original,A+ recovery (5 s),98.9879,98.1965,99.6107,%,944,944,,,yes,autovla_misalignment_poc/outputs/first_mismatch_causal/summary.json :: A+ (step-matched)/original/A5 (A+ step-matched = weighted mean; n is effective weighted n)
5 first_mismatch_causal,all first-mismatch scenes,A+ (step-matched),original,A3,96.838,95.0931,98.276,%,944,944,,,yes,autovla_misalignment_poc/outputs/first_mismatch_causal/summary.json :: A+ (step-matched)/original/A3 (A+ step-matched = weighted mean; n is effective weighted n)
5 first_mismatch_causal,all first-mismatch scenes,A+ (step-matched),original,downstream_err,72.3965,68.6157,74.7443,%,944,944,,,yes,autovla_misalignment_poc/outputs/first_mismatch_causal/summary.json :: A+ (step-matched)/original/downstream_err (A+ step-matched = weighted mean; n is effective weighted n)
5 first_mismatch_causal,all first-mismatch scenes,A+ (step-matched),original,realign,27.6035,25.2557,31.3843,%,944,944,,,yes,autovla_misalignment_poc/outputs/first_mismatch_causal/summary.json :: A+ (step-matched)/original/realign (A+ step-matched = weighted mean; n is effective weighted n)
5 first_mismatch_causal,all first-mismatch scenes,A+ (step-matched),original,ade5,0.8327,0.6891,0.9604,m,944,944,,,yes,autovla_misalignment_poc/outputs/first_mismatch_causal/summary.json :: A+ (step-matched)/original/ade5 (A+ step-matched = weighted mean; n is effective weighted n)
5 first_mismatch_causal,all first-mismatch scenes,A+ (step-matched),original,fde5,2.0078,1.6583,2.2795,m,944,944,,,yes,autovla_misalignment_poc/outputs/first_mismatch_causal/summary.json :: A+ (step-matched)/original/fde5 (A+ step-matched = weighted mean; n is effective weighted n)
5 first_mismatch_causal,all first-mismatch scenes,A+ (step-matched),original,err_slope,0.2393,0.1981,0.2704,m/step,944,944,,,yes,autovla_misalignment_poc/outputs/first_mismatch_causal/summary.json :: A+ (step-matched)/original/err_slope (A+ step-matched = weighted mean; n is effective weighted n)
5 first_mismatch_causal,all first-mismatch scenes,A+ (step-matched),original,entropy_after,0.8925,0.8264,0.9338,nat,944,944,,,yes,autovla_misalignment_poc/outputs/first_mismatch_causal/summary.json :: A+ (step-matched)/original/entropy_after (A+ step-matched = weighted mean; n is effective weighted n)
5 first_mismatch_causal,all first-mismatch scenes,A+ (step-matched),GT 1-token at t*,A+ recovery (5 s),98.6936,97.3434,99.6458,%,944,944,,,yes,autovla_misalignment_poc/outputs/first_mismatch_causal/summary.json :: A+ (step-matched)/gt/A5 (A+ step-matched = weighted mean; n is effective weighted n)
5 first_mismatch_causal,all first-mismatch scenes,A+ (step-matched),GT 1-token at t*,A3,99.6018,98.6161,100.0,%,944,944,,,yes,autovla_misalignment_poc/outputs/first_mismatch_causal/summary.json :: A+ (step-matched)/gt/A3 (A+ step-matched = weighted mean; n is effective weighted n)
5 first_mismatch_causal,all first-mismatch scenes,A+ (step-matched),GT 1-token at t*,downstream_err,29.9331,25.9269,33.6822,%,944,944,,,yes,autovla_misalignment_poc/outputs/first_mismatch_causal/summary.json :: A+ (step-matched)/gt/downstream_err (A+ step-matched = weighted mean; n is effective weighted n)
5 first_mismatch_causal,all first-mismatch scenes,A+ (step-matched),GT 1-token at t*,realign,70.0669,66.3178,74.0731,%,944,944,,,yes,autovla_misalignment_poc/outputs/first_mismatch_causal/summary.json :: A+ (step-matched)/gt/realign (A+ step-matched = weighted mean; n is effective weighted n)
5 first_mismatch_causal,all first-mismatch scenes,A+ (step-matched),GT 1-token at t*,ade5,0.2698,0.2068,0.3265,m,944,944,,,yes,autovla_misalignment_poc/outputs/first_mismatch_causal/summary.json :: A+ (step-matched)/gt/ade5 (A+ step-matched = weighted mean; n is effective weighted n)
5 first_mismatch_causal,all first-mismatch scenes,A+ (step-matched),GT 1-token at t*,fde5,0.7508,0.5526,0.9189,m,944,944,,,yes,autovla_misalignment_poc/outputs/first_mismatch_causal/summary.json :: A+ (step-matched)/gt/fde5 (A+ step-matched = weighted mean; n is effective weighted n)
5 first_mismatch_causal,all first-mismatch scenes,A+ (step-matched),GT 1-token at t*,err_slope,0.0829,0.0597,0.103,m/step,944,944,,,yes,autovla_misalignment_poc/outputs/first_mismatch_causal/summary.json :: A+ (step-matched)/gt/err_slope (A+ step-matched = weighted mean; n is effective weighted n)
5 first_mismatch_causal,all first-mismatch scenes,A+ (step-matched),GT 1-token at t*,entropy_after,0.5409,0.4811,0.5831,nat,944,944,,,yes,autovla_misalignment_poc/outputs/first_mismatch_causal/summary.json :: A+ (step-matched)/gt/entropy_after (A+ step-matched = weighted mean; n is effective weighted n)
5 first_mismatch_causal,all first-mismatch scenes,A+ (step-matched),nearest-neighbour token at t*,A+ recovery (5 s),95.8579,94.1108,98.2288,%,944,944,,,yes,autovla_misalignment_poc/outputs/first_mismatch_causal/summary.json :: A+ (step-matched)/nn/A5 (A+ step-matched = weighted mean; n is effective weighted n)
5 first_mismatch_causal,all first-mismatch scenes,A+ (step-matched),nearest-neighbour token at t*,A3,97.0977,95.5969,98.902,%,944,944,,,yes,autovla_misalignment_poc/outputs/first_mismatch_causal/summary.json :: A+ (step-matched)/nn/A3 (A+ step-matched = weighted mean; n is effective weighted n)
5 first_mismatch_causal,all first-mismatch scenes,A+ (step-matched),nearest-neighbour token at t*,downstream_err,62.32,59.5358,64.77,%,944,944,,,yes,autovla_misalignment_poc/outputs/first_mismatch_causal/summary.json :: A+ (step-matched)/nn/downstream_err (A+ step-matched = weighted mean; n is effective weighted n)
5 first_mismatch_causal,all first-mismatch scenes,A+ (step-matched),nearest-neighbour token at t*,realign,37.68,35.23,40.4642,%,944,944,,,yes,autovla_misalignment_poc/outputs/first_mismatch_causal/summary.json :: A+ (step-matched)/nn/realign (A+ step-matched = weighted mean; n is effective weighted n)
5 first_mismatch_causal,all first-mismatch scenes,A+ (step-matched),nearest-neighbour token at t*,ade5,0.7136,0.5851,0.8183,m,943,943,,,yes,autovla_misalignment_poc/outputs/first_mismatch_causal/summary.json :: A+ (step-matched)/nn/ade5 (A+ step-matched = weighted mean; n is effective weighted n)
5 first_mismatch_causal,all first-mismatch scenes,A+ (step-matched),nearest-neighbour token at t*,fde5,1.8287,1.4687,2.1239,m,943,943,,,yes,autovla_misalignment_poc/outputs/first_mismatch_causal/summary.json :: A+ (step-matched)/nn/fde5 (A+ step-matched = weighted mean; n is effective weighted n)
5 first_mismatch_causal,all first-mismatch scenes,A+ (step-matched),nearest-neighbour token at t*,err_slope,0.2203,0.1781,0.2542,m/step,943,943,,,yes,autovla_misalignment_poc/outputs/first_mismatch_causal/summary.json :: A+ (step-matched)/nn/err_slope (A+ step-matched = weighted mean; n is effective weighted n)
5 first_mismatch_causal,all first-mismatch scenes,A+ (step-matched),nearest-neighbour token at t*,entropy_after,0.9278,0.8618,0.9691,nat,943,943,,,yes,autovla_misalignment_poc/outputs/first_mismatch_causal/summary.json :: A+ (step-matched)/nn/entropy_after (A+ step-matched = weighted mean; n is effective weighted n)
5 first_mismatch_causal,all first-mismatch scenes,A+ (all),original,A+ recovery (5 s),99.187,98.7653,99.5972,%,1107,1107,,,yes,autovla_misalignment_poc/outputs/first_mismatch_causal/summary.json :: A+ (all)/original/A5
5 first_mismatch_causal,all first-mismatch scenes,A+ (all),original,A3,98.0126,96.7311,98.9676,%,1107,1107,,,yes,autovla_misalignment_poc/outputs/first_mismatch_causal/summary.json :: A+ (all)/original/A3
5 first_mismatch_causal,all first-mismatch scenes,A+ (all),original,downstream_err,70.5392,67.2018,72.8852,%,1055,1055,,,yes,autovla_misalignment_poc/outputs/first_mismatch_causal/summary.json :: A+ (all)/original/downstream_err
5 first_mismatch_causal,all first-mismatch scenes,A+ (all),original,realign,29.4608,27.1148,32.7982,%,1055,1055,,,yes,autovla_misalignment_poc/outputs/first_mismatch_causal/summary.json :: A+ (all)/original/realign
5 first_mismatch_causal,all first-mismatch scenes,A+ (all),original,ade5,0.5999,0.4978,0.6946,m,1107,1107,,,yes,autovla_misalignment_poc/outputs/first_mismatch_causal/summary.json :: A+ (all)/original/ade5
5 first_mismatch_causal,all first-mismatch scenes,A+ (all),original,fde5,1.4964,1.231,1.7156,m,1107,1107,,,yes,autovla_misalignment_poc/outputs/first_mismatch_causal/summary.json :: A+ (all)/original/fde5
5 first_mismatch_causal,all first-mismatch scenes,A+ (all),original,err_slope,0.2085,0.1738,0.2376,m/step,1055,1055,,,yes,autovla_misalignment_poc/outputs/first_mismatch_causal/summary.json :: A+ (all)/original/err_slope
5 first_mismatch_causal,all first-mismatch scenes,A+ (all),original,entropy_after,0.8908,0.8173,0.9402,nat,1055,1055,,,yes,autovla_misalignment_poc/outputs/first_mismatch_causal/summary.json :: A+ (all)/original/entropy_after
5 first_mismatch_causal,all first-mismatch scenes,A+ (all),GT 1-token at t*,A+ recovery (5 s),99.0063,98.1,99.6608,%,1107,1107,,,yes,autovla_misalignment_poc/outputs/first_mismatch_causal/summary.json :: A+ (all)/gt/A5
5 first_mismatch_causal,all first-mismatch scenes,A+ (all),GT 1-token at t*,A3,99.729,99.1443,100.0,%,1107,1107,,,yes,autovla_misalignment_poc/outputs/first_mismatch_causal/summary.json :: A+ (all)/gt/A3
5 first_mismatch_causal,all first-mismatch scenes,A+ (all),GT 1-token at t*,downstream_err,25.0058,21.8088,27.7291,%,1055,1055,,,yes,autovla_misalignment_poc/outputs/first_mismatch_causal/summary.json :: A+ (all)/gt/downstream_err
5 first_mismatch_causal,all first-mismatch scenes,A+ (all),GT 1-token at t*,realign,74.9942,72.2709,78.1912,%,1055,1055,,,yes,autovla_misalignment_poc/outputs/first_mismatch_causal/summary.json :: A+ (all)/gt/realign
5 first_mismatch_causal,all first-mismatch scenes,A+ (all),GT 1-token at t*,ade5,0.1987,0.1554,0.238,m,1107,1107,,,yes,autovla_misalignment_poc/outputs/first_mismatch_causal/summary.json :: A+ (all)/gt/ade5
5 first_mismatch_causal,all first-mismatch scenes,A+ (all),GT 1-token at t*,fde5,0.5303,0.397,0.6535,m,1107,1107,,,yes,autovla_misalignment_poc/outputs/first_mismatch_causal/summary.json :: A+ (all)/gt/fde5
5 first_mismatch_causal,all first-mismatch scenes,A+ (all),GT 1-token at t*,err_slope,0.0633,0.0464,0.0792,m/step,1055,1055,,,yes,autovla_misalignment_poc/outputs/first_mismatch_causal/summary.json :: A+ (all)/gt/err_slope
5 first_mismatch_causal,all first-mismatch scenes,A+ (all),GT 1-token at t*,entropy_after,0.4959,0.4432,0.5332,nat,1055,1055,,,yes,autovla_misalignment_poc/outputs/first_mismatch_causal/summary.json :: A+ (all)/gt/entropy_after
5 first_mismatch_causal,all first-mismatch scenes,A+ (all),nearest-neighbour token at t*,A+ recovery (5 s),96.2963,94.8716,98.0661,%,1107,1107,,,yes,autovla_misalignment_poc/outputs/first_mismatch_causal/summary.json :: A+ (all)/nn/A5
5 first_mismatch_causal,all first-mismatch scenes,A+ (all),nearest-neighbour token at t*,A3,98.0126,97.0138,99.1352,%,1107,1107,,,yes,autovla_misalignment_poc/outputs/first_mismatch_causal/summary.json :: A+ (all)/nn/A3
5 first_mismatch_causal,all first-mismatch scenes,A+ (all),nearest-neighbour token at t*,downstream_err,61.3249,58.0288,63.5435,%,1055,1055,,,yes,autovla_misalignment_poc/outputs/first_mismatch_causal/summary.json :: A+ (all)/nn/downstream_err
5 first_mismatch_causal,all first-mismatch scenes,A+ (all),nearest-neighbour token at t*,realign,38.6751,36.4565,41.9712,%,1055,1055,,,yes,autovla_misalignment_poc/outputs/first_mismatch_causal/summary.json :: A+ (all)/nn/realign
5 first_mismatch_causal,all first-mismatch scenes,A+ (all),nearest-neighbour token at t*,ade5,0.5192,0.4247,0.605,m,1106,1106,,,yes,autovla_misalignment_poc/outputs/first_mismatch_causal/summary.json :: A+ (all)/nn/ade5
5 first_mismatch_causal,all first-mismatch scenes,A+ (all),nearest-neighbour token at t*,fde5,1.3803,1.1159,1.626,m,1106,1106,,,yes,autovla_misalignment_poc/outputs/first_mismatch_causal/summary.json :: A+ (all)/nn/fde5
5 first_mismatch_causal,all first-mismatch scenes,A+ (all),nearest-neighbour token at t*,err_slope,0.1999,0.1648,0.2319,m/step,1054,1054,,,yes,autovla_misalignment_poc/outputs/first_mismatch_causal/summary.json :: A+ (all)/nn/err_slope
5 first_mismatch_causal,all first-mismatch scenes,A+ (all),nearest-neighbour token at t*,entropy_after,0.9563,0.8834,1.0029,nat,1054,1054,,,yes,autovla_misalignment_poc/outputs/first_mismatch_causal/summary.json :: A+ (all)/nn/entropy_after
5 first_mismatch_causal,paired contrast,A-,gt - original,delta A5,55.7692,35.4136,69.2308,pp,52,,4.176981747150421e-07,McNemar exact (binomial),yes,autovla_misalignment_poc/outputs/first_mismatch_causal/summary.json :: A-/gt - original/A5
5 first_mismatch_causal,paired contrast,A-,gt - original,delta A3,36.5385,25.7143,45.2392,pp,52,,3.814697265625e-06,McNemar exact (binomial),yes,autovla_misalignment_poc/outputs/first_mismatch_causal/summary.json :: A-/gt - original/A3
5 first_mismatch_causal,paired contrast,A-,gt - original,delta downstream_err,-51.0111,-66.1996,-36.6112,pp,52,,4.674847020250009e-08,Wilcoxon signed-rank,yes,autovla_misalignment_poc/outputs/first_mismatch_causal/summary.json :: A-/gt - original/downstream_err
5 first_mismatch_causal,paired contrast,A-,gt - original,delta ade5,-2.232,-2.6456,-1.638,m,52,,1.0147158704532841e-08,Wilcoxon signed-rank,yes,autovla_misalignment_poc/outputs/first_mismatch_causal/summary.json :: A-/gt - original/ade5
5 first_mismatch_causal,paired contrast,A-,gt - original,delta fde5,-6.0948,-7.3839,-4.2752,m,52,,2.249259292956561e-08,Wilcoxon signed-rank,yes,autovla_misalignment_poc/outputs/first_mismatch_causal/summary.json :: A-/gt - original/fde5
5 first_mismatch_causal,paired contrast,A-,gt - original,delta ade3,-0.7878,-1.0107,-0.591,m,52,,3.3256668527266867e-09,Wilcoxon signed-rank,yes,autovla_misalignment_poc/outputs/first_mismatch_causal/summary.json :: A-/gt - original/ade3
5 first_mismatch_causal,paired contrast,A-,gt - original,delta fde3,-1.992,-2.4649,-1.5233,m,52,,6.545980167835017e-09,Wilcoxon signed-rank,yes,autovla_misalignment_poc/outputs/first_mismatch_causal/summary.json :: A-/gt - original/fde3
5 first_mismatch_causal,paired contrast,A-,gt - original,delta err_slope,-0.7891,-0.9741,-0.5396,m,52,,1.728559576931846e-08,Wilcoxon signed-rank,yes,autovla_misalignment_poc/outputs/first_mismatch_causal/summary.json :: A-/gt - original/err_slope
5 first_mismatch_causal,paired contrast,A-,nn - original,delta A5,51.9231,31.0345,64.4077,pp,52,,1.4011748135089874e-06,McNemar exact (binomial),yes,autovla_misalignment_poc/outputs/first_mismatch_causal/summary.json :: A-/nn - original/A5
5 first_mismatch_causal,paired contrast,A-,nn - original,delta A3,25.0,14.2857,34.9206,pp,52,,0.000244140625,McNemar exact (binomial),yes,autovla_misalignment_poc/outputs/first_mismatch_causal/summary.json :: A-/nn - original/A3
5 first_mismatch_causal,paired contrast,A-,nn - original,delta downstream_err,-8.6844,-21.869,-1.518,pp,52,,0.0042289368892728186,Wilcoxon signed-rank,yes,autovla_misalignment_poc/outputs/first_mismatch_causal/summary.json :: A-/nn - original/downstream_err
5 first_mismatch_causal,paired contrast,A-,nn - original,delta ade5,-1.168,-1.7634,-0.2708,m,52,,3.156645713508319e-05,Wilcoxon signed-rank,yes,autovla_misalignment_poc/outputs/first_mismatch_causal/summary.json :: A-/nn - original/ade5
5 first_mismatch_causal,paired contrast,A-,nn - original,delta fde5,-3.2561,-4.6117,-1.3013,m,52,,3.84959115312086e-05,Wilcoxon signed-rank,yes,autovla_misalignment_poc/outputs/first_mismatch_causal/summary.json :: A-/nn - original/fde5
5 first_mismatch_causal,paired contrast,A-,nn - original,delta ade3,-0.4335,-0.7501,-0.021,m,52,,2.6772584215932413e-05,Wilcoxon signed-rank,yes,autovla_misalignment_poc/outputs/first_mismatch_causal/summary.json :: A-/nn - original/ade3
5 first_mismatch_causal,paired contrast,A-,nn - original,delta fde3,-1.0061,-1.7242,0.0027,m,52,,4.74011684984537e-05,Wilcoxon signed-rank,yes,autovla_misalignment_poc/outputs/first_mismatch_causal/summary.json :: A-/nn - original/fde3
5 first_mismatch_causal,paired contrast,A-,nn - original,delta err_slope,-0.4266,-0.6027,-0.1552,m,52,,3.284977866339702e-05,Wilcoxon signed-rank,yes,autovla_misalignment_poc/outputs/first_mismatch_causal/summary.json :: A-/nn - original/err_slope
5 first_mismatch_causal,paired contrast,A-,gt - nn,delta A5,3.8462,-8.7005,18.1865,pp,52,,0.803619384765625,McNemar exact (binomial),yes,autovla_misalignment_poc/outputs/first_mismatch_causal/summary.json :: A-/gt - nn/A5
5 first_mismatch_causal,paired contrast,A-,gt - nn,delta A3,11.5385,4.6485,20.0,pp,52,,0.03125,McNemar exact (binomial),yes,autovla_misalignment_poc/outputs/first_mismatch_causal/summary.json :: A-/gt - nn/A3
5 first_mismatch_causal,paired contrast,A-,gt - nn,delta downstream_err,-42.3268,-51.3768,-30.7637,pp,52,,2.6629953909333775e-07,Wilcoxon signed-rank,yes,autovla_misalignment_poc/outputs/first_mismatch_causal/summary.json :: A-/gt - nn/downstream_err
5 first_mismatch_causal,paired contrast,A-,gt - nn,delta ade5,-1.064,-1.8728,-0.4527,m,52,,0.00014611311112895236,Wilcoxon signed-rank,yes,autovla_misalignment_poc/outputs/first_mismatch_causal/summary.json :: A-/gt - nn/ade5
5 first_mismatch_causal,paired contrast,A-,gt - nn,delta fde5,-2.8388,-4.5493,-1.2707,m,52,,0.000557435479671878,Wilcoxon signed-rank,yes,autovla_misalignment_poc/outputs/first_mismatch_causal/summary.json :: A-/gt - nn/fde5
5 first_mismatch_causal,paired contrast,A-,gt - nn,delta ade3,-0.3543,-0.7268,-0.1384,m,52,,1.308599809102179e-05,Wilcoxon signed-rank,yes,autovla_misalignment_poc/outputs/first_mismatch_causal/summary.json :: A-/gt - nn/ade3
5 first_mismatch_causal,paired contrast,A-,gt - nn,delta fde3,-0.9859,-1.8926,-0.3772,m,52,,3.71822886595204e-05,Wilcoxon signed-rank,yes,autovla_misalignment_poc/outputs/first_mismatch_causal/summary.json :: A-/gt - nn/fde3
5 first_mismatch_causal,paired contrast,A-,gt - nn,delta err_slope,-0.3625,-0.5933,-0.1613,m,52,,0.0009782659407513777,Wilcoxon signed-rank,yes,autovla_misalignment_poc/outputs/first_mismatch_causal/summary.json :: A-/gt - nn/err_slope
5 first_mismatch_causal,paired contrast,A+ (step-matched),gt - original,delta A5,-0.2943,-0.879,0.1711,pp,944,,0.8145294189453125,McNemar exact (binomial),yes,autovla_misalignment_poc/outputs/first_mismatch_causal/summary.json :: A+ (step-matched)/gt - original/A5
5 first_mismatch_causal,paired contrast,A+ (step-matched),gt - original,delta A3,2.7638,1.3497,4.3228,pp,944,,2.09808349609375e-05,McNemar exact (binomial),yes,autovla_misalignment_poc/outputs/first_mismatch_causal/summary.json :: A+ (step-matched)/gt - original/A3
5 first_mismatch_causal,paired contrast,A+ (step-matched),gt - original,delta downstream_err,-42.4634,-45.9082,-38.2765,pp,944,,4.470295933325856e-108,Wilcoxon signed-rank,yes,autovla_misalignment_poc/outputs/first_mismatch_causal/summary.json :: A+ (step-matched)/gt - original/downstream_err
5 first_mismatch_causal,paired contrast,A+ (step-matched),gt - original,delta ade5,-0.5629,-0.6793,-0.4391,m,944,,6.176303430697225e-113,Wilcoxon signed-rank,yes,autovla_misalignment_poc/outputs/first_mismatch_causal/summary.json :: A+ (step-matched)/gt - original/ade5
5 first_mismatch_causal,paired contrast,A+ (step-matched),gt - original,delta fde5,-1.257,-1.5096,-0.9673,m,944,,4.309329054585338e-96,Wilcoxon signed-rank,yes,autovla_misalignment_poc/outputs/first_mismatch_causal/summary.json :: A+ (step-matched)/gt - original/fde5
5 first_mismatch_causal,paired contrast,A+ (step-matched),gt - original,delta ade3,-0.2607,-0.3257,-0.204,m,944,,7.278611763405168e-116,Wilcoxon signed-rank,yes,autovla_misalignment_poc/outputs/first_mismatch_causal/summary.json :: A+ (step-matched)/gt - original/ade3
5 first_mismatch_causal,paired contrast,A+ (step-matched),gt - original,delta fde3,-0.5951,-0.7255,-0.4605,m,944,,6.976409355654424e-110,Wilcoxon signed-rank,yes,autovla_misalignment_poc/outputs/first_mismatch_causal/summary.json :: A+ (step-matched)/gt - original/fde3
5 first_mismatch_causal,paired contrast,A+ (step-matched),gt - original,delta err_slope,-0.1563,-0.1846,-0.1214,m,944,,8.031170116212397e-89,Wilcoxon signed-rank,yes,autovla_misalignment_poc/outputs/first_mismatch_causal/summary.json :: A+ (step-matched)/gt - original/err_slope
5 first_mismatch_causal,paired contrast,A+ (step-matched),nn - original,delta A5,-3.13,-4.8717,-0.7037,pp,944,,1.5374090196473844e-05,McNemar exact (binomial),yes,autovla_misalignment_poc/outputs/first_mismatch_causal/summary.json :: A+ (step-matched)/nn - original/A5
5 first_mismatch_causal,paired contrast,A+ (step-matched),nn - original,delta A3,0.2597,-1.3475,2.5148,pp,944,,1.0,McNemar exact (binomial),yes,autovla_misalignment_poc/outputs/first_mismatch_causal/summary.json :: A+ (step-matched)/nn - original/A3
5 first_mismatch_causal,paired contrast,A+ (step-matched),nn - original,delta downstream_err,-10.0765,-13.1789,-6.3851,pp,944,,6.841395946731428e-12,Wilcoxon signed-rank,yes,autovla_misalignment_poc/outputs/first_mismatch_causal/summary.json :: A+ (step-matched)/nn - original/downstream_err
5 first_mismatch_causal,paired contrast,A+ (step-matched),nn - original,delta ade5,-0.117,-0.224,-0.036,m,943,,1.9538433895888132e-06,Wilcoxon signed-rank,yes,autovla_misalignment_poc/outputs/first_mismatch_causal/summary.json :: A+ (step-matched)/nn - original/ade5
5 first_mismatch_causal,paired contrast,A+ (step-matched),nn - original,delta fde5,-0.174,-0.4287,0.022,m,943,,0.0013175180391721355,Wilcoxon signed-rank,yes,autovla_misalignment_poc/outputs/first_mismatch_causal/summary.json :: A+ (step-matched)/nn - original/fde5
5 first_mismatch_causal,paired contrast,A+ (step-matched),nn - original,delta ade3,-0.0767,-0.1429,-0.0369,m,943,,3.9053439228227754e-14,Wilcoxon signed-rank,yes,autovla_misalignment_poc/outputs/first_mismatch_causal/summary.json :: A+ (step-matched)/nn - original/ade3
5 first_mismatch_causal,paired contrast,A+ (step-matched),nn - original,delta fde3,-0.1445,-0.259,-0.061,m,943,,3.753168854886105e-09,Wilcoxon signed-rank,yes,autovla_misalignment_poc/outputs/first_mismatch_causal/summary.json :: A+ (step-matched)/nn - original/fde3
5 first_mismatch_causal,paired contrast,A+ (step-matched),nn - original,delta err_slope,-0.0183,-0.047,0.0044,m,943,,0.01876313597921831,Wilcoxon signed-rank,yes,autovla_misalignment_poc/outputs/first_mismatch_causal/summary.json :: A+ (step-matched)/nn - original/err_slope
5 first_mismatch_causal,paired contrast,A+ (step-matched),gt - nn,delta A5,2.8356,0.1212,4.6204,pp,944,,4.1934157934520044e-05,McNemar exact (binomial),yes,autovla_misalignment_poc/outputs/first_mismatch_causal/summary.json :: A+ (step-matched)/gt - nn/A5
5 first_mismatch_causal,paired contrast,A+ (step-matched),gt - nn,delta A3,2.5041,0.6893,4.0367,pp,944,,2.09808349609375e-05,McNemar exact (binomial),yes,autovla_misalignment_poc/outputs/first_mismatch_causal/summary.json :: A+ (step-matched)/gt - nn/A3
5 first_mismatch_causal,paired contrast,A+ (step-matched),gt - nn,delta downstream_err,-32.3869,-35.5742,-28.9131,pp,944,,3.531273212086215e-83,Wilcoxon signed-rank,yes,autovla_misalignment_poc/outputs/first_mismatch_causal/summary.json :: A+ (step-matched)/gt - nn/downstream_err
5 first_mismatch_causal,paired contrast,A+ (step-matched),gt - nn,delta ade5,-0.4435,-0.5297,-0.3343,m,943,,2.308961498629131e-90,Wilcoxon signed-rank,yes,autovla_misalignment_poc/outputs/first_mismatch_causal/summary.json :: A+ (step-matched)/gt - nn/ade5
5 first_mismatch_causal,paired contrast,A+ (step-matched),gt - nn,delta fde5,-1.0767,-1.3081,-0.7687,m,943,,2.7990702364484636e-77,Wilcoxon signed-rank,yes,autovla_misalignment_poc/outputs/first_mismatch_causal/summary.json :: A+ (step-matched)/gt - nn/fde5
5 first_mismatch_causal,paired contrast,A+ (step-matched),gt - nn,delta ade3,-0.1834,-0.2187,-0.1406,m,943,,2.414056869824368e-94,Wilcoxon signed-rank,yes,autovla_misalignment_poc/outputs/first_mismatch_causal/summary.json :: A+ (step-matched)/gt - nn/ade3
5 first_mismatch_causal,paired contrast,A+ (step-matched),gt - nn,delta fde3,-0.4483,-0.5323,-0.3417,m,943,,3.644861074933807e-88,Wilcoxon signed-rank,yes,autovla_misalignment_poc/outputs/first_mismatch_causal/summary.json :: A+ (step-matched)/gt - nn/fde3
5 first_mismatch_causal,paired contrast,A+ (step-matched),gt - nn,delta err_slope,-0.1372,-0.1642,-0.0999,m,943,,5.280020413793199e-78,Wilcoxon signed-rank,yes,autovla_misalignment_poc/outputs/first_mismatch_causal/summary.json :: A+ (step-matched)/gt - nn/err_slope
5 first_mismatch_causal,paired contrast,A+ (all),gt - original,delta A5,-0.1807,-0.8,0.3034,pp,1107,,0.8145294189453125,McNemar exact (binomial),yes,autovla_misalignment_poc/outputs/first_mismatch_causal/summary.json :: A+ (all)/gt - original/A5
5 first_mismatch_causal,paired contrast,A+ (all),gt - original,delta A3,1.7164,0.705,2.8801,pp,1107,,2.09808349609375e-05,McNemar exact (binomial),yes,autovla_misalignment_poc/outputs/first_mismatch_causal/summary.json :: A+ (all)/gt - original/A3
5 first_mismatch_causal,paired contrast,A+ (all),gt - original,delta downstream_err,-45.5334,-48.2732,-42.3942,pp,1055,,6.780418148064338e-119,Wilcoxon signed-rank,yes,autovla_misalignment_poc/outputs/first_mismatch_causal/summary.json :: A+ (all)/gt - original/downstream_err
5 first_mismatch_causal,paired contrast,A+ (all),gt - original,delta ade5,-0.4012,-0.4872,-0.3107,m,1107,,2.5444789261911286e-131,Wilcoxon signed-rank,yes,autovla_misalignment_poc/outputs/first_mismatch_causal/summary.json :: A+ (all)/gt - original/ade5
5 first_mismatch_causal,paired contrast,A+ (all),gt - original,delta fde5,-0.9661,-1.1468,-0.7435,m,1107,,5.155551353103952e-114,Wilcoxon signed-rank,yes,autovla_misalignment_poc/outputs/first_mismatch_causal/summary.json :: A+ (all)/gt - original/fde5
5 first_mismatch_causal,paired contrast,A+ (all),gt - original,delta ade3,-0.1694,-0.215,-0.13,m,1107,,7.278611763405168e-116,Wilcoxon signed-rank,yes,autovla_misalignment_poc/outputs/first_mismatch_causal/summary.json :: A+ (all)/gt - original/ade3
5 first_mismatch_causal,paired contrast,A+ (all),gt - original,delta fde3,-0.403,-0.5002,-0.3069,m,1107,,6.976409355654424e-110,Wilcoxon signed-rank,yes,autovla_misalignment_poc/outputs/first_mismatch_causal/summary.json :: A+ (all)/gt - original/fde3
5 first_mismatch_causal,paired contrast,A+ (all),gt - original,delta err_slope,-0.1452,-0.1686,-0.1157,m,1055,,8.563227249807431e-101,Wilcoxon signed-rank,yes,autovla_misalignment_poc/outputs/first_mismatch_causal/summary.json :: A+ (all)/gt - original/err_slope
5 first_mismatch_causal,paired contrast,A+ (all),nn - original,delta A5,-2.8907,-4.2857,-1.1,pp,1107,,3.3052667092192682e-06,McNemar exact (binomial),yes,autovla_misalignment_poc/outputs/first_mismatch_causal/summary.json :: A+ (all)/nn - original/A5
5 first_mismatch_causal,paired contrast,A+ (all),nn - original,delta A3,0.0,-1.046,1.4729,pp,1107,,1.0,McNemar exact (binomial),yes,autovla_misalignment_poc/outputs/first_mismatch_causal/summary.json :: A+ (all)/nn - original/A3
5 first_mismatch_causal,paired contrast,A+ (all),nn - original,delta downstream_err,-9.2143,-11.9456,-6.7033,pp,1055,,2.55738060889279e-11,Wilcoxon signed-rank,yes,autovla_misalignment_poc/outputs/first_mismatch_causal/summary.json :: A+ (all)/nn - original/downstream_err
5 first_mismatch_causal,paired contrast,A+ (all),nn - original,delta ade5,-0.0794,-0.1413,-0.0306,m,1106,,2.821948336580405e-08,Wilcoxon signed-rank,yes,autovla_misalignment_poc/outputs/first_mismatch_causal/summary.json :: A+ (all)/nn - original/ade5
5 first_mismatch_causal,paired contrast,A+ (all),nn - original,delta fde5,-0.1129,-0.2543,-0.0048,m,1106,,3.6988428876374185e-05,Wilcoxon signed-rank,yes,autovla_misalignment_poc/outputs/first_mismatch_causal/summary.json :: A+ (all)/nn - original/fde5
5 first_mismatch_causal,paired contrast,A+ (all),nn - original,delta ade3,-0.0523,-0.0924,-0.0273,m,1106,,3.9053439228227754e-14,Wilcoxon signed-rank,yes,autovla_misalignment_poc/outputs/first_mismatch_causal/summary.json :: A+ (all)/nn - original/ade3
5 first_mismatch_causal,paired contrast,A+ (all),nn - original,delta fde3,-0.1015,-0.173,-0.0472,m,1106,,3.753168854886105e-09,Wilcoxon signed-rank,yes,autovla_misalignment_poc/outputs/first_mismatch_causal/summary.json :: A+ (all)/nn - original/fde3
5 first_mismatch_causal,paired contrast,A+ (all),nn - original,delta err_slope,-0.0081,-0.028,0.0097,m,1054,,0.0036283714618945036,Wilcoxon signed-rank,yes,autovla_misalignment_poc/outputs/first_mismatch_causal/summary.json :: A+ (all)/nn - original/err_slope
5 first_mismatch_causal,paired contrast,A+ (all),gt - nn,delta A5,2.71,0.7395,4.1181,pp,1107,,9.24769992138863e-06,McNemar exact (binomial),yes,autovla_misalignment_poc/outputs/first_mismatch_causal/summary.json :: A+ (all)/gt - nn/A5
5 first_mismatch_causal,paired contrast,A+ (all),gt - nn,delta A3,1.7164,0.486,2.7311,pp,1107,,2.09808349609375e-05,McNemar exact (binomial),yes,autovla_misalignment_poc/outputs/first_mismatch_causal/summary.json :: A+ (all)/gt - nn/A3
5 first_mismatch_causal,paired contrast,A+ (all),gt - nn,delta downstream_err,-36.3191,-38.8925,-33.0278,pp,1055,,1.223105858981309e-93,Wilcoxon signed-rank,yes,autovla_misalignment_poc/outputs/first_mismatch_causal/summary.json :: A+ (all)/gt - nn/downstream_err
5 first_mismatch_causal,paired contrast,A+ (all),gt - nn,delta ade5,-0.3205,-0.3896,-0.244,m,1106,,9.834457198864751e-105,Wilcoxon signed-rank,yes,autovla_misalignment_poc/outputs/first_mismatch_causal/summary.json :: A+ (all)/gt - nn/ade5
5 first_mismatch_causal,paired contrast,A+ (all),gt - nn,delta fde5,-0.8495,-1.0376,-0.6273,m,1106,,4.361878821210821e-91,Wilcoxon signed-rank,yes,autovla_misalignment_poc/outputs/first_mismatch_causal/summary.json :: A+ (all)/gt - nn/fde5
5 first_mismatch_causal,paired contrast,A+ (all),gt - nn,delta ade3,-0.1167,-0.1421,-0.0889,m,1106,,2.414056869824368e-94,Wilcoxon signed-rank,yes,autovla_misalignment_poc/outputs/first_mismatch_causal/summary.json :: A+ (all)/gt - nn/ade3
5 first_mismatch_causal,paired contrast,A+ (all),gt - nn,delta fde3,-0.3,-0.3632,-0.2302,m,1106,,3.644861074933807e-88,Wilcoxon signed-rank,yes,autovla_misalignment_poc/outputs/first_mismatch_causal/summary.json :: A+ (all)/gt - nn/fde3
5 first_mismatch_causal,paired contrast,A+ (all),gt - nn,delta err_slope,-0.1366,-0.1622,-0.1056,m,1054,,2.874945700434348e-87,Wilcoxon signed-rank,yes,autovla_misalignment_poc/outputs/first_mismatch_causal/summary.json :: A+ (all)/gt - nn/err_slope
7 action_history_causal,all perturbations,A-,Normal AR,amplification,47.3973,37.6943,56.977,%,365,52,,,yes,autovla_misalignment_poc/outputs/action_history_causal/summary.json :: subsets/all perturbations/A-/conditions/normal/amplification
7 action_history_causal,all perturbations,A-,Normal AR,recovery,44.6575,36.7453,52.4007,%,365,52,,,yes,autovla_misalignment_poc/outputs/action_history_causal/summary.json :: subsets/all perturbations/A-/conditions/normal/recovery
7 action_history_causal,all perturbations,A-,Normal AR,ade5,2.4464,2.0618,2.7545,m,365,52,,,yes,autovla_misalignment_poc/outputs/action_history_causal/summary.json :: subsets/all perturbations/A-/conditions/normal/ade5
7 action_history_causal,all perturbations,A-,Normal AR,fde5,6.5356,5.3563,7.4507,m,365,52,,,yes,autovla_misalignment_poc/outputs/action_history_causal/summary.json :: subsets/all perturbations/A-/conditions/normal/fde5
7 action_history_causal,all perturbations,A-,Normal AR,downstream_err,91.6346,88.1389,94.2742,%,365,52,,,yes,autovla_misalignment_poc/outputs/action_history_causal/summary.json :: subsets/all perturbations/A-/conditions/normal/downstream_err
7 action_history_causal,all perturbations,A-,Normal AR,realign,8.3654,5.7258,11.8611,%,365,52,,,yes,autovla_misalignment_poc/outputs/action_history_causal/summary.json :: subsets/all perturbations/A-/conditions/normal/realign
7 action_history_causal,all perturbations,A-,Normal AR,entropy,1.4323,1.2958,1.5829,nat,365,52,,,yes,autovla_misalignment_poc/outputs/action_history_causal/summary.json :: subsets/all perturbations/A-/conditions/normal/entropy
7 action_history_causal,all perturbations,A-,Normal AR,err_slope,0.7907,0.6562,0.91,m/step,365,52,,,yes,autovla_misalignment_poc/outputs/action_history_causal/summary.json :: subsets/all perturbations/A-/conditions/normal/err_slope
7 action_history_causal,all perturbations,A-,Action-history attention mask,amplification,46.0274,38.4601,58.59,%,365,52,,,yes,autovla_misalignment_poc/outputs/action_history_causal/summary.json :: subsets/all perturbations/A-/conditions/hist_attn_mask/amplification
7 action_history_causal,all perturbations,A-,Action-history attention mask,recovery,47.6712,35.3169,56.2249,%,365,52,,,yes,autovla_misalignment_poc/outputs/action_history_causal/summary.json :: subsets/all perturbations/A-/conditions/hist_attn_mask/recovery
7 action_history_causal,all perturbations,A-,Action-history attention mask,ade5,2.2841,1.8974,2.6254,m,365,52,,,yes,autovla_misalignment_poc/outputs/action_history_causal/summary.json :: subsets/all perturbations/A-/conditions/hist_attn_mask/ade5
7 action_history_causal,all perturbations,A-,Action-history attention mask,fde5,5.9639,4.8255,6.9618,m,365,52,,,yes,autovla_misalignment_poc/outputs/action_history_causal/summary.json :: subsets/all perturbations/A-/conditions/hist_attn_mask/fde5
7 action_history_causal,all perturbations,A-,Action-history attention mask,downstream_err,92.8127,89.0624,95.1351,%,365,52,,,yes,autovla_misalignment_poc/outputs/action_history_causal/summary.json :: subsets/all perturbations/A-/conditions/hist_attn_mask/downstream_err
7 action_history_causal,all perturbations,A-,Action-history attention mask,realign,7.1873,4.8649,10.9376,%,365,52,,,yes,autovla_misalignment_poc/outputs/action_history_causal/summary.json :: subsets/all perturbations/A-/conditions/hist_attn_mask/realign
7 action_history_causal,all perturbations,A-,Action-history attention mask,entropy,1.41,1.234,1.5698,nat,365,52,,,yes,autovla_misalignment_poc/outputs/action_history_causal/summary.json :: subsets/all perturbations/A-/conditions/hist_attn_mask/entropy
7 action_history_causal,all perturbations,A-,Action-history attention mask,err_slope,0.7249,0.5858,0.8489,m/step,365,52,,,yes,autovla_misalignment_poc/outputs/action_history_causal/summary.json :: subsets/all perturbations/A-/conditions/hist_attn_mask/err_slope
7 action_history_causal,all perturbations,A-,Recent-action attention mask,amplification,44.1096,34.5673,53.7973,%,365,52,,,yes,autovla_misalignment_poc/outputs/action_history_causal/summary.json :: subsets/all perturbations/A-/conditions/recent_attn_mask/amplification
7 action_history_causal,all perturbations,A-,Recent-action attention mask,recovery,46.5753,38.977,55.1458,%,365,52,,,yes,autovla_misalignment_poc/outputs/action_history_causal/summary.json :: subsets/all perturbations/A-/conditions/recent_attn_mask/recovery
7 action_history_causal,all perturbations,A-,Recent-action attention mask,ade5,2.3339,1.9572,2.6483,m,365,52,,,yes,autovla_misalignment_poc/outputs/action_history_causal/summary.json :: subsets/all perturbations/A-/conditions/recent_attn_mask/ade5
7 action_history_causal,all perturbations,A-,Recent-action attention mask,fde5,6.1715,4.992,7.2101,m,365,52,,,yes,autovla_misalignment_poc/outputs/action_history_causal/summary.json :: subsets/all perturbations/A-/conditions/recent_attn_mask/fde5
7 action_history_causal,all perturbations,A-,Recent-action attention mask,downstream_err,91.3841,87.8165,93.7583,%,365,52,,,yes,autovla_misalignment_poc/outputs/action_history_causal/summary.json :: subsets/all perturbations/A-/conditions/recent_attn_mask/downstream_err
7 action_history_causal,all perturbations,A-,Recent-action attention mask,realign,8.6159,6.2417,12.1835,%,365,52,,,yes,autovla_misalignment_poc/outputs/action_history_causal/summary.json :: subsets/all perturbations/A-/conditions/recent_attn_mask/realign
7 action_history_causal,all perturbations,A-,Recent-action attention mask,entropy,1.516,1.3389,1.6761,nat,365,52,,,yes,autovla_misalignment_poc/outputs/action_history_causal/summary.json :: subsets/all perturbations/A-/conditions/recent_attn_mask/entropy
7 action_history_causal,all perturbations,A-,Recent-action attention mask,err_slope,0.7482,0.6076,0.8752,m/step,365,52,,,yes,autovla_misalignment_poc/outputs/action_history_causal/summary.json :: subsets/all perturbations/A-/conditions/recent_attn_mask/err_slope
7 action_history_causal,all perturbations,A-,[OOD] Action-history embedding neutralised,amplification,66.5753,52.8141,81.6593,%,365,52,,,no (OOD),autovla_misalignment_poc/outputs/action_history_causal/summary.json :: subsets/all perturbations/A-/conditions/hist_emb_neutral/amplification
7 action_history_causal,all perturbations,A-,[OOD] Action-history embedding neutralised,recovery,33.4247,18.3407,47.1859,%,365,52,,,no (OOD),autovla_misalignment_poc/outputs/action_history_causal/summary.json :: subsets/all perturbations/A-/conditions/hist_emb_neutral/recovery
7 action_history_causal,all perturbations,A-,[OOD] Action-history embedding neutralised,ade5,9.4142,7.5618,11.0297,m,365,52,,,no (OOD),autovla_misalignment_poc/outputs/action_history_causal/summary.json :: subsets/all perturbations/A-/conditions/hist_emb_neutral/ade5
7 action_history_causal,all perturbations,A-,[OOD] Action-history embedding neutralised,fde5,25.8638,21.9097,28.9279,m,365,52,,,no (OOD),autovla_misalignment_poc/outputs/action_history_causal/summary.json :: subsets/all perturbations/A-/conditions/hist_emb_neutral/fde5
7 action_history_causal,all perturbations,A-,[OOD] Action-history embedding neutralised,downstream_err,98.516,97.2279,100.0,%,365,52,,,no (OOD),autovla_misalignment_poc/outputs/action_history_causal/summary.json :: subsets/all perturbations/A-/conditions/hist_emb_neutral/downstream_err
7 action_history_causal,all perturbations,A-,[OOD] Action-history embedding neutralised,realign,1.484,0.0,2.7721,%,365,52,,,no (OOD),autovla_misalignment_poc/outputs/action_history_causal/summary.json :: subsets/all perturbations/A-/conditions/hist_emb_neutral/realign
7 action_history_causal,all perturbations,A-,[OOD] Action-history embedding neutralised,entropy,4.2556,4.1488,4.3475,nat,365,52,,,no (OOD),autovla_misalignment_poc/outputs/action_history_causal/summary.json :: subsets/all perturbations/A-/conditions/hist_emb_neutral/entropy
7 action_history_causal,all perturbations,A-,[OOD] Action-history embedding neutralised,err_slope,3.2198,2.7747,3.5767,m/step,365,52,,,no (OOD),autovla_misalignment_poc/outputs/action_history_causal/summary.json :: subsets/all perturbations/A-/conditions/hist_emb_neutral/err_slope
7 action_history_causal,all perturbations,A-,[OOD] Recent-action embedding neutralised,amplification,52.3288,44.2505,61.0801,%,365,52,,,no (OOD),autovla_misalignment_poc/outputs/action_history_causal/summary.json :: subsets/all perturbations/A-/conditions/recent_emb_neutral/amplification
7 action_history_causal,all perturbations,A-,[OOD] Recent-action embedding neutralised,recovery,44.3836,35.6503,52.2649,%,365,52,,,no (OOD),autovla_misalignment_poc/outputs/action_history_causal/summary.json :: subsets/all perturbations/A-/conditions/recent_emb_neutral/recovery
7 action_history_causal,all perturbations,A-,[OOD] Recent-action embedding neutralised,ade5,4.373,3.5054,5.2873,m,365,52,,,no (OOD),autovla_misalignment_poc/outputs/action_history_causal/summary.json :: subsets/all perturbations/A-/conditions/recent_emb_neutral/ade5
7 action_history_causal,all perturbations,A-,[OOD] Recent-action embedding neutralised,fde5,10.4547,8.6388,12.0822,m,365,52,,,no (OOD),autovla_misalignment_poc/outputs/action_history_causal/summary.json :: subsets/all perturbations/A-/conditions/recent_emb_neutral/fde5
7 action_history_causal,all perturbations,A-,[OOD] Recent-action embedding neutralised,downstream_err,97.2429,95.9916,99.0765,%,365,52,,,no (OOD),autovla_misalignment_poc/outputs/action_history_causal/summary.json :: subsets/all perturbations/A-/conditions/recent_emb_neutral/downstream_err
7 action_history_causal,all perturbations,A-,[OOD] Recent-action embedding neutralised,realign,2.7571,0.9235,4.0084,%,365,52,,,no (OOD),autovla_misalignment_poc/outputs/action_history_causal/summary.json :: subsets/all perturbations/A-/conditions/recent_emb_neutral/realign
7 action_history_causal,all perturbations,A-,[OOD] Recent-action embedding neutralised,entropy,3.3137,3.0524,3.62,nat,365,52,,,no (OOD),autovla_misalignment_poc/outputs/action_history_causal/summary.json :: subsets/all perturbations/A-/conditions/recent_emb_neutral/entropy
7 action_history_causal,all perturbations,A-,[OOD] Recent-action embedding neutralised,err_slope,1.2869,1.0799,1.4543,m/step,365,52,,,no (OOD),autovla_misalignment_poc/outputs/action_history_causal/summary.json :: subsets/all perturbations/A-/conditions/recent_emb_neutral/err_slope
7 action_history_causal,all perturbations,A-,GT-history,amplification,4.1096,1.2578,7.7245,%,365,52,,,yes,autovla_misalignment_poc/outputs/action_history_causal/summary.json :: subsets/all perturbations/A-/conditions/gt_history/amplification
7 action_history_causal,all perturbations,A-,GT-history,recovery,93.1507,86.9403,97.3635,%,365,52,,,yes,autovla_misalignment_poc/outputs/action_history_causal/summary.json :: subsets/all perturbations/A-/conditions/gt_history/recovery
7 action_history_causal,all perturbations,A-,GT-history,ade5,0.9123,0.6808,1.1907,m,365,52,,,yes,autovla_misalignment_poc/outputs/action_history_causal/summary.json :: subsets/all perturbations/A-/conditions/gt_history/ade5
7 action_history_causal,all perturbations,A-,GT-history,fde5,1.8049,1.2823,2.5395,m,365,52,,,yes,autovla_misalignment_poc/outputs/action_history_causal/summary.json :: subsets/all perturbations/A-/conditions/gt_history/fde5
7 action_history_causal,all perturbations,A-,GT-history,downstream_err,36.2665,32.9674,41.6777,%,365,52,,,yes,autovla_misalignment_poc/outputs/action_history_causal/summary.json :: subsets/all perturbations/A-/conditions/gt_history/downstream_err
7 action_history_causal,all perturbations,A-,GT-history,realign,63.7335,58.3223,67.0326,%,365,52,,,yes,autovla_misalignment_poc/outputs/action_history_causal/summary.json :: subsets/all perturbations/A-/conditions/gt_history/realign
7 action_history_causal,all perturbations,A-,GT-history,entropy,0.9076,0.7892,1.0818,nat,365,52,,,yes,autovla_misalignment_poc/outputs/action_history_causal/summary.json :: subsets/all perturbations/A-/conditions/gt_history/entropy
7 action_history_causal,all perturbations,A-,GT-history,err_slope,0.1936,0.1351,0.2822,m/step,365,52,,,yes,autovla_misalignment_poc/outputs/action_history_causal/summary.json :: subsets/all perturbations/A-/conditions/gt_history/err_slope
7 action_history_causal,all perturbations,A-,Recent-GT (previous 1 token = GT),amplification,7.1233,4.1667,9.7422,%,365,52,,,yes,autovla_misalignment_poc/outputs/action_history_causal/summary.json :: subsets/all perturbations/A-/conditions/recent_gt/amplification
7 action_history_causal,all perturbations,A-,Recent-GT (previous 1 token = GT),recovery,89.589,84.9206,93.0085,%,365,52,,,yes,autovla_misalignment_poc/outputs/action_history_causal/summary.json :: subsets/all perturbations/A-/conditions/recent_gt/recovery
7 action_history_causal,all perturbations,A-,Recent-GT (previous 1 token = GT),ade5,1.0743,0.8066,1.3538,m,365,52,,,yes,autovla_misalignment_poc/outputs/action_history_causal/summary.json :: subsets/all perturbations/A-/conditions/recent_gt/ade5
7 action_history_causal,all perturbations,A-,Recent-GT (previous 1 token = GT),fde5,2.3387,1.5924,3.1653,m,365,52,,,yes,autovla_misalignment_poc/outputs/action_history_causal/summary.json :: subsets/all perturbations/A-/conditions/recent_gt/fde5
7 action_history_causal,all perturbations,A-,Recent-GT (previous 1 token = GT),downstream_err,61.387,56.9239,68.2665,%,365,52,,,yes,autovla_misalignment_poc/outputs/action_history_causal/summary.json :: subsets/all perturbations/A-/conditions/recent_gt/downstream_err
7 action_history_causal,all perturbations,A-,Recent-GT (previous 1 token = GT),realign,38.613,31.7335,43.0761,%,365,52,,,yes,autovla_misalignment_poc/outputs/action_history_causal/summary.json :: subsets/all perturbations/A-/conditions/recent_gt/realign
7 action_history_causal,all perturbations,A-,Recent-GT (previous 1 token = GT),entropy,1.4049,1.2538,1.551,nat,365,52,,,yes,autovla_misalignment_poc/outputs/action_history_causal/summary.json :: subsets/all perturbations/A-/conditions/recent_gt/entropy
7 action_history_causal,all perturbations,A-,Recent-GT (previous 1 token = GT),err_slope,0.2578,0.1766,0.3511,m/step,365,52,,,yes,autovla_misalignment_poc/outputs/action_history_causal/summary.json :: subsets/all perturbations/A-/conditions/recent_gt/err_slope
7 action_history_causal,all perturbations,A-,Action-history attention mask - Normal AR,delta amplification,-1.3699,-8.4635,7.4305,pp,365,52,0.6304564917867981,McNemar exact,yes,autovla_misalignment_poc/outputs/action_history_causal/summary.json :: subsets/all perturbations/A-/vs_normal/hist_attn_mask/amplification
7 action_history_causal,all perturbations,A-,Action-history attention mask - Normal AR,delta recovery,3.0137,-6.1157,9.7175,pp,365,52,0.272268945972048,McNemar exact,yes,autovla_misalignment_poc/outputs/action_history_causal/summary.json :: subsets/all perturbations/A-/vs_normal/hist_attn_mask/recovery
7 action_history_causal,all perturbations,A-,Action-history attention mask - Normal AR,delta fde5,-0.5717,-0.9898,-0.1,m,365,52,0.002850302275699708,Wilcoxon signed-rank,yes,autovla_misalignment_poc/outputs/action_history_causal/summary.json :: subsets/all perturbations/A-/vs_normal/hist_attn_mask/fde5
7 action_history_causal,all perturbations,A-,Action-history attention mask - Normal AR,delta ade5,-0.1623,-0.3265,-0.0061,m,365,52,0.008184724568143032,Wilcoxon signed-rank,yes,autovla_misalignment_poc/outputs/action_history_causal/summary.json :: subsets/all perturbations/A-/vs_normal/hist_attn_mask/ade5
7 action_history_causal,all perturbations,A-,Action-history attention mask - Normal AR,delta downstream_err,1.1781,-1.1361,3.1844,pp,365,52,0.625197368769413,Wilcoxon signed-rank,yes,autovla_misalignment_poc/outputs/action_history_causal/summary.json :: subsets/all perturbations/A-/vs_normal/hist_attn_mask/downstream_err
7 action_history_causal,all perturbations,A-,Recent-action attention mask - Normal AR,delta amplification,-3.2877,-9.6777,2.8813,pp,365,52,0.1818100545355934,McNemar exact,yes,autovla_misalignment_poc/outputs/action_history_causal/summary.json :: subsets/all perturbations/A-/vs_normal/recent_attn_mask/amplification
7 action_history_causal,all perturbations,A-,Recent-action attention mask - Normal AR,delta recovery,1.9178,-1.8296,7.6307,pp,365,52,0.5202915935750733,McNemar exact,yes,autovla_misalignment_poc/outputs/action_history_causal/summary.json :: subsets/all perturbations/A-/vs_normal/recent_attn_mask/recovery
7 action_history_causal,all perturbations,A-,Recent-action attention mask - Normal AR,delta fde5,-0.3641,-0.7316,-0.0674,m,365,52,0.07578506984239722,Wilcoxon signed-rank,yes,autovla_misalignment_poc/outputs/action_history_causal/summary.json :: subsets/all perturbations/A-/vs_normal/recent_attn_mask/fde5
7 action_history_causal,all perturbations,A-,Recent-action attention mask - Normal AR,delta ade5,-0.1124,-0.259,-0.0016,m,365,52,0.1313310532660049,Wilcoxon signed-rank,yes,autovla_misalignment_poc/outputs/action_history_causal/summary.json :: subsets/all perturbations/A-/vs_normal/recent_attn_mask/ade5
7 action_history_causal,all perturbations,A-,Recent-action attention mask - Normal AR,delta downstream_err,-0.2505,-2.0102,1.4234,pp,365,52,0.40797108169984597,Wilcoxon signed-rank,yes,autovla_misalignment_poc/outputs/action_history_causal/summary.json :: subsets/all perturbations/A-/vs_normal/recent_attn_mask/downstream_err
7 action_history_causal,all perturbations,A-,[OOD] Action-history embedding neutralised - Normal AR,delta amplification,19.1781,-0.0054,40.5167,pp,365,52,5.544139314504628e-07,McNemar exact,no (OOD),autovla_misalignment_poc/outputs/action_history_causal/summary.json :: subsets/all perturbations/A-/vs_normal/hist_emb_neutral/amplification
7 action_history_causal,all perturbations,A-,[OOD] Action-history embedding neutralised - Normal AR,delta recovery,-11.2329,-29.3481,4.9009,pp,365,52,0.0018783308897799415,McNemar exact,no (OOD),autovla_misalignment_poc/outputs/action_history_causal/summary.json :: subsets/all perturbations/A-/vs_normal/hist_emb_neutral/recovery
7 action_history_causal,all perturbations,A-,[OOD] Action-history embedding neutralised - Normal AR,delta fde5,19.3283,15.6675,22.7,m,365,52,1.239490304389932e-60,Wilcoxon signed-rank,no (OOD),autovla_misalignment_poc/outputs/action_history_causal/summary.json :: subsets/all perturbations/A-/vs_normal/hist_emb_neutral/fde5
7 action_history_causal,all perturbations,A-,[OOD] Action-history embedding neutralised - Normal AR,delta ade5,6.9679,5.1039,8.7386,m,365,52,1.4062927375221325e-58,Wilcoxon signed-rank,no (OOD),autovla_misalignment_poc/outputs/action_history_causal/summary.json :: subsets/all perturbations/A-/vs_normal/hist_emb_neutral/ade5
7 action_history_causal,all perturbations,A-,[OOD] Action-history embedding neutralised - Normal AR,delta downstream_err,6.8814,3.9633,11.7084,pp,365,52,6.3499298235742945e-12,Wilcoxon signed-rank,no (OOD),autovla_misalignment_poc/outputs/action_history_causal/summary.json :: subsets/all perturbations/A-/vs_normal/hist_emb_neutral/downstream_err
7 action_history_causal,all perturbations,A-,[OOD] Recent-action embedding neutralised - Normal AR,delta amplification,4.9315,-6.1703,16.2703,pp,365,52,0.17051654860818766,McNemar exact,no (OOD),autovla_misalignment_poc/outputs/action_history_causal/summary.json :: subsets/all perturbations/A-/vs_normal/recent_emb_neutral/amplification
7 action_history_causal,all perturbations,A-,[OOD] Recent-action embedding neutralised - Normal AR,delta recovery,-0.274,-10.3155,9.2923,pp,365,52,1.0,McNemar exact,no (OOD),autovla_misalignment_poc/outputs/action_history_causal/summary.json :: subsets/all perturbations/A-/vs_normal/recent_emb_neutral/recovery
7 action_history_causal,all perturbations,A-,[OOD] Recent-action embedding neutralised - Normal AR,delta fde5,3.9192,2.1825,5.9324,m,365,52,4.95371479640954e-17,Wilcoxon signed-rank,no (OOD),autovla_misalignment_poc/outputs/action_history_causal/summary.json :: subsets/all perturbations/A-/vs_normal/recent_emb_neutral/fde5
7 action_history_causal,all perturbations,A-,[OOD] Recent-action embedding neutralised - Normal AR,delta ade5,1.9266,1.0734,2.9903,m,365,52,5.668192707993776e-23,Wilcoxon signed-rank,no (OOD),autovla_misalignment_poc/outputs/action_history_causal/summary.json :: subsets/all perturbations/A-/vs_normal/recent_emb_neutral/ade5
7 action_history_causal,all perturbations,A-,[OOD] Recent-action embedding neutralised - Normal AR,delta downstream_err,5.6083,2.4771,10.7239,pp,365,52,4.587466877534612e-07,Wilcoxon signed-rank,no (OOD),autovla_misalignment_poc/outputs/action_history_causal/summary.json :: subsets/all perturbations/A-/vs_normal/recent_emb_neutral/downstream_err
7 action_history_causal,all perturbations,A-,GT-history - Normal AR,delta amplification,-43.2877,-54.2117,-32.102,pp,365,52,2.2032134058231987e-46,McNemar exact,yes,autovla_misalignment_poc/outputs/action_history_causal/summary.json :: subsets/all perturbations/A-/vs_normal/gt_history/amplification
7 action_history_causal,all perturbations,A-,GT-history - Normal AR,delta recovery,48.4932,37.9822,57.7798,pp,365,52,4.698219216958938e-52,McNemar exact,yes,autovla_misalignment_poc/outputs/action_history_causal/summary.json :: subsets/all perturbations/A-/vs_normal/gt_history/recovery
7 action_history_causal,all perturbations,A-,GT-history - Normal AR,delta fde5,-4.7307,-5.5207,-3.7242,m,365,52,1.3939129133339596e-55,Wilcoxon signed-rank,yes,autovla_misalignment_poc/outputs/action_history_causal/summary.json :: subsets/all perturbations/A-/vs_normal/gt_history/fde5
7 action_history_causal,all perturbations,A-,GT-history - Normal AR,delta ade5,-1.5341,-1.738,-1.2521,m,365,52,6.242641122485414e-56,Wilcoxon signed-rank,yes,autovla_misalignment_poc/outputs/action_history_causal/summary.json :: subsets/all perturbations/A-/vs_normal/gt_history/ade5
7 action_history_causal,all perturbations,A-,GT-history - Normal AR,delta downstream_err,-55.3681,-59.1803,-49.2786,pp,365,52,1.8925423441361733e-59,Wilcoxon signed-rank,yes,autovla_misalignment_poc/outputs/action_history_causal/summary.json :: subsets/all perturbations/A-/vs_normal/gt_history/downstream_err
7 action_history_causal,all perturbations,A-,Recent-GT (previous 1 token = GT) - Normal AR,delta amplification,-40.274,-50.3399,-29.9977,pp,365,52,8.041351237527963e-42,McNemar exact,yes,autovla_misalignment_poc/outputs/action_history_causal/summary.json :: subsets/all perturbations/A-/vs_normal/recent_gt/amplification
7 action_history_causal,all perturbations,A-,Recent-GT (previous 1 token = GT) - Normal AR,delta recovery,44.9315,35.7683,53.7737,pp,365,52,7.58904811783578e-47,McNemar exact,yes,autovla_misalignment_poc/outputs/action_history_causal/summary.json :: subsets/all perturbations/A-/vs_normal/recent_gt/recovery
7 action_history_causal,all perturbations,A-,Recent-GT (previous 1 token = GT) - Normal AR,delta fde5,-4.1969,-4.897,-3.3867,m,365,52,4.528236668839173e-53,Wilcoxon signed-rank,yes,autovla_misalignment_poc/outputs/action_history_causal/summary.json :: subsets/all perturbations/A-/vs_normal/recent_gt/fde5
7 action_history_causal,all perturbations,A-,Recent-GT (previous 1 token = GT) - Normal AR,delta ade5,-1.372,-1.5607,-1.1358,m,365,52,8.973309749153475e-54,Wilcoxon signed-rank,yes,autovla_misalignment_poc/outputs/action_history_causal/summary.json :: subsets/all perturbations/A-/vs_normal/recent_gt/ade5
7 action_history_causal,all perturbations,A-,Recent-GT (previous 1 token = GT) - Normal AR,delta downstream_err,-30.2476,-35.3298,-23.133,pp,365,52,1.1340440805863722e-50,Wilcoxon signed-rank,yes,autovla_misalignment_poc/outputs/action_history_causal/summary.json :: subsets/all perturbations/A-/vs_normal/recent_gt/downstream_err
7 action_history_causal,all perturbations,A+,Normal AR,amplification,4.2186,2.3728,6.0316,%,1043,156,,,yes,autovla_misalignment_poc/outputs/action_history_causal/summary.json :: subsets/all perturbations/A+/conditions/normal/amplification
7 action_history_causal,all perturbations,A+,Normal AR,recovery,94.4391,92.3073,96.8141,%,1043,156,,,yes,autovla_misalignment_poc/outputs/action_history_causal/summary.json :: subsets/all perturbations/A+/conditions/normal/recovery
7 action_history_causal,all perturbations,A+,Normal AR,ade5,0.9647,0.7536,1.1329,m,1043,156,,,yes,autovla_misalignment_poc/outputs/action_history_causal/summary.json :: subsets/all perturbations/A+/conditions/normal/ade5
7 action_history_causal,all perturbations,A+,Normal AR,fde5,2.253,1.7784,2.6091,m,1043,156,,,yes,autovla_misalignment_poc/outputs/action_history_causal/summary.json :: subsets/all perturbations/A+/conditions/normal/fde5
7 action_history_causal,all perturbations,A+,Normal AR,downstream_err,71.0787,66.2305,75.186,%,1043,156,,,yes,autovla_misalignment_poc/outputs/action_history_causal/summary.json :: subsets/all perturbations/A+/conditions/normal/downstream_err
7 action_history_causal,all perturbations,A+,Normal AR,realign,28.9213,24.814,33.7695,%,1043,156,,,yes,autovla_misalignment_poc/outputs/action_history_causal/summary.json :: subsets/all perturbations/A+/conditions/normal/realign
7 action_history_causal,all perturbations,A+,Normal AR,entropy,1.0167,0.9167,1.0971,nat,1043,156,,,yes,autovla_misalignment_poc/outputs/action_history_causal/summary.json :: subsets/all perturbations/A+/conditions/normal/entropy
7 action_history_causal,all perturbations,A+,Normal AR,err_slope,0.2704,0.2168,0.3113,m/step,1043,156,,,yes,autovla_misalignment_poc/outputs/action_history_causal/summary.json :: subsets/all perturbations/A+/conditions/normal/err_slope
7 action_history_causal,all perturbations,A+,Action-history attention mask,amplification,4.6021,2.3667,6.19,%,1043,156,,,yes,autovla_misalignment_poc/outputs/action_history_causal/summary.json :: subsets/all perturbations/A+/conditions/hist_attn_mask/amplification
7 action_history_causal,all perturbations,A+,Action-history attention mask,recovery,95.1103,93.5107,97.2884,%,1043,156,,,yes,autovla_misalignment_poc/outputs/action_history_causal/summary.json :: subsets/all perturbations/A+/conditions/hist_attn_mask/recovery
7 action_history_causal,all perturbations,A+,Action-history attention mask,ade5,1.0085,0.7615,1.1797,m,1043,156,,,yes,autovla_misalignment_poc/outputs/action_history_causal/summary.json :: subsets/all perturbations/A+/conditions/hist_attn_mask/ade5
7 action_history_causal,all perturbations,A+,Action-history attention mask,fde5,2.584,1.9525,3.0575,m,1043,156,,,yes,autovla_misalignment_poc/outputs/action_history_causal/summary.json :: subsets/all perturbations/A+/conditions/hist_attn_mask/fde5
7 action_history_causal,all perturbations,A+,Action-history attention mask,downstream_err,81.221,76.0265,84.4811,%,1043,156,,,yes,autovla_misalignment_poc/outputs/action_history_causal/summary.json :: subsets/all perturbations/A+/conditions/hist_attn_mask/downstream_err
7 action_history_causal,all perturbations,A+,Action-history attention mask,realign,18.779,15.5189,23.9735,%,1043,156,,,yes,autovla_misalignment_poc/outputs/action_history_causal/summary.json :: subsets/all perturbations/A+/conditions/hist_attn_mask/realign
7 action_history_causal,all perturbations,A+,Action-history attention mask,entropy,1.0877,1.0081,1.141,nat,1043,156,,,yes,autovla_misalignment_poc/outputs/action_history_causal/summary.json :: subsets/all perturbations/A+/conditions/hist_attn_mask/entropy
7 action_history_causal,all perturbations,A+,Action-history attention mask,err_slope,0.2996,0.2301,0.3497,m/step,1043,156,,,yes,autovla_misalignment_poc/outputs/action_history_causal/summary.json :: subsets/all perturbations/A+/conditions/hist_attn_mask/err_slope
7 action_history_causal,all perturbations,A+,Recent-action attention mask,amplification,4.7939,3.0143,6.5502,%,1043,156,,,yes,autovla_misalignment_poc/outputs/action_history_causal/summary.json :: subsets/all perturbations/A+/conditions/recent_attn_mask/amplification
7 action_history_causal,all perturbations,A+,Recent-action attention mask,recovery,93.8639,91.6951,95.9714,%,1043,156,,,yes,autovla_misalignment_poc/outputs/action_history_causal/summary.json :: subsets/all perturbations/A+/conditions/recent_attn_mask/recovery
7 action_history_causal,all perturbations,A+,Recent-action attention mask,ade5,0.9673,0.7637,1.1121,m,1043,156,,,yes,autovla_misalignment_poc/outputs/action_history_causal/summary.json :: subsets/all perturbations/A+/conditions/recent_attn_mask/ade5
7 action_history_causal,all perturbations,A+,Recent-action attention mask,fde5,2.3177,1.8533,2.629,m,1043,156,,,yes,autovla_misalignment_poc/outputs/action_history_causal/summary.json :: subsets/all perturbations/A+/conditions/recent_attn_mask/fde5
7 action_history_causal,all perturbations,A+,Recent-action attention mask,downstream_err,78.5404,73.7916,81.73,%,1043,156,,,yes,autovla_misalignment_poc/outputs/action_history_causal/summary.json :: subsets/all perturbations/A+/conditions/recent_attn_mask/downstream_err
7 action_history_causal,all perturbations,A+,Recent-action attention mask,realign,21.4596,18.27,26.2084,%,1043,156,,,yes,autovla_misalignment_poc/outputs/action_history_causal/summary.json :: subsets/all perturbations/A+/conditions/recent_attn_mask/realign
7 action_history_causal,all perturbations,A+,Recent-action attention mask,entropy,1.1599,1.0497,1.2375,nat,1043,156,,,yes,autovla_misalignment_poc/outputs/action_history_causal/summary.json :: subsets/all perturbations/A+/conditions/recent_attn_mask/entropy
7 action_history_causal,all perturbations,A+,Recent-action attention mask,err_slope,0.2744,0.2215,0.3089,m/step,1043,156,,,yes,autovla_misalignment_poc/outputs/action_history_causal/summary.json :: subsets/all perturbations/A+/conditions/recent_attn_mask/err_slope
7 action_history_causal,all perturbations,A+,[OOD] Action-history embedding neutralised,amplification,56.6635,49.8823,66.438,%,1043,156,,,no (OOD),autovla_misalignment_poc/outputs/action_history_causal/summary.json :: subsets/all perturbations/A+/conditions/hist_emb_neutral/amplification
7 action_history_causal,all perturbations,A+,[OOD] Action-history embedding neutralised,recovery,42.5695,33.121,48.8866,%,1043,156,,,no (OOD),autovla_misalignment_poc/outputs/action_history_causal/summary.json :: subsets/all perturbations/A+/conditions/hist_emb_neutral/recovery
7 action_history_causal,all perturbations,A+,[OOD] Action-history embedding neutralised,ade5,9.0733,7.9729,10.1894,m,1043,156,,,no (OOD),autovla_misalignment_poc/outputs/action_history_causal/summary.json :: subsets/all perturbations/A+/conditions/hist_emb_neutral/ade5
7 action_history_causal,all perturbations,A+,[OOD] Action-history embedding neutralised,fde5,24.4258,21.7022,26.8998,m,1043,156,,,no (OOD),autovla_misalignment_poc/outputs/action_history_causal/summary.json :: subsets/all perturbations/A+/conditions/hist_emb_neutral/fde5
7 action_history_causal,all perturbations,A+,[OOD] Action-history embedding neutralised,downstream_err,98.0722,96.9363,98.8284,%,1043,156,,,no (OOD),autovla_misalignment_poc/outputs/action_history_causal/summary.json :: subsets/all perturbations/A+/conditions/hist_emb_neutral/downstream_err
7 action_history_causal,all perturbations,A+,[OOD] Action-history embedding neutralised,realign,1.9278,1.1716,3.0637,%,1043,156,,,no (OOD),autovla_misalignment_poc/outputs/action_history_causal/summary.json :: subsets/all perturbations/A+/conditions/hist_emb_neutral/realign
7 action_history_causal,all perturbations,A+,[OOD] Action-history embedding neutralised,entropy,4.1898,4.0319,4.3074,nat,1043,156,,,no (OOD),autovla_misalignment_poc/outputs/action_history_causal/summary.json :: subsets/all perturbations/A+/conditions/hist_emb_neutral/entropy
7 action_history_causal,all perturbations,A+,[OOD] Action-history embedding neutralised,err_slope,3.0712,2.7734,3.3842,m/step,1043,156,,,no (OOD),autovla_misalignment_poc/outputs/action_history_causal/summary.json :: subsets/all perturbations/A+/conditions/hist_emb_neutral/err_slope
7 action_history_causal,all perturbations,A+,[OOD] Recent-action embedding neutralised,amplification,36.8169,30.9024,44.353,%,1043,156,,,no (OOD),autovla_misalignment_poc/outputs/action_history_causal/summary.json :: subsets/all perturbations/A+/conditions/recent_emb_neutral/amplification
7 action_history_causal,all perturbations,A+,[OOD] Recent-action embedding neutralised,recovery,59.4439,50.6486,66.3093,%,1043,156,,,no (OOD),autovla_misalignment_poc/outputs/action_history_causal/summary.json :: subsets/all perturbations/A+/conditions/recent_emb_neutral/recovery
7 action_history_causal,all perturbations,A+,[OOD] Recent-action embedding neutralised,ade5,3.6,3.0735,4.2325,m,1043,156,,,no (OOD),autovla_misalignment_poc/outputs/action_history_causal/summary.json :: subsets/all perturbations/A+/conditions/recent_emb_neutral/ade5
7 action_history_causal,all perturbations,A+,[OOD] Recent-action embedding neutralised,fde5,8.8776,7.6376,10.5502,m,1043,156,,,no (OOD),autovla_misalignment_poc/outputs/action_history_causal/summary.json :: subsets/all perturbations/A+/conditions/recent_emb_neutral/fde5
7 action_history_causal,all perturbations,A+,[OOD] Recent-action embedding neutralised,downstream_err,95.6431,93.8556,97.0101,%,1043,156,,,no (OOD),autovla_misalignment_poc/outputs/action_history_causal/summary.json :: subsets/all perturbations/A+/conditions/recent_emb_neutral/downstream_err
7 action_history_causal,all perturbations,A+,[OOD] Recent-action embedding neutralised,realign,4.3569,2.9899,6.1444,%,1043,156,,,no (OOD),autovla_misalignment_poc/outputs/action_history_causal/summary.json :: subsets/all perturbations/A+/conditions/recent_emb_neutral/realign
7 action_history_causal,all perturbations,A+,[OOD] Recent-action embedding neutralised,entropy,3.3269,3.1839,3.4976,nat,1043,156,,,no (OOD),autovla_misalignment_poc/outputs/action_history_causal/summary.json :: subsets/all perturbations/A+/conditions/recent_emb_neutral/entropy
7 action_history_causal,all perturbations,A+,[OOD] Recent-action embedding neutralised,err_slope,1.0912,0.9433,1.3055,m/step,1043,156,,,no (OOD),autovla_misalignment_poc/outputs/action_history_causal/summary.json :: subsets/all perturbations/A+/conditions/recent_emb_neutral/err_slope
7 action_history_causal,all perturbations,A+,GT-history,amplification,0.5753,0.0,1.6682,%,1043,156,,,yes,autovla_misalignment_poc/outputs/action_history_causal/summary.json :: subsets/all perturbations/A+/conditions/gt_history/amplification
7 action_history_causal,all perturbations,A+,GT-history,recovery,98.466,96.9826,99.3886,%,1043,156,,,yes,autovla_misalignment_poc/outputs/action_history_causal/summary.json :: subsets/all perturbations/A+/conditions/gt_history/recovery
7 action_history_causal,all perturbations,A+,GT-history,ade5,0.5087,0.3978,0.6111,m,1043,156,,,yes,autovla_misalignment_poc/outputs/action_history_causal/summary.json :: subsets/all perturbations/A+/conditions/gt_history/ade5
7 action_history_causal,all perturbations,A+,GT-history,fde5,1.0022,0.7829,1.1919,m,1043,156,,,yes,autovla_misalignment_poc/outputs/action_history_causal/summary.json :: subsets/all perturbations/A+/conditions/gt_history/fde5
7 action_history_causal,all perturbations,A+,GT-history,downstream_err,28.7897,25.5381,33.186,%,1043,156,,,yes,autovla_misalignment_poc/outputs/action_history_causal/summary.json :: subsets/all perturbations/A+/conditions/gt_history/downstream_err
7 action_history_causal,all perturbations,A+,GT-history,realign,71.2103,66.814,74.4619,%,1043,156,,,yes,autovla_misalignment_poc/outputs/action_history_causal/summary.json :: subsets/all perturbations/A+/conditions/gt_history/realign
7 action_history_causal,all perturbations,A+,GT-history,entropy,0.665,0.5901,0.735,nat,1043,156,,,yes,autovla_misalignment_poc/outputs/action_history_causal/summary.json :: subsets/all perturbations/A+/conditions/gt_history/entropy
7 action_history_causal,all perturbations,A+,GT-history,err_slope,0.107,0.0837,0.1271,m/step,1043,156,,,yes,autovla_misalignment_poc/outputs/action_history_causal/summary.json :: subsets/all perturbations/A+/conditions/gt_history/err_slope
7 action_history_causal,all perturbations,A+,Recent-GT (previous 1 token = GT),amplification,0.6711,0.0952,1.7227,%,1043,156,,,yes,autovla_misalignment_poc/outputs/action_history_causal/summary.json :: subsets/all perturbations/A+/conditions/recent_gt/amplification
7 action_history_causal,all perturbations,A+,Recent-GT (previous 1 token = GT),recovery,98.2742,96.8432,99.2218,%,1043,156,,,yes,autovla_misalignment_poc/outputs/action_history_causal/summary.json :: subsets/all perturbations/A+/conditions/recent_gt/recovery
7 action_history_causal,all perturbations,A+,Recent-GT (previous 1 token = GT),ade5,0.5264,0.4121,0.624,m,1043,156,,,yes,autovla_misalignment_poc/outputs/action_history_causal/summary.json :: subsets/all perturbations/A+/conditions/recent_gt/ade5
7 action_history_causal,all perturbations,A+,Recent-GT (previous 1 token = GT),fde5,1.0489,0.8294,1.2169,m,1043,156,,,yes,autovla_misalignment_poc/outputs/action_history_causal/summary.json :: subsets/all perturbations/A+/conditions/recent_gt/fde5
7 action_history_causal,all perturbations,A+,Recent-GT (previous 1 token = GT),downstream_err,43.7863,39.3465,48.9526,%,1043,156,,,yes,autovla_misalignment_poc/outputs/action_history_causal/summary.json :: subsets/all perturbations/A+/conditions/recent_gt/downstream_err
7 action_history_causal,all perturbations,A+,Recent-GT (previous 1 token = GT),realign,56.2137,51.0474,60.6535,%,1043,156,,,yes,autovla_misalignment_poc/outputs/action_history_causal/summary.json :: subsets/all perturbations/A+/conditions/recent_gt/realign
7 action_history_causal,all perturbations,A+,Recent-GT (previous 1 token = GT),entropy,0.9085,0.8017,1.0048,nat,1043,156,,,yes,autovla_misalignment_poc/outputs/action_history_causal/summary.json :: subsets/all perturbations/A+/conditions/recent_gt/entropy
7 action_history_causal,all perturbations,A+,Recent-GT (previous 1 token = GT),err_slope,0.1137,0.0892,0.1338,m/step,1043,156,,,yes,autovla_misalignment_poc/outputs/action_history_causal/summary.json :: subsets/all perturbations/A+/conditions/recent_gt/err_slope
7 action_history_causal,all perturbations,A+,Action-history attention mask - Normal AR,delta amplification,0.3835,-1.2627,1.4437,pp,1043,156,0.6587380770236564,McNemar exact,yes,autovla_misalignment_poc/outputs/action_history_causal/summary.json :: subsets/all perturbations/A+/vs_normal/hist_attn_mask/amplification
7 action_history_causal,all perturbations,A+,Action-history attention mask - Normal AR,delta recovery,0.6711,-0.357,2.3766,pp,1043,156,0.43499280512215344,McNemar exact,yes,autovla_misalignment_poc/outputs/action_history_causal/summary.json :: subsets/all perturbations/A+/vs_normal/hist_attn_mask/recovery
7 action_history_causal,all perturbations,A+,Action-history attention mask - Normal AR,delta fde5,0.331,-0.0112,0.6148,m,1043,156,2.1186337246514857e-18,Wilcoxon signed-rank,yes,autovla_misalignment_poc/outputs/action_history_causal/summary.json :: subsets/all perturbations/A+/vs_normal/hist_attn_mask/fde5
7 action_history_causal,all perturbations,A+,Action-history attention mask - Normal AR,delta ade5,0.0438,-0.0644,0.1245,m,1043,156,2.422426446137654e-10,Wilcoxon signed-rank,yes,autovla_misalignment_poc/outputs/action_history_causal/summary.json :: subsets/all perturbations/A+/vs_normal/hist_attn_mask/ade5
7 action_history_causal,all perturbations,A+,Action-history attention mask - Normal AR,delta downstream_err,10.1424,6.7158,13.0348,pp,1043,156,2.9337082788282696e-27,Wilcoxon signed-rank,yes,autovla_misalignment_poc/outputs/action_history_causal/summary.json :: subsets/all perturbations/A+/vs_normal/hist_attn_mask/downstream_err
7 action_history_causal,all perturbations,A+,Recent-action attention mask - Normal AR,delta amplification,0.5753,-0.7072,2.0692,pp,1043,156,0.5044037600228255,McNemar exact,yes,autovla_misalignment_poc/outputs/action_history_causal/summary.json :: subsets/all perturbations/A+/vs_normal/recent_attn_mask/amplification
7 action_history_causal,all perturbations,A+,Recent-action attention mask - Normal AR,delta recovery,-0.5753,-2.3021,0.6416,pp,1043,156,0.52577336017565,McNemar exact,yes,autovla_misalignment_poc/outputs/action_history_causal/summary.json :: subsets/all perturbations/A+/vs_normal/recent_attn_mask/recovery
7 action_history_causal,all perturbations,A+,Recent-action attention mask - Normal AR,delta fde5,0.0647,-0.1242,0.2091,m,1043,156,0.00017629685168475256,Wilcoxon signed-rank,yes,autovla_misalignment_poc/outputs/action_history_causal/summary.json :: subsets/all perturbations/A+/vs_normal/recent_attn_mask/fde5
7 action_history_causal,all perturbations,A+,Recent-action attention mask - Normal AR,delta ade5,0.0025,-0.0673,0.054,m,1043,156,0.0006886978270648029,Wilcoxon signed-rank,yes,autovla_misalignment_poc/outputs/action_history_causal/summary.json :: subsets/all perturbations/A+/vs_normal/recent_attn_mask/ade5
7 action_history_causal,all perturbations,A+,Recent-action attention mask - Normal AR,delta downstream_err,7.4617,5.0462,9.6211,pp,1043,156,2.3837060968807337e-15,Wilcoxon signed-rank,yes,autovla_misalignment_poc/outputs/action_history_causal/summary.json :: subsets/all perturbations/A+/vs_normal/recent_attn_mask/downstream_err
7 action_history_causal,all perturbations,A+,[OOD] Action-history embedding neutralised - Normal AR,delta amplification,52.4449,45.6855,62.3752,pp,1043,156,6.916147808498187e-145,McNemar exact,no (OOD),autovla_misalignment_poc/outputs/action_history_causal/summary.json :: subsets/all perturbations/A+/vs_normal/hist_emb_neutral/amplification
7 action_history_causal,all perturbations,A+,[OOD] Action-history embedding neutralised - Normal AR,delta recovery,-51.8696,-61.8265,-45.4703,pp,1043,156,2.5082210163774566e-140,McNemar exact,no (OOD),autovla_misalignment_poc/outputs/action_history_causal/summary.json :: subsets/all perturbations/A+/vs_normal/hist_emb_neutral/recovery
7 action_history_causal,all perturbations,A+,[OOD] Action-history embedding neutralised - Normal AR,delta fde5,22.1728,19.4665,24.8458,m,1043,156,8.59978460563551e-171,Wilcoxon signed-rank,no (OOD),autovla_misalignment_poc/outputs/action_history_causal/summary.json :: subsets/all perturbations/A+/vs_normal/hist_emb_neutral/fde5
7 action_history_causal,all perturbations,A+,[OOD] Action-history embedding neutralised - Normal AR,delta ade5,8.1085,7.0261,9.3202,m,1043,156,8.762337822190133e-170,Wilcoxon signed-rank,no (OOD),autovla_misalignment_poc/outputs/action_history_causal/summary.json :: subsets/all perturbations/A+/vs_normal/hist_emb_neutral/ade5
7 action_history_causal,all perturbations,A+,[OOD] Action-history embedding neutralised - Normal AR,delta downstream_err,26.9935,22.9653,31.6989,pp,1043,156,1.0011308295837186e-94,Wilcoxon signed-rank,no (OOD),autovla_misalignment_poc/outputs/action_history_causal/summary.json :: subsets/all perturbations/A+/vs_normal/hist_emb_neutral/downstream_err
7 action_history_causal,all perturbations,A+,[OOD] Recent-action embedding neutralised - Normal AR,delta amplification,32.5983,26.1863,41.23,pp,1043,156,1.4949705113243517e-78,McNemar exact,no (OOD),autovla_misalignment_poc/outputs/action_history_causal/summary.json :: subsets/all perturbations/A+/vs_normal/recent_emb_neutral/amplification
7 action_history_causal,all perturbations,A+,[OOD] Recent-action embedding neutralised - Normal AR,delta recovery,-34.9952,-44.9059,-27.6692,pp,1043,156,6.1540189755932475e-83,McNemar exact,no (OOD),autovla_misalignment_poc/outputs/action_history_causal/summary.json :: subsets/all perturbations/A+/vs_normal/recent_emb_neutral/recovery
7 action_history_causal,all perturbations,A+,[OOD] Recent-action embedding neutralised - Normal AR,delta fde5,6.6246,5.3707,8.5712,m,1043,156,8.333554234073291e-122,Wilcoxon signed-rank,no (OOD),autovla_misalignment_poc/outputs/action_history_causal/summary.json :: subsets/all perturbations/A+/vs_normal/recent_emb_neutral/fde5
7 action_history_causal,all perturbations,A+,[OOD] Recent-action embedding neutralised - Normal AR,delta ade5,2.6353,2.1109,3.3848,m,1043,156,1.0816100857452792e-123,Wilcoxon signed-rank,no (OOD),autovla_misalignment_poc/outputs/action_history_causal/summary.json :: subsets/all perturbations/A+/vs_normal/recent_emb_neutral/ade5
7 action_history_causal,all perturbations,A+,[OOD] Recent-action embedding neutralised - Normal AR,delta downstream_err,24.5645,20.4203,29.1923,pp,1043,156,3.5117163854990317e-82,Wilcoxon signed-rank,no (OOD),autovla_misalignment_poc/outputs/action_history_causal/summary.json :: subsets/all perturbations/A+/vs_normal/recent_emb_neutral/downstream_err
7 action_history_causal,all perturbations,A+,GT-history - Normal AR,delta amplification,-3.6433,-5.747,-1.2849,pp,1043,156,5.100190492157708e-09,McNemar exact,yes,autovla_misalignment_poc/outputs/action_history_causal/summary.json :: subsets/all perturbations/A+/vs_normal/gt_history/amplification
7 action_history_causal,all perturbations,A+,GT-history - Normal AR,delta recovery,4.0268,0.7697,6.5503,pp,1043,156,5.713613733093065e-08,McNemar exact,yes,autovla_misalignment_poc/outputs/action_history_causal/summary.json :: subsets/all perturbations/A+/vs_normal/gt_history/recovery
7 action_history_causal,all perturbations,A+,GT-history - Normal AR,delta fde5,-1.2508,-1.4675,-0.9453,m,1043,156,3.994656359047104e-87,Wilcoxon signed-rank,yes,autovla_misalignment_poc/outputs/action_history_causal/summary.json :: subsets/all perturbations/A+/vs_normal/gt_history/fde5
7 action_history_causal,all perturbations,A+,GT-history - Normal AR,delta ade5,-0.456,-0.5445,-0.3359,m,1043,156,1.5179418079866222e-91,Wilcoxon signed-rank,yes,autovla_misalignment_poc/outputs/action_history_causal/summary.json :: subsets/all perturbations/A+/vs_normal/gt_history/ade5
7 action_history_causal,all perturbations,A+,GT-history - Normal AR,delta downstream_err,-42.2889,-45.4078,-37.8808,pp,1043,156,1.6880648394368537e-138,Wilcoxon signed-rank,yes,autovla_misalignment_poc/outputs/action_history_causal/summary.json :: subsets/all perturbations/A+/vs_normal/gt_history/downstream_err
7 action_history_causal,all perturbations,A+,Recent-GT (previous 1 token = GT) - Normal AR,delta amplification,-3.5475,-5.6821,-1.2581,pp,1043,156,9.334883088740753e-09,McNemar exact,yes,autovla_misalignment_poc/outputs/action_history_causal/summary.json :: subsets/all perturbations/A+/vs_normal/recent_gt/amplification
7 action_history_causal,all perturbations,A+,Recent-GT (previous 1 token = GT) - Normal AR,delta recovery,3.8351,0.5785,6.3158,pp,1043,156,4.5666107004454105e-07,McNemar exact,yes,autovla_misalignment_poc/outputs/action_history_causal/summary.json :: subsets/all perturbations/A+/vs_normal/recent_gt/recovery
7 action_history_causal,all perturbations,A+,Recent-GT (previous 1 token = GT) - Normal AR,delta fde5,-1.2041,-1.4333,-0.9021,m,1043,156,8.679664808955e-79,Wilcoxon signed-rank,yes,autovla_misalignment_poc/outputs/action_history_causal/summary.json :: subsets/all perturbations/A+/vs_normal/recent_gt/fde5
7 action_history_causal,all perturbations,A+,Recent-GT (previous 1 token = GT) - Normal AR,delta ade5,-0.4383,-0.5271,-0.3187,m,1043,156,1.3753349431926557e-83,Wilcoxon signed-rank,yes,autovla_misalignment_poc/outputs/action_history_causal/summary.json :: subsets/all perturbations/A+/vs_normal/recent_gt/ade5
7 action_history_causal,all perturbations,A+,Recent-GT (previous 1 token = GT) - Normal AR,delta downstream_err,-27.2923,-29.5613,-24.182,pp,1043,156,9.76595200879888e-115,Wilcoxon signed-rank,yes,autovla_misalignment_poc/outputs/action_history_causal/summary.json :: subsets/all perturbations/A+/vs_normal/recent_gt/downstream_err
7 action_history_causal,previously amplified perturbations,A-,Normal AR,amplification,94.2857,89.9328,97.479,%,175,45,,,yes,autovla_misalignment_poc/outputs/action_history_causal/summary.json :: subsets/previously amplified perturbations/A-/conditions/normal/amplification
7 action_history_causal,previously amplified perturbations,A-,Normal AR,recovery,5.1429,1.9134,9.6493,%,175,45,,,yes,autovla_misalignment_poc/outputs/action_history_causal/summary.json :: subsets/previously amplified perturbations/A-/conditions/normal/recovery
7 action_history_causal,previously amplified perturbations,A-,Normal AR,ade5,3.6254,3.1158,4.2449,m,175,45,,,yes,autovla_misalignment_poc/outputs/action_history_causal/summary.json :: subsets/previously amplified perturbations/A-/conditions/normal/ade5
7 action_history_causal,previously amplified perturbations,A-,Normal AR,fde5,10.0763,8.7218,11.1227,m,175,45,,,yes,autovla_misalignment_poc/outputs/action_history_causal/summary.json :: subsets/previously amplified perturbations/A-/conditions/normal/fde5
7 action_history_causal,previously amplified perturbations,A-,Normal AR,downstream_err,97.2857,95.0589,98.498,%,175,45,,,yes,autovla_misalignment_poc/outputs/action_history_causal/summary.json :: subsets/previously amplified perturbations/A-/conditions/normal/downstream_err
7 action_history_causal,previously amplified perturbations,A-,Normal AR,realign,2.7143,1.502,4.9411,%,175,45,,,yes,autovla_misalignment_poc/outputs/action_history_causal/summary.json :: subsets/previously amplified perturbations/A-/conditions/normal/realign
7 action_history_causal,previously amplified perturbations,A-,Normal AR,entropy,1.4374,1.2693,1.6348,nat,175,45,,,yes,autovla_misalignment_poc/outputs/action_history_causal/summary.json :: subsets/previously amplified perturbations/A-/conditions/normal/entropy
7 action_history_causal,previously amplified perturbations,A-,Normal AR,err_slope,1.2108,1.0605,1.3328,m/step,175,45,,,yes,autovla_misalignment_poc/outputs/action_history_causal/summary.json :: subsets/previously amplified perturbations/A-/conditions/normal/err_slope
7 action_history_causal,previously amplified perturbations,A-,Action-history attention mask,amplification,78.2857,70.4212,87.6477,%,175,45,,,yes,autovla_misalignment_poc/outputs/action_history_causal/summary.json :: subsets/previously amplified perturbations/A-/conditions/hist_attn_mask/amplification
7 action_history_causal,previously amplified perturbations,A-,Action-history attention mask,recovery,18.8571,8.9109,26.734,%,175,45,,,yes,autovla_misalignment_poc/outputs/action_history_causal/summary.json :: subsets/previously amplified perturbations/A-/conditions/hist_attn_mask/recovery
7 action_history_causal,previously amplified perturbations,A-,Action-history attention mask,ade5,3.2157,2.7156,3.7723,m,175,45,,,yes,autovla_misalignment_poc/outputs/action_history_causal/summary.json :: subsets/previously amplified perturbations/A-/conditions/hist_attn_mask/ade5
7 action_history_causal,previously amplified perturbations,A-,Action-history attention mask,fde5,8.5982,7.1417,9.9328,m,175,45,,,yes,autovla_misalignment_poc/outputs/action_history_causal/summary.json :: subsets/previously amplified perturbations/A-/conditions/hist_attn_mask/fde5
7 action_history_causal,previously amplified perturbations,A-,Action-history attention mask,downstream_err,96.5113,93.5539,98.1116,%,175,45,,,yes,autovla_misalignment_poc/outputs/action_history_causal/summary.json :: subsets/previously amplified perturbations/A-/conditions/hist_attn_mask/downstream_err
7 action_history_causal,previously amplified perturbations,A-,Action-history attention mask,realign,3.4887,1.8884,6.4461,%,175,45,,,yes,autovla_misalignment_poc/outputs/action_history_causal/summary.json :: subsets/previously amplified perturbations/A-/conditions/hist_attn_mask/realign
7 action_history_causal,previously amplified perturbations,A-,Action-history attention mask,entropy,1.4507,1.2209,1.7422,nat,175,45,,,yes,autovla_misalignment_poc/outputs/action_history_causal/summary.json :: subsets/previously amplified perturbations/A-/conditions/hist_attn_mask/entropy
7 action_history_causal,previously amplified perturbations,A-,Action-history attention mask,err_slope,1.0366,0.8833,1.1801,m/step,175,45,,,yes,autovla_misalignment_poc/outputs/action_history_causal/summary.json :: subsets/previously amplified perturbations/A-/conditions/hist_attn_mask/err_slope
7 action_history_causal,previously amplified perturbations,A-,Recent-action attention mask,amplification,74.8571,65.1125,84.0713,%,175,45,,,yes,autovla_misalignment_poc/outputs/action_history_causal/summary.json :: subsets/previously amplified perturbations/A-/conditions/recent_attn_mask/amplification
7 action_history_causal,previously amplified perturbations,A-,Recent-action attention mask,recovery,20.5714,10.8317,29.6339,%,175,45,,,yes,autovla_misalignment_poc/outputs/action_history_causal/summary.json :: subsets/previously amplified perturbations/A-/conditions/recent_attn_mask/recovery
7 action_history_causal,previously amplified perturbations,A-,Recent-action attention mask,ade5,3.3158,2.801,3.862,m,175,45,,,yes,autovla_misalignment_poc/outputs/action_history_causal/summary.json :: subsets/previously amplified perturbations/A-/conditions/recent_attn_mask/ade5
7 action_history_causal,previously amplified perturbations,A-,Recent-action attention mask,fde5,9.0733,7.5733,10.2304,m,175,45,,,yes,autovla_misalignment_poc/outputs/action_history_causal/summary.json :: subsets/previously amplified perturbations/A-/conditions/recent_attn_mask/fde5
7 action_history_causal,previously amplified perturbations,A-,Recent-action attention mask,downstream_err,96.5295,95.4538,98.1684,%,175,45,,,yes,autovla_misalignment_poc/outputs/action_history_causal/summary.json :: subsets/previously amplified perturbations/A-/conditions/recent_attn_mask/downstream_err
7 action_history_causal,previously amplified perturbations,A-,Recent-action attention mask,realign,3.4705,1.8316,4.5462,%,175,45,,,yes,autovla_misalignment_poc/outputs/action_history_causal/summary.json :: subsets/previously amplified perturbations/A-/conditions/recent_attn_mask/realign
7 action_history_causal,previously amplified perturbations,A-,Recent-action attention mask,entropy,1.6045,1.3735,1.8357,nat,175,45,,,yes,autovla_misalignment_poc/outputs/action_history_causal/summary.json :: subsets/previously amplified perturbations/A-/conditions/recent_attn_mask/entropy
7 action_history_causal,previously amplified perturbations,A-,Recent-action attention mask,err_slope,1.0838,0.9168,1.2184,m/step,175,45,,,yes,autovla_misalignment_poc/outputs/action_history_causal/summary.json :: subsets/previously amplified perturbations/A-/conditions/recent_attn_mask/err_slope
7 action_history_causal,previously amplified perturbations,A-,[OOD] Action-history embedding neutralised,amplification,64.5714,45.907,83.8327,%,175,45,,,no (OOD),autovla_misalignment_poc/outputs/action_history_causal/summary.json :: subsets/previously amplified perturbations/A-/conditions/hist_emb_neutral/amplification
7 action_history_causal,previously amplified perturbations,A-,[OOD] Action-history embedding neutralised,recovery,35.4286,16.1673,54.093,%,175,45,,,no (OOD),autovla_misalignment_poc/outputs/action_history_causal/summary.json :: subsets/previously amplified perturbations/A-/conditions/hist_emb_neutral/recovery
7 action_history_causal,previously amplified perturbations,A-,[OOD] Action-history embedding neutralised,ade5,10.737,8.4336,12.5883,m,175,45,,,no (OOD),autovla_misalignment_poc/outputs/action_history_causal/summary.json :: subsets/previously amplified perturbations/A-/conditions/hist_emb_neutral/ade5
7 action_history_causal,previously amplified perturbations,A-,[OOD] Action-history embedding neutralised,fde5,28.4149,24.3553,31.3832,m,175,45,,,no (OOD),autovla_misalignment_poc/outputs/action_history_causal/summary.json :: subsets/previously amplified perturbations/A-/conditions/hist_emb_neutral/fde5
7 action_history_causal,previously amplified perturbations,A-,[OOD] Action-history embedding neutralised,downstream_err,98.0159,96.493,100.0,%,175,45,,,no (OOD),autovla_misalignment_poc/outputs/action_history_causal/summary.json :: subsets/previously amplified perturbations/A-/conditions/hist_emb_neutral/downstream_err
7 action_history_causal,previously amplified perturbations,A-,[OOD] Action-history embedding neutralised,realign,1.9841,0.0,3.507,%,175,45,,,no (OOD),autovla_misalignment_poc/outputs/action_history_causal/summary.json :: subsets/previously amplified perturbations/A-/conditions/hist_emb_neutral/realign
7 action_history_causal,previously amplified perturbations,A-,[OOD] Action-history embedding neutralised,entropy,4.2085,4.1214,4.3161,nat,175,45,,,no (OOD),autovla_misalignment_poc/outputs/action_history_causal/summary.json :: subsets/previously amplified perturbations/A-/conditions/hist_emb_neutral/entropy
7 action_history_causal,previously amplified perturbations,A-,[OOD] Action-history embedding neutralised,err_slope,3.4046,2.9827,3.7311,m/step,175,45,,,no (OOD),autovla_misalignment_poc/outputs/action_history_causal/summary.json :: subsets/previously amplified perturbations/A-/conditions/hist_emb_neutral/err_slope
7 action_history_causal,previously amplified perturbations,A-,[OOD] Recent-action embedding neutralised,amplification,61.1429,48.5893,76.2716,%,175,45,,,no (OOD),autovla_misalignment_poc/outputs/action_history_causal/summary.json :: subsets/previously amplified perturbations/A-/conditions/recent_emb_neutral/amplification
7 action_history_causal,previously amplified perturbations,A-,[OOD] Recent-action embedding neutralised,recovery,37.7143,21.5357,50.7797,%,175,45,,,no (OOD),autovla_misalignment_poc/outputs/action_history_causal/summary.json :: subsets/previously amplified perturbations/A-/conditions/recent_emb_neutral/recovery
7 action_history_causal,previously amplified perturbations,A-,[OOD] Recent-action embedding neutralised,ade5,5.0765,4.0988,6.5018,m,175,45,,,no (OOD),autovla_misalignment_poc/outputs/action_history_causal/summary.json :: subsets/previously amplified perturbations/A-/conditions/recent_emb_neutral/ade5
7 action_history_causal,previously amplified perturbations,A-,[OOD] Recent-action embedding neutralised,fde5,11.8084,10.1343,14.2984,m,175,45,,,no (OOD),autovla_misalignment_poc/outputs/action_history_causal/summary.json :: subsets/previously amplified perturbations/A-/conditions/recent_emb_neutral/fde5
7 action_history_causal,previously amplified perturbations,A-,[OOD] Recent-action embedding neutralised,downstream_err,97.0771,95.2877,99.3401,%,175,45,,,no (OOD),autovla_misalignment_poc/outputs/action_history_causal/summary.json :: subsets/previously amplified perturbations/A-/conditions/recent_emb_neutral/downstream_err
7 action_history_causal,previously amplified perturbations,A-,[OOD] Recent-action embedding neutralised,realign,2.9229,0.6599,4.7123,%,175,45,,,no (OOD),autovla_misalignment_poc/outputs/action_history_causal/summary.json :: subsets/previously amplified perturbations/A-/conditions/recent_emb_neutral/realign
7 action_history_causal,previously amplified perturbations,A-,[OOD] Recent-action embedding neutralised,entropy,3.4158,3.2366,3.7098,nat,175,45,,,no (OOD),autovla_misalignment_poc/outputs/action_history_causal/summary.json :: subsets/previously amplified perturbations/A-/conditions/recent_emb_neutral/entropy
7 action_history_causal,previously amplified perturbations,A-,[OOD] Recent-action embedding neutralised,err_slope,1.3813,1.219,1.6292,m/step,175,45,,,no (OOD),autovla_misalignment_poc/outputs/action_history_causal/summary.json :: subsets/previously amplified perturbations/A-/conditions/recent_emb_neutral/err_slope
7 action_history_causal,previously amplified perturbations,A-,GT-history,amplification,8.0,1.5707,16.0555,%,175,45,,,yes,autovla_misalignment_poc/outputs/action_history_causal/summary.json :: subsets/previously amplified perturbations/A-/conditions/gt_history/amplification
7 action_history_causal,previously amplified perturbations,A-,GT-history,recovery,88.0,76.4144,96.5253,%,175,45,,,yes,autovla_misalignment_poc/outputs/action_history_causal/summary.json :: subsets/previously amplified perturbations/A-/conditions/gt_history/recovery
7 action_history_causal,previously amplified perturbations,A-,GT-history,ade5,1.2905,0.8547,1.9237,m,175,45,,,yes,autovla_misalignment_poc/outputs/action_history_causal/summary.json :: subsets/previously amplified perturbations/A-/conditions/gt_history/ade5
7 action_history_causal,previously amplified perturbations,A-,GT-history,fde5,2.6305,1.6661,4.0907,m,175,45,,,yes,autovla_misalignment_poc/outputs/action_history_causal/summary.json :: subsets/previously amplified perturbations/A-/conditions/gt_history/fde5
7 action_history_causal,previously amplified perturbations,A-,GT-history,downstream_err,37.7531,33.7894,43.7807,%,175,45,,,yes,autovla_misalignment_poc/outputs/action_history_causal/summary.json :: subsets/previously amplified perturbations/A-/conditions/gt_history/downstream_err
7 action_history_causal,previously amplified perturbations,A-,GT-history,realign,62.2469,56.2193,66.2106,%,175,45,,,yes,autovla_misalignment_poc/outputs/action_history_causal/summary.json :: subsets/previously amplified perturbations/A-/conditions/gt_history/realign
7 action_history_causal,previously amplified perturbations,A-,GT-history,entropy,0.9577,0.7972,1.1915,nat,175,45,,,yes,autovla_misalignment_poc/outputs/action_history_causal/summary.json :: subsets/previously amplified perturbations/A-/conditions/gt_history/entropy
7 action_history_causal,previously amplified perturbations,A-,GT-history,err_slope,0.2779,0.173,0.4424,m/step,175,45,,,yes,autovla_misalignment_poc/outputs/action_history_causal/summary.json :: subsets/previously amplified perturbations/A-/conditions/gt_history/err_slope
7 action_history_causal,previously amplified perturbations,A-,Recent-GT (previous 1 token = GT),amplification,13.1429,5.9814,19.8531,%,175,45,,,yes,autovla_misalignment_poc/outputs/action_history_causal/summary.json :: subsets/previously amplified perturbations/A-/conditions/recent_gt/amplification
7 action_history_causal,previously amplified perturbations,A-,Recent-GT (previous 1 token = GT),recovery,81.7143,73.1692,89.8194,%,175,45,,,yes,autovla_misalignment_poc/outputs/action_history_causal/summary.json :: subsets/previously amplified perturbations/A-/conditions/recent_gt/recovery
7 action_history_causal,previously amplified perturbations,A-,Recent-GT (previous 1 token = GT),ade5,1.5473,1.0855,2.1557,m,175,45,,,yes,autovla_misalignment_poc/outputs/action_history_causal/summary.json :: subsets/previously amplified perturbations/A-/conditions/recent_gt/ade5
7 action_history_causal,previously amplified perturbations,A-,Recent-GT (previous 1 token = GT),fde5,3.478,2.2607,5.0983,m,175,45,,,yes,autovla_misalignment_poc/outputs/action_history_causal/summary.json :: subsets/previously amplified perturbations/A-/conditions/recent_gt/fde5
7 action_history_causal,previously amplified perturbations,A-,Recent-GT (previous 1 token = GT),downstream_err,65.3882,59.71,74.74,%,175,45,,,yes,autovla_misalignment_poc/outputs/action_history_causal/summary.json :: subsets/previously amplified perturbations/A-/conditions/recent_gt/downstream_err
7 action_history_causal,previously amplified perturbations,A-,Recent-GT (previous 1 token = GT),realign,34.6118,25.26,40.29,%,175,45,,,yes,autovla_misalignment_poc/outputs/action_history_causal/summary.json :: subsets/previously amplified perturbations/A-/conditions/recent_gt/realign
7 action_history_causal,previously amplified perturbations,A-,Recent-GT (previous 1 token = GT),entropy,1.5498,1.3442,1.7461,nat,175,45,,,yes,autovla_misalignment_poc/outputs/action_history_causal/summary.json :: subsets/previously amplified perturbations/A-/conditions/recent_gt/entropy
7 action_history_causal,previously amplified perturbations,A-,Recent-GT (previous 1 token = GT),err_slope,0.3794,0.2546,0.5556,m/step,175,45,,,yes,autovla_misalignment_poc/outputs/action_history_causal/summary.json :: subsets/previously amplified perturbations/A-/conditions/recent_gt/err_slope
7 action_history_causal,previously amplified perturbations,A-,Action-history attention mask - Normal AR,delta amplification,-16.0,-23.6845,-6.2488,pp,175,45,4.255962267052382e-06,McNemar exact,yes,autovla_misalignment_poc/outputs/action_history_causal/summary.json :: subsets/previously amplified perturbations/A-/vs_normal/hist_attn_mask/amplification
7 action_history_causal,previously amplified perturbations,A-,Action-history attention mask - Normal AR,delta recovery,13.7143,3.6758,21.712,pp,175,45,3.8558151572942734e-05,McNemar exact,yes,autovla_misalignment_poc/outputs/action_history_causal/summary.json :: subsets/previously amplified perturbations/A-/vs_normal/hist_attn_mask/recovery
7 action_history_causal,previously amplified perturbations,A-,Action-history attention mask - Normal AR,delta fde5,-1.4781,-2.1404,-0.6997,m,175,45,4.562955167315476e-09,Wilcoxon signed-rank,yes,autovla_misalignment_poc/outputs/action_history_causal/summary.json :: subsets/previously amplified perturbations/A-/vs_normal/hist_attn_mask/fde5
7 action_history_causal,previously amplified perturbations,A-,Action-history attention mask - Normal AR,delta ade5,-0.4097,-0.6553,-0.1675,m,175,45,3.136039075050616e-07,Wilcoxon signed-rank,yes,autovla_misalignment_poc/outputs/action_history_causal/summary.json :: subsets/previously amplified perturbations/A-/vs_normal/hist_attn_mask/ade5
7 action_history_causal,previously amplified perturbations,A-,Action-history attention mask - Normal AR,delta downstream_err,-0.7744,-2.41,0.4694,pp,175,45,0.10862321518964001,Wilcoxon signed-rank,yes,autovla_misalignment_poc/outputs/action_history_causal/summary.json :: subsets/previously amplified perturbations/A-/vs_normal/hist_attn_mask/downstream_err
7 action_history_causal,previously amplified perturbations,A-,Recent-action attention mask - Normal AR,delta amplification,-19.4286,-28.1284,-10.0839,pp,175,45,5.65314621780999e-08,McNemar exact,yes,autovla_misalignment_poc/outputs/action_history_causal/summary.json :: subsets/previously amplified perturbations/A-/vs_normal/recent_attn_mask/amplification
7 action_history_causal,previously amplified perturbations,A-,Recent-action attention mask - Normal AR,delta recovery,15.4286,6.5213,22.9053,pp,175,45,3.4654513001441956e-06,McNemar exact,yes,autovla_misalignment_poc/outputs/action_history_causal/summary.json :: subsets/previously amplified perturbations/A-/vs_normal/recent_attn_mask/recovery
7 action_history_causal,previously amplified perturbations,A-,Recent-action attention mask - Normal AR,delta fde5,-1.003,-1.7283,-0.329,m,175,45,0.00023016876292722134,Wilcoxon signed-rank,yes,autovla_misalignment_poc/outputs/action_history_causal/summary.json :: subsets/previously amplified perturbations/A-/vs_normal/recent_attn_mask/fde5
7 action_history_causal,previously amplified perturbations,A-,Recent-action attention mask - Normal AR,delta ade5,-0.3096,-0.5368,-0.1195,m,175,45,8.897657768544993e-05,Wilcoxon signed-rank,yes,autovla_misalignment_poc/outputs/action_history_causal/summary.json :: subsets/previously amplified perturbations/A-/vs_normal/recent_attn_mask/ade5
7 action_history_causal,previously amplified perturbations,A-,Recent-action attention mask - Normal AR,delta downstream_err,-0.7562,-2.1961,1.9539,pp,175,45,0.10339237147182873,Wilcoxon signed-rank,yes,autovla_misalignment_poc/outputs/action_history_causal/summary.json :: subsets/previously amplified perturbations/A-/vs_normal/recent_attn_mask/downstream_err
7 action_history_causal,previously amplified perturbations,A-,[OOD] Action-history embedding neutralised - Normal AR,delta amplification,-29.7143,-47.9123,-9.2425,pp,175,45,9.029018960445001e-12,McNemar exact,no (OOD),autovla_misalignment_poc/outputs/action_history_causal/summary.json :: subsets/previously amplified perturbations/A-/vs_normal/hist_emb_neutral/amplification
7 action_history_causal,previously amplified perturbations,A-,[OOD] Action-history embedding neutralised - Normal AR,delta recovery,30.2857,9.8574,48.4379,pp,175,45,1.6623508125590547e-12,McNemar exact,no (OOD),autovla_misalignment_poc/outputs/action_history_causal/summary.json :: subsets/previously amplified perturbations/A-/vs_normal/hist_emb_neutral/recovery
7 action_history_causal,previously amplified perturbations,A-,[OOD] Action-history embedding neutralised - Normal AR,delta fde5,18.3386,14.1748,21.6312,m,175,45,8.736060690335304e-30,Wilcoxon signed-rank,no (OOD),autovla_misalignment_poc/outputs/action_history_causal/summary.json :: subsets/previously amplified perturbations/A-/vs_normal/hist_emb_neutral/fde5
7 action_history_causal,previously amplified perturbations,A-,[OOD] Action-history embedding neutralised - Normal AR,delta ade5,7.1116,4.6333,9.0021,m,175,45,8.809532044007643e-29,Wilcoxon signed-rank,no (OOD),autovla_misalignment_poc/outputs/action_history_causal/summary.json :: subsets/previously amplified perturbations/A-/vs_normal/hist_emb_neutral/ade5
7 action_history_causal,previously amplified perturbations,A-,[OOD] Action-history embedding neutralised - Normal AR,delta downstream_err,0.7302,-1.5536,4.5781,pp,175,45,0.8499813082865519,Wilcoxon signed-rank,no (OOD),autovla_misalignment_poc/outputs/action_history_causal/summary.json :: subsets/previously amplified perturbations/A-/vs_normal/hist_emb_neutral/downstream_err
7 action_history_causal,previously amplified perturbations,A-,[OOD] Recent-action embedding neutralised - Normal AR,delta amplification,-33.1429,-45.7766,-16.7939,pp,175,45,2.44272646814786e-13,McNemar exact,no (OOD),autovla_misalignment_poc/outputs/action_history_causal/summary.json :: subsets/previously amplified perturbations/A-/vs_normal/recent_emb_neutral/amplification
7 action_history_causal,previously amplified perturbations,A-,[OOD] Recent-action embedding neutralised - Normal AR,delta recovery,32.5714,15.0943,45.5406,pp,175,45,1.4195339782113736e-13,McNemar exact,no (OOD),autovla_misalignment_poc/outputs/action_history_causal/summary.json :: subsets/previously amplified perturbations/A-/vs_normal/recent_emb_neutral/recovery
7 action_history_causal,previously amplified perturbations,A-,[OOD] Recent-action embedding neutralised - Normal AR,delta fde5,1.7321,0.0276,4.5135,m,175,45,0.05042665526634645,Wilcoxon signed-rank,no (OOD),autovla_misalignment_poc/outputs/action_history_causal/summary.json :: subsets/previously amplified perturbations/A-/vs_normal/recent_emb_neutral/fde5
7 action_history_causal,previously amplified perturbations,A-,[OOD] Recent-action embedding neutralised - Normal AR,delta ade5,1.4511,0.3714,2.813,m,175,45,2.8105460582978853e-05,Wilcoxon signed-rank,no (OOD),autovla_misalignment_poc/outputs/action_history_causal/summary.json :: subsets/previously amplified perturbations/A-/vs_normal/recent_emb_neutral/ade5
7 action_history_causal,previously amplified perturbations,A-,[OOD] Recent-action embedding neutralised - Normal AR,delta downstream_err,-0.2086,-2.7647,3.8463,pp,175,45,0.25071540843862083,Wilcoxon signed-rank,no (OOD),autovla_misalignment_poc/outputs/action_history_causal/summary.json :: subsets/previously amplified perturbations/A-/vs_normal/recent_emb_neutral/downstream_err
7 action_history_causal,previously amplified perturbations,A-,GT-history - Normal AR,delta amplification,-86.2857,-93.6941,-76.0549,pp,175,45,7.006492321624085e-46,McNemar exact,yes,autovla_misalignment_poc/outputs/action_history_causal/summary.json :: subsets/previously amplified perturbations/A-/vs_normal/gt_history/amplification
7 action_history_causal,previously amplified perturbations,A-,GT-history - Normal AR,delta recovery,82.8571,69.5981,92.2549,pp,175,45,4.484155085839415e-44,McNemar exact,yes,autovla_misalignment_poc/outputs/action_history_causal/summary.json :: subsets/previously amplified perturbations/A-/vs_normal/gt_history/recovery
7 action_history_causal,previously amplified perturbations,A-,GT-history - Normal AR,delta fde5,-7.4458,-8.1863,-6.1278,m,175,45,8.70876106352589e-30,Wilcoxon signed-rank,yes,autovla_misalignment_poc/outputs/action_history_causal/summary.json :: subsets/previously amplified perturbations/A-/vs_normal/gt_history/fde5
7 action_history_causal,previously amplified perturbations,A-,GT-history - Normal AR,delta ade5,-2.3349,-2.5223,-1.9582,m,175,45,9.496040972412553e-30,Wilcoxon signed-rank,yes,autovla_misalignment_poc/outputs/action_history_causal/summary.json :: subsets/previously amplified perturbations/A-/vs_normal/gt_history/ade5
7 action_history_causal,previously amplified perturbations,A-,GT-history - Normal AR,delta downstream_err,-59.5327,-63.655,-53.1472,pp,175,45,3.2479801011662854e-30,Wilcoxon signed-rank,yes,autovla_misalignment_poc/outputs/action_history_causal/summary.json :: subsets/previously amplified perturbations/A-/vs_normal/gt_history/downstream_err
7 action_history_causal,previously amplified perturbations,A-,Recent-GT (previous 1 token = GT) - Normal AR,delta amplification,-81.1429,-88.7257,-71.9512,pp,175,45,3.587324068671532e-43,McNemar exact,yes,autovla_misalignment_poc/outputs/action_history_causal/summary.json :: subsets/previously amplified perturbations/A-/vs_normal/recent_gt/amplification
7 action_history_causal,previously amplified perturbations,A-,Recent-GT (previous 1 token = GT) - Normal AR,delta recovery,76.5714,66.0691,85.3148,pp,175,45,9.183549615799121e-41,McNemar exact,yes,autovla_misalignment_poc/outputs/action_history_causal/summary.json :: subsets/previously amplified perturbations/A-/vs_normal/recent_gt/recovery
7 action_history_causal,previously amplified perturbations,A-,Recent-GT (previous 1 token = GT) - Normal AR,delta fde5,-6.5982,-7.3385,-5.4132,m,175,45,1.938272106103629e-29,Wilcoxon signed-rank,yes,autovla_misalignment_poc/outputs/action_history_causal/summary.json :: subsets/previously amplified perturbations/A-/vs_normal/recent_gt/fde5
7 action_history_causal,previously amplified perturbations,A-,Recent-GT (previous 1 token = GT) - Normal AR,delta ade5,-2.078,-2.3112,-1.7386,m,175,45,2.3380948737347493e-29,Wilcoxon signed-rank,yes,autovla_misalignment_poc/outputs/action_history_causal/summary.json :: subsets/previously amplified perturbations/A-/vs_normal/recent_gt/ade5
7 action_history_causal,previously amplified perturbations,A-,Recent-GT (previous 1 token = GT) - Normal AR,delta downstream_err,-31.8975,-37.9429,-22.4991,pp,175,45,3.122399439116791e-25,Wilcoxon signed-rank,yes,autovla_misalignment_poc/outputs/action_history_causal/summary.json :: subsets/previously amplified perturbations/A-/vs_normal/recent_gt/downstream_err
7 action_history_causal,previously amplified perturbations,A+,Normal AR,amplification,88.3721,77.4194,96.5517,%,43,32,,,yes,autovla_misalignment_poc/outputs/action_history_causal/summary.json :: subsets/previously amplified perturbations/A+/conditions/normal/amplification
7 action_history_causal,previously amplified perturbations,A+,Normal AR,recovery,9.3023,0.0,21.6216,%,43,32,,,yes,autovla_misalignment_poc/outputs/action_history_causal/summary.json :: subsets/previously amplified perturbations/A+/conditions/normal/recovery
7 action_history_causal,previously amplified perturbations,A+,Normal AR,ade5,3.4016,2.766,4.5817,m,43,32,,,yes,autovla_misalignment_poc/outputs/action_history_causal/summary.json :: subsets/previously amplified perturbations/A+/conditions/normal/ade5
7 action_history_causal,previously amplified perturbations,A+,Normal AR,fde5,8.907,7.1994,11.7739,m,43,32,,,yes,autovla_misalignment_poc/outputs/action_history_causal/summary.json :: subsets/previously amplified perturbations/A+/conditions/normal/fde5
7 action_history_causal,previously amplified perturbations,A+,Normal AR,downstream_err,95.5703,92.1563,97.7413,%,43,32,,,yes,autovla_misalignment_poc/outputs/action_history_causal/summary.json :: subsets/previously amplified perturbations/A+/conditions/normal/downstream_err
7 action_history_causal,previously amplified perturbations,A+,Normal AR,realign,4.4297,2.2587,7.8437,%,43,32,,,yes,autovla_misalignment_poc/outputs/action_history_causal/summary.json :: subsets/previously amplified perturbations/A+/conditions/normal/realign
7 action_history_causal,previously amplified perturbations,A+,Normal AR,entropy,1.9231,1.7549,2.064,nat,43,32,,,yes,autovla_misalignment_poc/outputs/action_history_causal/summary.json :: subsets/previously amplified perturbations/A+/conditions/normal/entropy
7 action_history_causal,previously amplified perturbations,A+,Normal AR,err_slope,1.0843,0.8614,1.4611,m/step,43,32,,,yes,autovla_misalignment_poc/outputs/action_history_causal/summary.json :: subsets/previously amplified perturbations/A+/conditions/normal/err_slope
7 action_history_causal,previously amplified perturbations,A+,Action-history attention mask,amplification,51.1628,34.0426,74.2875,%,43,32,,,yes,autovla_misalignment_poc/outputs/action_history_causal/summary.json :: subsets/previously amplified perturbations/A+/conditions/hist_attn_mask/amplification
7 action_history_causal,previously amplified perturbations,A+,Action-history attention mask,recovery,48.8372,25.7125,65.9574,%,43,32,,,yes,autovla_misalignment_poc/outputs/action_history_causal/summary.json :: subsets/previously amplified perturbations/A+/conditions/hist_attn_mask/recovery
7 action_history_causal,previously amplified perturbations,A+,Action-history attention mask,ade5,2.3471,1.83,3.1396,m,43,32,,,yes,autovla_misalignment_poc/outputs/action_history_causal/summary.json :: subsets/previously amplified perturbations/A+/conditions/hist_attn_mask/ade5
7 action_history_causal,previously amplified perturbations,A+,Action-history attention mask,fde5,6.1012,4.4232,8.5203,m,43,32,,,yes,autovla_misalignment_poc/outputs/action_history_causal/summary.json :: subsets/previously amplified perturbations/A+/conditions/hist_attn_mask/fde5
7 action_history_causal,previously amplified perturbations,A+,Action-history attention mask,downstream_err,93.9323,91.8742,96.779,%,43,32,,,yes,autovla_misalignment_poc/outputs/action_history_causal/summary.json :: subsets/previously amplified perturbations/A+/conditions/hist_attn_mask/downstream_err
7 action_history_causal,previously amplified perturbations,A+,Action-history attention mask,realign,6.0677,3.221,8.1258,%,43,32,,,yes,autovla_misalignment_poc/outputs/action_history_causal/summary.json :: subsets/previously amplified perturbations/A+/conditions/hist_attn_mask/realign
7 action_history_causal,previously amplified perturbations,A+,Action-history attention mask,entropy,1.485,1.4127,1.5656,nat,43,32,,,yes,autovla_misalignment_poc/outputs/action_history_causal/summary.json :: subsets/previously amplified perturbations/A+/conditions/hist_attn_mask/entropy
7 action_history_causal,previously amplified perturbations,A+,Action-history attention mask,err_slope,0.7452,0.5147,1.0849,m/step,43,32,,,yes,autovla_misalignment_poc/outputs/action_history_causal/summary.json :: subsets/previously amplified perturbations/A+/conditions/hist_attn_mask/err_slope
7 action_history_causal,previously amplified perturbations,A+,Recent-action attention mask,amplification,39.5349,26.6667,58.8273,%,43,32,,,yes,autovla_misalignment_poc/outputs/action_history_causal/summary.json :: subsets/previously amplified perturbations/A+/conditions/recent_attn_mask/amplification
7 action_history_causal,previously amplified perturbations,A+,Recent-action attention mask,recovery,53.4884,35.9974,65.8537,%,43,32,,,yes,autovla_misalignment_poc/outputs/action_history_causal/summary.json :: subsets/previously amplified perturbations/A+/conditions/recent_attn_mask/recovery
7 action_history_causal,previously amplified perturbations,A+,Recent-action attention mask,ade5,2.3469,1.7671,3.2467,m,43,32,,,yes,autovla_misalignment_poc/outputs/action_history_causal/summary.json :: subsets/previously amplified perturbations/A+/conditions/recent_attn_mask/ade5
7 action_history_causal,previously amplified perturbations,A+,Recent-action attention mask,fde5,5.9302,4.1282,8.7925,m,43,32,,,yes,autovla_misalignment_poc/outputs/action_history_causal/summary.json :: subsets/previously amplified perturbations/A+/conditions/recent_attn_mask/fde5
7 action_history_causal,previously amplified perturbations,A+,Recent-action attention mask,downstream_err,94.629,89.6658,98.8889,%,43,32,,,yes,autovla_misalignment_poc/outputs/action_history_causal/summary.json :: subsets/previously amplified perturbations/A+/conditions/recent_attn_mask/downstream_err
7 action_history_causal,previously amplified perturbations,A+,Recent-action attention mask,realign,5.371,1.1111,10.3342,%,43,32,,,yes,autovla_misalignment_poc/outputs/action_history_causal/summary.json :: subsets/previously amplified perturbations/A+/conditions/recent_attn_mask/realign
7 action_history_causal,previously amplified perturbations,A+,Recent-action attention mask,entropy,1.7132,1.5085,1.9197,nat,43,32,,,yes,autovla_misalignment_poc/outputs/action_history_causal/summary.json :: subsets/previously amplified perturbations/A+/conditions/recent_attn_mask/entropy
7 action_history_causal,previously amplified perturbations,A+,Recent-action attention mask,err_slope,0.7249,0.48,1.1203,m/step,43,32,,,yes,autovla_misalignment_poc/outputs/action_history_causal/summary.json :: subsets/previously amplified perturbations/A+/conditions/recent_attn_mask/err_slope
7 action_history_causal,previously amplified perturbations,A+,[OOD] Action-history embedding neutralised,amplification,65.1163,54.2355,82.6087,%,43,32,,,no (OOD),autovla_misalignment_poc/outputs/action_history_causal/summary.json :: subsets/previously amplified perturbations/A+/conditions/hist_emb_neutral/amplification
7 action_history_causal,previously amplified perturbations,A+,[OOD] Action-history embedding neutralised,recovery,34.8837,17.3913,45.7645,%,43,32,,,no (OOD),autovla_misalignment_poc/outputs/action_history_causal/summary.json :: subsets/previously amplified perturbations/A+/conditions/hist_emb_neutral/recovery
7 action_history_causal,previously amplified perturbations,A+,[OOD] Action-history embedding neutralised,ade5,10.0194,8.2921,11.5475,m,43,32,,,no (OOD),autovla_misalignment_poc/outputs/action_history_causal/summary.json :: subsets/previously amplified perturbations/A+/conditions/hist_emb_neutral/ade5
7 action_history_causal,previously amplified perturbations,A+,[OOD] Action-history embedding neutralised,fde5,26.8013,23.6611,29.3781,m,43,32,,,no (OOD),autovla_misalignment_poc/outputs/action_history_causal/summary.json :: subsets/previously amplified perturbations/A+/conditions/hist_emb_neutral/fde5
7 action_history_causal,previously amplified perturbations,A+,[OOD] Action-history embedding neutralised,downstream_err,98.4727,96.8848,99.6337,%,43,32,,,no (OOD),autovla_misalignment_poc/outputs/action_history_causal/summary.json :: subsets/previously amplified perturbations/A+/conditions/hist_emb_neutral/downstream_err
7 action_history_causal,previously amplified perturbations,A+,[OOD] Action-history embedding neutralised,realign,1.5273,0.3663,3.1152,%,43,32,,,no (OOD),autovla_misalignment_poc/outputs/action_history_causal/summary.json :: subsets/previously amplified perturbations/A+/conditions/hist_emb_neutral/realign
7 action_history_causal,previously amplified perturbations,A+,[OOD] Action-history embedding neutralised,entropy,4.2923,4.1196,4.4867,nat,43,32,,,no (OOD),autovla_misalignment_poc/outputs/action_history_causal/summary.json :: subsets/previously amplified perturbations/A+/conditions/hist_emb_neutral/entropy
7 action_history_causal,previously amplified perturbations,A+,[OOD] Action-history embedding neutralised,err_slope,3.2981,2.8335,3.6845,m/step,43,32,,,no (OOD),autovla_misalignment_poc/outputs/action_history_causal/summary.json :: subsets/previously amplified perturbations/A+/conditions/hist_emb_neutral/err_slope
7 action_history_causal,previously amplified perturbations,A+,[OOD] Recent-action embedding neutralised,amplification,41.8605,20.5882,59.5261,%,43,32,,,no (OOD),autovla_misalignment_poc/outputs/action_history_causal/summary.json :: subsets/previously amplified perturbations/A+/conditions/recent_emb_neutral/amplification
7 action_history_causal,previously amplified perturbations,A+,[OOD] Recent-action embedding neutralised,recovery,58.1395,40.4739,79.4118,%,43,32,,,no (OOD),autovla_misalignment_poc/outputs/action_history_causal/summary.json :: subsets/previously amplified perturbations/A+/conditions/recent_emb_neutral/recovery
7 action_history_causal,previously amplified perturbations,A+,[OOD] Recent-action embedding neutralised,ade5,4.3681,2.6797,6.3107,m,43,32,,,no (OOD),autovla_misalignment_poc/outputs/action_history_causal/summary.json :: subsets/previously amplified perturbations/A+/conditions/recent_emb_neutral/ade5
7 action_history_causal,previously amplified perturbations,A+,[OOD] Recent-action embedding neutralised,fde5,10.1693,6.5629,14.1006,m,43,32,,,no (OOD),autovla_misalignment_poc/outputs/action_history_causal/summary.json :: subsets/previously amplified perturbations/A+/conditions/recent_emb_neutral/fde5
7 action_history_causal,previously amplified perturbations,A+,[OOD] Recent-action embedding neutralised,downstream_err,95.9118,91.2806,98.3221,%,43,32,,,no (OOD),autovla_misalignment_poc/outputs/action_history_causal/summary.json :: subsets/previously amplified perturbations/A+/conditions/recent_emb_neutral/downstream_err
7 action_history_causal,previously amplified perturbations,A+,[OOD] Recent-action embedding neutralised,realign,4.0882,1.6779,8.7194,%,43,32,,,no (OOD),autovla_misalignment_poc/outputs/action_history_causal/summary.json :: subsets/previously amplified perturbations/A+/conditions/recent_emb_neutral/realign
7 action_history_causal,previously amplified perturbations,A+,[OOD] Recent-action embedding neutralised,entropy,3.3854,2.9443,3.6813,nat,43,32,,,no (OOD),autovla_misalignment_poc/outputs/action_history_causal/summary.json :: subsets/previously amplified perturbations/A+/conditions/recent_emb_neutral/entropy
7 action_history_causal,previously amplified perturbations,A+,[OOD] Recent-action embedding neutralised,err_slope,1.2056,0.7577,1.6767,m/step,43,32,,,no (OOD),autovla_misalignment_poc/outputs/action_history_causal/summary.json :: subsets/previously amplified perturbations/A+/conditions/recent_emb_neutral/err_slope
7 action_history_causal,previously amplified perturbations,A+,GT-history,amplification,4.6512,0.0,15.7947,%,43,32,,,yes,autovla_misalignment_poc/outputs/action_history_causal/summary.json :: subsets/previously amplified perturbations/A+/conditions/gt_history/amplification
7 action_history_causal,previously amplified perturbations,A+,GT-history,recovery,90.6977,79.1612,97.8261,%,43,32,,,yes,autovla_misalignment_poc/outputs/action_history_causal/summary.json :: subsets/previously amplified perturbations/A+/conditions/gt_history/recovery
7 action_history_causal,previously amplified perturbations,A+,GT-history,ade5,1.0202,0.7746,1.2635,m,43,32,,,yes,autovla_misalignment_poc/outputs/action_history_causal/summary.json :: subsets/previously amplified perturbations/A+/conditions/gt_history/ade5
7 action_history_causal,previously amplified perturbations,A+,GT-history,fde5,1.9561,1.393,2.5899,m,43,32,,,yes,autovla_misalignment_poc/outputs/action_history_causal/summary.json :: subsets/previously amplified perturbations/A+/conditions/gt_history/fde5
7 action_history_causal,previously amplified perturbations,A+,GT-history,downstream_err,37.6154,32.7286,42.7787,%,43,32,,,yes,autovla_misalignment_poc/outputs/action_history_causal/summary.json :: subsets/previously amplified perturbations/A+/conditions/gt_history/downstream_err
7 action_history_causal,previously amplified perturbations,A+,GT-history,realign,62.3846,57.2213,67.2714,%,43,32,,,yes,autovla_misalignment_poc/outputs/action_history_causal/summary.json :: subsets/previously amplified perturbations/A+/conditions/gt_history/realign
7 action_history_causal,previously amplified perturbations,A+,GT-history,entropy,1.0097,0.8264,1.1713,nat,43,32,,,yes,autovla_misalignment_poc/outputs/action_history_causal/summary.json :: subsets/previously amplified perturbations/A+/conditions/gt_history/entropy
7 action_history_causal,previously amplified perturbations,A+,GT-history,err_slope,0.2079,0.1388,0.2942,m/step,43,32,,,yes,autovla_misalignment_poc/outputs/action_history_causal/summary.json :: subsets/previously amplified perturbations/A+/conditions/gt_history/err_slope
7 action_history_causal,previously amplified perturbations,A+,Recent-GT (previous 1 token = GT),amplification,6.9767,0.0,17.6471,%,43,32,,,yes,autovla_misalignment_poc/outputs/action_history_causal/summary.json :: subsets/previously amplified perturbations/A+/conditions/recent_gt/amplification
7 action_history_causal,previously amplified perturbations,A+,Recent-GT (previous 1 token = GT),recovery,88.3721,75.8595,96.0,%,43,32,,,yes,autovla_misalignment_poc/outputs/action_history_causal/summary.json :: subsets/previously amplified perturbations/A+/conditions/recent_gt/recovery
7 action_history_causal,previously amplified perturbations,A+,Recent-GT (previous 1 token = GT),ade5,1.0661,0.7827,1.3853,m,43,32,,,yes,autovla_misalignment_poc/outputs/action_history_causal/summary.json :: subsets/previously amplified perturbations/A+/conditions/recent_gt/ade5
7 action_history_causal,previously amplified perturbations,A+,Recent-GT (previous 1 token = GT),fde5,2.0186,1.3986,2.911,m,43,32,,,yes,autovla_misalignment_poc/outputs/action_history_causal/summary.json :: subsets/previously amplified perturbations/A+/conditions/recent_gt/fde5
7 action_history_causal,previously amplified perturbations,A+,Recent-GT (previous 1 token = GT),downstream_err,65.5869,59.8272,73.0511,%,43,32,,,yes,autovla_misalignment_poc/outputs/action_history_causal/summary.json :: subsets/previously amplified perturbations/A+/conditions/recent_gt/downstream_err
7 action_history_causal,previously amplified perturbations,A+,Recent-GT (previous 1 token = GT),realign,34.4131,26.9489,40.1728,%,43,32,,,yes,autovla_misalignment_poc/outputs/action_history_causal/summary.json :: subsets/previously amplified perturbations/A+/conditions/recent_gt/realign
7 action_history_causal,previously amplified perturbations,A+,Recent-GT (previous 1 token = GT),entropy,1.4306,1.2599,1.5725,nat,43,32,,,yes,autovla_misalignment_poc/outputs/action_history_causal/summary.json :: subsets/previously amplified perturbations/A+/conditions/recent_gt/entropy
7 action_history_causal,previously amplified perturbations,A+,Recent-GT (previous 1 token = GT),err_slope,0.2205,0.1429,0.3388,m/step,43,32,,,yes,autovla_misalignment_poc/outputs/action_history_causal/summary.json :: subsets/previously amplified perturbations/A+/conditions/recent_gt/err_slope
7 action_history_causal,previously amplified perturbations,A+,Action-history attention mask - Normal AR,delta amplification,-37.2093,-53.3362,-16.6667,pp,43,32,3.0517578125e-05,McNemar exact,yes,autovla_misalignment_poc/outputs/action_history_causal/summary.json :: subsets/previously amplified perturbations/A+/vs_normal/hist_attn_mask/amplification
7 action_history_causal,previously amplified perturbations,A+,Action-history attention mask - Normal AR,delta recovery,39.5349,16.6667,58.0,pp,43,32,1.52587890625e-05,McNemar exact,yes,autovla_misalignment_poc/outputs/action_history_causal/summary.json :: subsets/previously amplified perturbations/A+/vs_normal/hist_attn_mask/recovery
7 action_history_causal,previously amplified perturbations,A+,Action-history attention mask - Normal AR,delta fde5,-2.8058,-5.101,-1.157,m,43,32,0.00769387991408621,Wilcoxon signed-rank,yes,autovla_misalignment_poc/outputs/action_history_causal/summary.json :: subsets/previously amplified perturbations/A+/vs_normal/hist_attn_mask/fde5
7 action_history_causal,previously amplified perturbations,A+,Action-history attention mask - Normal AR,delta ade5,-1.0544,-2.1067,-0.3826,m,43,32,0.004785974331298348,Wilcoxon signed-rank,yes,autovla_misalignment_poc/outputs/action_history_causal/summary.json :: subsets/previously amplified perturbations/A+/vs_normal/hist_attn_mask/ade5
7 action_history_causal,previously amplified perturbations,A+,Action-history attention mask - Normal AR,delta downstream_err,-1.6381,-3.7332,1.7409,pp,43,32,0.4886736940301465,Wilcoxon signed-rank,yes,autovla_misalignment_poc/outputs/action_history_causal/summary.json :: subsets/previously amplified perturbations/A+/vs_normal/hist_attn_mask/downstream_err
7 action_history_causal,previously amplified perturbations,A+,Recent-action attention mask - Normal AR,delta amplification,-48.8372,-61.3636,-30.5556,pp,43,32,9.5367431640625e-07,McNemar exact,yes,autovla_misalignment_poc/outputs/action_history_causal/summary.json :: subsets/previously amplified perturbations/A+/vs_normal/recent_attn_mask/amplification
7 action_history_causal,previously amplified perturbations,A+,Recent-action attention mask - Normal AR,delta recovery,44.186,25.7143,58.8273,pp,43,32,3.814697265625e-06,McNemar exact,yes,autovla_misalignment_poc/outputs/action_history_causal/summary.json :: subsets/previously amplified perturbations/A+/vs_normal/recent_attn_mask/recovery
7 action_history_causal,previously amplified perturbations,A+,Recent-action attention mask - Normal AR,delta fde5,-2.9768,-5.2948,-0.8793,m,43,32,0.000507211686226583,Wilcoxon signed-rank,yes,autovla_misalignment_poc/outputs/action_history_causal/summary.json :: subsets/previously amplified perturbations/A+/vs_normal/recent_attn_mask/fde5
7 action_history_causal,previously amplified perturbations,A+,Recent-action attention mask - Normal AR,delta ade5,-1.0546,-2.1455,-0.2737,m,43,32,0.0017799095878672233,Wilcoxon signed-rank,yes,autovla_misalignment_poc/outputs/action_history_causal/summary.json :: subsets/previously amplified perturbations/A+/vs_normal/recent_attn_mask/ade5
7 action_history_causal,previously amplified perturbations,A+,Recent-action attention mask - Normal AR,delta downstream_err,-0.9413,-5.9309,4.4883,pp,43,32,0.5496444288991635,Wilcoxon signed-rank,yes,autovla_misalignment_poc/outputs/action_history_causal/summary.json :: subsets/previously amplified perturbations/A+/vs_normal/recent_attn_mask/downstream_err
7 action_history_causal,previously amplified perturbations,A+,[OOD] Action-history embedding neutralised - Normal AR,delta amplification,-23.2558,-38.8912,0.0,pp,43,32,0.0308837890625,McNemar exact,no (OOD),autovla_misalignment_poc/outputs/action_history_causal/summary.json :: subsets/previously amplified perturbations/A+/vs_normal/hist_emb_neutral/amplification
7 action_history_causal,previously amplified perturbations,A+,[OOD] Action-history embedding neutralised - Normal AR,delta recovery,25.5814,0.0,42.6523,pp,43,32,0.012725830078125,McNemar exact,no (OOD),autovla_misalignment_poc/outputs/action_history_causal/summary.json :: subsets/previously amplified perturbations/A+/vs_normal/hist_emb_neutral/recovery
7 action_history_causal,previously amplified perturbations,A+,[OOD] Action-history embedding neutralised - Normal AR,delta fde5,17.8943,13.5703,20.6974,m,43,32,8.469669410260394e-10,Wilcoxon signed-rank,no (OOD),autovla_misalignment_poc/outputs/action_history_causal/summary.json :: subsets/previously amplified perturbations/A+/vs_normal/hist_emb_neutral/fde5
7 action_history_causal,previously amplified perturbations,A+,[OOD] Action-history embedding neutralised - Normal AR,delta ade5,6.6178,4.4784,8.2067,m,43,32,1.4619899957324378e-08,Wilcoxon signed-rank,no (OOD),autovla_misalignment_poc/outputs/action_history_causal/summary.json :: subsets/previously amplified perturbations/A+/vs_normal/hist_emb_neutral/ade5
7 action_history_causal,previously amplified perturbations,A+,[OOD] Action-history embedding neutralised - Normal AR,delta downstream_err,2.9024,0.0,6.5224,pp,43,32,0.13655171977015537,Wilcoxon signed-rank,no (OOD),autovla_misalignment_poc/outputs/action_history_causal/summary.json :: subsets/previously amplified perturbations/A+/vs_normal/hist_emb_neutral/downstream_err
7 action_history_causal,previously amplified perturbations,A+,[OOD] Recent-action embedding neutralised - Normal AR,delta amplification,-46.5116,-70.5882,-26.8648,pp,43,32,3.5881996154785156e-05,McNemar exact,no (OOD),autovla_misalignment_poc/outputs/action_history_causal/summary.json :: subsets/previously amplified perturbations/A+/vs_normal/recent_emb_neutral/amplification
7 action_history_causal,previously amplified perturbations,A+,[OOD] Recent-action embedding neutralised - Normal AR,delta recovery,48.8372,28.0661,71.4286,pp,43,32,5.7220458984375e-06,McNemar exact,no (OOD),autovla_misalignment_poc/outputs/action_history_causal/summary.json :: subsets/previously amplified perturbations/A+/vs_normal/recent_emb_neutral/recovery
7 action_history_causal,previously amplified perturbations,A+,[OOD] Recent-action embedding neutralised - Normal AR,delta fde5,1.2623,-3.6731,5.5992,m,43,32,0.5065607427081886,Wilcoxon signed-rank,no (OOD),autovla_misalignment_poc/outputs/action_history_causal/summary.json :: subsets/previously amplified perturbations/A+/vs_normal/recent_emb_neutral/fde5
7 action_history_causal,previously amplified perturbations,A+,[OOD] Recent-action embedding neutralised - Normal AR,delta ade5,0.9665,-1.1956,3.0041,m,43,32,0.8812540859210003,Wilcoxon signed-rank,no (OOD),autovla_misalignment_poc/outputs/action_history_causal/summary.json :: subsets/previously amplified perturbations/A+/vs_normal/recent_emb_neutral/ade5
7 action_history_causal,previously amplified perturbations,A+,[OOD] Recent-action embedding neutralised - Normal AR,delta downstream_err,0.3415,-4.4644,4.1479,pp,43,32,0.5506630818195641,Wilcoxon signed-rank,no (OOD),autovla_misalignment_poc/outputs/action_history_causal/summary.json :: subsets/previously amplified perturbations/A+/vs_normal/recent_emb_neutral/downstream_err
7 action_history_causal,previously amplified perturbations,A+,GT-history - Normal AR,delta amplification,-83.7209,-92.1905,-67.8571,pp,43,32,2.9103830456733704e-11,McNemar exact,yes,autovla_misalignment_poc/outputs/action_history_causal/summary.json :: subsets/previously amplified perturbations/A+/vs_normal/gt_history/amplification
7 action_history_causal,previously amplified perturbations,A+,GT-history - Normal AR,delta recovery,81.3953,66.6429,90.0,pp,43,32,5.820766091346741e-11,McNemar exact,yes,autovla_misalignment_poc/outputs/action_history_causal/summary.json :: subsets/previously amplified perturbations/A+/vs_normal/gt_history/recovery
7 action_history_causal,previously amplified perturbations,A+,GT-history - Normal AR,delta fde5,-6.9509,-9.7493,-5.3809,m,43,32,1.5916157281026244e-12,Wilcoxon signed-rank,yes,autovla_misalignment_poc/outputs/action_history_causal/summary.json :: subsets/previously amplified perturbations/A+/vs_normal/gt_history/fde5
7 action_history_causal,previously amplified perturbations,A+,GT-history - Normal AR,delta ade5,-2.3813,-3.5848,-1.7486,m,43,32,1.5916157281026244e-12,Wilcoxon signed-rank,yes,autovla_misalignment_poc/outputs/action_history_causal/summary.json :: subsets/previously amplified perturbations/A+/vs_normal/gt_history/ade5
7 action_history_causal,previously amplified perturbations,A+,GT-history - Normal AR,delta downstream_err,-57.955,-63.169,-51.2538,pp,43,32,1.0830234948282561e-08,Wilcoxon signed-rank,yes,autovla_misalignment_poc/outputs/action_history_causal/summary.json :: subsets/previously amplified perturbations/A+/vs_normal/gt_history/downstream_err
7 action_history_causal,previously amplified perturbations,A+,Recent-GT (previous 1 token = GT) - Normal AR,delta amplification,-81.3953,-88.8889,-68.5714,pp,43,32,5.820766091346741e-11,McNemar exact,yes,autovla_misalignment_poc/outputs/action_history_causal/summary.json :: subsets/previously amplified perturbations/A+/vs_normal/recent_gt/amplification
7 action_history_causal,previously amplified perturbations,A+,Recent-GT (previous 1 token = GT) - Normal AR,delta recovery,79.0698,63.3333,87.0968,pp,43,32,1.1641532182693481e-10,McNemar exact,yes,autovla_misalignment_poc/outputs/action_history_causal/summary.json :: subsets/previously amplified perturbations/A+/vs_normal/recent_gt/recovery
7 action_history_causal,previously amplified perturbations,A+,Recent-GT (previous 1 token = GT) - Normal AR,delta fde5,-6.8883,-9.5949,-5.2598,m,43,32,6.821210263296962e-13,Wilcoxon signed-rank,yes,autovla_misalignment_poc/outputs/action_history_causal/summary.json :: subsets/previously amplified perturbations/A+/vs_normal/recent_gt/fde5
7 action_history_causal,previously amplified perturbations,A+,Recent-GT (previous 1 token = GT) - Normal AR,delta ade5,-2.3355,-3.5302,-1.6741,m,43,32,5.6843418860808015e-12,Wilcoxon signed-rank,yes,autovla_misalignment_poc/outputs/action_history_causal/summary.json :: subsets/previously amplified perturbations/A+/vs_normal/recent_gt/ade5
7 action_history_causal,previously amplified perturbations,A+,Recent-GT (previous 1 token = GT) - Normal AR,delta downstream_err,-29.9834,-36.5273,-21.2967,pp,43,32,2.4288066704436483e-07,Wilcoxon signed-rank,yes,autovla_misalignment_poc/outputs/action_history_causal/summary.json :: subsets/previously amplified perturbations/A+/vs_normal/recent_gt/downstream_err
7 action_history_causal,original token only,A-,Normal AR,amplification,67.3077,44.8962,86.0465,%,52,52,,,yes,autovla_misalignment_poc/outputs/action_history_causal/summary.json :: subsets/original token only/A-/conditions/normal/amplification
7 action_history_causal,original token only,A-,Normal AR,recovery,19.2308,5.2609,36.7374,%,52,52,,,yes,autovla_misalignment_poc/outputs/action_history_causal/summary.json :: subsets/original token only/A-/conditions/normal/recovery
7 action_history_causal,original token only,A-,Normal AR,ade5,2.99,2.4079,3.3907,m,52,52,,,yes,autovla_misalignment_poc/outputs/action_history_causal/summary.json :: subsets/original token only/A-/conditions/normal/ade5
7 action_history_causal,original token only,A-,Normal AR,fde5,8.344,6.4331,9.7888,m,52,52,,,yes,autovla_misalignment_poc/outputs/action_history_causal/summary.json :: subsets/original token only/A-/conditions/normal/fde5
7 action_history_causal,original token only,A-,Normal AR,downstream_err,95.261,89.5484,98.9013,%,52,52,,,yes,autovla_misalignment_poc/outputs/action_history_causal/summary.json :: subsets/original token only/A-/conditions/normal/downstream_err
7 action_history_causal,original token only,A-,Normal AR,realign,4.739,1.0987,10.4516,%,52,52,,,yes,autovla_misalignment_poc/outputs/action_history_causal/summary.json :: subsets/original token only/A-/conditions/normal/realign
7 action_history_causal,original token only,A-,Normal AR,entropy,1.2966,1.107,1.5236,nat,52,52,,,yes,autovla_misalignment_poc/outputs/action_history_causal/summary.json :: subsets/original token only/A-/conditions/normal/entropy
7 action_history_causal,original token only,A-,Normal AR,err_slope,1.0578,0.8022,1.2603,m/step,52,52,,,yes,autovla_misalignment_poc/outputs/action_history_causal/summary.json :: subsets/original token only/A-/conditions/normal/err_slope
7 action_history_causal,original token only,A-,Action-history attention mask,amplification,55.7692,43.1807,68.4996,%,52,52,,,yes,autovla_misalignment_poc/outputs/action_history_causal/summary.json :: subsets/original token only/A-/conditions/hist_attn_mask/amplification
7 action_history_causal,original token only,A-,Action-history attention mask,recovery,34.6154,21.875,45.7143,%,52,52,,,yes,autovla_misalignment_poc/outputs/action_history_causal/summary.json :: subsets/original token only/A-/conditions/hist_attn_mask/recovery
7 action_history_causal,original token only,A-,Action-history attention mask,ade5,2.679,2.1041,3.0579,m,52,52,,,yes,autovla_misalignment_poc/outputs/action_history_causal/summary.json :: subsets/original token only/A-/conditions/hist_attn_mask/ade5
7 action_history_causal,original token only,A-,Action-history attention mask,fde5,7.2053,5.4547,8.433,m,52,52,,,yes,autovla_misalignment_poc/outputs/action_history_causal/summary.json :: subsets/original token only/A-/conditions/hist_attn_mask/fde5
7 action_history_causal,original token only,A-,Action-history attention mask,downstream_err,94.3201,89.2558,97.432,%,52,52,,,yes,autovla_misalignment_poc/outputs/action_history_causal/summary.json :: subsets/original token only/A-/conditions/hist_attn_mask/downstream_err
7 action_history_causal,original token only,A-,Action-history attention mask,realign,5.6799,2.568,10.7442,%,52,52,,,yes,autovla_misalignment_poc/outputs/action_history_causal/summary.json :: subsets/original token only/A-/conditions/hist_attn_mask/realign
7 action_history_causal,original token only,A-,Action-history attention mask,entropy,1.3784,1.1264,1.6616,nat,52,52,,,yes,autovla_misalignment_poc/outputs/action_history_causal/summary.json :: subsets/original token only/A-/conditions/hist_attn_mask/entropy
7 action_history_causal,original token only,A-,Action-history attention mask,err_slope,0.9282,0.6784,1.0976,m/step,52,52,,,yes,autovla_misalignment_poc/outputs/action_history_causal/summary.json :: subsets/original token only/A-/conditions/hist_attn_mask/err_slope
7 action_history_causal,original token only,A-,Recent-action attention mask,amplification,57.6923,41.1727,71.2175,%,52,52,,,yes,autovla_misalignment_poc/outputs/action_history_causal/summary.json :: subsets/original token only/A-/conditions/recent_attn_mask/amplification
7 action_history_causal,original token only,A-,Recent-action attention mask,recovery,30.7692,21.4286,43.9078,%,52,52,,,yes,autovla_misalignment_poc/outputs/action_history_causal/summary.json :: subsets/original token only/A-/conditions/recent_attn_mask/recovery
7 action_history_causal,original token only,A-,Recent-action attention mask,ade5,2.7402,2.1678,3.1199,m,52,52,,,yes,autovla_misalignment_poc/outputs/action_history_causal/summary.json :: subsets/original token only/A-/conditions/recent_attn_mask/ade5
7 action_history_causal,original token only,A-,Recent-action attention mask,fde5,7.4846,5.7374,8.6967,m,52,52,,,yes,autovla_misalignment_poc/outputs/action_history_causal/summary.json :: subsets/original token only/A-/conditions/recent_attn_mask/fde5
7 action_history_causal,original token only,A-,Recent-action attention mask,downstream_err,93.4249,86.3312,97.6046,%,52,52,,,yes,autovla_misalignment_poc/outputs/action_history_causal/summary.json :: subsets/original token only/A-/conditions/recent_attn_mask/downstream_err
7 action_history_causal,original token only,A-,Recent-action attention mask,realign,6.5751,2.3954,13.6688,%,52,52,,,yes,autovla_misalignment_poc/outputs/action_history_causal/summary.json :: subsets/original token only/A-/conditions/recent_attn_mask/realign
7 action_history_causal,original token only,A-,Recent-action attention mask,entropy,1.4168,1.1254,1.6502,nat,52,52,,,yes,autovla_misalignment_poc/outputs/action_history_causal/summary.json :: subsets/original token only/A-/conditions/recent_attn_mask/entropy
7 action_history_causal,original token only,A-,Recent-action attention mask,err_slope,0.9532,0.7158,1.1236,m/step,52,52,,,yes,autovla_misalignment_poc/outputs/action_history_causal/summary.json :: subsets/original token only/A-/conditions/recent_attn_mask/err_slope
7 action_history_causal,original token only,A-,[OOD] Action-history embedding neutralised,amplification,63.4615,48.3858,78.1284,%,52,52,,,no (OOD),autovla_misalignment_poc/outputs/action_history_causal/summary.json :: subsets/original token only/A-/conditions/hist_emb_neutral/amplification
7 action_history_causal,original token only,A-,[OOD] Action-history embedding neutralised,recovery,36.5385,21.8716,51.6142,%,52,52,,,no (OOD),autovla_misalignment_poc/outputs/action_history_causal/summary.json :: subsets/original token only/A-/conditions/hist_emb_neutral/recovery
7 action_history_causal,original token only,A-,[OOD] Action-history embedding neutralised,ade5,9.3694,7.4437,10.8931,m,52,52,,,no (OOD),autovla_misalignment_poc/outputs/action_history_causal/summary.json :: subsets/original token only/A-/conditions/hist_emb_neutral/ade5
7 action_history_causal,original token only,A-,[OOD] Action-history embedding neutralised,fde5,25.827,21.7416,28.8788,m,52,52,,,no (OOD),autovla_misalignment_poc/outputs/action_history_causal/summary.json :: subsets/original token only/A-/conditions/hist_emb_neutral/fde5
7 action_history_causal,original token only,A-,[OOD] Action-history embedding neutralised,downstream_err,98.6111,97.343,100.0,%,52,52,,,no (OOD),autovla_misalignment_poc/outputs/action_history_causal/summary.json :: subsets/original token only/A-/conditions/hist_emb_neutral/downstream_err
7 action_history_causal,original token only,A-,[OOD] Action-history embedding neutralised,realign,1.3889,0.0,2.657,%,52,52,,,no (OOD),autovla_misalignment_poc/outputs/action_history_causal/summary.json :: subsets/original token only/A-/conditions/hist_emb_neutral/realign
7 action_history_causal,original token only,A-,[OOD] Action-history embedding neutralised,entropy,4.265,4.1585,4.3571,nat,52,52,,,no (OOD),autovla_misalignment_poc/outputs/action_history_causal/summary.json :: subsets/original token only/A-/conditions/hist_emb_neutral/entropy
7 action_history_causal,original token only,A-,[OOD] Action-history embedding neutralised,err_slope,3.2281,2.7513,3.5772,m/step,52,52,,,no (OOD),autovla_misalignment_poc/outputs/action_history_causal/summary.json :: subsets/original token only/A-/conditions/hist_emb_neutral/err_slope
7 action_history_causal,original token only,A-,[OOD] Recent-action embedding neutralised,amplification,53.8462,43.8335,65.7143,%,52,52,,,no (OOD),autovla_misalignment_poc/outputs/action_history_causal/summary.json :: subsets/original token only/A-/conditions/recent_emb_neutral/amplification
7 action_history_causal,original token only,A-,[OOD] Recent-action embedding neutralised,recovery,40.3846,25.8041,52.0856,%,52,52,,,no (OOD),autovla_misalignment_poc/outputs/action_history_causal/summary.json :: subsets/original token only/A-/conditions/recent_emb_neutral/recovery
7 action_history_causal,original token only,A-,[OOD] Recent-action embedding neutralised,ade5,4.484,3.2468,6.0958,m,52,52,,,no (OOD),autovla_misalignment_poc/outputs/action_history_causal/summary.json :: subsets/original token only/A-/conditions/recent_emb_neutral/ade5
7 action_history_causal,original token only,A-,[OOD] Recent-action embedding neutralised,fde5,10.9235,7.9803,14.65,m,52,52,,,no (OOD),autovla_misalignment_poc/outputs/action_history_causal/summary.json :: subsets/original token only/A-/conditions/recent_emb_neutral/fde5
7 action_history_causal,original token only,A-,[OOD] Recent-action embedding neutralised,downstream_err,97.4359,95.8333,100.0,%,52,52,,,no (OOD),autovla_misalignment_poc/outputs/action_history_causal/summary.json :: subsets/original token only/A-/conditions/recent_emb_neutral/downstream_err
7 action_history_causal,original token only,A-,[OOD] Recent-action embedding neutralised,realign,2.5641,0.0,4.1667,%,52,52,,,no (OOD),autovla_misalignment_poc/outputs/action_history_causal/summary.json :: subsets/original token only/A-/conditions/recent_emb_neutral/realign
7 action_history_causal,original token only,A-,[OOD] Recent-action embedding neutralised,entropy,3.2904,2.9224,3.6923,nat,52,52,,,no (OOD),autovla_misalignment_poc/outputs/action_history_causal/summary.json :: subsets/original token only/A-/conditions/recent_emb_neutral/entropy
7 action_history_causal,original token only,A-,[OOD] Recent-action embedding neutralised,err_slope,1.3655,0.9851,1.821,m/step,52,52,,,no (OOD),autovla_misalignment_poc/outputs/action_history_causal/summary.json :: subsets/original token only/A-/conditions/recent_emb_neutral/err_slope
7 action_history_causal,original token only,A-,GT-history,amplification,1.9231,0.0,5.5575,%,52,52,,,yes,autovla_misalignment_poc/outputs/action_history_causal/summary.json :: subsets/original token only/A-/conditions/gt_history/amplification
7 action_history_causal,original token only,A-,GT-history,recovery,94.2308,86.1111,100.0,%,52,52,,,yes,autovla_misalignment_poc/outputs/action_history_causal/summary.json :: subsets/original token only/A-/conditions/gt_history/recovery
7 action_history_causal,original token only,A-,GT-history,ade5,0.8214,0.5666,1.1217,m,52,52,,,yes,autovla_misalignment_poc/outputs/action_history_causal/summary.json :: subsets/original token only/A-/conditions/gt_history/ade5
7 action_history_causal,original token only,A-,GT-history,fde5,1.6426,1.0018,2.4692,m,52,52,,,yes,autovla_misalignment_poc/outputs/action_history_causal/summary.json :: subsets/original token only/A-/conditions/gt_history/fde5
7 action_history_causal,original token only,A-,GT-history,downstream_err,32.2672,27.8151,38.7791,%,52,52,,,yes,autovla_misalignment_poc/outputs/action_history_causal/summary.json :: subsets/original token only/A-/conditions/gt_history/downstream_err
7 action_history_causal,original token only,A-,GT-history,realign,67.7328,61.2209,72.1849,%,52,52,,,yes,autovla_misalignment_poc/outputs/action_history_causal/summary.json :: subsets/original token only/A-/conditions/gt_history/realign
7 action_history_causal,original token only,A-,GT-history,entropy,0.7792,0.6261,0.9868,nat,52,52,,,yes,autovla_misalignment_poc/outputs/action_history_causal/summary.json :: subsets/original token only/A-/conditions/gt_history/entropy
7 action_history_causal,original token only,A-,GT-history,err_slope,0.1722,0.0969,0.2639,m/step,52,52,,,yes,autovla_misalignment_poc/outputs/action_history_causal/summary.json :: subsets/original token only/A-/conditions/gt_history/err_slope
7 action_history_causal,original token only,A-,Recent-GT (previous 1 token = GT),amplification,3.8462,0.0,11.115,%,52,52,,,yes,autovla_misalignment_poc/outputs/action_history_causal/summary.json :: subsets/original token only/A-/conditions/recent_gt/amplification
7 action_history_causal,original token only,A-,Recent-GT (previous 1 token = GT),recovery,94.2308,86.1111,100.0,%,52,52,,,yes,autovla_misalignment_poc/outputs/action_history_causal/summary.json :: subsets/original token only/A-/conditions/recent_gt/recovery
7 action_history_causal,original token only,A-,Recent-GT (previous 1 token = GT),ade5,1.0072,0.702,1.2736,m,52,52,,,yes,autovla_misalignment_poc/outputs/action_history_causal/summary.json :: subsets/original token only/A-/conditions/recent_gt/ade5
7 action_history_causal,original token only,A-,Recent-GT (previous 1 token = GT),fde5,2.1179,1.29,3.0122,m,52,52,,,yes,autovla_misalignment_poc/outputs/action_history_causal/summary.json :: subsets/original token only/A-/conditions/recent_gt/fde5
7 action_history_causal,original token only,A-,Recent-GT (previous 1 token = GT),downstream_err,58.5264,53.3034,65.152,%,52,52,,,yes,autovla_misalignment_poc/outputs/action_history_causal/summary.json :: subsets/original token only/A-/conditions/recent_gt/downstream_err
7 action_history_causal,original token only,A-,Recent-GT (previous 1 token = GT),realign,41.4736,34.848,46.6966,%,52,52,,,yes,autovla_misalignment_poc/outputs/action_history_causal/summary.json :: subsets/original token only/A-/conditions/recent_gt/realign
7 action_history_causal,original token only,A-,Recent-GT (previous 1 token = GT),entropy,1.2825,1.0737,1.4629,nat,52,52,,,yes,autovla_misalignment_poc/outputs/action_history_causal/summary.json :: subsets/original token only/A-/conditions/recent_gt/entropy
7 action_history_causal,original token only,A-,Recent-GT (previous 1 token = GT),err_slope,0.241,0.1399,0.3355,m/step,52,52,,,yes,autovla_misalignment_poc/outputs/action_history_causal/summary.json :: subsets/original token only/A-/conditions/recent_gt/err_slope
7 action_history_causal,original token only,A-,Action-history attention mask - Normal AR,delta amplification,-11.5385,-25.4554,5.4092,pp,52,52,0.109375,McNemar exact,yes,autovla_misalignment_poc/outputs/action_history_causal/summary.json :: subsets/original token only/A-/vs_normal/hist_attn_mask/amplification
7 action_history_causal,original token only,A-,Action-history attention mask - Normal AR,delta recovery,15.3846,0.0,26.3895,pp,52,52,0.03857421875,McNemar exact,yes,autovla_misalignment_poc/outputs/action_history_causal/summary.json :: subsets/original token only/A-/vs_normal/hist_attn_mask/recovery
7 action_history_causal,original token only,A-,Action-history attention mask - Normal AR,delta fde5,-1.1387,-2.1666,-0.1997,m,52,52,0.02111773811698606,Wilcoxon signed-rank,yes,autovla_misalignment_poc/outputs/action_history_causal/summary.json :: subsets/original token only/A-/vs_normal/hist_attn_mask/fde5
7 action_history_causal,original token only,A-,Action-history attention mask - Normal AR,delta ade5,-0.311,-0.6135,-0.0717,m,52,52,0.036592375446121206,Wilcoxon signed-rank,yes,autovla_misalignment_poc/outputs/action_history_causal/summary.json :: subsets/original token only/A-/vs_normal/hist_attn_mask/ade5
7 action_history_causal,original token only,A-,Action-history attention mask - Normal AR,delta downstream_err,-0.9409,-3.0641,1.1612,pp,52,52,0.5135595033458114,Wilcoxon signed-rank,yes,autovla_misalignment_poc/outputs/action_history_causal/summary.json :: subsets/original token only/A-/vs_normal/hist_attn_mask/downstream_err
7 action_history_causal,original token only,A-,Recent-action attention mask - Normal AR,delta amplification,-9.6154,-21.5686,3.1275,pp,52,52,0.1796875,McNemar exact,yes,autovla_misalignment_poc/outputs/action_history_causal/summary.json :: subsets/original token only/A-/vs_normal/recent_attn_mask/amplification
7 action_history_causal,original token only,A-,Recent-action attention mask - Normal AR,delta recovery,11.5385,-1.9231,23.8943,pp,52,52,0.14599609375,McNemar exact,yes,autovla_misalignment_poc/outputs/action_history_causal/summary.json :: subsets/original token only/A-/vs_normal/recent_attn_mask/recovery
7 action_history_causal,original token only,A-,Recent-action attention mask - Normal AR,delta fde5,-0.8594,-1.9079,-0.0314,m,52,52,0.245109610090535,Wilcoxon signed-rank,yes,autovla_misalignment_poc/outputs/action_history_causal/summary.json :: subsets/original token only/A-/vs_normal/recent_attn_mask/fde5
7 action_history_causal,original token only,A-,Recent-action attention mask - Normal AR,delta ade5,-0.2497,-0.5574,-0.0115,m,52,52,0.30250267023967414,Wilcoxon signed-rank,yes,autovla_misalignment_poc/outputs/action_history_causal/summary.json :: subsets/original token only/A-/vs_normal/recent_attn_mask/ade5
7 action_history_causal,original token only,A-,Recent-action attention mask - Normal AR,delta downstream_err,-1.8361,-6.0006,3.3172,pp,52,52,0.2922869621254035,Wilcoxon signed-rank,yes,autovla_misalignment_poc/outputs/action_history_causal/summary.json :: subsets/original token only/A-/vs_normal/recent_attn_mask/downstream_err
7 action_history_causal,original token only,A-,[OOD] Action-history embedding neutralised - Normal AR,delta amplification,-3.8462,-33.9294,30.4348,pp,52,52,0.860050065908581,McNemar exact,no (OOD),autovla_misalignment_poc/outputs/action_history_causal/summary.json :: subsets/original token only/A-/vs_normal/hist_emb_neutral/amplification
7 action_history_causal,original token only,A-,[OOD] Action-history embedding neutralised - Normal AR,delta recovery,17.3077,-12.5,41.1765,pp,52,52,0.12207812070846558,McNemar exact,no (OOD),autovla_misalignment_poc/outputs/action_history_causal/summary.json :: subsets/original token only/A-/vs_normal/hist_emb_neutral/recovery
7 action_history_causal,original token only,A-,[OOD] Action-history embedding neutralised - Normal AR,delta fde5,17.483,13.9686,21.0205,m,52,52,4.4252717603249863e-10,Wilcoxon signed-rank,no (OOD),autovla_misalignment_poc/outputs/action_history_causal/summary.json :: subsets/original token only/A-/vs_normal/hist_emb_neutral/fde5
7 action_history_causal,original token only,A-,[OOD] Action-history embedding neutralised - Normal AR,delta ade5,6.3795,4.5975,8.0274,m,52,52,1.245192975865562e-09,Wilcoxon signed-rank,no (OOD),autovla_misalignment_poc/outputs/action_history_causal/summary.json :: subsets/original token only/A-/vs_normal/hist_emb_neutral/ade5
7 action_history_causal,original token only,A-,[OOD] Action-history embedding neutralised - Normal AR,delta downstream_err,3.3501,-0.9722,10.1014,pp,52,52,0.09752702243768836,Wilcoxon signed-rank,no (OOD),autovla_misalignment_poc/outputs/action_history_causal/summary.json :: subsets/original token only/A-/vs_normal/hist_emb_neutral/downstream_err
7 action_history_causal,original token only,A-,[OOD] Recent-action embedding neutralised - Normal AR,delta amplification,-13.4615,-35.9391,12.5,pp,52,52,0.21003961563110352,McNemar exact,no (OOD),autovla_misalignment_poc/outputs/action_history_causal/summary.json :: subsets/original token only/A-/vs_normal/recent_emb_neutral/amplification
7 action_history_causal,original token only,A-,[OOD] Recent-action embedding neutralised - Normal AR,delta recovery,21.1538,-2.6334,41.1815,pp,52,52,0.02660369873046875,McNemar exact,no (OOD),autovla_misalignment_poc/outputs/action_history_causal/summary.json :: subsets/original token only/A-/vs_normal/recent_emb_neutral/recovery
7 action_history_causal,original token only,A-,[OOD] Recent-action embedding neutralised - Normal AR,delta fde5,2.5795,-0.2114,7.4106,m,52,52,0.16351148204628452,Wilcoxon signed-rank,no (OOD),autovla_misalignment_poc/outputs/action_history_causal/summary.json :: subsets/original token only/A-/vs_normal/recent_emb_neutral/fde5
7 action_history_causal,original token only,A-,[OOD] Recent-action embedding neutralised - Normal AR,delta ade5,1.494,0.3921,3.2963,m,52,52,0.06582739932796411,Wilcoxon signed-rank,no (OOD),autovla_misalignment_poc/outputs/action_history_causal/summary.json :: subsets/original token only/A-/vs_normal/recent_emb_neutral/ade5
7 action_history_causal,original token only,A-,[OOD] Recent-action embedding neutralised - Normal AR,delta downstream_err,2.1749,-2.4074,9.3041,pp,52,52,0.5327914198225011,Wilcoxon signed-rank,no (OOD),autovla_misalignment_poc/outputs/action_history_causal/summary.json :: subsets/original token only/A-/vs_normal/recent_emb_neutral/downstream_err
7 action_history_causal,original token only,A-,GT-history - Normal AR,delta amplification,-65.3846,-86.0465,-40.4245,pp,52,52,1.1641532182693481e-10,McNemar exact,yes,autovla_misalignment_poc/outputs/action_history_causal/summary.json :: subsets/original token only/A-/vs_normal/gt_history/amplification
7 action_history_causal,original token only,A-,GT-history - Normal AR,delta recovery,75.0,51.5111,92.3077,pp,52,52,3.637978807091713e-12,McNemar exact,yes,autovla_misalignment_poc/outputs/action_history_causal/summary.json :: subsets/original token only/A-/vs_normal/gt_history/recovery
7 action_history_causal,original token only,A-,GT-history - Normal AR,delta fde5,-6.7014,-8.302,-4.7503,m,52,52,7.7975798000283e-10,Wilcoxon signed-rank,yes,autovla_misalignment_poc/outputs/action_history_causal/summary.json :: subsets/original token only/A-/vs_normal/gt_history/fde5
7 action_history_causal,original token only,A-,GT-history - Normal AR,delta ade5,-2.1686,-2.6172,-1.6005,m,52,52,8.774256111345653e-10,Wilcoxon signed-rank,yes,autovla_misalignment_poc/outputs/action_history_causal/summary.json :: subsets/original token only/A-/vs_normal/gt_history/ade5
7 action_history_causal,original token only,A-,GT-history - Normal AR,delta downstream_err,-62.9937,-69.2845,-54.3439,pp,52,52,4.824769663170101e-10,Wilcoxon signed-rank,yes,autovla_misalignment_poc/outputs/action_history_causal/summary.json :: subsets/original token only/A-/vs_normal/gt_history/downstream_err
7 action_history_causal,original token only,A-,Recent-GT (previous 1 token = GT) - Normal AR,delta amplification,-63.4615,-86.0465,-35.7143,pp,52,52,2.3283064365386963e-10,McNemar exact,yes,autovla_misalignment_poc/outputs/action_history_causal/summary.json :: subsets/original token only/A-/vs_normal/recent_gt/amplification
7 action_history_causal,original token only,A-,Recent-GT (previous 1 token = GT) - Normal AR,delta recovery,75.0,51.5111,92.3077,pp,52,52,3.637978807091713e-12,McNemar exact,yes,autovla_misalignment_poc/outputs/action_history_causal/summary.json :: subsets/original token only/A-/vs_normal/recent_gt/recovery
7 action_history_causal,original token only,A-,Recent-GT (previous 1 token = GT) - Normal AR,delta fde5,-6.2261,-7.7014,-4.4404,m,52,52,7.031291491175325e-10,Wilcoxon signed-rank,yes,autovla_misalignment_poc/outputs/action_history_causal/summary.json :: subsets/original token only/A-/vs_normal/recent_gt/fde5
7 action_history_causal,original token only,A-,Recent-GT (previous 1 token = GT) - Normal AR,delta ade5,-1.9827,-2.4218,-1.4796,m,52,52,7.447552938613255e-10,Wilcoxon signed-rank,yes,autovla_misalignment_poc/outputs/action_history_causal/summary.json :: subsets/original token only/A-/vs_normal/recent_gt/ade5
7 action_history_causal,original token only,A-,Recent-GT (previous 1 token = GT) - Normal AR,delta downstream_err,-36.7346,-42.5397,-29.2468,pp,52,52,2.2159492536771034e-09,Wilcoxon signed-rank,yes,autovla_misalignment_poc/outputs/action_history_causal/summary.json :: subsets/original token only/A-/vs_normal/recent_gt/downstream_err
7 action_history_causal,original token only,A+,Normal AR,amplification,0.0,0.0,0.0,%,156,156,,,yes,autovla_misalignment_poc/outputs/action_history_causal/summary.json :: subsets/original token only/A+/conditions/normal/amplification
7 action_history_causal,original token only,A+,Normal AR,recovery,99.359,97.7526,100.0,%,156,156,,,yes,autovla_misalignment_poc/outputs/action_history_causal/summary.json :: subsets/original token only/A+/conditions/normal/recovery
7 action_history_causal,original token only,A+,Normal AR,ade5,0.7817,0.5511,0.9445,m,156,156,,,yes,autovla_misalignment_poc/outputs/action_history_causal/summary.json :: subsets/original token only/A+/conditions/normal/ade5
7 action_history_causal,original token only,A+,Normal AR,fde5,1.7721,1.2294,2.1401,m,156,156,,,yes,autovla_misalignment_poc/outputs/action_history_causal/summary.json :: subsets/original token only/A+/conditions/normal/fde5
7 action_history_causal,original token only,A+,Normal AR,downstream_err,69.9255,62.6033,75.4544,%,156,156,,,yes,autovla_misalignment_poc/outputs/action_history_causal/summary.json :: subsets/original token only/A+/conditions/normal/downstream_err
7 action_history_causal,original token only,A+,Normal AR,realign,30.0745,24.5456,37.3967,%,156,156,,,yes,autovla_misalignment_poc/outputs/action_history_causal/summary.json :: subsets/original token only/A+/conditions/normal/realign
7 action_history_causal,original token only,A+,Normal AR,entropy,0.872,0.7892,0.9427,nat,156,156,,,yes,autovla_misalignment_poc/outputs/action_history_causal/summary.json :: subsets/original token only/A+/conditions/normal/entropy
7 action_history_causal,original token only,A+,Normal AR,err_slope,0.2109,0.1455,0.255,m/step,156,156,,,yes,autovla_misalignment_poc/outputs/action_history_causal/summary.json :: subsets/original token only/A+/conditions/normal/err_slope
7 action_history_causal,original token only,A+,Action-history attention mask,amplification,1.9231,0.0,3.7268,%,156,156,,,yes,autovla_misalignment_poc/outputs/action_history_causal/summary.json :: subsets/original token only/A+/conditions/hist_attn_mask/amplification
7 action_history_causal,original token only,A+,Action-history attention mask,recovery,98.0769,96.2732,100.0,%,156,156,,,yes,autovla_misalignment_poc/outputs/action_history_causal/summary.json :: subsets/original token only/A+/conditions/hist_attn_mask/recovery
7 action_history_causal,original token only,A+,Action-history attention mask,ade5,0.9111,0.6528,1.1077,m,156,156,,,yes,autovla_misalignment_poc/outputs/action_history_causal/summary.json :: subsets/original token only/A+/conditions/hist_attn_mask/ade5
7 action_history_causal,original token only,A+,Action-history attention mask,fde5,2.3674,1.6656,2.9485,m,156,156,,,yes,autovla_misalignment_poc/outputs/action_history_causal/summary.json :: subsets/original token only/A+/conditions/hist_attn_mask/fde5
7 action_history_causal,original token only,A+,Action-history attention mask,downstream_err,80.2353,74.4767,84.2743,%,156,156,,,yes,autovla_misalignment_poc/outputs/action_history_causal/summary.json :: subsets/original token only/A+/conditions/hist_attn_mask/downstream_err
7 action_history_causal,original token only,A+,Action-history attention mask,realign,19.7647,15.7257,25.5233,%,156,156,,,yes,autovla_misalignment_poc/outputs/action_history_causal/summary.json :: subsets/original token only/A+/conditions/hist_attn_mask/realign
7 action_history_causal,original token only,A+,Action-history attention mask,entropy,1.0361,0.9612,1.0991,nat,156,156,,,yes,autovla_misalignment_poc/outputs/action_history_causal/summary.json :: subsets/original token only/A+/conditions/hist_attn_mask/entropy
7 action_history_causal,original token only,A+,Action-history attention mask,err_slope,0.271,0.1902,0.3357,m/step,156,156,,,yes,autovla_misalignment_poc/outputs/action_history_causal/summary.json :: subsets/original token only/A+/conditions/hist_attn_mask/err_slope
7 action_history_causal,original token only,A+,Recent-action attention mask,amplification,2.5641,0.0,6.4291,%,156,156,,,yes,autovla_misalignment_poc/outputs/action_history_causal/summary.json :: subsets/original token only/A+/conditions/recent_attn_mask/amplification
7 action_history_causal,original token only,A+,Recent-action attention mask,recovery,96.7949,92.1424,100.0,%,156,156,,,yes,autovla_misalignment_poc/outputs/action_history_causal/summary.json :: subsets/original token only/A+/conditions/recent_attn_mask/recovery
7 action_history_causal,original token only,A+,Recent-action attention mask,ade5,0.8257,0.5927,1.004,m,156,156,,,yes,autovla_misalignment_poc/outputs/action_history_causal/summary.json :: subsets/original token only/A+/conditions/recent_attn_mask/ade5
7 action_history_causal,original token only,A+,Recent-action attention mask,fde5,1.9437,1.4033,2.3586,m,156,156,,,yes,autovla_misalignment_poc/outputs/action_history_causal/summary.json :: subsets/original token only/A+/conditions/recent_attn_mask/fde5
7 action_history_causal,original token only,A+,Recent-action attention mask,downstream_err,74.8553,69.2117,79.3928,%,156,156,,,yes,autovla_misalignment_poc/outputs/action_history_causal/summary.json :: subsets/original token only/A+/conditions/recent_attn_mask/downstream_err
7 action_history_causal,original token only,A+,Recent-action attention mask,realign,25.1447,20.6072,30.7883,%,156,156,,,yes,autovla_misalignment_poc/outputs/action_history_causal/summary.json :: subsets/original token only/A+/conditions/recent_attn_mask/realign
7 action_history_causal,original token only,A+,Recent-action attention mask,entropy,1.0377,0.9538,1.1035,nat,156,156,,,yes,autovla_misalignment_poc/outputs/action_history_causal/summary.json :: subsets/original token only/A+/conditions/recent_attn_mask/entropy
7 action_history_causal,original token only,A+,Recent-action attention mask,err_slope,0.2296,0.1629,0.2788,m/step,156,156,,,yes,autovla_misalignment_poc/outputs/action_history_causal/summary.json :: subsets/original token only/A+/conditions/recent_attn_mask/err_slope
7 action_history_causal,original token only,A+,[OOD] Action-history embedding neutralised,amplification,56.4103,49.4252,65.8755,%,156,156,,,no (OOD),autovla_misalignment_poc/outputs/action_history_causal/summary.json :: subsets/original token only/A+/conditions/hist_emb_neutral/amplification
7 action_history_causal,original token only,A+,[OOD] Action-history embedding neutralised,recovery,42.3077,33.3277,48.6116,%,156,156,,,no (OOD),autovla_misalignment_poc/outputs/action_history_causal/summary.json :: subsets/original token only/A+/conditions/hist_emb_neutral/recovery
7 action_history_causal,original token only,A+,[OOD] Action-history embedding neutralised,ade5,8.9673,7.8655,10.1697,m,156,156,,,no (OOD),autovla_misalignment_poc/outputs/action_history_causal/summary.json :: subsets/original token only/A+/conditions/hist_emb_neutral/ade5
7 action_history_causal,original token only,A+,[OOD] Action-history embedding neutralised,fde5,24.0702,21.3794,26.6071,m,156,156,,,no (OOD),autovla_misalignment_poc/outputs/action_history_causal/summary.json :: subsets/original token only/A+/conditions/hist_emb_neutral/fde5
7 action_history_causal,original token only,A+,[OOD] Action-history embedding neutralised,downstream_err,98.0871,96.9813,98.8372,%,156,156,,,no (OOD),autovla_misalignment_poc/outputs/action_history_causal/summary.json :: subsets/original token only/A+/conditions/hist_emb_neutral/downstream_err
7 action_history_causal,original token only,A+,[OOD] Action-history embedding neutralised,realign,1.9129,1.1628,3.0187,%,156,156,,,no (OOD),autovla_misalignment_poc/outputs/action_history_causal/summary.json :: subsets/original token only/A+/conditions/hist_emb_neutral/realign
7 action_history_causal,original token only,A+,[OOD] Action-history embedding neutralised,entropy,4.1851,4.0222,4.3079,nat,156,156,,,no (OOD),autovla_misalignment_poc/outputs/action_history_causal/summary.json :: subsets/original token only/A+/conditions/hist_emb_neutral/entropy
7 action_history_causal,original token only,A+,[OOD] Action-history embedding neutralised,err_slope,3.0235,2.7312,3.3406,m/step,156,156,,,no (OOD),autovla_misalignment_poc/outputs/action_history_causal/summary.json :: subsets/original token only/A+/conditions/hist_emb_neutral/err_slope
7 action_history_causal,original token only,A+,[OOD] Recent-action embedding neutralised,amplification,37.8205,31.1459,44.8537,%,156,156,,,no (OOD),autovla_misalignment_poc/outputs/action_history_causal/summary.json :: subsets/original token only/A+/conditions/recent_emb_neutral/amplification
7 action_history_causal,original token only,A+,[OOD] Recent-action embedding neutralised,recovery,57.0513,48.2746,65.4709,%,156,156,,,no (OOD),autovla_misalignment_poc/outputs/action_history_causal/summary.json :: subsets/original token only/A+/conditions/recent_emb_neutral/recovery
7 action_history_causal,original token only,A+,[OOD] Recent-action embedding neutralised,ade5,3.3718,2.8244,4.025,m,156,156,,,no (OOD),autovla_misalignment_poc/outputs/action_history_causal/summary.json :: subsets/original token only/A+/conditions/recent_emb_neutral/ade5
7 action_history_causal,original token only,A+,[OOD] Recent-action embedding neutralised,fde5,8.3976,7.0728,10.0176,m,156,156,,,no (OOD),autovla_misalignment_poc/outputs/action_history_causal/summary.json :: subsets/original token only/A+/conditions/recent_emb_neutral/fde5
7 action_history_causal,original token only,A+,[OOD] Recent-action embedding neutralised,downstream_err,94.7421,92.4603,96.4039,%,156,156,,,no (OOD),autovla_misalignment_poc/outputs/action_history_causal/summary.json :: subsets/original token only/A+/conditions/recent_emb_neutral/downstream_err
7 action_history_causal,original token only,A+,[OOD] Recent-action embedding neutralised,realign,5.2579,3.5961,7.5397,%,156,156,,,no (OOD),autovla_misalignment_poc/outputs/action_history_causal/summary.json :: subsets/original token only/A+/conditions/recent_emb_neutral/realign
7 action_history_causal,original token only,A+,[OOD] Recent-action embedding neutralised,entropy,3.2224,3.0193,3.4562,nat,156,156,,,no (OOD),autovla_misalignment_poc/outputs/action_history_causal/summary.json :: subsets/original token only/A+/conditions/recent_emb_neutral/entropy
7 action_history_causal,original token only,A+,[OOD] Recent-action embedding neutralised,err_slope,1.022,0.8676,1.2183,m/step,156,156,,,no (OOD),autovla_misalignment_poc/outputs/action_history_causal/summary.json :: subsets/original token only/A+/conditions/recent_emb_neutral/err_slope
7 action_history_causal,original token only,A+,GT-history,amplification,0.0,0.0,0.0,%,156,156,,,yes,autovla_misalignment_poc/outputs/action_history_causal/summary.json :: subsets/original token only/A+/conditions/gt_history/amplification
7 action_history_causal,original token only,A+,GT-history,recovery,100.0,100.0,100.0,%,156,156,,,yes,autovla_misalignment_poc/outputs/action_history_causal/summary.json :: subsets/original token only/A+/conditions/gt_history/recovery
7 action_history_causal,original token only,A+,GT-history,ade5,0.4146,0.2887,0.5122,m,156,156,,,yes,autovla_misalignment_poc/outputs/action_history_causal/summary.json :: subsets/original token only/A+/conditions/gt_history/ade5
7 action_history_causal,original token only,A+,GT-history,fde5,0.7873,0.5082,0.9825,m,156,156,,,yes,autovla_misalignment_poc/outputs/action_history_causal/summary.json :: subsets/original token only/A+/conditions/gt_history/fde5
7 action_history_causal,original token only,A+,GT-history,downstream_err,25.9737,22.6049,30.4109,%,156,156,,,yes,autovla_misalignment_poc/outputs/action_history_causal/summary.json :: subsets/original token only/A+/conditions/gt_history/downstream_err
7 action_history_causal,original token only,A+,GT-history,realign,74.0263,69.5891,77.3951,%,156,156,,,yes,autovla_misalignment_poc/outputs/action_history_causal/summary.json :: subsets/original token only/A+/conditions/gt_history/realign
7 action_history_causal,original token only,A+,GT-history,entropy,0.5544,0.5015,0.5996,nat,156,156,,,yes,autovla_misalignment_poc/outputs/action_history_causal/summary.json :: subsets/original token only/A+/conditions/gt_history/entropy
7 action_history_causal,original token only,A+,GT-history,err_slope,0.082,0.0507,0.1027,m/step,156,156,,,yes,autovla_misalignment_poc/outputs/action_history_causal/summary.json :: subsets/original token only/A+/conditions/gt_history/err_slope
7 action_history_causal,original token only,A+,Recent-GT (previous 1 token = GT),amplification,0.0,0.0,0.0,%,156,156,,,yes,autovla_misalignment_poc/outputs/action_history_causal/summary.json :: subsets/original token only/A+/conditions/recent_gt/amplification
7 action_history_causal,original token only,A+,Recent-GT (previous 1 token = GT),recovery,99.359,97.7097,100.0,%,156,156,,,yes,autovla_misalignment_poc/outputs/action_history_causal/summary.json :: subsets/original token only/A+/conditions/recent_gt/recovery
7 action_history_causal,original token only,A+,Recent-GT (previous 1 token = GT),ade5,0.4391,0.3191,0.5255,m,156,156,,,yes,autovla_misalignment_poc/outputs/action_history_causal/summary.json :: subsets/original token only/A+/conditions/recent_gt/ade5
7 action_history_causal,original token only,A+,Recent-GT (previous 1 token = GT),fde5,0.8575,0.5937,1.0281,m,156,156,,,yes,autovla_misalignment_poc/outputs/action_history_causal/summary.json :: subsets/original token only/A+/conditions/recent_gt/fde5
7 action_history_causal,original token only,A+,Recent-GT (previous 1 token = GT),downstream_err,41.7493,37.4554,46.4071,%,156,156,,,yes,autovla_misalignment_poc/outputs/action_history_causal/summary.json :: subsets/original token only/A+/conditions/recent_gt/downstream_err
7 action_history_causal,original token only,A+,Recent-GT (previous 1 token = GT),realign,58.2507,53.5929,62.5446,%,156,156,,,yes,autovla_misalignment_poc/outputs/action_history_causal/summary.json :: subsets/original token only/A+/conditions/recent_gt/realign
7 action_history_causal,original token only,A+,Recent-GT (previous 1 token = GT),entropy,0.8092,0.7229,0.894,nat,156,156,,,yes,autovla_misalignment_poc/outputs/action_history_causal/summary.json :: subsets/original token only/A+/conditions/recent_gt/entropy
7 action_history_causal,original token only,A+,Recent-GT (previous 1 token = GT),err_slope,0.0916,0.0613,0.111,m/step,156,156,,,yes,autovla_misalignment_poc/outputs/action_history_causal/summary.json :: subsets/original token only/A+/conditions/recent_gt/err_slope
7 action_history_causal,original token only,A+,Action-history attention mask - Normal AR,delta amplification,1.9231,0.0,3.7268,pp,156,156,0.25,McNemar exact,yes,autovla_misalignment_poc/outputs/action_history_causal/summary.json :: subsets/original token only/A+/vs_normal/hist_attn_mask/amplification
7 action_history_causal,original token only,A+,Action-history attention mask - Normal AR,delta recovery,-1.2821,-2.7027,0.0,pp,156,156,0.625,McNemar exact,yes,autovla_misalignment_poc/outputs/action_history_causal/summary.json :: subsets/original token only/A+/vs_normal/hist_attn_mask/recovery
7 action_history_causal,original token only,A+,Action-history attention mask - Normal AR,delta fde5,0.5953,0.0954,0.9881,m,156,156,3.626101031818091e-06,Wilcoxon signed-rank,yes,autovla_misalignment_poc/outputs/action_history_causal/summary.json :: subsets/original token only/A+/vs_normal/hist_attn_mask/fde5
7 action_history_causal,original token only,A+,Action-history attention mask - Normal AR,delta ade5,0.1294,0.0041,0.2281,m,156,156,0.00010956749330332113,Wilcoxon signed-rank,yes,autovla_misalignment_poc/outputs/action_history_causal/summary.json :: subsets/original token only/A+/vs_normal/hist_attn_mask/ade5
7 action_history_causal,original token only,A+,Action-history attention mask - Normal AR,delta downstream_err,10.3098,5.6718,14.6377,pp,156,156,6.386953633171148e-06,Wilcoxon signed-rank,yes,autovla_misalignment_poc/outputs/action_history_causal/summary.json :: subsets/original token only/A+/vs_normal/hist_attn_mask/downstream_err
7 action_history_causal,original token only,A+,Recent-action attention mask - Normal AR,delta amplification,2.5641,0.0,6.4291,pp,156,156,0.125,McNemar exact,yes,autovla_misalignment_poc/outputs/action_history_causal/summary.json :: subsets/original token only/A+/vs_normal/recent_attn_mask/amplification
7 action_history_causal,original token only,A+,Recent-action attention mask - Normal AR,delta recovery,-2.5641,-6.4291,0.0,pp,156,156,0.125,McNemar exact,yes,autovla_misalignment_poc/outputs/action_history_causal/summary.json :: subsets/original token only/A+/vs_normal/recent_attn_mask/recovery
7 action_history_causal,original token only,A+,Recent-action attention mask - Normal AR,delta fde5,0.1716,-0.1513,0.4056,m,156,156,0.011828501375071812,Wilcoxon signed-rank,yes,autovla_misalignment_poc/outputs/action_history_causal/summary.json :: subsets/original token only/A+/vs_normal/recent_attn_mask/fde5
7 action_history_causal,original token only,A+,Recent-action attention mask - Normal AR,delta ade5,0.044,-0.0462,0.1149,m,156,156,0.03957835981776815,Wilcoxon signed-rank,yes,autovla_misalignment_poc/outputs/action_history_causal/summary.json :: subsets/original token only/A+/vs_normal/recent_attn_mask/ade5
7 action_history_causal,original token only,A+,Recent-action attention mask - Normal AR,delta downstream_err,4.9298,1.8471,9.0107,pp,156,156,0.03804962539979419,Wilcoxon signed-rank,yes,autovla_misalignment_poc/outputs/action_history_causal/summary.json :: subsets/original token only/A+/vs_normal/recent_attn_mask/downstream_err
7 action_history_causal,original token only,A+,[OOD] Action-history embedding neutralised - Normal AR,delta amplification,56.4103,49.4252,65.8755,pp,156,156,6.462348535570529e-27,McNemar exact,no (OOD),autovla_misalignment_poc/outputs/action_history_causal/summary.json :: subsets/original token only/A+/vs_normal/hist_emb_neutral/amplification
7 action_history_causal,original token only,A+,[OOD] Action-history embedding neutralised - Normal AR,delta recovery,-57.0513,-66.1708,-50.6494,pp,156,156,7.431700815906108e-26,McNemar exact,no (OOD),autovla_misalignment_poc/outputs/action_history_causal/summary.json :: subsets/original token only/A+/vs_normal/hist_emb_neutral/recovery
7 action_history_causal,original token only,A+,[OOD] Action-history embedding neutralised - Normal AR,delta fde5,22.2981,19.7019,25.008,m,156,156,2.377567288258578e-27,Wilcoxon signed-rank,no (OOD),autovla_misalignment_poc/outputs/action_history_causal/summary.json :: subsets/original token only/A+/vs_normal/hist_emb_neutral/fde5
7 action_history_causal,original token only,A+,[OOD] Action-history embedding neutralised - Normal AR,delta ade5,8.1856,7.1134,9.4528,m,156,156,2.6187284700862783e-27,Wilcoxon signed-rank,no (OOD),autovla_misalignment_poc/outputs/action_history_causal/summary.json :: subsets/original token only/A+/vs_normal/hist_emb_neutral/ade5
7 action_history_causal,original token only,A+,[OOD] Action-history embedding neutralised - Normal AR,delta downstream_err,28.1616,22.3871,35.3667,pp,156,156,1.4958018589648853e-15,Wilcoxon signed-rank,no (OOD),autovla_misalignment_poc/outputs/action_history_causal/summary.json :: subsets/original token only/A+/vs_normal/hist_emb_neutral/downstream_err
7 action_history_causal,original token only,A+,[OOD] Recent-action embedding neutralised - Normal AR,delta amplification,37.8205,31.1459,44.8537,pp,156,156,3.469446951953614e-18,McNemar exact,no (OOD),autovla_misalignment_poc/outputs/action_history_causal/summary.json :: subsets/original token only/A+/vs_normal/recent_emb_neutral/amplification
7 action_history_causal,original token only,A+,[OOD] Recent-action embedding neutralised - Normal AR,delta recovery,-42.3077,-51.328,-33.5212,pp,156,156,4.675621868843738e-19,McNemar exact,no (OOD),autovla_misalignment_poc/outputs/action_history_causal/summary.json :: subsets/original token only/A+/vs_normal/recent_emb_neutral/recovery
7 action_history_causal,original token only,A+,[OOD] Recent-action embedding neutralised - Normal AR,delta fde5,6.6256,5.3027,8.4632,m,156,156,3.495995986214379e-21,Wilcoxon signed-rank,no (OOD),autovla_misalignment_poc/outputs/action_history_causal/summary.json :: subsets/original token only/A+/vs_normal/recent_emb_neutral/fde5
7 action_history_causal,original token only,A+,[OOD] Recent-action embedding neutralised - Normal AR,delta ade5,2.5901,2.0477,3.321,m,156,156,4.905840010932751e-22,Wilcoxon signed-rank,no (OOD),autovla_misalignment_poc/outputs/action_history_causal/summary.json :: subsets/original token only/A+/vs_normal/recent_emb_neutral/ade5
7 action_history_causal,original token only,A+,[OOD] Recent-action embedding neutralised - Normal AR,delta downstream_err,24.8166,19.0103,31.6413,pp,156,156,1.29145508539425e-12,Wilcoxon signed-rank,no (OOD),autovla_misalignment_poc/outputs/action_history_causal/summary.json :: subsets/original token only/A+/vs_normal/recent_emb_neutral/downstream_err
7 action_history_causal,original token only,A+,GT-history - Normal AR,delta amplification,0.0,0.0,0.0,pp,156,156,1.0,McNemar exact,yes,autovla_misalignment_poc/outputs/action_history_causal/summary.json :: subsets/original token only/A+/vs_normal/gt_history/amplification
7 action_history_causal,original token only,A+,GT-history - Normal AR,delta recovery,0.641,0.0,2.2474,pp,156,156,1.0,McNemar exact,yes,autovla_misalignment_poc/outputs/action_history_causal/summary.json :: subsets/original token only/A+/vs_normal/gt_history/recovery
7 action_history_causal,original token only,A+,GT-history - Normal AR,delta fde5,-0.9848,-1.3516,-0.5585,m,156,156,8.635445031497132e-14,Wilcoxon signed-rank,yes,autovla_misalignment_poc/outputs/action_history_causal/summary.json :: subsets/original token only/A+/vs_normal/gt_history/fde5
7 action_history_causal,original token only,A+,GT-history - Normal AR,delta ade5,-0.3672,-0.4905,-0.2039,m,156,156,4.25332023735741e-14,Wilcoxon signed-rank,yes,autovla_misalignment_poc/outputs/action_history_causal/summary.json :: subsets/original token only/A+/vs_normal/gt_history/ade5
7 action_history_causal,original token only,A+,GT-history - Normal AR,delta downstream_err,-43.9517,-49.9492,-36.3044,pp,156,156,4.486614854265256e-22,Wilcoxon signed-rank,yes,autovla_misalignment_poc/outputs/action_history_causal/summary.json :: subsets/original token only/A+/vs_normal/gt_history/downstream_err
7 action_history_causal,original token only,A+,Recent-GT (previous 1 token = GT) - Normal AR,delta amplification,0.0,0.0,0.0,pp,156,156,1.0,McNemar exact,yes,autovla_misalignment_poc/outputs/action_history_causal/summary.json :: subsets/original token only/A+/vs_normal/recent_gt/amplification
7 action_history_causal,original token only,A+,Recent-GT (previous 1 token = GT) - Normal AR,delta recovery,0.0,-1.9608,1.9871,pp,156,156,1.0,McNemar exact,yes,autovla_misalignment_poc/outputs/action_history_causal/summary.json :: subsets/original token only/A+/vs_normal/recent_gt/recovery
7 action_history_causal,original token only,A+,Recent-GT (previous 1 token = GT) - Normal AR,delta fde5,-0.9145,-1.2802,-0.4971,m,156,156,3.242453545738039e-10,Wilcoxon signed-rank,yes,autovla_misalignment_poc/outputs/action_history_causal/summary.json :: subsets/original token only/A+/vs_normal/recent_gt/fde5
7 action_history_causal,original token only,A+,Recent-GT (previous 1 token = GT) - Normal AR,delta ade5,-0.3426,-0.4699,-0.1803,m,156,156,1.0188859582357198e-10,Wilcoxon signed-rank,yes,autovla_misalignment_poc/outputs/action_history_causal/summary.json :: subsets/original token only/A+/vs_normal/recent_gt/ade5
7 action_history_causal,original token only,A+,Recent-GT (previous 1 token = GT) - Normal AR,delta downstream_err,-28.1761,-33.2987,-21.5889,pp,156,156,1.3062546302062052e-18,Wilcoxon signed-rank,yes,autovla_misalignment_poc/outputs/action_history_causal/summary.json :: subsets/original token only/A+/vs_normal/recent_gt/downstream_err
7 action_history_causal,all perturbations,A-,Recent-GT share of GT-history effect,(Normal-RecentGT)/(Normal-GThistory),93.038,,,%,365,52,,CI not reported for exp 7,yes,"autovla_misalignment_poc/outputs/action_history_causal/summary.json :: amplification means (recomputed: build_autovla_csvs.py, ratio of reported means)"
7 action_history_causal,all perturbations,A-,Recent-GT relative reduction of Normal amplification,(Normal-RecentGT)/Normal,84.9711,,,%,365,52,,CI not reported,,"autovla_misalignment_poc/outputs/action_history_causal/summary.json :: amplification means (recomputed: build_autovla_csvs.py, ratio of reported means)"
8 prev_action_state_patching,all perturbations,A-,normal,amplification,46.8493,36.7518,56.7437,%,365,52,,,yes,autovla_misalignment_poc/outputs/prev_action_state_patching/summary.json :: groups/A-/all/rows/normal/level/amplification
8 prev_action_state_patching,all perturbations,A-,normal,recovery,45.7534,37.5385,54.1677,%,365,52,,,yes,autovla_misalignment_poc/outputs/prev_action_state_patching/summary.json :: groups/A-/all/rows/normal/level/recovery
8 prev_action_state_patching,all perturbations,A-,normal,fde5,6.4077,5.2446,7.3882,m,365,52,,,yes,autovla_misalignment_poc/outputs/prev_action_state_patching/summary.json :: groups/A-/all/rows/normal/level/fde5
8 prev_action_state_patching,all perturbations,A-,recent_gt,amplification,7.3973,4.2366,10.2213,%,365,52,,,yes,autovla_misalignment_poc/outputs/prev_action_state_patching/summary.json :: groups/A-/all/rows/recent_gt/level/amplification
8 prev_action_state_patching,all perturbations,A-,recent_gt,recovery,89.0411,84.7886,92.4736,%,365,52,,,yes,autovla_misalignment_poc/outputs/prev_action_state_patching/summary.json :: groups/A-/all/rows/recent_gt/level/recovery
8 prev_action_state_patching,all perturbations,A-,recent_gt,fde5,2.3358,1.6356,3.1954,m,365,52,,,yes,autovla_misalignment_poc/outputs/prev_action_state_patching/summary.json :: groups/A-/all/rows/recent_gt/level/fde5
8 prev_action_state_patching,all perturbations,A-,recent_gt - normal,delta amplification,-39.4521,-50.343,-28.3808,pp,365,52,3.29585398809197e-42,McNemar exact,yes,autovla_misalignment_poc/outputs/prev_action_state_patching/summary.json :: groups/A-/all/rows/recent_gt/vs_base/amplification
8 prev_action_state_patching,all perturbations,A-,recent_gt - normal,delta recovery,43.2877,34.3214,52.6229,pp,365,52,4.517271709703341e-45,McNemar exact,yes,autovla_misalignment_poc/outputs/prev_action_state_patching/summary.json :: groups/A-/all/rows/recent_gt/vs_base/recovery
8 prev_action_state_patching,all perturbations,A-,recent_gt - normal,delta fde5,-4.0718,-4.7512,-3.2674,m,365,52,1.1199732202730021e-51,Wilcoxon signed-rank,yes,autovla_misalignment_poc/outputs/prev_action_state_patching/summary.json :: groups/A-/all/rows/recent_gt/vs_base/fde5
8 prev_action_state_patching,all perturbations,A-,gt_history,amplification,4.3836,1.6495,7.9849,%,365,52,,,yes,autovla_misalignment_poc/outputs/prev_action_state_patching/summary.json :: groups/A-/all/rows/gt_history/level/amplification
8 prev_action_state_patching,all perturbations,A-,gt_history,recovery,92.8767,87.0856,96.8532,%,365,52,,,yes,autovla_misalignment_poc/outputs/prev_action_state_patching/summary.json :: groups/A-/all/rows/gt_history/level/recovery
8 prev_action_state_patching,all perturbations,A-,gt_history,fde5,1.8079,1.2965,2.5501,m,365,52,,,yes,autovla_misalignment_poc/outputs/prev_action_state_patching/summary.json :: groups/A-/all/rows/gt_history/level/fde5
8 prev_action_state_patching,all perturbations,A-,gt_history - normal,delta amplification,-42.4658,-53.3084,-30.7915,pp,365,52,1.729727791900946e-45,McNemar exact,yes,autovla_misalignment_poc/outputs/prev_action_state_patching/summary.json :: groups/A-/all/rows/gt_history/vs_base/amplification
8 prev_action_state_patching,all perturbations,A-,gt_history - normal,delta recovery,47.1233,36.868,56.3448,pp,365,52,1.4616682008316695e-50,McNemar exact,yes,autovla_misalignment_poc/outputs/prev_action_state_patching/summary.json :: groups/A-/all/rows/gt_history/vs_base/recovery
8 prev_action_state_patching,all perturbations,A-,gt_history - normal,delta fde5,-4.5997,-5.4086,-3.6074,m,365,52,3.4663424752989394e-55,Wilcoxon signed-rank,yes,autovla_misalignment_poc/outputs/prev_action_state_patching/summary.json :: groups/A-/all/rows/gt_history/vs_base/fde5
8 prev_action_state_patching,all perturbations,A-,reverse@emb,amplification,33.4247,26.3341,43.1761,%,365,52,,,yes,autovla_misalignment_poc/outputs/prev_action_state_patching/summary.json :: groups/A-/all/rows/reverse@emb/level/amplification
8 prev_action_state_patching,all perturbations,A-,reverse@emb,recovery,58.3562,48.6022,66.3617,%,365,52,,,yes,autovla_misalignment_poc/outputs/prev_action_state_patching/summary.json :: groups/A-/all/rows/reverse@emb/level/recovery
8 prev_action_state_patching,all perturbations,A-,reverse@emb,fde5,5.4783,4.5583,6.2818,m,365,52,,,yes,autovla_misalignment_poc/outputs/prev_action_state_patching/summary.json :: groups/A-/all/rows/reverse@emb/level/fde5
8 prev_action_state_patching,all perturbations,A-,reverse@emb - gt_history,delta amplification,29.0411,21.0522,37.9906,pp,365,52,6.717643646022679e-31,McNemar exact,yes,autovla_misalignment_poc/outputs/prev_action_state_patching/summary.json :: groups/A-/all/rows/reverse@emb/vs_base/amplification
8 prev_action_state_patching,all perturbations,A-,reverse@emb - gt_history,delta recovery,-34.5205,-43.3715,-25.5814,pp,365,52,7.581938562803754e-37,McNemar exact,yes,autovla_misalignment_poc/outputs/prev_action_state_patching/summary.json :: groups/A-/all/rows/reverse@emb/vs_base/recovery
8 prev_action_state_patching,all perturbations,A-,reverse@emb - gt_history,delta fde5,3.6703,2.8307,4.2913,m,365,52,1.1786868619945561e-54,Wilcoxon signed-rank,yes,autovla_misalignment_poc/outputs/prev_action_state_patching/summary.json :: groups/A-/all/rows/reverse@emb/vs_base/fde5
8 prev_action_state_patching,all perturbations,A-,reverse@L0,amplification,38.6301,31.4335,48.0916,%,365,52,,,yes,autovla_misalignment_poc/outputs/prev_action_state_patching/summary.json :: groups/A-/all/rows/reverse@L0/level/amplification
8 prev_action_state_patching,all perturbations,A-,reverse@L0,recovery,53.1507,42.9053,60.1434,%,365,52,,,yes,autovla_misalignment_poc/outputs/prev_action_state_patching/summary.json :: groups/A-/all/rows/reverse@L0/level/recovery
8 prev_action_state_patching,all perturbations,A-,reverse@L0,fde5,5.6619,4.6923,6.5479,m,365,52,,,yes,autovla_misalignment_poc/outputs/prev_action_state_patching/summary.json :: groups/A-/all/rows/reverse@L0/level/fde5
8 prev_action_state_patching,all perturbations,A-,reverse@L0 - gt_history,delta amplification,34.2466,26.1472,43.4458,pp,365,52,1.504632769052528e-36,McNemar exact,yes,autovla_misalignment_poc/outputs/prev_action_state_patching/summary.json :: groups/A-/all/rows/reverse@L0/vs_base/amplification
8 prev_action_state_patching,all perturbations,A-,reverse@L0 - gt_history,delta recovery,-39.726,-49.1419,-31.4799,pp,365,52,1.6591373817605834e-42,McNemar exact,yes,autovla_misalignment_poc/outputs/prev_action_state_patching/summary.json :: groups/A-/all/rows/reverse@L0/vs_base/recovery
8 prev_action_state_patching,all perturbations,A-,reverse@L0 - gt_history,delta fde5,3.8539,3.0189,4.481,m,365,52,9.605495375236819e-55,Wilcoxon signed-rank,yes,autovla_misalignment_poc/outputs/prev_action_state_patching/summary.json :: groups/A-/all/rows/reverse@L0/vs_base/fde5
8 prev_action_state_patching,all perturbations,A-,reverse@L4,amplification,38.6301,31.1826,48.8703,%,365,52,,,yes,autovla_misalignment_poc/outputs/prev_action_state_patching/summary.json :: groups/A-/all/rows/reverse@L4/level/amplification
8 prev_action_state_patching,all perturbations,A-,reverse@L4,recovery,53.4247,42.8571,59.9211,%,365,52,,,yes,autovla_misalignment_poc/outputs/prev_action_state_patching/summary.json :: groups/A-/all/rows/reverse@L4/level/recovery
8 prev_action_state_patching,all perturbations,A-,reverse@L4,fde5,5.5971,4.6554,6.4681,m,365,52,,,yes,autovla_misalignment_poc/outputs/prev_action_state_patching/summary.json :: groups/A-/all/rows/reverse@L4/level/fde5
8 prev_action_state_patching,all perturbations,A-,reverse@L4 - gt_history,delta amplification,34.2466,25.5812,44.2429,pp,365,52,1.504632769052528e-36,McNemar exact,yes,autovla_misalignment_poc/outputs/prev_action_state_patching/summary.json :: groups/A-/all/rows/reverse@L4/vs_base/amplification
8 prev_action_state_patching,all perturbations,A-,reverse@L4 - gt_history,delta recovery,-39.4521,-49.286,-31.4477,pp,365,52,3.29585398809197e-42,McNemar exact,yes,autovla_misalignment_poc/outputs/prev_action_state_patching/summary.json :: groups/A-/all/rows/reverse@L4/vs_base/recovery
8 prev_action_state_patching,all perturbations,A-,reverse@L4 - gt_history,delta fde5,3.7891,2.9729,4.4096,m,365,52,8.893308371539715e-54,Wilcoxon signed-rank,yes,autovla_misalignment_poc/outputs/prev_action_state_patching/summary.json :: groups/A-/all/rows/reverse@L4/vs_base/fde5
8 prev_action_state_patching,all perturbations,A-,reverse@L8,amplification,39.4521,31.5582,49.1597,%,365,52,,,yes,autovla_misalignment_poc/outputs/prev_action_state_patching/summary.json :: groups/A-/all/rows/reverse@L8/level/amplification
8 prev_action_state_patching,all perturbations,A-,reverse@L8,recovery,53.4247,43.2501,60.4003,%,365,52,,,yes,autovla_misalignment_poc/outputs/prev_action_state_patching/summary.json :: groups/A-/all/rows/reverse@L8/level/recovery
8 prev_action_state_patching,all perturbations,A-,reverse@L8,fde5,5.5464,4.6127,6.4369,m,365,52,,,yes,autovla_misalignment_poc/outputs/prev_action_state_patching/summary.json :: groups/A-/all/rows/reverse@L8/level/fde5
8 prev_action_state_patching,all perturbations,A-,reverse@L8 - gt_history,delta amplification,35.0685,26.0411,44.9455,pp,365,52,1.924871999471496e-37,McNemar exact,yes,autovla_misalignment_poc/outputs/prev_action_state_patching/summary.json :: groups/A-/all/rows/reverse@L8/vs_base/amplification
8 prev_action_state_patching,all perturbations,A-,reverse@L8 - gt_history,delta recovery,-39.4521,-49.2651,-31.2493,pp,365,52,6.180847266443903e-41,McNemar exact,yes,autovla_misalignment_poc/outputs/prev_action_state_patching/summary.json :: groups/A-/all/rows/reverse@L8/vs_base/recovery
8 prev_action_state_patching,all perturbations,A-,reverse@L8 - gt_history,delta fde5,3.7385,2.9543,4.3391,m,365,52,2.966238583628135e-54,Wilcoxon signed-rank,yes,autovla_misalignment_poc/outputs/prev_action_state_patching/summary.json :: groups/A-/all/rows/reverse@L8/vs_base/fde5
8 prev_action_state_patching,all perturbations,A-,reverse@L12,amplification,38.0822,29.646,48.5861,%,365,52,,,yes,autovla_misalignment_poc/outputs/prev_action_state_patching/summary.json :: groups/A-/all/rows/reverse@L12/level/amplification
8 prev_action_state_patching,all perturbations,A-,reverse@L12,recovery,54.5205,43.6663,62.0859,%,365,52,,,yes,autovla_misalignment_poc/outputs/prev_action_state_patching/summary.json :: groups/A-/all/rows/reverse@L12/level/recovery
8 prev_action_state_patching,all perturbations,A-,reverse@L12,fde5,5.5396,4.6086,6.425,m,365,52,,,yes,autovla_misalignment_poc/outputs/prev_action_state_patching/summary.json :: groups/A-/all/rows/reverse@L12/level/fde5
8 prev_action_state_patching,all perturbations,A-,reverse@L12 - gt_history,delta amplification,33.6986,24.0548,44.2815,pp,365,52,5.924491528144329e-36,McNemar exact,yes,autovla_misalignment_poc/outputs/prev_action_state_patching/summary.json :: groups/A-/all/rows/reverse@L12/vs_base/amplification
8 prev_action_state_patching,all perturbations,A-,reverse@L12 - gt_history,delta recovery,-38.3562,-48.6913,-29.8241,pp,365,52,9.363812650249866e-40,McNemar exact,yes,autovla_misalignment_poc/outputs/prev_action_state_patching/summary.json :: groups/A-/all/rows/reverse@L12/vs_base/recovery
8 prev_action_state_patching,all perturbations,A-,reverse@L12 - gt_history,delta fde5,3.7316,2.9485,4.3196,m,365,52,4.1763136251378853e-54,Wilcoxon signed-rank,yes,autovla_misalignment_poc/outputs/prev_action_state_patching/summary.json :: groups/A-/all/rows/reverse@L12/vs_base/fde5
8 prev_action_state_patching,all perturbations,A-,reverse@L16,amplification,39.726,30.9428,50.0,%,365,52,,,yes,autovla_misalignment_poc/outputs/prev_action_state_patching/summary.json :: groups/A-/all/rows/reverse@L16/level/amplification
8 prev_action_state_patching,all perturbations,A-,reverse@L16,recovery,53.1507,43.0605,61.4291,%,365,52,,,yes,autovla_misalignment_poc/outputs/prev_action_state_patching/summary.json :: groups/A-/all/rows/reverse@L16/level/recovery
8 prev_action_state_patching,all perturbations,A-,reverse@L16,fde5,5.5747,4.5648,6.4413,m,365,52,,,yes,autovla_misalignment_poc/outputs/prev_action_state_patching/summary.json :: groups/A-/all/rows/reverse@L16/level/fde5
8 prev_action_state_patching,all perturbations,A-,reverse@L16 - gt_history,delta amplification,35.3425,25.2829,45.8344,pp,365,52,9.697828394283872e-38,McNemar exact,yes,autovla_misalignment_poc/outputs/prev_action_state_patching/summary.json :: groups/A-/all/rows/reverse@L16/vs_base/amplification
8 prev_action_state_patching,all perturbations,A-,reverse@L16 - gt_history,delta recovery,-39.726,-50.0,-30.1958,pp,365,52,3.132182327458831e-41,McNemar exact,yes,autovla_misalignment_poc/outputs/prev_action_state_patching/summary.json :: groups/A-/all/rows/reverse@L16/vs_base/recovery
8 prev_action_state_patching,all perturbations,A-,reverse@L16 - gt_history,delta fde5,3.7668,2.9122,4.3911,m,365,52,4.1763136251378853e-54,Wilcoxon signed-rank,yes,autovla_misalignment_poc/outputs/prev_action_state_patching/summary.json :: groups/A-/all/rows/reverse@L16/vs_base/fde5
8 prev_action_state_patching,all perturbations,A-,reverse@L20,amplification,40.5479,31.7907,50.6302,%,365,52,,,yes,autovla_misalignment_poc/outputs/prev_action_state_patching/summary.json :: groups/A-/all/rows/reverse@L20/level/amplification
8 prev_action_state_patching,all perturbations,A-,reverse@L20,recovery,51.2329,41.5092,58.4861,%,365,52,,,yes,autovla_misalignment_poc/outputs/prev_action_state_patching/summary.json :: groups/A-/all/rows/reverse@L20/level/recovery
8 prev_action_state_patching,all perturbations,A-,reverse@L20,fde5,5.6957,4.6806,6.5786,m,365,52,,,yes,autovla_misalignment_poc/outputs/prev_action_state_patching/summary.json :: groups/A-/all/rows/reverse@L20/level/fde5
8 prev_action_state_patching,all perturbations,A-,reverse@L20 - gt_history,delta amplification,36.1644,25.7394,46.6069,pp,365,52,1.2397791981328814e-38,McNemar exact,yes,autovla_misalignment_poc/outputs/prev_action_state_patching/summary.json :: groups/A-/all/rows/reverse@L20/vs_base/amplification
8 prev_action_state_patching,all perturbations,A-,reverse@L20 - gt_history,delta recovery,-41.6438,-52.0185,-31.4566,pp,365,52,2.681515983216568e-43,McNemar exact,yes,autovla_misalignment_poc/outputs/prev_action_state_patching/summary.json :: groups/A-/all/rows/reverse@L20/vs_base/recovery
8 prev_action_state_patching,all perturbations,A-,reverse@L20 - gt_history,delta fde5,3.8877,3.0211,4.5386,m,365,52,3.089684705643633e-54,Wilcoxon signed-rank,yes,autovla_misalignment_poc/outputs/prev_action_state_patching/summary.json :: groups/A-/all/rows/reverse@L20/vs_base/fde5
8 prev_action_state_patching,all perturbations,A-,reverse@L24,amplification,40.8219,31.1741,50.8709,%,365,52,,,yes,autovla_misalignment_poc/outputs/prev_action_state_patching/summary.json :: groups/A-/all/rows/reverse@L24/level/amplification
8 prev_action_state_patching,all perturbations,A-,reverse@L24,recovery,51.7808,41.7504,60.4168,%,365,52,,,yes,autovla_misalignment_poc/outputs/prev_action_state_patching/summary.json :: groups/A-/all/rows/reverse@L24/level/recovery
8 prev_action_state_patching,all perturbations,A-,reverse@L24,fde5,5.798,4.7226,6.6868,m,365,52,,,yes,autovla_misalignment_poc/outputs/prev_action_state_patching/summary.json :: groups/A-/all/rows/reverse@L24/level/fde5
8 prev_action_state_patching,all perturbations,A-,reverse@L24 - gt_history,delta amplification,36.4384,25.3329,47.3869,pp,365,52,6.244813738743402e-39,McNemar exact,yes,autovla_misalignment_poc/outputs/prev_action_state_patching/summary.json :: groups/A-/all/rows/reverse@L24/vs_base/amplification
8 prev_action_state_patching,all perturbations,A-,reverse@L24 - gt_history,delta recovery,-41.0959,-51.9238,-30.0574,pp,365,52,1.0453686543863135e-42,McNemar exact,yes,autovla_misalignment_poc/outputs/prev_action_state_patching/summary.json :: groups/A-/all/rows/reverse@L24/vs_base/recovery
8 prev_action_state_patching,all perturbations,A-,reverse@L24 - gt_history,delta fde5,3.99,3.0595,4.6923,m,365,52,3.573313635187473e-54,Wilcoxon signed-rank,yes,autovla_misalignment_poc/outputs/prev_action_state_patching/summary.json :: groups/A-/all/rows/reverse@L24/vs_base/fde5
8 prev_action_state_patching,all perturbations,A-,reverse@L28,amplification,41.3699,32.1818,50.153,%,365,52,,,yes,autovla_misalignment_poc/outputs/prev_action_state_patching/summary.json :: groups/A-/all/rows/reverse@L28/level/amplification
8 prev_action_state_patching,all perturbations,A-,reverse@L28,recovery,50.9589,42.7374,59.0084,%,365,52,,,yes,autovla_misalignment_poc/outputs/prev_action_state_patching/summary.json :: groups/A-/all/rows/reverse@L28/level/recovery
8 prev_action_state_patching,all perturbations,A-,reverse@L28,fde5,5.9586,4.8552,6.856,m,365,52,,,yes,autovla_misalignment_poc/outputs/prev_action_state_patching/summary.json :: groups/A-/all/rows/reverse@L28/level/fde5
8 prev_action_state_patching,all perturbations,A-,reverse@L28 - gt_history,delta amplification,36.9863,26.3306,46.42,pp,365,52,1.5841623087253484e-39,McNemar exact,yes,autovla_misalignment_poc/outputs/prev_action_state_patching/summary.json :: groups/A-/all/rows/reverse@L28/vs_base/amplification
8 prev_action_state_patching,all perturbations,A-,reverse@L28 - gt_history,delta recovery,-41.9178,-51.0118,-31.8011,pp,365,52,6.831330013583483e-45,McNemar exact,yes,autovla_misalignment_poc/outputs/prev_action_state_patching/summary.json :: groups/A-/all/rows/reverse@L28/vs_base/recovery
8 prev_action_state_patching,all perturbations,A-,reverse@L28 - gt_history,delta fde5,4.1507,3.1879,4.8751,m,365,52,8.94449415719687e-55,Wilcoxon signed-rank,yes,autovla_misalignment_poc/outputs/prev_action_state_patching/summary.json :: groups/A-/all/rows/reverse@L28/vs_base/fde5
8 prev_action_state_patching,all perturbations,A-,reverse@L35,amplification,46.8493,36.7518,56.7437,%,365,52,,,yes,autovla_misalignment_poc/outputs/prev_action_state_patching/summary.json :: groups/A-/all/rows/reverse@L35/level/amplification
8 prev_action_state_patching,all perturbations,A-,reverse@L35,recovery,45.7534,37.5385,54.1677,%,365,52,,,yes,autovla_misalignment_poc/outputs/prev_action_state_patching/summary.json :: groups/A-/all/rows/reverse@L35/level/recovery
8 prev_action_state_patching,all perturbations,A-,reverse@L35,fde5,6.4077,5.2446,7.3882,m,365,52,,,yes,autovla_misalignment_poc/outputs/prev_action_state_patching/summary.json :: groups/A-/all/rows/reverse@L35/level/fde5
8 prev_action_state_patching,all perturbations,A-,reverse@L35 - gt_history,delta amplification,42.4658,30.7915,53.3084,pp,365,52,1.729727791900946e-45,McNemar exact,yes,autovla_misalignment_poc/outputs/prev_action_state_patching/summary.json :: groups/A-/all/rows/reverse@L35/vs_base/amplification
8 prev_action_state_patching,all perturbations,A-,reverse@L35 - gt_history,delta recovery,-47.1233,-56.3448,-36.868,pp,365,52,1.4616682008316695e-50,McNemar exact,yes,autovla_misalignment_poc/outputs/prev_action_state_patching/summary.json :: groups/A-/all/rows/reverse@L35/vs_base/recovery
8 prev_action_state_patching,all perturbations,A-,reverse@L35 - gt_history,delta fde5,4.5997,3.6074,5.4086,m,365,52,3.4663424752989394e-55,Wilcoxon signed-rank,yes,autovla_misalignment_poc/outputs/prev_action_state_patching/summary.json :: groups/A-/all/rows/reverse@L35/vs_base/fde5
8 prev_action_state_patching,all perturbations,A-,Recent-GT share of GT-history effect,(Normal-row)/(Normal-GThistory) amplification,92.9032,89.2974,99.0993,%,365,52,,log-cluster bootstrap,yes,autovla_misalignment_poc/outputs/prev_action_state_patching/summary.json :: groups/A-/all/fraction_of_gt_history_effect/recent_gt/amplification
8 prev_action_state_patching,all perturbations,A+,normal,amplification,4.5062,2.4825,6.3087,%,1043,156,,,yes,autovla_misalignment_poc/outputs/prev_action_state_patching/summary.json :: groups/A+/all/rows/normal/level/amplification
8 prev_action_state_patching,all perturbations,A+,normal,recovery,94.1515,92.1337,96.6184,%,1043,156,,,yes,autovla_misalignment_poc/outputs/prev_action_state_patching/summary.json :: groups/A+/all/rows/normal/level/recovery
8 prev_action_state_patching,all perturbations,A+,normal,fde5,2.2309,1.7397,2.5839,m,1043,156,,,yes,autovla_misalignment_poc/outputs/prev_action_state_patching/summary.json :: groups/A+/all/rows/normal/level/fde5
8 prev_action_state_patching,all perturbations,A+,recent_gt,amplification,0.6711,0.0895,1.659,%,1043,156,,,yes,autovla_misalignment_poc/outputs/prev_action_state_patching/summary.json :: groups/A+/all/rows/recent_gt/level/amplification
8 prev_action_state_patching,all perturbations,A+,recent_gt,recovery,98.3701,97.0413,99.2513,%,1043,156,,,yes,autovla_misalignment_poc/outputs/prev_action_state_patching/summary.json :: groups/A+/all/rows/recent_gt/level/recovery
8 prev_action_state_patching,all perturbations,A+,recent_gt,fde5,1.0501,0.8101,1.2196,m,1043,156,,,yes,autovla_misalignment_poc/outputs/prev_action_state_patching/summary.json :: groups/A+/all/rows/recent_gt/level/fde5
8 prev_action_state_patching,all perturbations,A+,recent_gt - normal,delta amplification,-3.8351,-5.9095,-1.3189,pp,1043,156,1.5138326148189662e-09,McNemar exact,yes,autovla_misalignment_poc/outputs/prev_action_state_patching/summary.json :: groups/A+/all/rows/recent_gt/vs_base/amplification
8 prev_action_state_patching,all perturbations,A+,recent_gt - normal,delta recovery,4.2186,1.2038,6.6047,pp,1043,156,1.9964982237862146e-08,McNemar exact,yes,autovla_misalignment_poc/outputs/prev_action_state_patching/summary.json :: groups/A+/all/rows/recent_gt/vs_base/recovery
8 prev_action_state_patching,all perturbations,A+,recent_gt - normal,delta fde5,-1.1808,-1.4083,-0.8715,m,1043,156,1.0319492734086101e-80,Wilcoxon signed-rank,yes,autovla_misalignment_poc/outputs/prev_action_state_patching/summary.json :: groups/A+/all/rows/recent_gt/vs_base/fde5
8 prev_action_state_patching,all perturbations,A+,gt_history,amplification,0.767,0.1002,1.9721,%,1043,156,,,yes,autovla_misalignment_poc/outputs/prev_action_state_patching/summary.json :: groups/A+/all/rows/gt_history/level/amplification
8 prev_action_state_patching,all perturbations,A+,gt_history,recovery,98.1783,96.7112,99.1401,%,1043,156,,,yes,autovla_misalignment_poc/outputs/prev_action_state_patching/summary.json :: groups/A+/all/rows/gt_history/level/recovery
8 prev_action_state_patching,all perturbations,A+,gt_history,fde5,1.0083,0.7801,1.2008,m,1043,156,,,yes,autovla_misalignment_poc/outputs/prev_action_state_patching/summary.json :: groups/A+/all/rows/gt_history/level/fde5
8 prev_action_state_patching,all perturbations,A+,gt_history - normal,delta amplification,-3.7392,-5.8755,-1.1275,pp,1043,156,7.59715845788378e-09,McNemar exact,yes,autovla_misalignment_poc/outputs/prev_action_state_patching/summary.json :: groups/A+/all/rows/gt_history/vs_base/amplification
8 prev_action_state_patching,all perturbations,A+,gt_history - normal,delta recovery,4.0268,0.7925,6.5128,pp,1043,156,1.0058579844832594e-07,McNemar exact,yes,autovla_misalignment_poc/outputs/prev_action_state_patching/summary.json :: groups/A+/all/rows/gt_history/vs_base/recovery
8 prev_action_state_patching,all perturbations,A+,gt_history - normal,delta fde5,-1.2226,-1.4379,-0.9045,m,1043,156,6.451963661601793e-88,Wilcoxon signed-rank,yes,autovla_misalignment_poc/outputs/prev_action_state_patching/summary.json :: groups/A+/all/rows/gt_history/vs_base/fde5
8 prev_action_state_patching,all perturbations,A+,reverse@emb,amplification,3.8351,2.1374,5.432,%,1043,156,,,yes,autovla_misalignment_poc/outputs/prev_action_state_patching/summary.json :: groups/A+/all/rows/reverse@emb/level/amplification
8 prev_action_state_patching,all perturbations,A+,reverse@emb,recovery,94.1515,92.1131,96.3532,%,1043,156,,,yes,autovla_misalignment_poc/outputs/prev_action_state_patching/summary.json :: groups/A+/all/rows/reverse@emb/level/recovery
8 prev_action_state_patching,all perturbations,A+,reverse@emb,fde5,2.0127,1.6148,2.3478,m,1043,156,,,yes,autovla_misalignment_poc/outputs/prev_action_state_patching/summary.json :: groups/A+/all/rows/reverse@emb/level/fde5
8 prev_action_state_patching,all perturbations,A+,reverse@emb - gt_history,delta amplification,3.0681,1.092,4.8116,pp,1043,156,6.677873898297548e-08,McNemar exact,yes,autovla_misalignment_poc/outputs/prev_action_state_patching/summary.json :: groups/A+/all/rows/reverse@emb/vs_base/amplification
8 prev_action_state_patching,all perturbations,A+,reverse@emb - gt_history,delta recovery,-4.0268,-6.3514,-1.4109,pp,1043,156,3.085035609438902e-08,McNemar exact,yes,autovla_misalignment_poc/outputs/prev_action_state_patching/summary.json :: groups/A+/all/rows/reverse@emb/vs_base/recovery
8 prev_action_state_patching,all perturbations,A+,reverse@emb - gt_history,delta fde5,1.0044,0.7616,1.2055,m,1043,156,7.869558549892911e-82,Wilcoxon signed-rank,yes,autovla_misalignment_poc/outputs/prev_action_state_patching/summary.json :: groups/A+/all/rows/reverse@emb/vs_base/fde5
8 prev_action_state_patching,all perturbations,A+,reverse@L0,amplification,4.0268,2.323,5.655,%,1043,156,,,yes,autovla_misalignment_poc/outputs/prev_action_state_patching/summary.json :: groups/A+/all/rows/reverse@L0/level/amplification
8 prev_action_state_patching,all perturbations,A+,reverse@L0,recovery,94.1515,92.1919,96.2882,%,1043,156,,,yes,autovla_misalignment_poc/outputs/prev_action_state_patching/summary.json :: groups/A+/all/rows/reverse@L0/level/recovery
8 prev_action_state_patching,all perturbations,A+,reverse@L0,fde5,2.0331,1.6278,2.3825,m,1043,156,,,yes,autovla_misalignment_poc/outputs/prev_action_state_patching/summary.json :: groups/A+/all/rows/reverse@L0/level/fde5
8 prev_action_state_patching,all perturbations,A+,reverse@L0 - gt_history,delta amplification,3.2598,1.2864,5.0297,pp,1043,156,1.946500560734421e-08,McNemar exact,yes,autovla_misalignment_poc/outputs/prev_action_state_patching/summary.json :: groups/A+/all/rows/reverse@L0/vs_base/amplification
8 prev_action_state_patching,all perturbations,A+,reverse@L0 - gt_history,delta recovery,-4.0268,-6.3349,-1.3825,pp,1043,156,3.085035609438902e-08,McNemar exact,yes,autovla_misalignment_poc/outputs/prev_action_state_patching/summary.json :: groups/A+/all/rows/reverse@L0/vs_base/recovery
8 prev_action_state_patching,all perturbations,A+,reverse@L0 - gt_history,delta fde5,1.0248,0.7746,1.2399,m,1043,156,2.3051459290976033e-81,Wilcoxon signed-rank,yes,autovla_misalignment_poc/outputs/prev_action_state_patching/summary.json :: groups/A+/all/rows/reverse@L0/vs_base/fde5
8 prev_action_state_patching,all perturbations,A+,reverse@L4,amplification,4.0268,2.323,5.655,%,1043,156,,,yes,autovla_misalignment_poc/outputs/prev_action_state_patching/summary.json :: groups/A+/all/rows/reverse@L4/level/amplification
8 prev_action_state_patching,all perturbations,A+,reverse@L4,recovery,94.3432,92.4639,96.4555,%,1043,156,,,yes,autovla_misalignment_poc/outputs/prev_action_state_patching/summary.json :: groups/A+/all/rows/reverse@L4/level/recovery
8 prev_action_state_patching,all perturbations,A+,reverse@L4,fde5,2.0245,1.6052,2.3818,m,1043,156,,,yes,autovla_misalignment_poc/outputs/prev_action_state_patching/summary.json :: groups/A+/all/rows/reverse@L4/level/fde5
8 prev_action_state_patching,all perturbations,A+,reverse@L4 - gt_history,delta amplification,3.2598,1.2864,5.0297,pp,1043,156,1.946500560734421e-08,McNemar exact,yes,autovla_misalignment_poc/outputs/prev_action_state_patching/summary.json :: groups/A+/all/rows/reverse@L4/vs_base/amplification
8 prev_action_state_patching,all perturbations,A+,reverse@L4 - gt_history,delta recovery,-3.8351,-6.0137,-1.2225,pp,1043,156,8.959402428981857e-08,McNemar exact,yes,autovla_misalignment_poc/outputs/prev_action_state_patching/summary.json :: groups/A+/all/rows/reverse@L4/vs_base/recovery
8 prev_action_state_patching,all perturbations,A+,reverse@L4 - gt_history,delta fde5,1.0162,0.7597,1.2381,m,1043,156,2.727617028901416e-79,Wilcoxon signed-rank,yes,autovla_misalignment_poc/outputs/prev_action_state_patching/summary.json :: groups/A+/all/rows/reverse@L4/vs_base/fde5
8 prev_action_state_patching,all perturbations,A+,reverse@L8,amplification,3.4516,2.111,4.7259,%,1043,156,,,yes,autovla_misalignment_poc/outputs/prev_action_state_patching/summary.json :: groups/A+/all/rows/reverse@L8/level/amplification
8 prev_action_state_patching,all perturbations,A+,reverse@L8,recovery,94.9185,93.3744,96.6027,%,1043,156,,,yes,autovla_misalignment_poc/outputs/prev_action_state_patching/summary.json :: groups/A+/all/rows/reverse@L8/level/recovery
8 prev_action_state_patching,all perturbations,A+,reverse@L8,fde5,1.9848,1.5693,2.3362,m,1043,156,,,yes,autovla_misalignment_poc/outputs/prev_action_state_patching/summary.json :: groups/A+/all/rows/reverse@L8/level/fde5
8 prev_action_state_patching,all perturbations,A+,reverse@L8 - gt_history,delta amplification,2.6846,0.9768,4.1584,pp,1043,156,7.660128176212311e-07,McNemar exact,yes,autovla_misalignment_poc/outputs/prev_action_state_patching/summary.json :: groups/A+/all/rows/reverse@L8/vs_base/amplification
8 prev_action_state_patching,all perturbations,A+,reverse@L8 - gt_history,delta recovery,-3.2598,-5.0893,-1.0399,pp,1043,156,2.0377698612961126e-06,McNemar exact,yes,autovla_misalignment_poc/outputs/prev_action_state_patching/summary.json :: groups/A+/all/rows/reverse@L8/vs_base/recovery
8 prev_action_state_patching,all perturbations,A+,reverse@L8 - gt_history,delta fde5,0.9765,0.7287,1.1931,m,1043,156,9.023269209774266e-81,Wilcoxon signed-rank,yes,autovla_misalignment_poc/outputs/prev_action_state_patching/summary.json :: groups/A+/all/rows/reverse@L8/vs_base/fde5
8 prev_action_state_patching,all perturbations,A+,reverse@L12,amplification,3.6433,2.1446,4.8349,%,1043,156,,,yes,autovla_misalignment_poc/outputs/prev_action_state_patching/summary.json :: groups/A+/all/rows/reverse@L12/level/amplification
8 prev_action_state_patching,all perturbations,A+,reverse@L12,recovery,94.7267,93.2284,96.5517,%,1043,156,,,yes,autovla_misalignment_poc/outputs/prev_action_state_patching/summary.json :: groups/A+/all/rows/reverse@L12/level/recovery
8 prev_action_state_patching,all perturbations,A+,reverse@L12,fde5,1.9903,1.5739,2.3392,m,1043,156,,,yes,autovla_misalignment_poc/outputs/prev_action_state_patching/summary.json :: groups/A+/all/rows/reverse@L12/level/fde5
8 prev_action_state_patching,all perturbations,A+,reverse@L12 - gt_history,delta amplification,2.8763,0.9655,4.3154,pp,1043,156,2.2721360437572002e-07,McNemar exact,yes,autovla_misalignment_poc/outputs/prev_action_state_patching/summary.json :: groups/A+/all/rows/reverse@L12/vs_base/amplification
8 prev_action_state_patching,all perturbations,A+,reverse@L12 - gt_history,delta recovery,-3.4516,-5.2304,-1.0615,pp,1043,156,7.288430776686282e-07,McNemar exact,yes,autovla_misalignment_poc/outputs/prev_action_state_patching/summary.json :: groups/A+/all/rows/reverse@L12/vs_base/recovery
8 prev_action_state_patching,all perturbations,A+,reverse@L12 - gt_history,delta fde5,0.982,0.7414,1.1912,m,1043,156,3.7941492410615394e-79,Wilcoxon signed-rank,yes,autovla_misalignment_poc/outputs/prev_action_state_patching/summary.json :: groups/A+/all/rows/reverse@L12/vs_base/fde5
8 prev_action_state_patching,all perturbations,A+,reverse@L16,amplification,3.2598,1.9654,4.5415,%,1043,156,,,yes,autovla_misalignment_poc/outputs/prev_action_state_patching/summary.json :: groups/A+/all/rows/reverse@L16/level/amplification
8 prev_action_state_patching,all perturbations,A+,reverse@L16,recovery,94.9185,93.409,96.5694,%,1043,156,,,yes,autovla_misalignment_poc/outputs/prev_action_state_patching/summary.json :: groups/A+/all/rows/reverse@L16/level/recovery
8 prev_action_state_patching,all perturbations,A+,reverse@L16,fde5,1.9852,1.5787,2.3207,m,1043,156,,,yes,autovla_misalignment_poc/outputs/prev_action_state_patching/summary.json :: groups/A+/all/rows/reverse@L16/level/fde5
8 prev_action_state_patching,all perturbations,A+,reverse@L16 - gt_history,delta amplification,2.4928,0.8435,3.8837,pp,1043,156,2.5560148060321808e-06,McNemar exact,yes,autovla_misalignment_poc/outputs/prev_action_state_patching/summary.json :: groups/A+/all/rows/reverse@L16/vs_base/amplification
8 prev_action_state_patching,all perturbations,A+,reverse@L16 - gt_history,delta recovery,-3.2598,-5.0793,-1.0124,pp,1043,156,3.3856859533720747e-06,McNemar exact,yes,autovla_misalignment_poc/outputs/prev_action_state_patching/summary.json :: groups/A+/all/rows/reverse@L16/vs_base/recovery
8 prev_action_state_patching,all perturbations,A+,reverse@L16 - gt_history,delta fde5,0.9769,0.7416,1.1736,m,1043,156,3.3159528023795388e-80,Wilcoxon signed-rank,yes,autovla_misalignment_poc/outputs/prev_action_state_patching/summary.json :: groups/A+/all/rows/reverse@L16/vs_base/fde5
8 prev_action_state_patching,all perturbations,A+,reverse@L20,amplification,3.6433,2.2221,4.8111,%,1043,156,,,yes,autovla_misalignment_poc/outputs/prev_action_state_patching/summary.json :: groups/A+/all/rows/reverse@L20/level/amplification
8 prev_action_state_patching,all perturbations,A+,reverse@L20,recovery,94.8226,93.3741,96.5934,%,1043,156,,,yes,autovla_misalignment_poc/outputs/prev_action_state_patching/summary.json :: groups/A+/all/rows/reverse@L20/level/recovery
8 prev_action_state_patching,all perturbations,A+,reverse@L20,fde5,2.0148,1.5849,2.3595,m,1043,156,,,yes,autovla_misalignment_poc/outputs/prev_action_state_patching/summary.json :: groups/A+/all/rows/reverse@L20/level/fde5
8 prev_action_state_patching,all perturbations,A+,reverse@L20 - gt_history,delta amplification,2.8763,0.9622,4.3664,pp,1043,156,6.038535502739251e-07,McNemar exact,yes,autovla_misalignment_poc/outputs/prev_action_state_patching/summary.json :: groups/A+/all/rows/reverse@L20/vs_base/amplification
8 prev_action_state_patching,all perturbations,A+,reverse@L20 - gt_history,delta recovery,-3.3557,-5.2002,-0.9767,pp,1043,156,2.0572645155203517e-06,McNemar exact,yes,autovla_misalignment_poc/outputs/prev_action_state_patching/summary.json :: groups/A+/all/rows/reverse@L20/vs_base/recovery
8 prev_action_state_patching,all perturbations,A+,reverse@L20 - gt_history,delta fde5,1.0065,0.7503,1.2137,m,1043,156,3.166600933679803e-81,Wilcoxon signed-rank,yes,autovla_misalignment_poc/outputs/prev_action_state_patching/summary.json :: groups/A+/all/rows/reverse@L20/vs_base/fde5
8 prev_action_state_patching,all perturbations,A+,reverse@L24,amplification,3.5475,1.8765,4.9421,%,1043,156,,,yes,autovla_misalignment_poc/outputs/prev_action_state_patching/summary.json :: groups/A+/all/rows/reverse@L24/level/amplification
8 prev_action_state_patching,all perturbations,A+,reverse@L24,recovery,94.9185,93.1817,97.0025,%,1043,156,,,yes,autovla_misalignment_poc/outputs/prev_action_state_patching/summary.json :: groups/A+/all/rows/reverse@L24/level/recovery
8 prev_action_state_patching,all perturbations,A+,reverse@L24,fde5,2.0298,1.6065,2.3635,m,1043,156,,,yes,autovla_misalignment_poc/outputs/prev_action_state_patching/summary.json :: groups/A+/all/rows/reverse@L24/level/fde5
8 prev_action_state_patching,all perturbations,A+,reverse@L24 - gt_history,delta amplification,2.7804,0.7194,4.4216,pp,1043,156,1.0843941709026694e-06,McNemar exact,yes,autovla_misalignment_poc/outputs/prev_action_state_patching/summary.json :: groups/A+/all/rows/reverse@L24/vs_base/amplification
8 prev_action_state_patching,all perturbations,A+,reverse@L24 - gt_history,delta recovery,-3.2598,-5.1949,-0.8616,pp,1043,156,2.0377698612961126e-06,McNemar exact,yes,autovla_misalignment_poc/outputs/prev_action_state_patching/summary.json :: groups/A+/all/rows/reverse@L24/vs_base/recovery
8 prev_action_state_patching,all perturbations,A+,reverse@L24 - gt_history,delta fde5,1.0215,0.7738,1.2095,m,1043,156,1.3234903113245714e-82,Wilcoxon signed-rank,yes,autovla_misalignment_poc/outputs/prev_action_state_patching/summary.json :: groups/A+/all/rows/reverse@L24/vs_base/fde5
8 prev_action_state_patching,all perturbations,A+,reverse@L28,amplification,3.8351,2.1371,5.2352,%,1043,156,,,yes,autovla_misalignment_poc/outputs/prev_action_state_patching/summary.json :: groups/A+/all/rows/reverse@L28/level/amplification
8 prev_action_state_patching,all perturbations,A+,reverse@L28,recovery,94.6309,92.8903,96.8899,%,1043,156,,,yes,autovla_misalignment_poc/outputs/prev_action_state_patching/summary.json :: groups/A+/all/rows/reverse@L28/level/recovery
8 prev_action_state_patching,all perturbations,A+,reverse@L28,fde5,2.0567,1.61,2.4003,m,1043,156,,,yes,autovla_misalignment_poc/outputs/prev_action_state_patching/summary.json :: groups/A+/all/rows/reverse@L28/level/fde5
8 prev_action_state_patching,all perturbations,A+,reverse@L28 - gt_history,delta amplification,3.0681,0.886,4.7528,pp,1043,156,1.8570244719740003e-07,McNemar exact,yes,autovla_misalignment_poc/outputs/prev_action_state_patching/summary.json :: groups/A+/all/rows/reverse@L28/vs_base/amplification
8 prev_action_state_patching,all perturbations,A+,reverse@L28 - gt_history,delta recovery,-3.5475,-5.659,-0.8375,pp,1043,156,7.513043097095994e-07,McNemar exact,yes,autovla_misalignment_poc/outputs/prev_action_state_patching/summary.json :: groups/A+/all/rows/reverse@L28/vs_base/recovery
8 prev_action_state_patching,all perturbations,A+,reverse@L28 - gt_history,delta fde5,1.0484,0.7812,1.2484,m,1043,156,5.449748440886314e-80,Wilcoxon signed-rank,yes,autovla_misalignment_poc/outputs/prev_action_state_patching/summary.json :: groups/A+/all/rows/reverse@L28/vs_base/fde5
8 prev_action_state_patching,all perturbations,A+,reverse@L35,amplification,4.5062,2.4825,6.3087,%,1043,156,,,yes,autovla_misalignment_poc/outputs/prev_action_state_patching/summary.json :: groups/A+/all/rows/reverse@L35/level/amplification
8 prev_action_state_patching,all perturbations,A+,reverse@L35,recovery,94.1515,92.1337,96.6184,%,1043,156,,,yes,autovla_misalignment_poc/outputs/prev_action_state_patching/summary.json :: groups/A+/all/rows/reverse@L35/level/recovery
8 prev_action_state_patching,all perturbations,A+,reverse@L35,fde5,2.2309,1.7397,2.5839,m,1043,156,,,yes,autovla_misalignment_poc/outputs/prev_action_state_patching/summary.json :: groups/A+/all/rows/reverse@L35/level/fde5
8 prev_action_state_patching,all perturbations,A+,reverse@L35 - gt_history,delta amplification,3.7392,1.1275,5.8755,pp,1043,156,7.59715845788378e-09,McNemar exact,yes,autovla_misalignment_poc/outputs/prev_action_state_patching/summary.json :: groups/A+/all/rows/reverse@L35/vs_base/amplification
8 prev_action_state_patching,all perturbations,A+,reverse@L35 - gt_history,delta recovery,-4.0268,-6.5128,-0.7925,pp,1043,156,1.0058579844832594e-07,McNemar exact,yes,autovla_misalignment_poc/outputs/prev_action_state_patching/summary.json :: groups/A+/all/rows/reverse@L35/vs_base/recovery
8 prev_action_state_patching,all perturbations,A+,reverse@L35 - gt_history,delta fde5,1.2226,0.9045,1.4379,m,1043,156,6.451963661601793e-88,Wilcoxon signed-rank,yes,autovla_misalignment_poc/outputs/prev_action_state_patching/summary.json :: groups/A+/all/rows/reverse@L35/vs_base/fde5
8 prev_action_state_patching,all perturbations,A+,Recent-GT share of GT-history effect,(Normal-row)/(Normal-GThistory) amplification,102.5641,90.7292,126.7273,%,1043,156,,log-cluster bootstrap,yes,autovla_misalignment_poc/outputs/prev_action_state_patching/summary.json :: groups/A+/all/fraction_of_gt_history_effect/recent_gt/amplification
